ST_CASE,VEH_NO,PER_NO,YEAR,P1,P2,P3,P4,P5,P6,P7,P8,P9,P10
40205,1,1,1983,0,0,0,0,15,20,0,0,0,0
40206,0,1,1983,0,0,0,0,0,0,0,0,0,0
40206,1,1,1983,27,11,23,20,14,17,5,22,10,0
40207,1,1,1983,0,0,0,0,0,0,0,0,0,0
40207,2,1,1983,0,6,0,0,15,0,0,0,0,0
40208,0,1,1983,0,0,0,0,0,0,0,0,0,0
40208,1,1,1983,0,0,0,0,0,0,0,0,0,0
40209,1,1,1983,0,0,0,0,0,0,0,0,0,0
40210,1,1,1983,20,16,13,12,0,23,18,34,0,0
40211,1,1,1983,0,0,0,0,0,0,0,0,0,0
40211,2,1,1983,7,14,9,10,0,12,12,10,18,27
40212,1,1,1983,0,2,0,0,0,0,0,0,0,0
40213,1,1,1983,0,0,0,0,0,0,0,0,0,0
40213,2,1,1983,0,0,0,0,0,0,0,0,0,0
40214,1,1,1983,14,14,14,14,14,14,14,14,14,14
40214,2,1,1983,0,28,26,13,22,7,10,22,32,24
40215,1,1,1983,20,20,20,20,20,20,20,20,20,20
40216,1,1,1983,0,0,0,0,0,0,0,0,0,0
40216,2,1,1983,0,0,0,0,0,0,0,0,0,19
40217,1,1,1983,0,0,0,0,0,0,0,0,0,0
40218,1,1,1983,6,6,6,6,6,6,6,6,6,6
40218,2,1,1983,20,0,7,25,6,3,14,8,11,25
40218,3,1,1983,0,14,0,0,0,0,0,0,0,0
40219,1,1,1983,15,15,15,15,15,15,15,15,15,15
40220,1,1,1983,0,0,0,0,0,0,0,0,0,0
40220,2,1,1983,0,0,0,0,0,0,0,0,0,0
40221,1,1,1983,0,0,0,0,0,0,0,0,0,0
40221,2,1,1983,14,14,14,14,14,14,14,14,14,14
40222,1,1,1983,22,22,22,22,22,22,22,22,22,22
40223,0,1,1983,0,0,0,0,0,0,0,9,0,0
40223,1,1,1983,0,0,0,0,0,0,11,0,0,0
40224,1,1,1983,15,15,15,15,15,15,15,15,15,15
40224,2,1,1983,0,0,0,0,0,0,0,0,0,0
40224,3,1,1983,0,0,12,0,9,15,0,0,7,0
40225,1,1,1983,50,37,0,33,32,18,20,22,40,25
40226,1,1,1983,0,15,0,0,10,15,22,0,0,0
40227,0,1,1983,10,0,17,0,0,0,0,0,0,0
40227,1,1,1983,0,0,0,0,0,6,0,0,0,0
40228,2,1,1983,31,31,31,31,31,31,31,31,31,31
40229,1,1,1983,0,0,0,0,0,0,0,0,0,0
40230,1,1,1983,0,0,0,0,0,0,0,0,0,0
40230,2,1,1983,0,0,0,0,0,0,0,17,0,0
40231,1,1,1983,17,40,0,32,28,17,15,12,20,19
40232,1,1,1983,0,0,14,0,21,0,0,0,0,0
40232,2,1,1983,0,0,0,0,0,0,0,0,16,0
40233,1,1,1983,0,0,0,0,0,0,0,0,0,0
40233,2,1,1983,0,0,0,0,0,0,0,0,0,0
40234,0,1,1983,37,37,37,37,37,37,37,37,37,37
40234,1,1,1983,0,0,0,0,0,0,0,0,0,0
40235,1,1,1983,18,18,18,18,18,18,18,18,18,18
40235,2,1,1983,0,0,0,0,0,0,0,0,0,0
40236,1,1,1983,0,0,0,0,0,0,0,0,0,0
40236,2,1,1983,0,0,0,0,0,0,0,0,0,0
40237,1,1,1983,0,0,0,0,0,0,0,0,0,0
40238,1,1,1983,24,0,0,0,0,0,7,0,0,0
40239,1,1,1983,0,0,0,0,0,0,0,0,0,0
40240,1,1,1983,0,0,0,0,0,0,0,0,0,0
40240,2,1,1983,0,0,0,0,0,0,0,0,0,0
40241,1,1,1983,28,28,28,28,28,28,28,28,28,28
40242,1,1,1983,11,11,11,11,11,11,11,11,11,11
40243,0,1,1983,19,0,23,0,0,23,0,9,24,12
40243,1,1,1983,14,14,18,22,20,19,6,13,18,13
40243,2,1,1983,18,28,10,17,7,8,20,9,6,13
40243,3,1,1983,5,11,16,8,15,10,19,10,29,14
40244,1,1,1983,0,0,0,0,0,0,0,0,0,0
40245,1,1,1983,0,0,0,0,0,0,0,0,0,0
40246,1,1,1983,25,16,18,9,18,29,23,11,25,22
40247,1,1,1983,8,8,8,8,8,8,8,8,8,8
40248,1,1,1983,23,8,19,26,30,12,25,0,14,24
40248,2,1,1983,0,0,0,0,0,0,0,6,0,0
40249,1,1,1983,19,19,19,19,19,19,19,19,19,19
40249,2,1,1983,14,14,14,14,14,14,14,14,14,14
40250,1,1,1983,16,16,16,16,16,16,16,16,16,16
40250,2,1,1983,0,0,0,18,0,0,0,0,0,0
40251,1,1,1983,8,8,8,8,8,8,8,8,8,8
40252,1,1,1983,14,17,0,8,22,9,15,11,22,11
40253,1,1,1983,19,19,19,19,19,19,19,19,19,19
40254,0,1,1983,0,0,0,0,0,0,0,0,0,0
40254,1,1,1983,0,0,0,0,0,0,0,0,0,0
40255,1,1,1983,13,13,13,13,13,13,13,13,13,13
40255,2,1,1983,0,0,4,12,0,6,5,5,17,13
40256,1,1,1983,4,4,4,4,4,4,4,4,4,4
40256,2,1,1983,31,31,31,31,31,31,31,31,31,31
40257,1,1,1983,10,10,10,10,10,10,10,10,10,10
40258,1,1,1983,1,1,1,1,1,1,1,1,1,1
40259,1,1,1983,6,6,6,6,6,6,6,6,6,6
40259,2,1,1983,0,0,0,0,0,0,0,0,0,0
40260,1,1,1983,8,0,0,19,0,0,0,0,0,0
40261,1,1,1983,33,33,33,33,33,33,33,33,33,33
40262,1,1,1983,0,0,0,0,0,0,0,0,0,0
40263,1,1,1983,0,0,0,0,0,0,0,0,0,0
40264,1,1,1983,0,0,0,0,0,0,0,0,0,0
40264,2,1,1983,0,0,0,0,0,0,0,0,0,0
40265,1,1,1983,12,0,22,17,0,23,16,27,18,11
40265,2,1,1983,13,8,12,17,12,23,12,14,0,0
40266,1,1,1983,21,21,21,21,21,21,21,21,21,21
40267,1,1,1983,0,0,0,0,0,0,0,0,0,0
40268,1,1,1983,0,0,0,0,0,0,0,0,0,0
40268,2,1,1983,0,0,0,0,0,0,0,0,0,0
40269,0,1,1983,0,0,0,0,0,0,0,0,0,0
40269,1,1,1983,28,28,28,28,28,28,28,28,28,28
40270,0,1,1983,0,0,30,0,13,24,14,17,23,12
40270,1,1,1983,0,0,0,0,0,0,0,0,0,0
40271,0,1,1983,0,0,0,0,0,0,0,0,0,0
40271,1,1,1983,0,0,0,0,0,0,0,0,0,0
40272,1,1,1983,23,17,17,0,30,21,10,20,24,26
40273,1,1,1983,0,0,0,0,0,0,0,0,0,0
40273,2,1,1983,0,4,11,20,12,12,12,0,0,0
40274,1,1,1983,22,29,26,14,16,0,9,4,15,12
40275,1,1,1983,0,24,0,0,0,0,0,0,16,0
40276,1,1,1983,27,19,21,12,25,16,8,14,0,8
40276,2,1,1983,0,0,0,0,0,0,0,0,0,0
40277,1,1,1983,0,0,0,0,0,0,0,0,0,0
40278,1,1,1983,25,25,25,25,25,25,25,25,25,25
40279,1,1,1983,0,0,0,0,0,0,0,0,0,0
40279,2,1,1983,0,0,0,0,0,0,0,0,0,0
40280,1,1,1983,9,9,9,9,9,9,9,9,9,9
40281,1,1,1983,16,16,16,16,16,16,16,16,16,16
40282,0,1,1983,0,0,0,0,0,0,0,0,0,0
40282,0,2,1983,0,0,0,0,0,0,0,0,0,0
40282,1,1,1983,18,18,18,18,18,18,18,18,18,18
40283,1,1,1983,0,0,0,0,0,0,0,0,0,0
40283,2,1,1983,0,0,0,0,4,0,0,0,0,0
40284,1,1,1983,6,6,6,6,6,6,6,6,6,6
40284,2,1,1983,5,5,5,5,5,5,5,5,5,5
40285,0,1,1983,0,0,0,0,0,0,0,0,0,0
40285,1,1,1983,0,0,0,0,0,0,0,0,0,0
40286,1,1,1983,0,0,0,0,0,0,0,0,0,0
40286,2,1,1983,0,0,0,0,0,14,0,0,0,0
40286,3,1,1983,0,0,0,0,0,0,0,0,0,0
40286,4,1,1983,0,0,0,0,0,0,0,0,0,0
40287,0,1,1983,9,9,9,9,9,9,9,9,9,9
40287,1,1,1983,9,0,0,0,0,0,0,0,0,0
40288,0,1,1983,14,14,14,14,14,14,14,14,14,14
40288,1,1,1983,0,0,0,0,21,0,0,22,0,0
40289,1,1,1983,0,0,7,0,0,0,0,0,0,0
40289,2,1,1983,15,0,0,0,0,0,0,7,0,20
40290,0,1,1983,0,0,0,0,0,0,0,0,0,0
40290,1,1,1983,0,0,0,0,0,16,16,0,0,0
40291,1,1,1983,0,0,0,0,0,0,16,0,0,0
40291,2,1,1983,8,8,8,8,8,8,8,8,8,8
40292,1,1,1983,9,21,20,17,9,34,7,15,24,12
40293,1,1,1983,0,0,0,0,0,0,0,0,0,0
40293,2,1,1983,16,16,16,16,16,16,16,16,16,16
40294,1,1,1983,0,0,0,0,0,0,0,0,0,0
40294,2,1,1983,0,0,0,0,0,0,0,0,0,0
40295,1,1,1983,16,16,16,16,16,16,16,16,16,16
40296,1,1,1983,0,0,0,0,0,0,0,0,0,0
40296,2,1,1983,0,0,0,0,0,0,0,0,0,0
40297,1,1,1983,17,9,49,0,16,24,32,29,32,24
40298,1,1,1983,0,16,10,9,13,23,11,4,10,10
40298,2,1,1983,0,0,0,6,0,0,39,0,0,11
40299,0,1,1983,0,0,0,0,0,0,0,0,0,0
40299,1,1,1983,0,0,21,0,0,0,0,0,0,0
40300,1,1,1983,21,21,21,21,21,21,21,21,21,21
40301,1,1,1983,0,0,0,0,0,0,0,0,0,0
40301,2,1,1983,0,0,0,0,0,0,0,0,0,0
40302,1,1,1983,14,14,14,14,14,14,14,14,14,14
40302,2,1,1983,0,0,0,0,0,0,0,15,0,0
40303,1,1,1983,0,0,0,0,0,13,0,9,0,0
40303,2,1,1983,0,0,0,0,0,0,0,0,0,0
40304,1,1,1983,26,24,12,10,0,10,4,18,8,17
40305,1,1,1983,17,11,0,0,0,0,0,5,28,9
40305,2,1,1983,0,6,0,0,0,0,0,0,0,0
40305,3,1,1983,0,0,0,0,0,13,0,0,0,0
40305,4,1,1983,0,0,13,0,0,0,0,0,0,0
40305,5,1,1983,0,0,0,0,0,0,12,0,11,9
40306,1,1,1983,21,21,21,21,21,21,21,21,21,21
40307,1,1,1983,24,26,14,22,28,19,15,25,9,17
40307,2,1,1983,7,0,0,0,9,13,7,0,10,0
40308,0,1,1983,0,5,0,0,0,0,0,0,0,13
40308,1,1,1983,0,0,0,0,0,20,0,0,0,0
40309,1,1,1983,12,12,12,12,12,12,12,12,12,12
40310,1,1,1983,1,1,1,1,1,1,1,1,1,1
40311,1,1,1983,0,0,22,13,16,25,0,17,11,0
40311,2,1,1983,0,0,0,0,0,0,0,0,0,0
40312,1,1,1983,9,9,9,9,9,9,9,9,9,9
40312,2,1,1983,0,0,0,0,0,0,0,0,0,0
40313,1,1,1983,0,0,0,0,0,0,0,0,0,0
40314,1,1,1983,0,0,0,0,0,0,0,0,0,0
40314,2,1,1983,0,0,0,0,0,0,0,0,0,0
40315,1,1,1983,13,13,13,13,13,13,13,13,13,13
40316,1,1,1983,15,15,15,15,15,15,15,15,15,15
40317,1,1,1983,16,15,13,10,23,37,26,13,19,15
40318,1,1,1983,22,22,22,22,22,22,22,22,22,22
40318,2,1,1983,0,0,0,0,14,0,0,0,0,15
40319,1,1,1983,19,19,19,19,19,19,19,19,19,19
40320,0,1,1983,19,19,19,19,19,19,19,19,19,19
40320,1,1,1983,10,0,0,20,16,23,0,30,19,0
40320,2,1,1983,0,0,0,0,0,0,0,0,0,0
40321,1,1,1983,17,17,17,17,17,17,17,17,17,17
40322,1,1,1983,23,21,28,27,17,17,18,12,12,8
40323,0,1,1983,0,0,0,0,0,0,0,0,0,0
40323,1,1,1983,14,10,8,0,21,19,6,0,23,14
40324,1,1,1983,10,10,10,10,10,10,10,10,10,10
40324,2,1,1983,11,11,11,11,11,11,11,11,11,11
40325,1,1,1983,10,10,10,10,10,10,10,10,10,10
40325,2,1,1983,9,9,9,9,9,9,9,9,9,9
40326,1,1,1983,0,0,0,0,0,0,0,0,0,0
40326,2,1,1983,0,0,0,18,0,0,0,0,0,0
40327,1,1,1983,10,10,10,10,10,10,10,10,10,10
40328,0,1,1983,1,1,1,1,1,1,1,1,1,1
40328,1,1,1983,0,0,0,0,0,0,0,0,0,0
40329,1,1,1983,0,0,0,0,0,0,0,0,0,0
40330,1,1,1983,8,23,23,11,8,12,13,26,17,29
40331,1,1,1983,0,0,0,0,0,0,0,0,0,0
40331,2,1,1983,0,0,0,0,0,0,0,0,0,0
40332,1,1,1983,13,13,13,13,13,13,13,13,13,13
40332,2,1,1983,0,0,0,0,0,0,0,0,0,0
40333,1,1,1983,0,0,0,0,0,0,0,0,0,0
40333,2,1,1983,0,0,0,0,0,0,0,0,0,0
40334,1,1,1983,0,0,0,0,0,0,0,0,0,0
40334,2,1,1983,0,0,0,0,0,0,0,0,0,0
40335,1,1,1983,7,7,7,7,7,7,7,7,7,7
40335,2,1,1983,0,6,0,0,0,0,4,0,0,13
40336,0,1,1983,19,19,19,19,19,19,19,19,19,19
40336,1,1,1983,5,5,5,5,5,5,5,5,5,5
40337,1,1,1983,0,0,24,21,0,10,9,15,10,0
40338,1,1,1983,0,0,0,0,0,0,0,0,0,0
40339,1,1,1983,0,0,0,0,0,0,0,0,0,0
40339,2,1,1983,0,0,0,0,0,0,0,0,0,0
40340,1,1,1983,11,11,11,11,11,11,11,11,11,11
40341,1,1,1983,0,0,0,0,0,0,0,0,0,0
40341,2,1,1983,0,23,27,14,16,0,11,18,11,0
40342,1,1,1983,0,39,0,0,0,0,0,0,0,0
40342,2,1,1983,0,0,0,12,0,0,0,0,0,0
40343,1,1,1983,0,0,0,0,0,0,0,0,0,0
40344,1,1,1983,0,0,0,0,0,0,0,0,0,0
40345,1,1,1983,0,0,17,0,0,0,0,0,0,0
40346,1,1,1983,0,0,0,9,0,0,0,0,0,0
40346,2,1,1983,0,0,0,22,8,0,0,0,0,0
40347,1,1,1983,0,0,0,0,0,0,0,0,0,0
40347,2,1,1983,0,0,0,14,0,0,0,0,10,0
40348,0,1,1983,22,22,22,22,22,22,22,22,22,22
40348,1,1,1983,0,0,20,0,0,0,0,0,0,17
40349,0,1,1983,19,19,19,19,19,19,19,19,19,19
40349,1,1,1983,18,19,13,18,8,10,17,18,28,7
40350,0,1,1983,0,17,0,14,0,0,0,0,0,10
40350,1,1,1983,0,0,0,0,0,17,0,0,0,0
40351,1,1,1983,17,20,9,0,9,0,7,6,0,6
40352,1,1,1983,0,0,0,0,0,0,0,0,0,0
40353,1,1,1983,19,19,19,19,19,19,19,19,19,19
40353,2,1,1983,0,0,0,0,0,0,0,0,0,0
40354,1,1,1983,0,0,0,22,0,0,0,0,17,0
40354,2,1,1983,0,0,0,0,0,0,0,0,0,0
40355,1,1,1983,8,0,0,0,0,0,15,10,18,0
40356,1,1,1983,0,0,0,0,0,0,0,0,0,0
40356,2,1,1983,0,0,0,0,0,0,0,0,0,0
40357,1,1,1983,0,28,32,0,0,17,16,15,0,0
40358,1,1,1983,20,11,15,24,19,18,5,20,12,14
40359,0,1,1983,18,18,18,18,18,18,18,18,18,18
40359,1,1,1983,0,0,0,0,0,0,0,0,0,0
40360,1,1,1983,0,0,0,0,0,3,0,0,0,0
40360,2,1,1983,0,0,0,0,0,0,0,0,0,0
40361,0,1,1983,12,0,0,0,0,0,0,13,28,0
40361,1,1,1983,35,35,35,35,35,35,35,35,35,35
40362,1,1,1983,21,21,21,21,21,21,21,21,21,21
40362,2,1,1983,0,12,0,0,0,0,0,0,0,0
40363,1,1,1983,13,13,13,13,13,13,13,13,13,13
40363,2,1,1983,6,6,6,6,6,6,6,6,6,6
40364,1,1,1983,21,13,31,6,17,16,15,26,0,16
40365,0,1,1983,18,0,0,0,15,0,0,15,0,0
40365,1,1,1983,8,0,0,0,0,0,0,15,0,0
40366,1,1,1983,0,0,0,0,0,0,0,0,0,0
40367,1,1,1983,24,24,24,24,24,24,24,24,24,24
40368,1,1,1983,13,0,0,0,0,0,0,0,0,0
40368,2,1,1983,27,0,0,24,0,0,19,0,0,18
40369,1,1,1983,18,18,18,18,18,18,18,18,18,18
40369,2,1,1983,8,8,8,8,8,8,8,8,8,8
40370,1,1,1983,0,0,0,0,0,0,0,0,0,0
40371,1,1,1983,0,0,0,0,20,0,0,19,0,0
40371,2,1,1983,0,0,0,0,0,0,0,0,0,0
40372,1,1,1983,0,0,0,0,0,0,0,0,0,0
40372,2,1,1983,25,15,22,6,34,16,12,0,11,22
40373,1,1,1983,12,12,12,12,12,12,12,12,12,12
40373,2,1,1983,14,7,2,17,18,0,0,17,25,0
40374,1,1,1983,0,0,0,0,0,0,0,0,0,0
40375,1,1,1983,16,11,13,12,17,16,5,0,15,15
40376,1,1,1983,0,16,0,0,0,0,0,0,0,0
40377,1,1,1983,14,9,11,13,19,15,33,0,0,3
40378,1,1,1983,12,16,21,0,0,18,19,25,11,14
40378,2,1,1983,13,0,0,0,0,0,0,0,0,0
40379,0,1,1983,0,0,0,0,0,0,0,0,0,0
40379,1,1,1983,19,19,19,19,19,19,19,19,19,19
40380,1,1,1983,10,20,11,22,13,6,16,8,9,19
40380,2,1,1983,20,20,20,20,20,20,20,20,20,20
40381,1,1,1983,0,0,0,0,0,0,0,0,0,0
40381,2,1,1983,0,0,0,0,0,0,0,0,0,0
40382,1,1,1983,32,32,32,32,32,32,32,32,32,32
40383,0,1,1983,0,17,29,0,0,0,0,0,0,13
40383,1,1,1983,10,0,0,15,16,20,5,15,25,0
40384,1,1,1983,20,0,0,0,21,0,11,0,0,0
40384,2,1,1983,0,0,0,0,0,0,0,0,0,0
40385,1,1,1983,6,6,6,6,6,6,6,6,6,6
40386,1,1,1983,0,0,0,0,0,0,0,0,0,0
40386,2,1,1983,0,0,0,0,0,0,0,0,0,0
40387,1,1,1983,7,7,7,7,7,7,7,7,7,7
40388,1,1,1983,0,0,0,0,0,13,0,0,0,0
40389,1,1,1983,24,17,15,27,24,25,14,3,21,23
40390,1,1,1983,13,12,14,20,0,14,0,0,33,9
40391,1,1,1983,0,0,0,0,0,0,0,0,0,0
40391,2,1,1983,12,12,12,12,12,12,12,12,12,12
40392,1,1,1983,20,29,14,25,10,18,17,8,7,20
40392,2,1,1983,0,0,0,0,0,0,0,0,0,0
40393,1,1,1983,0,0,0,0,0,0,0,0,0,0
40393,2,1,1983,0,0,0,0,0,0,0,0,0,0
40394,1,1,1983,0,0,0,0,0,0,0,0,23,0
40395,1,1,1983,22,27,20,13,21,0,14,17,11,21
40395,2,1,1983,0,0,0,0,0,0,0,0,0,0
40396,1,1,1983,24,24,24,24,24,24,24,24,24,24
40397,1,1,1983,16,0,22,0,0,14,15,0,0,0
40398,1,1,1983,3,3,3,3,3,3,3,3,3,3
40398,2,1,1983,0,0,0,0,0,0,0,0,0,0
40399,1,1,1983,0,0,0,0,0,0,0,0,0,0
40400,1,1,1983,0,0,0,0,0,0,0,0,21,0
40400,2,1,1983,0,0,0,0,0,0,0,0,0,0
40401,1,1,1983,0,0,0,0,0,0,0,0,0,0
40402,1,1,1983,9,9,9,9,9,9,9,9,9,9
40403,0,1,1983,0,0,0,0,0,0,0,0,0,0
40403,1,1,1983,0,0,0,0,0,0,0,0,0,0
40404,1,1,1983,19,0,0,0,0,0,0,0,0,0
40404,2,1,1983,0,0,0,0,0,0,0,0,0,0
40405,0,1,1983,18,18,18,18,18,18,18,18,18,18
40405,1,1,1983,0,7,8,0,0,0,0,0,15,0
40406,1,1,1983,0,0,0,0,0,0,0,0,0,0
40407,1,1,1983,5,5,5,5,5,5,5,5,5,5
40408,1,1,1983,0,0,0,0,0,0,0,0,0,0
40409,1,1,1983,17,17,17,17,17,17,17,17,17,17
40410,1,1,1983,13,13,13,13,13,13,13,13,13,13
40411,1,1,1983,0,0,0,0,0,0,0,0,0,0
40411,2,1,1983,0,0,0,0,0,0,0,5,0,0
40412,1,1,1983,9,9,9,9,9,9,9,9,9,9
40413,1,1,1983,31,26,24,15,16,24,6,9,7,31
40414,1,1,1983,0,0,0,0,0,0,0,0,0,0
40414,2,1,1983,0,0,14,0,0,20,0,0,0,0
40415,1,1,1983,22,22,22,22,22,22,22,22,22,22
40416,1,1,1983,0,0,0,0,0,0,0,0,0,0
40417,1,1,1983,0,0,0,0,0,0,0,0,0,0
40418,0,1,1983,0,0,7,0,0,13,0,0,0,0
40418,0,2,1983,0,0,0,0,0,0,0,0,0,0
40418,1,1,1983,0,0,0,0,0,0,0,0,0,12
40419,1,1,1983,29,8,8,12,25,18,14,8,7,18
40420,1,1,1983,0,0,0,0,0,0,0,0,0,0
40420,2,1,1983,0,0,0,11,0,0,0,0,0,0
40421,0,1,1983,3,3,3,3,3,3,3,3,3,3
40421,1,1,1983,7,0,0,0,0,16,0,7,0,0
40422,1,1,1983,0,0,0,0,0,0,0,0,0,0
40423,1,1,1983,0,0,0,0,0,0,0,0,0,0
40423,2,1,1983,17,17,17,17,17,17,17,17,17,17
40424,0,1,1983,0,0,0,0,0,0,0,0,0,0
40424,1,1,1983,0,0,0,9,0,0,0,0,0,0
40425,1,1,1983,10,10,10,11,6,20,3,10,20,6
40426,0,1,1983,31,31,31,31,31,31,31,31,31,31
40426,1,1,1983,0,0,0,0,0,0,0,0,0,0
40427,1,1,1983,16,16,16,16,16,16,16,16,16,16
40427,2,1,1983,16,16,16,16,16,16,16,16,16,16
40428,1,1,1983,16,16,16,16,16,16,16,16,16,16
40428,2,1,1983,2,2,2,2,2,2,2,2,2,2
40429,1,1,1983,0,0,0,0,0,0,0,0,0,0
40429,2,1,1983,0,2,0,0,0,0,0,0,0,0
40429,3,1,1983,0,0,0,0,0,0,0,0,0,0
40429,4,1,1983,0,0,0,0,0,0,0,0,0,0
40430,0,1,1983,24,24,24,24,24,24,24,24,24,24
40430,1,1,1983,0,0,0,0,0,0,0,0,0,0
40431,0,1,1983,23,19,12,11,18,11,19,18,8,10
40431,1,1,1983,0,0,0,0,15,0,7,0,0,0
40432,1,1,1983,18,18,18,18,18,18,18,18,18,18
40433,1,1,1983,0,13,0,12,0,21,7,0,0,3
40434,1,1,1983,0,0,0,0,0,0,0,0,0,0
40435,0,1,1983,14,14,14,14,14,14,14,14,14,14
40435,1,1,1983,9,0,0,0,0,9,0,0,0,17
40436,1,1,1983,0,0,0,0,0,0,0,0,0,0
40437,1,1,1983,13,17,9,16,13,9,24,18,17,18
40438,1,1,1983,0,0,0,0,0,0,0,0,0,21
40438,2,1,1983,13,0,0,0,0,0,0,0,0,15
40439,0,1,1983,4,0,0,0,0,0,0,0,11,0
40439,1,1,1983,0,0,0,0,0,0,0,11,0,0
40440,1,1,1983,14,14,14,14,14,14,14,14,14,14
40441,1,1,1983,0,0,0,0,0,0,0,0,0,0
40441,2,1,1983,21,21,21,21,21,21,21,21,21,21
40442,1,1,1983,20,20,20,20,20,20,20,20,20,20
40443,1,1,1983,22,22,22,22,22,22,22,22,22,22
40443,2,1,1983,0,0,0,0,0,0,0,0,0,0
40444,1,1,1983,0,0,0,0,0,0,0,0,0,0
40444,2,1,1983,0,0,0,0,0,0,0,0,0,0
40444,3,1,1983,0,0,0,0,0,0,0,0,0,0
40445,1,1,1983,0,7,0,0,16,0,19,19,28,0
40445,2,1,1983,0,0,0,0,0,0,0,0,0,0
40446,1,1,1983,25,25,25,25,25,25,25,25,25,25
40447,1,1,1983,0,0,23,0,0,0,0,0,19,0
40448,0,1,1983,27,27,27,27,27,27,27,27,27,27
40448,1,1,1983,9,9,9,9,9,9,9,9,9,9
40448,2,1,1983,20,20,20,20,20,20,20,20,20,20
40449,0,1,1983,0,0,0,0,0,0,0,0,0,0
40449,1,1,1983,0,0,0,0,0,0,0,0,0,0
40450,1,1,1983,14,17,20,8,0,8,0,10,35,30
40451,1,1,1983,9,9,9,9,9,9,9,9,9,9
40452,1,1,1983,42,33,18,12,19,5,31,22,20,11
40453,1,1,1983,0,0,0,0,0,0,0,0,0,0
40454,1,1,1983,0,0,0,0,0,0,0,0,0,0
40455,1,1,1983,0,6,8,17,5,16,5,3,19,0
40455,2,1,1983,0,0,0,0,0,0,0,0,0,0
40455,3,1,1983,0,0,0,0,0,0,0,10,0,0
40455,4,1,1983,0,0,22,0,0,0,0,0,0,0
40456,1,1,1983,0,0,0,0,0,0,0,0,0,0
40456,2,1,1983,0,0,0,0,0,0,0,0,0,0
40457,1,1,1983,0,0,0,0,0,0,0,0,0,0
40457,2,1,1983,0,0,0,0,0,0,0,0,6,0
40458,1,1,1983,0,0,0,0,0,0,0,0,0,0
40459,0,1,1983,6,6,6,6,6,6,6,6,6,6
40459,1,1,1983,0,0,0,0,0,0,0,0,0,0
40460,1,1,1983,0,0,0,0,0,0,0,0,0,0
40461,1,1,1983,0,0,0,0,0,0,0,0,0,0
40461,2,1,1983,0,0,0,0,0,0,0,0,0,0
40462,1,1,1983,0,0,0,0,21,0,0,14,9,0
40463,1,1,1983,17,17,17,17,17,17,17,17,17,17
40464,1,1,1983,27,27,27,27,27,27,27,27,27,27
40465,1,1,1983,0,0,0,0,0,0,0,0,0,0
40466,0,1,1983,0,32,0,12,0,0,0,0,0,19
40466,1,1,1983,0,0,0,0,0,0,0,0,0,0
40467,1,1,1983,24,24,24,24,24,24,24,24,24,24
40468,1,1,1983,8,15,0,4,18,14,16,8,10,13
40468,2,1,1983,18,18,18,18,18,18,18,18,18,18
40469,0,1,1983,13,8,26,16,22,12,9,22,0,9
40469,1,1,1983,0,0,0,0,0,0,0,0,0,0
40469,2,1,1983,0,19,0,0,0,0,0,0,0,0
40469,3,1,1983,5,0,0,0,0,0,0,6,0,3
40470,1,1,1983,0,0,0,0,0,0,0,0,0,0
40471,1,1,1983,14,14,14,14,14,14,14,14,14,14
40471,2,1,1983,3,11,28,18,29,12,10,21,11,16
40472,1,1,1983,0,0,0,0,0,0,0,0,0,0
40472,2,1,1983,0,0,0,0,0,0,0,0,0,0
40473,1,1,1983,26,26,26,26,26,26,26,26,26,26
40474,1,1,1983,0,0,0,0,0,0,0,0,0,0
40474,2,1,1983,0,0,0,0,0,0,0,0,0,0
40475,1,1,1983,20,20,20,20,20,20,20,20,20,20
40476,0,1,1983,0,0,0,0,0,0,0,0,0,0
40476,1,1,1983,0,0,0,0,0,0,0,0,0,0
40477,1,1,1983,14,14,14,14,14,14,14,14,14,14
40477,2,1,1983,18,18,18,18,18,18,18,18,18,18
40478,0,1,1983,0,0,0,0,0,0,0,0,0,0
40478,1,1,1983,0,0,0,0,0,0,0,0,0,0
40479,0,1,1983,0,0,0,14,0,0,0,15,0,21
40479,1,1,1983,0,0,0,0,0,0,0,0,0,0
40480,1,1,1983,11,11,11,11,11,11,11,11,11,11
40480,2,1,1983,0,0,0,0,0,0,0,0,0,0
40481,0,1,1983,23,23,23,23,23,23,23,23,23,23
40481,1,1,1983,12,0,0,0,0,17,0,18,0,0
40481,2,1,1983,0,0,0,0,0,0,0,20,14,17
40482,1,1,1983,0,0,0,0,0,0,0,0,0,0
40483,1,1,1983,11,8,27,9,26,15,12,8,8,13
40483,2,1,1983,11,19,8,42,24,7,0,0,22,0
40484,0,1,1983,26,13,20,0,25,0,0,54,25,0
40484,1,1,1983,0,0,0,0,9,21,0,11,0,14
40485,0,1,1983,17,17,17,17,17,17,17,17,17,17
40485,1,1,1983,0,0,14,0,23,0,15,32,0,29
40486,1,1,1983,15,15,15,15,15,15,15,15,15,15
40486,2,1,1983,0,0,0,0,0,0,0,5,0,0
40487,0,1,1983,20,20,20,20,20,20,20,20,20,20
40487,1,1,1983,5,5,5,5,5,5,5,5,5,5
40488,0,1,1983,0,0,0,0,0,0,0,0,0,0
40488,1,1,1983,0,0,0,0,0,0,0,0,0,0
40489,1,1,1983,0,0,0,0,0,0,0,0,0,0
40489,2,1,1983,0,0,0,0,0,0,0,0,0,0
40490,0,1,1983,0,0,0,12,0,0,0,0,0,0
40490,1,1,1983,0,0,0,0,0,0,0,0,0,0
40491,1,1,1983,14,14,14,14,14,14,14,14,14,14
40492,1,1,1983,8,8,8,8,8,8,8,8,8,8
40493,1,1,1983,24,9,0,14,9,20,0,0,0,24
40493,2,1,1983,33,33,33,33,33,33,33,33,33,33
40494,1,1,1983,18,18,18,18,18,18,18,18,18,18
40494,2,1,1983,0,0,12,0,13,0,0,0,0,0
40495,1,1,1983,0,0,0,0,0,0,14,0,7,0