ST_CASE,VEH_NO,PER_NO,YEAR,P1,P2,P3,P4,P5,P6,P7,P8,P9,P10
40495,2,1,1983,0,0,0,6,0,7,0,0,0,0
40496,1,1,1983,0,0,0,0,0,0,0,0,0,0
40496,2,1,1983,0,0,0,0,0,0,0,0,0,0
40497,0,1,1983,0,0,0,0,0,0,0,0,0,0
40497,1,1,1983,0,0,0,0,0,0,0,0,0,0
40498,1,1,1983,0,0,0,0,0,0,0,0,0,0
40498,2,1,1983,26,22,0,0,0,0,13,22,0,15
40499,0,1,1983,0,0,0,0,0,0,0,0,0,0
40499,1,1,1983,0,0,0,0,0,0,0,0,0,0
40500,0,1,1983,24,24,24,24,24,24,24,24,24,24
40500,1,1,1983,0,0,0,0,0,0,19,0,0,0
40501,1,1,1983,0,0,0,0,0,0,0,0,0,0
40502,1,1,1983,10,22,21,16,26,0,8,14,22,0
40503,1,1,1983,0,0,0,0,17,0,0,0,0,0
40504,1,1,1983,0,0,0,0,0,0,0,26,0,0
40506,1,1,1983,33,10,24,0,0,15,0,13,12,0
40506,2,1,1983,0,0,0,0,0,0,0,0,0,0
40507,1,1,1983,0,0,0,7,0,0,23,0,10,0
40508,0,1,1983,24,24,24,24,24,24,24,24,24,24
40508,1,1,1983,0,0,27,0,0,0,0,0,0,0
40509,1,1,1983,11,11,11,11,11,11,11,11,11,11
40509,2,1,1983,0,0,0,0,0,0,0,0,0,0
40510,0,1,1983,0,0,0,0,0,0,0,0,0,0
40510,1,1,1983,0,0,0,0,0,0,0,0,0,0
40511,1,1,1983,21,21,21,21,21,21,21,21,21,21
40512,1,1,1983,0,0,34,27,0,0,0,18,0,0
40513,1,1,1983,3,3,3,3,3,3,3,3,3,3
40514,1,1,1983,33,33,33,33,33,33,33,33,33,33
40515,1,1,1983,0,0,0,0,0,0,0,0,0,0
40515,2,1,1983,0,0,0,0,0,0,0,0,0,0
40516,1,1,1983,0,0,0,0,0,0,0,0,0,0
40516,2,1,1983,0,0,0,0,0,0,0,0,0,0
40517,1,1,1983,0,0,0,0,0,0,0,0,20,0
40517,2,1,1983,0,0,0,0,0,0,0,0,0,0
40518,1,1,1983,10,20,14,0,15,14,6,0,13,14
40519,1,1,1983,17,17,17,17,17,17,17,17,17,17
40520,0,1,1983,0,0,0,0,0,0,0,0,0,0
40520,1,1,1983,0,0,0,0,0,0,0,0,0,0
40521,1,1,1983,23,23,23,23,23,23,23,23,23,23
40521,2,1,1983,0,0,0,0,0,0,0,0,0,0
40522,1,1,1983,0,0,0,0,0,0,0,0,0,0
40522,2,1,1983,0,0,0,0,0,0,0,0,0,0
40523,1,1,1983,15,0,0,0,16,9,14,0,0,30
40523,2,1,1983,0,6,0,0,0,8,0,0,0,0
40524,1,1,1983,6,0,0,0,5,0,0,0,0,0
40524,2,1,1983,0,0,0,0,0,0,0,0,0,0
40525,1,1,1983,0,0,0,0,0,0,0,0,0,33
40526,1,1,1983,17,17,17,17,17,17,17,17,17,17
40527,1,1,1983,0,0,0,0,0,0,0,0,0,0
40527,2,1,1983,3,3,3,3,3,3,3,3,3,3
40528,1,1,1983,25,25,25,25,25,25,25,25,25,25
40529,1,1,1983,0,0,0,0,0,0,0,0,10,0
40529,2,1,1983,0,0,0,0,16,25,0,0,14,24
40530,1,1,1983,26,26,26,26,26,26,26,26,26,26
40531,1,1,1983,0,0,0,0,0,0,0,0,0,0
40531,2,1,1983,0,0,0,0,0,0,0,0,0,0
40532,1,1,1983,12,12,12,12,12,12,12,12,12,12
40532,2,1,1983,10,26,0,0,18,0,0,23,0,0
40533,0,1,1983,27,37,23,22,0,0,4,14,27,15
40533,1,1,1983,0,0,0,0,0,0,0,0,0,10
40534,1,1,1983,9,13,0,6,13,6,3,9,13,6
40535,1,1,1983,0,0,0,0,0,0,0,0,0,0
40535,2,1,1983,0,0,0,0,0,0,0,0,0,0
40536,1,1,1983,14,12,26,25,13,27,29,28,34,27
40537,1,1,1983,12,31,14,22,0,11,14,6,36,18
40538,1,1,1983,19,19,18,10,12,11,9,33,20,7
40538,2,1,1983,0,0,0,0,0,0,0,0,0,0
40539,0,1,1983,9,9,9,9,9,9,9,9,9,9
40539,0,2,1983,16,16,16,16,16,16,16,16,16,16
40539,1,1,1983,13,13,13,13,13,13,13,13,13,13
40540,1,1,1983,0,0,13,0,0,0,0,0,34,0
40540,2,1,1983,0,0,0,0,0,0,0,0,0,0
40541,0,1,1983,16,16,16,16,16,16,16,16,16,16
40541,1,1,1983,0,0,0,0,0,14,0,0,0,0
40542,1,1,1983,13,13,13,13,13,13,13,13,13,13
40543,0,1,1983,0,0,0,11,0,0,0,18,23,26
40543,1,1,1983,12,13,0,8,8,14,14,0,19,0
40544,1,1,1983,0,0,0,0,0,0,0,0,0,0
40544,2,1,1983,0,0,0,0,0,0,0,0,0,0
40545,1,1,1983,11,11,11,11,11,11,11,11,11,11
40545,2,1,1983,0,0,0,0,0,0,0,0,0,0
40546,1,1,1983,0,0,0,0,0,0,0,0,0,0
40546,2,1,1983,16,16,16,16,16,16,16,16,16,16
40548,0,1,1983,0,0,0,0,0,0,0,0,0,0
40548,1,1,1983,10,0,2,10,0,0,2,0,0,0
40549,1,1,1983,4,4,4,4,4,4,4,4,4,4
40550,1,1,1983,19,19,19,19,19,19,19,19,19,19
40551,1,1,1983,14,22,21,14,13,24,13,17,24,23
40551,2,1,1983,0,0,0,7,0,0,0,0,0,0
40552,1,1,1983,24,0,17,18,0,22,18,0,0,0
40553,1,1,1983,16,16,16,16,16,16,16,16,16,16
40554,1,1,1983,0,0,0,0,0,0,0,0,0,0
40554,2,1,1983,0,0,0,0,0,0,0,0,0,0
40554,3,1,1983,0,0,0,0,0,0,0,0,0,0
40555,1,1,1983,0,0,0,0,0,0,7,0,0,0
40556,1,1,1983,28,28,28,28,28,28,28,28,28,28
40556,2,1,1983,5,5,5,5,5,5,5,5,5,5
40558,0,1,1983,0,0,0,0,0,0,0,11,0,0
40558,1,1,1983,0,0,0,0,0,0,0,0,0,0
40559,1,1,1983,15,0,0,0,0,0,0,0,0,0
40559,2,1,1983,13,17,0,7,14,0,16,19,15,7
40560,1,1,1983,24,24,24,24,24,24,24,24,24,24
40561,1,1,1983,23,23,23,23,23,23,23,23,23,23
40562,0,1,1983,22,22,22,22,22,22,22,22,22,22
40562,1,1,1983,0,7,7,0,10,18,0,0,0,9
40563,1,1,1983,0,0,0,0,0,0,0,0,0,0
40564,1,1,1983,10,24,8,13,0,20,15,12,23,0
40565,1,1,1983,13,13,13,13,13,13,13,13,13,13
40565,2,1,1983,0,0,0,0,0,0,0,0,0,0
40566,1,1,1983,8,8,8,8,8,8,8,8,8,8
40567,0,1,1983,11,11,11,11,11,11,11,11,11,11
40567,1,1,1983,0,12,0,0,0,0,0,0,0,0
40568,0,1,1983,15,15,15,15,15,15,15,15,15,15
40568,1,1,1983,13,13,13,13,13,13,13,13,13,13
40569,0,1,1983,0,0,0,0,0,0,0,0,0,0
40569,1,1,1983,0,0,0,0,0,0,0,0,0,10
40570,1,1,1983,0,0,0,0,5,0,0,0,0,0
40571,1,1,1983,17,17,17,17,17,17,17,17,17,17
40572,0,1,1983,35,35,35,35,35,35,35,35,35,35
40572,1,1,1983,10,0,0,0,6,19,0,0,0,8
40573,0,1,1983,0,0,0,0,0,0,0,0,0,0
40573,1,1,1983,0,0,0,0,0,0,0,0,0,0
40574,1,1,1983,1,1,1,1,1,1,1,1,1,1
40574,2,1,1983,0,0,0,0,0,0,0,0,0,0
40574,3,1,1983,0,15,0,0,0,0,0,0,0,0
40575,0,1,1983,0,0,0,0,36,0,0,0,0,0
40575,1,1,1983,0,0,0,0,0,0,0,0,0,0
40576,1,1,1983,0,0,0,0,0,0,0,0,0,0
40576,2,1,1983,11,0,10,28,0,17,0,12,24,28
40577,0,1,1983,0,0,0,0,0,0,0,0,0,0
40577,1,1,1983,0,0,0,0,0,0,0,0,0,0
40578,1,1,1983,25,18,0,26,21,28,8,0,7,14
40579,1,1,1983,0,0,0,0,12,0,0,0,0,0
40579,2,1,1983,0,0,0,0,0,0,0,0,0,0
40580,0,1,1983,0,0,0,0,0,0,39,19,0,0
40580,1,1,1983,0,0,0,11,21,9,16,27,7,20
40581,1,1,1983,0,0,0,0,0,0,0,0,0,0
40581,2,1,1983,1,0,0,6,12,0,0,11,0,9
40582,0,1,1983,10,7,20,7,27,24,0,0,19,7
40582,1,1,1983,14,14,14,14,14,14,14,14,14,14
40583,0,1,1983,29,35,12,26,19,27,25,22,29,8
40583,1,1,1983,0,19,14,23,0,0,0,0,13,22
40584,1,1,1983,0,0,0,0,0,0,0,0,0,0
40584,2,1,1983,0,0,0,0,0,0,0,0,0,0
40585,1,1,1983,0,10,0,0,0,0,0,0,0,0
40585,2,1,1983,0,0,0,0,0,0,0,0,0,0
40586,1,1,1983,13,11,14,7,16,0,13,16,8,17
40587,0,1,1983,0,0,0,0,0,0,0,0,0,0
40587,1,1,1983,0,0,0,0,0,0,0,0,0,0
40588,0,1,1983,20,20,20,20,20,20,20,20,20,20
40588,1,1,1983,0,0,0,0,0,0,0,0,0,0
40589,1,1,1983,0,0,0,0,0,0,0,0,0,0
40590,1,1,1983,0,0,0,0,0,0,0,0,12,0
40590,2,1,1983,0,0,0,0,0,0,0,0,0,0
40591,1,1,1983,23,23,23,23,23,23,23,23,23,23
40592,1,1,1983,0,0,0,0,0,0,0,0,0,0
40593,0,1,1983,0,0,0,18,0,0,18,20,0,7
40593,1,1,1983,0,0,0,0,0,0,0,0,0,0
40594,1,1,1983,12,17,19,13,18,10,15,15,14,7
40594,2,1,1983,16,11,24,20,20,14,27,30,17,21
40595,1,1,1983,0,0,0,0,0,0,0,0,0,0
40595,2,1,1983,24,24,24,24,24,24,24,24,24,24
40596,1,1,1983,0,0,0,0,0,0,0,0,19,0
40597,0,1,1983,15,0,17,24,15,30,19,10,16,11
40597,1,1,1983,0,0,0,0,0,0,0,0,0,9
40598,1,1,1983,24,20,19,22,20,13,28,31,16,28
40599,1,1,1983,18,18,18,18,18,18,18,18,18,18
40599,2,1,1983,0,0,0,0,0,0,0,0,0,0
40600,1,1,1983,0,0,0,0,0,0,0,12,0,0
40600,2,1,1983,0,0,0,0,0,0,0,0,0,0
40601,0,1,1983,23,23,23,23,23,23,23,23,23,23
40601,1,1,1983,0,0,0,0,1,17,0,0,0,0
40602,1,1,1983,0,0,0,0,0,0,0,0,0,0
40603,1,1,1983,0,0,34,0,0,0,0,0,0,0
40604,1,1,1983,0,8,0,0,10,0,0,0,0,5
40605,0,1,1983,0,0,0,0,0,0,0,0,0,0
40605,0,2,1983,0,0,0,0,0,0,0,14,14,4
40605,0,3,1983,0,0,0,0,7,0,0,0,0,0
40605,1,1,1983,5,0,0,17,10,16,5,0,34,0
40606,1,1,1983,0,0,0,0,0,0,0,0,0,0
40606,2,1,1983,0,0,0,0,0,0,0,0,0,0
40607,1,1,1983,11,10,23,10,24,13,0,18,14,3
40607,2,1,1983,10,0,0,10,25,0,0,0,0,0
40608,1,1,1983,27,3,32,20,36,29,14,38,28,0
40609,0,1,1983,0,0,0,0,0,0,0,0,0,0
40609,1,1,1983,0,0,0,0,0,0,0,0,0,0
40610,1,1,1983,0,0,0,0,0,0,0,0,0,10
40610,2,1,1983,0,0,0,0,0,0,0,0,0,0
40611,0,1,1983,0,0,0,0,0,0,0,0,0,0
40611,1,1,1983,12,12,12,12,12,12,12,12,12,12
40612,1,1,1983,19,19,19,19,19,19,19,19,19,19
40612,2,1,1983,0,0,0,0,0,0,0,8,0,0
40613,1,1,1983,0,0,0,0,0,0,0,0,0,0
40614,1,1,1983,0,0,0,0,0,0,0,0,0,0
40614,2,1,1983,0,0,0,0,0,0,0,0,0,0
40615,1,1,1983,14,2,10,0,17,14,0,0,12,0
40616,1,1,1983,0,0,0,0,0,0,10,0,0,0
40616,2,1,1983,0,0,0,0,0,0,0,0,0,0
40617,1,1,1983,17,25,15,3,22,14,13,18,18,0
40617,2,1,1983,0,0,0,0,0,0,0,0,0,0
40618,1,1,1983,0,0,0,0,0,0,9,0,0,0
40619,0,1,1983,12,0,24,0,0,0,0,19,0,19
40619,1,1,1983,15,0,0,0,0,11,10,19,0,0
50001,1,1,1983,20,11,9,17,27,0,0,14,24,25
50002,1,1,1983,25,14,16,19,9,12,22,35,15,9
50003,1,1,1983,23,23,23,23,23,23,23,23,23,23
50003,2,1,1983,0,0,0,0,0,9,0,0,0,0
50003,3,1,1983,0,0,0,4,0,0,0,0,0,8
50004,0,1,1983,0,0,0,0,0,0,0,0,0,0
50004,1,1,1983,13,0,0,0,13,0,0,0,0,0
50005,1,1,1983,0,0,0,0,12,0,0,0,0,23
50005,2,1,1983,0,0,0,0,0,20,0,0,0,0
50006,1,1,1983,10,0,0,0,0,5,0,0,38,26
50007,1,1,1983,0,0,0,0,28,0,12,8,0,0
50008,1,1,1983,0,0,0,0,0,0,0,0,0,0
50008,2,1,1983,0,0,0,0,0,0,0,0,0,0
50009,1,1,1983,4,0,14,0,0,0,0,0,0,0
50010,1,1,1983,0,11,13,15,0,0,0,0,0,0
50011,1,1,1983,0,0,34,0,0,0,0,0,0,0
50011,2,1,1983,0,0,15,0,0,0,0,0,15,0
50012,1,1,1983,13,0,0,18,12,0,0,0,0,0
50013,1,1,1983,0,0,0,0,0,0,0,0,0,0
50014,0,1,1983,0,0,0,24,9,20,27,24,0,17
50014,0,2,1983,0,30,7,0,8,7,0,8,0,27
50014,1,1,1983,0,0,0,0,0,0,14,0,0,0
50015,1,1,1983,0,0,0,0,0,0,0,9,0,0
50015,2,1,1983,0,0,0,0,0,0,0,0,0,0
50016,1,1,1983,12,24,33,16,23,29,26,25,23,25
50017,1,1,1983,0,0,18,13,0,0,0,0,0,0
50018,1,1,1983,24,0,0,39,24,46,0,0,0,0
50019,1,1,1983,0,0,0,0,0,0,0,0,0,0
50019,2,1,1983,0,0,0,0,0,0,8,0,0,0
50020,1,1,1983,0,0,0,0,0,0,0,0,0,0
50020,2,1,1983,0,0,0,0,0,0,0,0,17,0
50020,3,1,1983,9,0,0,0,28,0,0,0,0,0
50020,4,1,1983,0,0,0,8,0,0,0,0,0,0
50021,1,1,1983,0,0,0,0,0,0,0,0,0,0
50021,2,1,1983,0,0,0,0,0,0,0,0,0,0
50022,1,1,1983,13,0,0,0,0,5,0,0,0,0
50022,2,1,1983,0,0,0,0,0,0,0,0,0,0
50023,1,1,1983,21,12,0,0,0,0,0,0,0,0
50023,2,1,1983,0,0,0,0,0,0,0,0,0,0
50024,1,1,1983,34,34,34,34,34,34,34,34,34,34
50024,2,1,1983,0,0,0,0,0,0,0,0,12,0
50025,1,1,1983,0,0,0,0,0,0,10,0,0,0
50025,2,1,1983,0,0,0,0,0,0,0,0,0,0
50026,1,1,1983,8,0,0,0,10,19,19,16,0,0
50027,1,1,1983,0,0,0,0,0,0,0,0,25,0
50028,2,1,1983,0,20,0,0,14,0,0,0,0,0
50029,1,1,1983,0,0,0,0,9,0,0,0,0,0
50029,2,1,1983,0,0,16,26,0,0,0,0,0,0
50030,1,1,1983,0,26,16,0,16,9,13,20,14,12
50030,2,1,1983,0,3,19,6,0,0,0,6,0,13
50031,1,1,1983,11,0,0,0,3,0,0,0,21,0
50032,1,1,1983,7,0,17,8,0,10,0,0,0,0
50033,1,1,1983,22,13,25,18,9,16,15,10,14,18
50034,0,1,1983,0,0,0,0,0,0,0,0,0,17
50034,1,1,1983,0,0,0,0,0,0,0,0,0,0
50035,1,1,1983,0,0,14,0,0,0,13,0,20,0
50036,0,1,1983,3,0,0,14,0,0,0,24,0,21
50036,1,1,1983,17,0,13,0,13,20,0,0,21,0
50037,1,1,1983,31,15,20,13,11,16,2,15,26,13
50038,1,1,1983,21,12,12,20,21,18,12,13,4,14
50039,1,1,1983,28,23,16,0,14,12,22,24,0,14
50040,1,1,1983,4,0,9,22,4,0,15,10,8,28
50041,1,1,1983,9,9,9,9,9,9,9,9,9,9
50042,1,1,1983,0,0,0,0,0,0,0,0,0,0
50043,1,1,1983,0,22,17,8,0,17,0,15,23,14
50043,2,1,1983,0,0,0,0,0,0,0,0,0,0
50044,1,1,1983,0,14,19,23,19,26,27,10,27,15
50044,2,1,1983,22,8,0,2,2,27,0,12,16,0
50045,1,1,1983,14,19,17,24,10,29,21,26,19,19
50046,0,1,1983,0,0,0,0,0,0,0,0,0,0
50046,0,2,1983,0,14,0,0,11,33,0,6,22,0
50046,0,3,1983,42,0,0,20,0,13,0,0,28,16
50046,1,1,1983,17,11,14,4,15,5,20,15,10,19
50047,1,1,1983,0,0,0,0,0,0,0,0,0,0
50047,2,1,1983,0,0,0,0,0,0,0,0,0,0
50048,1,1,1983,0,26,0,27,0,0,33,17,0,0
50048,2,1,1983,0,0,11,0,16,0,0,0,0,0
50049,1,1,1983,12,0,18,15,14,13,3,0,12,10
50050,0,1,1983,27,18,20,28,16,13,20,27,20,15
50050,1,1,1983,16,11,0,5,2,0,15,6,19,0
50051,1,1,1983,0,0,0,5,0,0,0,0,10,0
50052,0,1,1983,0,0,0,0,0,0,0,12,0,15
50052,1,1,1983,6,6,6,6,6,6,6,6,6,6
50053,1,1,1983,0,0,22,12,0,18,0,25,0,16
50054,1,1,1983,16,15,18,6,27,14,17,12,24,24
50055,1,1,1983,11,30,25,12,13,16,9,10,19,13
50056,1,1,1983,8,30,0,0,0,16,0,0,27,17
50057,1,1,1983,0,0,17,0,0,0,0,21,0,0
50057,2,1,1983,0,0,10,0,0,0,0,0,16,0
50058,1,1,1983,0,0,0,0,0,0,0,17,0,0
50058,2,1,1983,0,0,0,0,0,0,0,0,0,27
50058,3,1,1983,0,0,0,0,0,0,0,0,0,0
50059,1,1,1983,14,18,0,18,9,17,17,6,26,19
50060,1,1,1983,0,0,0,0,0,0,0,0,0,0
50060,2,1,1983,0,0,0,0,0,0,0,0,0,0
50061,1,1,1983,0,0,23,0,31,17,16,0,23,17
50062,1,1,1983,19,22,37,11,0,19,21,6,20,20
50063,1,1,1983,0,0,0,0,0,0,0,0,0,0
50063,2,1,1983,0,0,0,0,0,0,0,0,0,0
50065,1,1,1983,0,0,0,0,0,0,0,0,0,0
50065,2,1,1983,0,0,0,8,0,0,0,0,17,0
50066,1,1,1983,9,12,11,12,22,20,26,25,16,14
50066,2,1,1983,0,0,0,0,0,0,59,0,0,0
50067,1,1,1983,0,0,0,0,0,0,0,0,9,0
50068,1,1,1983,29,14,6,29,24,19,19,28,22,9
50069,1,1,1983,15,26,21,30,32,28,15,23,17,16
50070,1,1,1983,0,2,14,16,28,16,0,0,12,10
50071,1,1,1983,0,0,5,8,0,0,0,13,0,0
50072,1,1,1983,0,17,19,27,26,19,32,0,11,0
50073,1,1,1983,0,0,0,0,0,0,0,0,0,15
50073,2,1,1983,28,0,0,25,9,20,15,0,16,0
50074,1,1,1983,0,0,0,0,0,0,0,0,22,0
50074,2,1,1983,0,0,0,0,0,0,0,0,0,18
50075,1,1,1983,28,15,25,25,32,20,13,25,37,0
50076,0,1,1983,15,0,0,0,0,0,0,0,0,0
50076,1,1,1983,0,0,10,0,0,0,0,0,0,0
50077,1,1,1983,23,32,19,10,10,28,20,10,34,14
50078,0,1,1983,3,11,36,20,28,10,0,7,2,11
50078,1,1,1983,0,0,0,0,0,0,0,0,0,0
50079,1,1,1983,21,20,22,26,19,0,38,18,16,19
50080,1,1,1983,0,0,0,23,0,2,0,0,11,0
50080,2,1,1983,18,17,8,20,0,30,8,14,6,25
50081,1,1,1983,10,10,28,11,19,16,18,10,15,13
50082,1,1,1983,17,19,0,19,9,9,14,21,14,0
50083,1,1,1983,2,16,29,21,20,12,11,15,21,0
50084,1,1,1983,16,0,29,22,28,23,0,0,17,0
50084,2,1,1983,4,6,20,0,15,0,0,16,14,4
50085,0,1,1983,12,3,0,23,0,0,0,14,0,24
50086,1,1,1983,29,0,0,0,0,0,20,0,0,0
50086,2,1,1983,6,0,0,0,0,18,0,0,0,0
50086,3,1,1983,0,0,0,0,0,0,0,0,0,0
50086,4,1,1983,0,0,0,0,0,0,0,0,0,0
50087,1,1,1983,18,18,18,18,18,18,18,18,18,18
50088,1,1,1983,20,20,20,20,20,20,20,20,20,20
50089,1,1,1983,0,0,0,0,8,0,0,0,0,0
50089,2,1,1983,0,0,0,0,0,0,0,0,0,0
50090,1,1,1983,13,22,9,9,11,11,11,19,18,10
50091,1,1,1983,0,0,0,8,0,0,0,0,0,10
50091,2,1,1983,0,11,16,21,0,0,0,0,0,0
50092,1,1,1983,14,18,0,18,12,7,15,21,0,11
50092,2,1,1983,0,0,0,0,0,0,0,0,0,0
50092,3,1,1983,0,0,0,0,0,0,11,0,0,0
50092,4,1,1983,0,0,4,0,0,0,0,0,0,20
50093,1,1,1983,0,0,32,14,0,9,8,0,17,19
50094,1,1,1983,0,0,0,0,13,0,0,0,0,0
50094,2,1,1983,0,0,0,18,0,0,0,0,0,0
50095,1,1,1983,23,25,20,15,14,21,16,26,12,20
50096,1,1,1983,0,0,23,11,22,11,0,11,19,14
50096,2,1,1983,0,0,0,0,0,0,0,0,11,9
50096,3,1,1983,15,0,0,0,0,5,0,0,0,3
50097,1,1,1983,0,0,0,0,0,0,0,0,0,0
50098,1,1,1983,24,17,2,20,23,27,13,21,15,26
50099,1,1,1983,15,11,10,18,16,2,13,12,12,11
50099,2,1,1983,24,0,26,0,22,0,8,3,17,27
50100,1,1,1983,0,0,0,21,0,9,0,0,0,0
50100,2,1,1983,0,0,0,0,0,0,0,0,0,12
50101,1,1,1983,22,22,22,22,22,22,22,22,22,22
50101,2,1,1983,0,0,0,0,0,0,0,0,0,0
50102,1,1,1983,33,0,15,0,18,0,0,29,0,18
50102,2,1,1983,17,0,0,0,14,0,0,0,0,0
50102,3,1,1983,0,10,0,0,21,0,18,0,10,0
50103,1,1,1983,0,26,0,32,15,19,0,19,24,0
50104,0,1,1983,0,0,0,0,0,0,0,0,29,21
50104,1,1,1983,15,10,0,0,0,0,17,0,0,17
50105,1,1,1983,14,14,14,14,14,14,14,14,14,14
50106,1,1,1983,0,0,0,17,0,0,9,19,0,20
50106,2,1,1983,10,0,0,0,10,0,0,0,0,16
50107,1,1,1983,18,8,6,17,14,5,17,9,15,17
50107,2,1,1983,21,15,17,18,17,22,29,14,25,18
50108,1,1,1983,0,0,0,8,0,0,0,0,0,0
50108,2,1,1983,0,0,0,0,4,0,0,0,0,0
50109,1,1,1983,29,29,29,29,29,29,29,29,29,29
50109,2,1,1983,0,0,0,0,0,13,0,0,0,0
50110,1,1,1983,9,6,10,24,21,10,17,21,25,8
50111,1,1,1983,14,0,0,0,23,16,0,24,0,0
50112,0,1,1983,0,0,0,0,0,0,0,0,0,0
50112,1,1,1983,0,0,0,0,0,0,0,0,0,0
50113,1,1,1983,0,0,0,0,0,0,10,4,0,8
50114,1,1,1983,31,0,8,22,17,20,0,36,0,0
50115,1,1,1983,20,20,20,20,20,20,20,20,20,20
50115,2,1,1983,0,0,0,0,0,0,0,0,0,20
50116,1,1,1983,0,0,0,19,0,0,6,20,0,6
50117,1,1,1983,0,0,0,0,0,0,0,0,0,0
50117,2,1,1983,0,0,0,0,0,0,0,0,0,0
50117,3,1,1983,0,0,0,0,18,13,0,16,19,0
50118,1,1,1983,9,22,10,9,11,0,24,9,11,12
50118,2,1,1983,19,15,24,17,4,21,36,28,9,17
50119,1,1,1983,0,0,0,0,0,0,0,0,0,0
50119,2,1,1983,0,0,0,0,5,0,0,0,0,0
50120,1,1,1983,0,0,0,0,0,0,0,0,0,0
50120,2,1,1983,0,15,0,0,13,13,0,0,0,0
50121,1,1,1983,6,19,11,0,6,30,21,14,5,27
50121,2,1,1983,11,0,18,6,14,20,7,8,0,23
50122,0,1,1983,19,19,0,24,19,32,38,9,28,18
50122,1,1,1983,27,16,19,0,0,23,23,9,0,10
50123,1,1,1983,15,14,8,13,27,6,9,5,11,7
50124,1,1,1983,13,27,11,23,13,14,15,12,27,20
50125,1,1,1983,0,0,0,0,0,0,0,0,0,0
50126,1,1,1983,18,22,9,8,0,0,0,19,0,14
50126,2,1,1983,0,0,0,0,0,16,0,0,10,0
50126,3,1,1983,0,0,0,0,0,10,0,0,0,0
50127,1,1,1983,0,9,0,0,0,0,0,0,0,0
50127,2,1,1983,0,0,0,0,0,0,0,0,0,19
50128,1,1,1983,0,0,0,0,0,0,0,0,0,0
50128,2,1,1983,11,19,0,0,26,22,0,0,0,12
50128,3,1,1983,0,19,0,0,0,21,0,0,0,0
50129,1,1,1983,0,0,0,9,19,0,16,0,14,0
50130,1,1,1983,15,5,0,13,13,0,4,2,22,0
50130,2,1,1983,2,12,19,16,4,23,13,7,27,8
50131,1,1,1983,19,0,0,0,0,0,28,24,20,14
50132,1,1,1983,0,0,0,0,0,0,0,0,0,0
50133,1,1,1983,0,0,0,0,0,0,18,0,0,0
50134,1,1,1983,19,19,19,19,19,19,19,19,19,19
50135,1,1,1983,7,7,7,7,7,7,7,7,7,7
50135,2,1,1983,0,0,0,15,18,25,22,6,10,4
50136,1,1,1983,0,0,0,0,0,0,22,0,0,34
50136,2,1,1983,0,0,0,0,0,0,0,0,0,0
50137,0,1,1983,26,0,0,0,0,0,18,0,0,0
50137,1,1,1983,0,0,0,0,0,0,15,0,0,0
50138,1,1,1983,0,0,15,0,19,0,0,27,0,0
50139,1,1,1983,20,0,0,0,18,0,0,15,0,0
50139,2,1,1983,0,0,0,0,0,0,0,0,4,0
50140,0,1,1983,26,0,14,0,10,16,16,50,36,0
50140,1,1,1983,0,0,0,11,0,0,0,0,0,0
50141,1,1,1983,0,18,0,0,4,0,4,0,0,0
50142,1,1,1983,0,0,0,0,0,0,0,0,0,0
50142,2,1,1983,32,32,32,32,32,32,32,32,32,32
50143,1,1,1983,0,0,0,0,0,0,0,0,0,0
50143,2,1,1983,0,0,0,0,0,0,0,21,0,0
50144,1,1,1983,9,19,6,19,17,5,10,26,13,7
50144,2,1,1983,0,0,0,0,0,14,0,0,0,0
50145,1,1,1983,13,30,0,0,0,13,4,24,15,8
50146,1,1,1983,28,0,0,19,10,30,0,0,0,0
50147,0,1,1983,0,0,0,0,0,0,0,0,0,0
50147,1,1,1983,0,0,0,0,0,0,0,0,0,0
50148,0,1,1983,0,0,0,0,0,0,0,0,0,0
50148,1,1,1983,0,0,0,0,0,0,0,0,0,0
50149,1,1,1983,0,0,0,0,0,0,0,0,0,0
50150,1,1,1983,0,0,0,0,0,0,0,0,0,0
50150,2,1,1983,0,0,0,0,0,0,0,0,0,0
50151,0,1,1983,10,0,0,0,0,0,17,0,0,0
50151,1,1,1983,0,0,0,0,0,0,0,0,0,0
50152,1,1,1983,0,0,0,0,0,0,0,0,0,0
50152,2,1,1983,18,15,0,0,0,19,19,33,8,13
50153,1,1,1983,7,7,7,7,7,7,7,7,7,7
50153,2,1,1983,0,16,0,16,0,0,0,0,0,0
50154,1,1,1983,0,0,0,27,19,23,0,6,17,0
50155,1,1,1983,0,11,0,0,30,0,0,6,5,25
50156,1,1,1983,0,0,0,0,0,0,0,0,0,0
50156,2,1,1983,24,24,24,24,24,24,24,24,24,24
50157,0,1,1983,0,0,0,13,9,26,0,0,10,0
50157,1,1,1983,0,0,0,0,0,0,0,0,0,0
50159,1,1,1983,18,18,18,18,18,18,18,18,18,18
50160,1,1,1983,0,27,0,0,0,0,11,0,0,0
50160,2,1,1983,0,18,0,0,0,0,22,0,0,0
50161,0,1,1983,0,0,0,0,0,0,0,0,0,31
50161,1,1,1983,0,0,0,0,0,0,0,5,26,0
50162,1,1,1983,10,0,0,0,0,0,0,0,0,0
50162,2,1,1983,0,0,0,0,0,16,0,0,6,0
50163,1,1,1983,41,17,25,15,22,23,16,42,17,13
50164,1,1,1983,0,0,0,0,0,0,0,0,0,0
50164,2,1,1983,0,0,0,0,0,0,0,0,0,0
50165,0,1,1983,0,19,0,17,27,0,0,0,14,0
50165,0,2,1983,0,26,0,34,20,7,12,34,30,34
50165,1,1,1983,0,0,0,0,0,0,0,0,0,0
50165,2,1,1983,0,20,0,17,0,0,0,0,0,0
50166,1,1,1983,14,0,0,0,0,0,0,0,0,0
50167,1,1,1983,24,24,24,24,24,24,24,24,24,24
50167,2,1,1983,0,0,0,14,0,0,7,0,0,0
50168,1,1,1983,19,9,29,0,24,29,0,29,0,33
50169,1,1,1983,1,1,1,1,1,1,1,1,1,1