ST_CASE,VEH_NO,PER_NO,YEAR,P1,P2,P3,P4,P5,P6,P7,P8,P9,P10
50170,1,1,1983,26,15,5,12,10,27,5,2,8,5
50172,1,1,1983,0,0,0,0,35,0,0,0,0,0
50172,2,1,1983,0,0,0,0,0,30,0,0,0,0
50173,1,1,1983,15,27,7,30,35,16,24,45,20,30
50174,1,1,1983,14,0,0,0,0,37,0,0,0,0
50175,1,1,1983,0,0,0,19,31,0,0,0,0,0
50176,1,1,1983,0,0,0,0,0,0,0,0,0,17
50177,1,1,1983,0,0,0,0,0,0,14,0,0,0
50177,2,1,1983,0,0,0,0,0,0,0,0,0,0
50178,1,1,1983,5,6,26,17,6,0,11,0,0,0
50179,0,1,1983,0,0,0,0,0,0,0,0,0,0
50179,1,1,1983,0,0,0,0,0,0,0,0,0,0
50180,1,1,1983,26,0,0,0,0,0,0,0,0,28
50181,1,1,1983,0,0,0,0,0,0,0,0,0,25
50181,2,1,1983,0,0,0,0,0,0,0,0,0,0
50182,0,1,1983,0,0,0,5,0,0,0,0,0,0
50182,1,1,1983,0,0,0,0,0,0,0,0,0,0
50183,1,1,1983,0,0,0,20,0,0,0,0,0,0
50183,2,1,1983,0,0,21,0,0,0,0,0,0,0
50184,1,1,1983,0,0,0,0,0,0,0,0,0,0
50184,2,1,1983,0,0,0,0,0,10,0,0,0,0
50185,1,1,1983,12,12,12,12,12,12,12,12,12,12
50186,1,1,1983,15,19,16,9,17,39,22,7,14,41
50187,0,1,1983,0,0,0,0,0,0,0,0,0,0
50187,1,1,1983,0,0,0,0,0,6,0,0,0,0
50188,1,1,1983,0,0,0,0,0,0,0,0,0,0
50188,2,1,1983,0,0,0,0,0,0,0,0,0,0
50189,1,1,1983,12,0,0,16,0,0,0,0,0,0
50190,1,1,1983,0,0,0,0,0,21,0,31,0,0
50191,1,1,1983,16,0,6,6,12,29,28,23,7,16
50191,2,1,1983,0,0,0,0,0,0,0,0,0,0
50191,3,1,1983,0,0,0,0,0,0,0,0,15,0
50191,4,1,1983,0,0,0,0,0,0,0,0,0,0
50191,5,1,1983,3,0,0,0,0,0,0,0,0,11
50192,1,1,1983,14,16,12,16,15,6,31,20,10,30
50193,1,1,1983,0,0,29,0,0,0,24,0,0,0
50194,1,1,1983,0,24,25,11,21,0,0,20,0,10
50195,1,1,1983,19,22,24,0,0,0,0,51,0,17
50196,1,1,1983,16,7,6,17,10,22,14,20,24,9
50197,1,1,1983,0,17,13,0,36,0,21,24,0,14
50197,2,1,1983,0,0,0,13,17,19,17,11,16,17
50198,1,1,1983,0,0,0,0,0,0,3,0,0,0
50198,2,1,1983,5,0,0,0,0,0,0,0,0,0
50199,1,1,1983,0,0,0,0,0,0,0,22,0,17
50200,1,1,1983,12,0,0,27,29,0,0,13,0,0
50201,0,1,1983,0,0,0,0,0,0,0,0,0,0
50201,1,1,1983,0,0,0,0,0,0,0,0,0,0
50202,0,1,1983,38,11,10,0,0,17,0,0,31,0
50202,1,1,1983,0,14,0,0,0,18,0,14,0,0
50203,1,1,1983,0,0,0,0,0,0,32,0,0,0
50204,1,1,1983,0,0,0,0,0,0,0,0,0,0
50204,2,1,1983,0,0,0,0,0,0,6,0,0,0
50205,1,1,1983,16,0,0,23,10,0,0,18,0,17
50206,1,1,1983,0,0,0,12,0,0,0,0,17,21
50207,1,1,1983,23,23,23,23,23,23,23,23,23,23
50208,1,1,1983,11,18,4,15,15,12,26,20,5,26
50209,1,1,1983,16,15,0,33,36,30,0,0,0,27
50209,2,1,1983,11,18,15,13,17,13,23,19,22,6
50210,1,1,1983,7,8,19,23,15,6,18,17,18,23
50211,1,1,1983,13,13,16,22,16,11,21,25,25,10
50212,1,1,1983,0,0,0,0,0,0,0,0,0,0
50212,2,1,1983,0,0,0,0,0,0,0,0,0,0
50213,1,1,1983,22,20,23,0,9,33,7,12,0,10
50214,0,1,1983,0,0,0,0,25,26,0,28,0,0
50214,1,1,1983,31,22,10,0,14,6,13,17,10,15
50215,1,1,1983,0,0,0,0,0,0,0,0,0,0
50215,2,1,1983,0,0,0,0,0,0,0,0,0,0
50216,1,1,1983,21,0,0,15,0,0,26,16,0,0
50217,1,1,1983,18,22,9,0,0,0,26,0,18,0
50218,1,1,1983,0,0,0,0,0,0,13,0,0,0
50218,2,1,1983,0,0,0,0,0,0,0,0,0,0
50219,1,1,1983,0,19,8,0,0,0,14,0,0,0
50219,2,1,1983,0,0,0,0,0,0,0,0,0,0
50220,1,1,1983,0,0,0,0,0,0,0,0,0,0
50220,2,1,1983,0,0,0,0,0,0,0,0,0,0
50221,1,1,1983,0,0,0,0,18,0,0,0,8,0
50222,1,1,1983,0,0,18,19,0,0,30,0,0,0
50223,1,1,1983,0,0,0,0,0,0,0,0,0,0
50223,2,1,1983,0,0,0,11,0,11,0,0,0,0
50224,1,1,1983,19,6,18,34,26,23,18,11,21,17
50225,1,1,1983,14,11,8,19,12,26,25,14,5,27
50226,1,1,1983,0,0,0,0,0,0,0,0,0,0
50226,2,1,1983,0,0,0,0,0,0,0,0,0,0
50227,1,1,1983,0,0,0,29,0,0,0,0,30,0
50227,2,1,1983,0,21,37,24,15,10,23,0,0,23
50228,0,1,1983,0,0,0,0,0,0,0,0,0,0
50228,1,1,1983,0,0,0,0,0,0,0,0,0,0
50229,0,1,1983,0,0,0,0,0,0,0,0,0,0
50229,1,1,1983,0,0,0,0,0,0,0,0,0,0
50230,1,1,1983,0,0,0,19,0,0,0,0,13,0
50231,1,1,1983,7,0,7,0,0,0,0,8,0,0
50232,1,1,1983,0,0,0,0,0,0,0,0,0,0
50232,2,1,1983,0,0,0,0,0,0,0,12,0,12
50233,1,1,1983,12,17,22,0,17,28,21,12,15,10
50233,2,1,1983,0,9,0,0,4,6,0,23,0,31
50234,1,1,1983,20,20,20,20,20,20,20,20,20,20
50235,1,1,1983,0,0,0,0,0,0,0,0,0,0
50236,1,1,1983,0,0,0,0,0,0,0,0,0,0
50237,1,1,1983,0,0,0,0,21,0,0,0,9,0
50237,2,1,1983,0,0,0,0,0,3,20,20,16,0
50238,1,1,1983,0,0,0,0,0,0,0,0,0,0
50238,2,1,1983,0,0,0,0,0,0,0,0,0,0
50238,3,1,1983,0,0,0,0,0,0,0,0,0,0
50239,1,1,1983,16,16,16,16,16,16,16,16,16,16
50240,1,1,1983,0,33,20,0,27,23,0,11,0,10
50241,1,1,1983,0,0,0,0,19,0,0,19,0,0
50242,1,1,1983,12,35,14,13,32,28,0,0,14,21
50243,1,1,1983,0,0,0,0,0,0,0,0,0,0
50243,2,1,1983,0,0,0,0,0,0,0,0,0,0
50244,1,1,1983,0,0,0,0,0,0,0,0,0,0
50244,2,1,1983,0,0,0,0,0,0,0,0,0,0
50245,1,1,1983,0,5,0,24,7,0,5,17,0,0
50246,1,1,1983,17,16,0,0,0,0,15,0,15,0
50247,1,1,1983,27,14,17,14,20,21,35,11,15,27
50248,1,1,1983,0,0,0,0,0,0,0,0,0,19
50248,2,1,1983,0,0,0,0,0,0,0,0,0,0
50249,0,1,1983,22,22,22,22,22,22,22,22,22,22
50249,1,1,1983,11,0,0,0,0,0,0,0,0,0
50249,2,1,1983,0,0,0,0,0,0,11,0,0,0
50250,1,1,1983,0,0,17,0,17,26,0,18,17,23
50251,1,1,1983,25,0,17,26,19,15,24,0,16,25
50251,2,1,1983,0,0,0,0,0,0,0,0,0,0
50252,1,1,1983,22,22,47,26,3,2,20,9,6,10
50253,1,1,1983,0,0,24,0,0,0,0,0,23,0
50253,2,1,1983,0,0,0,0,0,0,7,0,0,0
50254,1,1,1983,7,7,7,7,7,7,7,7,7,7
50255,1,1,1983,23,10,19,21,21,0,12,10,13,45
50256,1,1,1983,0,0,0,0,0,0,0,0,0,0
50256,2,1,1983,9,9,9,9,9,9,9,9,9,9
50257,1,1,1983,0,0,0,0,0,0,0,0,0,0
50257,2,1,1983,4,21,8,22,22,11,8,4,27,17
50258,1,1,1983,12,13,10,12,16,16,32,22,7,19
50259,0,1,1983,0,0,14,0,0,0,0,0,0,0
50259,1,1,1983,0,0,0,0,0,0,0,0,0,0
50260,1,1,1983,16,8,0,29,13,3,21,20,18,4
50261,1,1,1983,1,1,1,1,1,1,1,1,1,1
50261,2,1,1983,0,0,0,0,0,0,0,0,0,0
50261,3,1,1983,0,0,0,0,0,0,0,0,0,13
50262,1,1,1983,0,0,0,0,0,0,0,0,0,21
50262,2,1,1983,36,36,36,36,36,36,36,36,36,36
50263,1,1,1983,0,0,0,0,0,0,0,0,0,0
50263,2,1,1983,0,0,0,12,0,0,8,0,0,0
50264,1,1,1983,11,14,37,24,16,8,19,16,8,13
50265,1,1,1983,20,14,19,19,17,14,10,12,12,27
50265,2,1,1983,0,0,0,0,0,0,0,0,0,0
50265,3,1,1983,0,0,0,0,0,0,0,0,0,0
50266,1,1,1983,0,0,0,0,0,0,13,12,34,0
50266,2,1,1983,23,23,23,23,23,23,23,23,23,23
50267,1,1,1983,13,15,26,11,22,5,14,26,0,43
50268,1,1,1983,0,0,9,0,16,10,0,4,17,0
50268,2,1,1983,0,8,0,0,0,0,0,35,0,0
50269,1,1,1983,0,0,0,0,0,0,0,0,0,0
50269,2,1,1983,3,0,3,0,11,19,22,3,0,9
50270,1,1,1983,0,0,33,14,35,29,0,0,0,0
50271,1,1,1983,3,0,0,0,0,12,0,0,0,0
50271,2,1,1983,0,0,0,0,0,0,0,0,0,0
50272,1,1,1983,19,20,0,11,7,0,16,0,15,0
50273,0,1,1983,0,0,0,0,0,0,0,0,0,0
50273,1,1,1983,0,0,0,0,0,0,0,0,0,0
50274,1,1,1983,19,8,11,18,9,4,9,7,13,13
50274,2,1,1983,0,0,0,0,0,0,0,0,0,0
50275,1,1,1983,0,0,25,0,0,16,0,0,0,0
50275,2,1,1983,0,0,0,0,0,0,0,0,0,0
50276,0,1,1983,25,25,25,25,25,25,25,25,25,25
50276,1,1,1983,0,0,0,0,0,0,0,0,0,0
50277,0,1,1983,0,0,0,0,0,0,0,0,0,0
50277,1,1,1983,0,0,5,0,0,0,0,0,0,0
50278,1,1,1983,10,14,0,24,13,0,0,0,0,0
50279,1,1,1983,16,16,6,14,22,10,14,7,20,9
50279,2,1,1983,11,49,11,20,20,23,9,20,18,10
50280,1,1,1983,0,0,0,0,18,0,0,0,0,20
50281,1,1,1983,0,0,0,0,0,0,0,0,0,0
50282,1,1,1983,0,9,22,11,4,0,0,0,0,0
50283,1,1,1983,17,13,0,20,13,5,4,25,28,15
50284,1,1,1983,40,17,20,13,32,24,5,7,19,14
50285,1,1,1983,0,0,0,0,0,0,0,0,0,0
50286,1,1,1983,0,13,0,0,0,18,0,25,0,0
50286,2,1,1983,0,0,0,0,0,0,0,0,0,0
50287,1,1,1983,11,11,11,11,11,11,11,11,11,11
50288,1,1,1983,0,9,7,0,11,0,13,0,0,18
50289,1,1,1983,20,0,0,0,12,0,0,0,41,15
50290,1,1,1983,19,14,7,10,21,14,17,13,26,26
50291,1,1,1983,12,26,15,15,9,10,16,23,14,22
50292,1,1,1983,9,42,18,0,24,0,0,0,0,7
50293,1,1,1983,21,21,21,21,21,21,21,21,21,21
50294,1,1,1983,0,0,0,0,0,0,0,0,0,0
50294,2,1,1983,0,0,0,0,0,0,0,0,0,0
50295,1,1,1983,0,0,0,0,0,0,0,0,0,0
50295,2,1,1983,0,0,0,0,0,0,0,0,0,0
50296,1,1,1983,0,0,23,0,0,0,0,0,0,0
50297,1,1,1983,0,0,0,0,0,13,0,0,13,26
50298,1,1,1983,0,0,0,0,0,0,0,0,0,0
50298,2,1,1983,0,0,0,0,0,0,0,0,0,0
50298,3,1,1983,0,0,0,0,0,0,0,0,0,0
50299,1,1,1983,0,0,0,0,2,0,0,0,15,0
50299,2,1,1983,26,0,0,0,0,7,0,0,0,0
50300,1,1,1983,0,0,0,0,0,0,0,0,0,22
50301,1,1,1983,0,13,16,13,20,14,14,20,29,15
50301,2,1,1983,0,0,0,0,0,0,0,0,0,0
50302,1,1,1983,35,9,25,6,8,6,14,26,22,30
50303,1,1,1983,19,19,19,19,19,19,19,19,19,19
50303,2,1,1983,0,0,0,0,0,0,0,0,0,0
50304,1,1,1983,19,19,19,19,19,19,19,19,19,19
50304,2,1,1983,8,8,8,8,8,8,8,8,8,8
50305,0,1,1983,15,23,27,10,35,26,25,16,29,11
50305,1,1,1983,0,0,0,0,20,0,0,0,0,0
50306,1,1,1983,0,0,0,0,0,0,0,0,0,14
50307,1,1,1983,5,21,11,4,16,5,41,40,1,27
50307,2,1,1983,15,20,7,16,7,0,10,12,29,26
50308,1,1,1983,19,25,21,28,19,18,20,7,20,36
50309,1,1,1983,16,9,4,7,18,21,21,0,14,25
50310,1,1,1983,0,0,0,0,0,0,0,0,0,0
50310,2,1,1983,0,0,6,0,0,0,0,4,0,0
50311,0,1,1983,0,0,0,0,0,0,0,0,0,0
50311,1,1,1983,0,0,0,0,0,0,0,0,0,0
50312,1,1,1983,0,14,0,0,0,0,0,0,15,0
50312,2,1,1983,0,0,0,0,0,0,0,0,0,0
50313,1,1,1983,23,0,24,21,21,23,19,0,21,0
50314,1,1,1983,13,44,12,27,8,17,16,10,24,7
50315,1,1,1983,18,13,3,9,5,17,22,0,18,10
50316,1,1,1983,13,18,23,10,16,16,22,17,11,16
50317,0,1,1983,0,0,0,15,0,23,0,0,0,0
50317,1,1,1983,0,0,0,0,0,0,0,0,0,0
50318,0,1,1983,24,24,24,24,24,24,24,24,24,24
50318,1,1,1983,0,0,0,11,21,0,13,0,0,0
50319,1,1,1983,0,0,0,0,0,0,0,0,0,0
50320,1,1,1983,10,0,4,6,12,3,6,0,8,10
50320,2,1,1983,31,21,9,21,5,15,24,13,22,16
50321,1,1,1983,0,26,23,16,10,15,3,18,16,26
50322,1,1,1983,21,21,27,18,31,20,31,18,20,25
50323,0,1,1983,14,37,51,21,26,30,30,10,25,14
50323,1,1,1983,0,0,0,0,0,0,3,0,0,0
50323,2,1,1983,0,13,0,0,0,18,0,0,0,0
50324,1,1,1983,0,11,0,13,32,12,15,0,0,14
50325,2,1,1983,0,0,0,0,0,10,4,0,0,0
50326,1,1,1983,0,0,0,0,0,0,0,0,0,0
50326,2,1,1983,0,0,0,0,0,0,0,0,0,0
50327,1,1,1983,22,27,0,20,16,23,0,0,16,14
50327,2,1,1983,0,21,17,24,25,15,24,35,15,20
50328,0,1,1983,12,0,28,0,16,16,9,0,56,16
50328,1,1,1983,0,0,0,0,20,9,0,0,0,0
50329,1,1,1983,0,21,0,0,0,0,0,21,0,0
50329,2,1,1983,0,0,0,0,0,0,0,0,0,0
50330,0,1,1983,13,27,30,16,25,17,10,30,47,11
50330,1,1,1983,0,0,0,0,0,0,0,29,15,0
50331,1,1,1983,0,0,0,0,0,0,0,0,0,0
50331,2,1,1983,0,0,0,0,0,0,0,0,0,0
50332,1,1,1983,7,7,7,7,7,7,7,7,7,7
50333,1,1,1983,0,0,0,0,0,0,0,0,0,0
50333,2,1,1983,10,16,20,14,16,8,13,5,24,15
50334,1,1,1983,10,6,2,9,16,4,11,0,21,0
50334,2,1,1983,0,0,0,0,0,0,0,0,0,0
50335,1,1,1983,0,0,0,0,0,0,0,0,0,3
50335,2,1,1983,0,0,11,0,0,0,0,0,0,0
50336,1,1,1983,33,17,3,21,7,20,4,14,24,11
50337,1,1,1983,0,0,0,7,0,0,0,0,0,0
50338,1,1,1983,0,0,0,0,0,0,0,0,0,0
50338,2,1,1983,0,0,11,0,0,0,0,0,0,0
50339,1,1,1983,0,0,0,0,0,0,0,9,0,0
50339,2,1,1983,0,0,0,0,0,0,0,24,0,0
50340,1,1,1983,20,10,29,21,25,11,23,9,23,3
50341,1,1,1983,0,0,0,0,0,0,0,0,0,0
50341,2,1,1983,0,0,0,0,0,0,0,0,0,0
50342,1,1,1983,0,24,0,0,0,0,0,0,0,0
50343,1,1,1983,35,15,34,12,26,7,35,16,17,11
50344,1,1,1983,0,16,0,10,0,12,25,12,4,0
50345,1,1,1983,0,0,0,0,0,0,0,0,0,0
50345,2,1,1983,0,0,0,0,0,0,0,0,0,0
50345,3,1,1983,0,0,0,0,0,0,0,0,0,0
50346,1,1,1983,0,0,0,0,0,0,0,0,0,0
50346,2,1,1983,34,12,10,14,13,3,18,20,17,22
50347,1,1,1983,10,16,0,0,0,0,25,22,0,0
50347,2,1,1983,0,0,0,0,0,0,0,0,0,0
50348,1,1,1983,15,10,23,19,6,23,16,4,8,0
50349,1,1,1983,0,0,0,0,15,0,0,0,28,0
50349,2,1,1983,18,26,27,18,17,5,11,13,11,15
50350,0,1,1983,0,33,15,8,15,33,17,21,0,0
50350,0,2,1983,19,16,18,14,0,13,25,36,24,0
50350,1,1,1983,0,16,12,27,13,0,0,7,0,19
50351,1,1,1983,0,0,0,0,0,0,0,0,21,0
50351,2,1,1983,0,0,0,0,0,16,0,0,0,0
50352,1,1,1983,0,8,0,19,0,0,0,0,0,13
50352,2,1,1983,0,0,0,0,0,0,0,9,0,0
50352,3,1,1983,0,0,0,0,0,0,0,0,0,0
50353,0,1,1983,0,0,0,0,0,0,0,0,0,0
50353,1,1,1983,0,0,0,0,0,0,0,0,0,12
50354,0,1,1983,19,25,13,19,12,35,28,14,17,32
50354,1,1,1983,14,29,17,28,33,11,18,0,41,16
50355,1,1,1983,10,7,12,20,17,5,22,14,22,9
50356,1,1,1983,0,0,0,0,0,0,0,0,0,0
50357,1,1,1983,22,22,14,30,39,15,15,18,19,25
50358,1,1,1983,0,0,0,20,0,0,0,0,0,0
50358,2,1,1983,0,11,0,0,0,0,0,0,0,0
50359,1,1,1983,0,0,0,0,0,0,0,0,0,0
50359,2,1,1983,0,0,0,0,0,0,0,0,0,0
50359,3,1,1983,0,0,0,0,0,0,0,0,0,0
50360,1,1,1983,26,29,34,15,20,34,22,30,9,20
50361,1,1,1983,0,0,0,26,0,0,0,13,0,22
50362,1,1,1983,0,0,0,0,0,0,0,0,0,0
50363,1,1,1983,35,0,0,0,27,25,32,23,0,13
50364,1,1,1983,6,33,8,16,19,9,12,25,16,18
50365,1,1,1983,2,13,21,0,4,7,20,45,15,7
50365,2,1,1983,0,0,0,0,0,0,0,0,0,0
50366,1,1,1983,10,10,20,19,22,9,12,20,14,8
50367,1,1,1983,15,15,15,15,15,15,15,15,15,15
50368,0,1,1983,30,30,30,30,30,30,30,30,30,30
50368,1,1,1983,0,0,0,0,0,0,0,0,0,0
50369,1,1,1983,17,0,0,0,0,0,0,0,0,0
50369,2,1,1983,0,0,0,0,0,0,0,0,0,0
50370,1,1,1983,22,24,21,28,4,23,9,18,36,37
50371,1,1,1983,0,0,0,0,0,0,0,20,0,21
50372,1,1,1983,0,0,17,0,19,0,0,0,13,28
50373,1,1,1983,3,9,27,2,4,8,11,23,14,34
50374,1,1,1983,30,13,4,12,0,0,23,18,28,0
50375,1,1,1983,19,19,19,19,19,19,19,19,19,19
50376,1,1,1983,23,31,3,0,20,31,20,20,18,25
50377,1,1,1983,23,15,27,23,23,13,17,14,31,18
50378,1,1,1983,13,18,23,14,20,28,25,14,15,18
50379,0,1,1983,19,7,35,9,25,18,13,27,32,11
50379,1,1,1983,0,0,0,0,0,0,0,0,0,0
50380,1,1,1983,0,0,16,0,0,0,0,4,0,0
50381,1,1,1983,0,0,0,0,0,0,0,0,0,0
50381,2,1,1983,22,15,18,20,16,11,19,19,20,9
50381,3,1,1983,0,0,0,0,0,0,0,0,0,0
50382,1,1,1983,0,0,0,0,0,0,0,0,0,0
50382,2,1,1983,0,0,0,0,0,0,0,0,0,0
50383,1,1,1983,22,0,0,0,18,17,24,0,37,0
50384,1,1,1983,0,0,0,0,0,0,0,0,0,0
50384,2,1,1983,9,28,16,13,9,0,9,0,0,22
50385,1,1,1983,24,9,0,6,6,19,22,10,36,9
50386,1,1,1983,16,27,20,0,0,0,0,0,0,0
50387,1,1,1983,0,0,0,0,0,0,0,0,0,0
50387,2,1,1983,0,0,0,0,0,0,0,0,0,0
50388,0,1,1983,2,25,29,14,0,6,15,26,31,27
50388,1,1,1983,0,0,0,0,0,0,0,0,11,0
50389,0,1,1983,28,25,25,17,11,28,27,19,13,16
50389,1,1,1983,0,0,0,10,0,0,0,0,0,0
50390,1,1,1983,10,13,22,13,22,18,8,16,9,23
50391,1,1,1983,13,13,4,11,34,11,10,16,19,22
50391,2,1,1983,0,0,0,0,0,0,0,0,13,0
50392,0,1,1983,0,17,15,13,38,14,15,0,0,0
50392,1,1,1983,0,0,0,0,0,0,0,0,23,0
50393,0,1,1983,0,0,9,0,0,0,30,0,0,0
50393,1,1,1983,0,0,0,0,0,0,0,0,0,0
50394,1,1,1983,13,10,15,12,8,6,14,12,14,12
50395,1,1,1983,32,20,16,23,20,26,36,29,26,28
50396,1,1,1983,32,32,32,32,32,32,32,32,32,32
50397,1,1,1983,0,0,0,0,0,27,0,0,0,13
50398,0,1,1983,36,36,36,36,36,36,36,36,36,36
50398,1,1,1983,0,0,0,0,0,0,0,0,0,0
50399,1,1,1983,0,26,0,0,0,22,0,0,0,20
50399,2,1,1983,0,0,0,0,0,0,0,0,0,0
50400,0,1,1983,0,0,0,0,9,0,0,0,0,23
50400,1,1,1983,0,0,0,0,0,0,0,0,0,0
50401,1,1,1983,0,0,0,3,0,0,0,0,0,0
50401,2,1,1983,0,0,0,0,0,0,0,0,0,0
50402,1,1,1983,13,11,10,16,11,15,15,30,0,26
50403,1,1,1983,0,19,0,0,0,0,0,0,12,0
50403,2,1,1983,0,0,0,0,0,0,0,0,0,0
50404,1,1,1983,0,0,0,0,0,0,0,0,0,0
50404,2,1,1983,0,0,33,0,0,0,0,0,0,0
50405,1,1,1983,0,0,0,0,0,0,0,0,0,0
50406,1,1,1983,17,17,17,17,17,17,17,17,17,17
50407,0,1,1983,14,19,42,4,20,32,29,32,24,19
50407,1,1,1983,2,2,2,2,2,2,2,2,2,2
50408,1,1,1983,15,0,30,27,38,18,13,20,13,18
50409,1,1,1983,0,0,0,0,0,0,0,0,0,0
50410,1,1,1983,0,0,0,0,12,18,0,19,0,0
50410,2,1,1983,0,0,0,0,0,0,0,0,0,0
50411,1,1,1983,17,0,0,32,18,0,0,10,0,0
50412,1,1,1983,20,28,27,14,27,28,23,10,24,19
50413,1,1,1983,0,0,0,0,0,0,0,0,0,0
50413,2,1,1983,13,0,17,0,20,3,6,0,0,0
50414,1,1,1983,0,0,0,0,21,0,0,0,0,0
50415,1,1,1983,0,0,0,0,0,0,10,0,8,0
50415,2,1,1983,0,0,0,14,0,0,0,0,0,0
50415,3,1,1983,0,0,0,0,0,0,0,0,0,0
50416,1,1,1983,0,0,0,0,0,0,0,0,0,0
50417,1,1,1983,0,0,0,0,0,0,0,16,0,0
50417,2,1,1983,0,16,6,7,19,13,11,27,22,0
50418,1,1,1983,20,21,26,28,32,17,11,19,14,15
50418,2,1,1983,6,14,38,20,17,14,5,0,12,13
50419,1,1,1983,0,6,33,3,6,10,16,15,21,10
50420,1,1,1983,15,15,15,15,15,15,15,15,15,15
50421,1,1,1983,15,0,0,15,12,11,0,0,0,0
50422,1,1,1983,0,0,0,0,0,13,0,0,24,0
50423,1,1,1983,0,0,0,0,0,20,20,17,0,9
50424,1,1,1983,0,16,0,0,0,0,0,25,0,0
50425,1,1,1983,20,0,17,29,20,25,2,25,13,21
50426,1,1,1983,0,0,0,0,0,0,0,0,0,0
50427,1,1,1983,23,23,14,16,29,19,13,27,26,25
50428,1,1,1983,15,20,19,20,18,0,9,0,0,0
50428,2,1,1983,14,12,0,0,2,18,18,0,27,8
50429,1,1,1983,0,0,0,0,0,0,0,8,0,0
50429,2,1,1983,5,16,27,17,19,14,0,21,18,5
50430,1,1,1983,29,21,12,24,35,10,21,21,30,23
50431,1,1,1983,0,0,0,0,0,0,3,0,0,0
50431,2,1,1983,22,0,16,11,0,22,0,16,25,0
50432,1,1,1983,0,0,0,0,0,0,0,0,0,0
50433,1,1,1983,9,9,9,9,9,9,9,9,9,9
50434,1,1,1983,0,21,0,0,0,0,0,0,0,0
50435,1,1,1983,0,19,30,21,16,16,16,12,24,18
50436,1,1,1983,0,0,14,0,0,0,0,0,0,0
50436,2,1,1983,0,0,0,0,0,16,0,0,0,0
50437,1,1,1983,0,0,0,14,0,0,0,0,0,0
50437,2,1,1983,31,0,18,0,0,0,15,0,0,0
50438,0,1,1983,0,0,0,0,0,0,0,0,0,0
50438,1,1,1983,0,0,0,0,0,20,0,0,0,0
50438,2,1,1983,0,0,0,0,0,0,13,0,0,0
50439,1,1,1983,0,0,0,0,0,0,0,0,16,0
50439,2,1,1983,18,17,11,20,8,10,0,7,7,16
50440,1,1,1983,21,9,14,17,0,15,9,16,12,0
50440,2,1,1983,12,0,38,14,43,3,17,5,24,0
50441,1,1,1983,9,9,9,9,9,9,9,9,9,9
50442,0,1,1983,0,0,0,0,0,0,0,0,0,0
50442,1,1,1983,0,0,0,0,12,0,0,0,0,0
50443,1,1,1983,0,0,0,0,0,0,0,0,0,0
50443,2,1,1983,0,0,0,0,0,0,0,0,0,0
50444,1,1,1983,0,20,0,15,0,0,0,0,8,0
50445,1,1,1983,0,0,0,0,19,0,0,0,0,0
50445,2,1,1983,0,0,0,0,27,0,0,0,0,0
50446,1,1,1983,0,30,0,0,0,0,0,0,0,0
50447,1,1,1983,0,0,0,0,0,0,0,0,0,0
50447,2,1,1983,0,14,0,0,0,0,0,0,0,0
50448,1,1,1983,0,6,0,8,12,24,24,0,10,31
50449,1,1,1983,0,0,0,0,0,0,0,0,0,0
50449,2,1,1983,0,14,21,21,10,13,8,12,16,17
50450,1,1,1983,0,0,0,0,0,0,0,0,0,0
50450,2,1,1983,0,0,0,0,0,0,0,0,0,0
50451,1,1,1983,23,17,27,29,21,16,10,11,9,5
50451,2,1,1983,6,13,13,7,20,24,17,13,19,0
50452,1,1,1983,17,19,16,11,8,0,0,11,11,21
50452,2,1,1983,0,0,0,0,0,0,0,0,0,0
50453,1,1,1983,0,0,0,0,0,0,0,0,13,0
50454,1,1,1983,14,12,12,6,17,19,17,20,21,14
50455,1,1,1983,0,31,16,17,37,28,21,16,26,17
50455,2,1,1983,0,0,0,0,0,0,0,0,0,0
50456,1,1,1983,0,14,32,43,22,9,19,8,20,17
50456,2,1,1983,0,0,0,0,0,0,0,0,0,0
50457,1,1,1983,0,0,0,0,0,0,0,0,0,0
50458,1,1,1983,21,21,21,21,21,21,21,21,21,21
50458,2,1,1983,0,0,0,0,0,0,0,9,0,0
50459,1,1,1983,21,36,42,0,12,45,35,24,18,21
50460,1,1,1983,19,19,19,19,19,19,19,19,19,19
50460,2,1,1983,22,15,20,11,4,16,28,29,23,19
50460,3,1,1983,0,11,4,10,0,14,9,5,0,5
50461,1,1,1983,6,21,34,2,21,28,19,19,4,19
50462,1,1,1983,17,34,10,6,13,16,3,21,17,30
50462,2,1,1983,0,0,0,0,0,0,0,0,0,0
50463,1,1,1983,13,11,5,10,14,4,13,0,18,0
50463,2,1,1983,17,14,20,17,11,10,0,16,27,15
50464,1,1,1983,16,12,13,24,18,0,0,12,10,21
50465,1,1,1983,10,13,10,30,44,45,25,30,0,20
50466,0,1,1983,0,0,0,23,27,10,24,25,0,18
50466,1,1,1983,0,0,0,0,0,0,0,0,0,0
50467,0,1,1983,0,13,28,25,0,17,39,11,19,27
50467,1,1,1983,20,0,0,25,0,17,22,31,0,0
50468,0,1,1983,0,11,2,19,19,0,0,25,37,0
50468,1,1,1983,0,0,0,0,0,23,16,13,0,0
50469,1,1,1983,28,28,28,28,28,28,28,28,28,28
50470,1,1,1983,0,0,0,0,39,0,0,0,0,0
50470,2,1,1983,0,22,32,28,13,32,7,0,17,0
50471,0,1,1983,0,0,0,0,0,0,0,0,0,30
50471,1,1,1983,0,0,0,0,0,0,0,9,0,0
50472,0,1,1983,16,16,16,16,16,16,16,16,16,16
50472,1,1,1983,0,0,0,6,0,0,0,0,6,0
50472,2,1,1983,0,0,0,0,0,0,0,0,0,0
50472,3,1,1983,0,10,18,10,0,0,0,0,0,0
50473,0,1,1983,0,0,0,0,25,0,0,0,0,0
50473,1,1,1983,0,0,0,0,0,0,0,0,0,0
50474,1,1,1983,0,0,0,0,0,0,0,0,0,0
50475,1,1,1983,7,0,0,21,0,0,10,11,0,0