ST_CASE,VEH_NO,PER_NO,YEAR,P1,P2,P3,P4,P5,P6,P7,P8,P9,P10
50476,1,1,1983,17,25,18,8,17,39,0,19,34,25
50477,1,1,1983,0,0,16,0,0,0,0,0,0,0
50477,2,1,1983,0,0,0,0,0,0,0,0,0,17
50478,1,1,1983,21,12,11,14,22,13,9,23,9,23
50478,2,1,1983,5,0,0,33,13,9,12,15,5,9
50479,1,1,1983,24,19,2,8,25,19,15,0,11,14
50479,2,1,1983,0,0,19,0,10,0,0,0,0,0
50480,1,1,1983,0,0,0,0,0,0,0,0,0,0
50481,1,1,1983,23,21,0,9,23,10,24,0,14,0
50481,2,1,1983,24,7,9,22,16,16,24,11,19,35
50482,1,1,1983,12,7,8,15,10,9,12,23,29,16
50482,2,1,1983,19,0,0,0,0,0,0,0,0,0
50483,1,1,1983,22,2,12,19,18,7,0,17,21,13
50483,2,1,1983,0,0,0,0,0,0,0,0,0,0
50484,1,1,1983,12,0,11,14,19,37,25,20,29,12
50484,2,1,1983,0,0,3,0,0,0,18,0,0,0
50485,1,1,1983,0,0,0,3,0,0,0,0,11,0
50485,2,1,1983,0,0,0,0,0,0,0,0,0,0
50486,1,1,1983,0,15,0,0,21,0,0,0,0,11
50486,2,1,1983,0,0,0,0,0,0,0,0,15,17
50487,1,1,1983,0,0,0,0,0,0,0,0,0,0
50487,2,1,1983,0,0,0,0,0,0,0,0,14,0
50489,1,1,1983,0,0,0,0,13,0,14,16,6,5
80001,1,1,1983,22,22,22,22,22,22,22,22,22,22
80001,2,1,1983,0,0,0,0,0,0,0,0,0,0
80002,1,1,1983,0,0,0,0,0,0,0,0,0,0
80003,1,1,1983,13,13,13,13,13,13,13,13,13,13
80004,1,1,1983,0,0,0,0,0,0,0,0,0,0
80005,0,1,1983,0,0,0,0,0,0,0,0,0,0
80005,0,2,1983,0,16,36,12,19,0,0,20,7,0
80005,1,1,1983,0,0,0,0,0,0,0,0,0,0
80006,1,1,1983,19,19,19,19,19,19,19,19,19,19
80007,1,1,1983,15,15,15,15,15,15,15,15,15,15
80008,1,1,1983,11,11,11,11,11,11,11,11,11,11
80009,0,1,1983,19,19,19,19,19,19,19,19,19,19
80009,1,1,1983,0,0,0,7,0,0,0,0,18,0
80009,2,1,1983,0,0,0,0,0,0,7,14,0,0
80009,3,1,1983,0,0,4,0,0,0,11,0,0,0
80010,1,1,1983,20,20,20,20,20,20,20,20,20,20
80011,1,1,1983,0,0,0,0,0,0,0,0,0,0
80012,1,1,1983,0,0,0,0,0,0,0,0,0,0
80012,2,1,1983,0,0,0,0,0,0,0,0,0,0
80013,1,1,1983,33,33,33,33,33,33,33,33,33,33
80013,2,1,1983,20,20,20,20,20,20,20,20,20,20
80014,1,1,1983,10,10,10,10,10,10,10,10,10,10
80015,1,1,1983,35,35,35,35,35,35,35,35,35,35
80015,2,1,1983,0,0,0,0,0,0,0,0,0,0
80016,1,1,1983,24,24,24,24,24,24,24,24,24,24
80017,1,1,1983,7,0,0,0,0,0,0,2,0,0
80018,1,1,1983,0,0,0,0,0,0,0,0,0,0
80019,1,1,1983,22,22,22,22,22,22,22,22,22,22
80020,1,1,1983,3,3,3,3,3,3,3,3,3,3
80021,1,1,1983,0,8,0,0,0,0,0,0,0,0
80021,2,1,1983,0,0,0,0,0,0,0,0,0,18
80022,1,1,1983,13,13,13,13,13,13,13,13,13,13
80022,2,1,1983,0,0,0,0,0,0,0,0,0,0
80023,0,1,1983,0,0,0,0,0,0,0,0,0,0
80023,1,1,1983,0,0,0,0,0,0,0,0,0,0
80024,1,1,1983,16,16,16,16,16,16,16,16,16,16
80025,1,1,1983,0,0,0,0,0,0,0,0,0,0
80026,1,1,1983,17,17,17,17,17,17,17,17,17,17
80027,0,1,1983,0,0,0,0,0,0,0,0,0,0
80027,1,1,1983,0,0,0,0,0,0,0,0,0,0
80028,1,1,1983,10,10,10,10,10,10,10,10,10,10
80029,1,1,1983,0,0,0,0,0,0,0,0,0,0
80029,2,1,1983,0,0,0,0,0,0,0,0,0,0
80029,3,1,1983,0,0,0,11,0,0,0,0,0,0
80030,1,1,1983,21,21,21,21,21,21,21,21,21,21
80031,0,1,1983,0,0,0,0,0,0,0,0,0,0
80031,1,1,1983,4,4,4,4,4,4,4,4,4,4
80032,0,1,1983,0,0,0,0,0,0,0,0,0,0
80032,1,1,1983,0,0,0,0,0,0,0,0,0,0
80033,1,1,1983,0,0,0,0,0,0,0,0,0,0
80034,1,1,1983,0,0,0,0,0,0,0,0,0,0
80035,1,1,1983,31,31,31,31,31,31,31,31,31,31
80035,2,1,1983,0,0,0,0,0,0,0,0,0,0
80035,3,1,1983,0,0,0,0,0,0,4,0,15,12
80036,0,1,1983,0,0,0,0,0,0,0,0,0,0
80036,1,1,1983,0,0,0,0,0,0,0,0,0,0
80037,1,1,1983,13,13,13,13,13,13,13,13,13,13
80037,2,1,1983,0,0,0,0,0,0,0,0,0,0
80038,1,1,1983,3,3,3,3,3,3,3,3,3,3
80038,2,1,1983,0,0,0,0,0,0,0,0,0,0
80039,1,1,1983,30,30,30,30,30,30,30,30,30,30
80040,1,1,1983,0,0,0,0,0,0,0,0,0,0
80040,2,1,1983,0,0,0,0,0,0,0,0,0,0
80041,1,1,1983,3,3,3,3,3,3,3,3,3,3
80042,1,1,1983,15,15,15,15,15,15,15,15,15,15
80043,1,1,1983,0,0,0,0,0,0,0,0,0,0
80044,0,1,1983,0,0,19,26,30,33,9,40,21,18
80044,1,1,1983,0,0,0,0,0,0,0,0,11,0
80045,1,1,1983,0,0,0,0,0,0,0,0,0,0
80045,2,1,1983,0,0,0,0,0,0,0,0,0,0
80046,1,1,1983,0,0,0,0,0,0,0,0,0,0
80046,2,1,1983,0,0,0,0,0,0,0,0,0,0
80047,1,1,1983,24,24,24,24,24,24,24,24,24,24
80048,0,1,1983,21,5,23,34,0,12,0,25,23,0
80048,1,1,1983,0,0,0,0,0,0,0,0,0,0
80048,2,1,1983,0,0,0,0,0,0,0,0,0,0
80049,0,1,1983,1,1,1,1,1,1,1,1,1,1
80049,1,1,1983,18,18,18,18,18,18,18,18,18,18
80050,1,1,1983,18,18,18,18,18,18,18,18,18,18
80051,1,1,1983,0,0,0,0,0,0,0,0,0,0
80051,2,1,1983,0,0,0,0,0,0,0,0,0,0
80052,1,1,1983,22,22,22,22,22,22,22,22,22,22
80052,2,1,1983,0,0,0,0,0,0,0,0,0,0
80052,3,1,1983,12,16,0,0,3,0,3,22,13,0
80053,1,1,1983,25,25,25,25,25,25,25,25,25,25
80053,2,1,1983,4,4,4,4,4,4,4,4,4,4
80054,1,1,1983,0,0,0,0,0,0,0,0,0,0
80054,2,1,1983,15,0,0,0,0,0,0,0,27,0
80055,1,1,1983,14,14,14,14,14,14,14,14,14,14
80056,1,1,1983,0,0,0,0,0,0,0,0,0,0
80057,1,1,1983,22,22,22,22,22,22,22,22,22,22
80057,2,1,1983,6,6,6,6,6,6,6,6,6,6
80058,1,1,1983,6,0,0,0,0,0,0,0,0,0
80059,1,1,1983,0,0,0,0,0,0,0,0,0,0
80059,2,1,1983,0,0,0,0,0,0,0,0,0,0
80060,1,1,1983,19,19,19,19,19,19,19,19,19,19
80061,1,1,1983,0,0,0,0,0,0,0,0,0,0
80062,1,1,1983,1,1,1,1,1,1,1,1,1,1
80063,1,1,1983,17,0,0,8,0,10,34,0,31,0
80063,2,1,1983,3,3,3,3,3,3,3,3,3,3
80064,1,1,1983,21,21,21,21,21,21,21,21,21,21
80065,1,1,1983,4,4,4,4,4,4,4,4,4,4
80065,2,1,1983,1,1,1,1,1,1,1,1,1,1
80066,1,1,1983,18,18,18,18,18,18,18,18,18,18
80067,1,1,1983,18,18,18,18,18,18,18,18,18,18
80067,2,1,1983,17,17,17,17,17,17,17,17,17,17
80068,1,1,1983,16,12,12,17,8,22,8,20,15,10
80069,0,1,1983,31,18,21,23,27,24,25,20,12,13
80069,1,1,1983,35,35,35,35,35,35,35,35,35,35
80070,1,1,1983,0,0,0,0,0,0,0,0,0,0
80070,2,1,1983,0,15,0,0,0,14,0,0,0,0
80071,1,1,1983,0,0,0,0,0,0,0,0,0,0
80072,1,1,1983,0,0,0,0,0,0,0,0,0,0
80073,1,1,1983,11,11,11,11,11,11,11,11,11,11
80074,1,1,1983,0,0,0,0,0,0,0,0,0,0
80075,1,1,1983,22,22,22,22,22,22,22,22,22,22
80075,2,1,1983,0,0,0,0,0,0,0,0,0,0
80076,1,1,1983,1,1,1,1,1,1,1,1,1,1
80076,2,1,1983,0,0,0,0,0,0,0,0,0,0
80078,1,1,1983,6,6,6,6,6,6,6,6,6,6
80079,1,1,1983,0,0,0,0,0,0,0,0,0,0
80080,1,1,1983,0,15,0,0,0,0,0,7,0,0
80081,0,1,1983,0,0,0,0,0,0,0,0,0,0
80081,0,2,1983,19,0,7,0,9,0,18,0,0,0
80081,0,3,1983,10,0,0,0,24,24,0,0,21,10
80081,1,1,1983,0,0,0,0,0,0,0,0,0,0
80082,1,1,1983,0,0,0,0,0,0,0,0,0,0
80083,1,1,1983,11,11,11,11,11,11,11,11,11,11
80084,1,1,1983,30,30,30,30,30,30,30,30,30,30
80085,1,1,1983,23,23,23,23,23,23,23,23,23,23
80085,2,1,1983,27,27,27,27,27,27,27,27,27,27
80086,1,1,1983,2,2,2,2,2,2,2,2,2,2
80086,2,1,1983,0,0,0,0,0,0,0,0,0,0
80087,0,1,1983,0,0,0,0,0,0,0,0,0,0
80087,1,1,1983,0,0,0,0,0,0,0,0,0,0
80088,1,1,1983,0,0,0,0,0,0,0,0,0,0
80088,2,1,1983,1,1,1,1,1,1,1,1,1,1
80089,1,1,1983,27,27,27,27,27,27,27,27,27,27
80090,1,1,1983,18,18,18,18,18,18,18,18,18,18
80091,1,1,1983,0,0,0,0,0,0,0,0,0,0
80092,1,1,1983,0,0,0,0,0,0,0,0,0,0
80093,1,1,1983,0,0,0,0,0,0,0,0,0,0
80094,0,1,1983,0,0,0,0,0,0,0,0,0,0
80094,1,1,1983,17,17,17,17,17,17,17,17,17,17
80095,1,1,1983,0,0,0,0,0,0,0,0,0,0
80096,0,1,1983,25,25,25,25,25,25,25,25,25,25
80096,1,1,1983,0,0,0,0,0,0,15,0,0,7
80097,1,1,1983,7,7,7,7,7,7,7,7,7,7
80098,0,1,1983,0,0,0,0,0,0,0,0,0,0
80098,1,1,1983,0,0,0,0,0,0,0,0,0,0
80099,0,1,1983,0,0,0,0,0,0,0,0,0,0
80099,1,1,1983,0,0,0,0,0,0,0,24,0,0
80100,1,1,1983,14,10,7,0,10,14,0,0,12,0
80100,2,1,1983,0,0,0,4,0,0,0,0,0,0
80101,1,1,1983,0,0,0,0,0,0,0,0,0,0
80101,2,1,1983,0,0,0,0,0,0,0,0,0,0
80102,0,1,1983,0,0,0,0,0,0,0,0,0,0
80102,1,1,1983,0,0,0,0,0,0,0,0,0,0
80103,1,1,1983,0,0,0,0,0,0,0,0,0,0
80104,1,1,1983,0,0,0,0,0,0,0,0,0,0
80105,1,1,1983,9,18,4,8,17,11,11,21,6,13
80106,1,1,1983,19,19,19,19,19,19,19,19,19,19
80106,2,1,1983,0,0,0,0,0,0,0,0,0,0
80107,1,1,1983,0,0,0,0,0,0,0,0,0,0
80108,1,1,1983,43,43,43,43,43,43,43,43,43,43
80109,1,1,1983,16,16,16,16,16,16,16,16,16,16
80110,1,1,1983,1,1,1,1,1,1,1,1,1,1
80110,2,1,1983,0,0,0,0,0,0,0,0,0,0
80110,3,1,1983,0,0,25,0,0,0,0,0,10,11
80110,4,1,1983,0,0,0,0,0,0,0,0,0,0
80111,1,1,1983,0,0,0,0,0,0,0,0,0,0
80111,2,1,1983,0,0,0,0,0,0,0,4,0,0
80112,1,1,1983,0,0,0,0,10,0,0,0,0,0
80113,1,1,1983,14,14,14,14,14,14,14,14,14,14
80114,0,1,1983,26,26,26,26,26,26,26,26,26,26
80114,1,1,1983,0,0,0,0,0,0,0,0,0,0
80115,1,1,1983,0,0,0,0,0,0,0,0,0,0
80115,2,1,1983,0,0,0,0,0,0,0,0,0,0
80116,1,1,1983,23,23,23,23,23,23,23,23,23,23
80117,1,1,1983,19,19,19,19,19,19,19,19,19,19
80117,2,1,1983,0,0,0,0,0,0,0,0,0,0
80118,0,1,1983,26,0,0,17,9,0,0,0,0,0
80118,1,1,1983,0,0,0,21,0,14,0,29,13,0
80118,2,1,1983,0,0,0,0,0,0,0,0,0,0
80118,3,1,1983,0,0,0,0,0,9,0,0,0,0
80118,4,1,1983,0,0,0,7,0,0,0,0,0,0
80119,1,1,1983,1,1,1,1,1,1,1,1,1,1
80120,0,1,1983,20,20,20,20,20,20,20,20,20,20
80120,1,1,1983,16,16,16,16,16,16,16,16,16,16
80121,1,1,1983,20,20,20,20,20,20,20,20,20,20
80122,1,1,1983,0,0,0,0,0,0,0,0,0,0
80122,2,1,1983,0,0,0,0,0,0,0,0,0,0
80123,1,1,1983,12,12,12,12,12,12,12,12,12,12
80123,2,1,1983,0,0,0,0,0,0,0,0,0,0
80124,1,1,1983,20,20,20,20,20,20,20,20,20,20
80124,2,1,1983,0,29,0,25,0,26,3,0,7,9
80125,1,1,1983,12,12,12,12,12,12,12,12,12,12
80126,1,1,1983,28,28,28,28,28,28,28,28,28,28
80127,1,1,1983,17,17,17,17,17,17,17,17,17,17
80128,1,1,1983,19,19,19,19,19,19,19,19,19,19
80128,2,1,1983,24,0,0,0,0,0,25,0,0,0
80129,1,1,1983,14,14,14,14,14,14,14,14,14,14
80130,0,1,1983,15,13,5,22,23,29,4,21,20,27
80130,1,1,1983,0,0,0,0,0,0,0,0,0,0
80131,1,1,1983,0,0,0,0,0,0,0,0,0,0
80132,1,1,1983,11,11,11,11,11,11,11,11,11,11
80133,0,1,1983,0,0,0,0,0,0,0,0,0,0
80133,1,1,1983,0,0,0,0,0,0,8,0,0,0
80134,1,1,1983,0,0,0,0,0,0,0,0,0,0
80135,1,1,1983,27,27,27,27,27,27,27,27,27,27
80136,1,1,1983,33,33,33,33,33,33,33,33,33,33
80136,2,1,1983,8,8,8,8,8,8,8,8,8,8
80137,1,1,1983,13,13,13,13,13,13,13,13,13,13
80138,1,1,1983,26,26,26,26,26,26,26,26,26,26
80139,1,1,1983,26,26,26,26,26,26,26,26,26,26
80140,1,1,1983,0,0,0,0,0,0,0,0,0,0
80141,1,1,1983,0,0,0,0,0,0,0,0,0,0
80142,1,1,1983,22,22,22,22,22,22,22,22,22,22
80143,1,1,1983,17,17,17,17,17,17,17,17,17,17
80144,1,1,1983,7,0,20,0,10,27,13,0,17,0
80145,1,1,1983,9,27,23,15,11,39,26,15,0,8
80146,1,1,1983,0,0,0,0,0,0,0,0,0,0
80147,0,1,1983,0,27,0,0,15,0,17,18,11,4
80147,1,1,1983,0,0,0,0,0,0,0,0,0,0
80148,0,1,1983,0,17,0,0,37,0,28,0,23,0
80148,1,1,1983,0,20,19,29,24,2,0,7,19,0
80149,1,1,1983,9,9,9,9,9,9,9,9,9,9
80150,1,1,1983,0,0,0,0,0,0,0,0,0,0
80150,2,1,1983,0,0,0,0,0,0,0,0,0,0
80150,3,1,1983,0,0,20,0,0,0,0,0,0,0
80150,4,1,1983,0,0,0,0,0,0,0,0,0,0
80151,1,1,1983,38,38,38,38,38,38,38,38,38,38
80152,0,1,1983,0,0,0,0,0,0,0,0,0,0
80152,1,1,1983,27,27,27,27,27,27,27,27,27,27
80153,1,1,1983,0,0,0,0,0,0,0,0,0,0
80153,2,1,1983,0,0,0,0,0,0,0,0,0,0
80154,1,1,1983,17,17,17,17,17,17,17,17,17,17
80155,1,1,1983,0,0,0,0,0,0,0,0,0,0
80156,1,1,1983,0,0,0,0,0,0,0,0,0,0
80157,1,1,1983,0,0,0,0,0,0,0,0,0,0
80157,2,1,1983,22,22,22,22,22,22,22,22,22,22
80158,1,1,1983,19,19,19,19,19,19,19,19,19,19
80159,1,1,1983,15,15,15,15,15,15,15,15,15,15
80160,1,1,1983,17,3,17,12,15,0,12,0,28,0
80161,1,1,1983,0,0,0,35,0,0,0,0,0,0
80162,1,1,1983,20,20,20,20,20,20,20,20,20,20
80163,1,1,1983,14,14,14,14,14,14,14,14,14,14
80164,1,1,1983,0,0,0,0,0,0,0,0,0,0
80164,2,1,1983,25,0,0,0,0,0,0,0,0,0
80165,1,1,1983,0,0,0,0,0,0,0,0,0,0
80166,1,1,1983,0,0,0,0,0,0,0,0,0,0
80167,1,1,1983,9,9,9,9,9,9,9,9,9,9
80168,1,1,1983,22,22,22,22,22,22,22,22,22,22
80169,1,1,1983,0,0,0,0,0,0,0,0,0,0
80170,1,1,1983,0,0,0,0,0,0,0,0,0,0
80170,2,1,1983,0,0,0,0,0,0,0,0,0,0
80171,1,1,1983,17,17,17,17,17,17,17,17,17,17
80172,0,1,1983,0,0,0,0,0,0,0,0,0,0
80172,2,1,1983,15,15,15,15,15,15,15,15,15,15
80173,1,1,1983,0,0,0,0,0,0,0,0,0,0
80174,0,1,1983,13,13,13,13,13,13,13,13,13,13
80174,1,1,1983,15,15,15,15,15,15,15,15,15,15
80175,0,1,1983,0,0,0,0,0,0,0,0,0,0
80175,1,1,1983,26,15,29,26,24,28,14,14,8,19
80176,1,1,1983,8,8,8,8,8,8,8,8,8,8
80176,2,1,1983,0,0,0,0,0,10,9,0,0,0
80177,1,1,1983,28,34,0,21,21,18,10,0,15,0
80178,1,1,1983,12,8,22,11,26,0,22,7,18,15
80179,1,1,1983,23,23,23,23,23,23,23,23,23,23
80179,2,1,1983,0,0,0,0,0,0,0,0,0,0
80180,1,1,1983,14,14,14,14,14,14,14,14,14,14
80181,1,1,1983,32,32,32,32,32,32,32,32,32,32
80182,1,1,1983,0,0,0,0,0,0,0,0,0,0
80182,2,1,1983,0,0,0,0,0,0,0,0,0,0
80183,1,1,1983,0,0,0,0,0,0,0,0,0,0
80184,1,1,1983,25,25,25,25,25,25,25,25,25,25
80184,2,1,1983,0,0,0,0,0,0,0,0,0,0
80185,1,1,1983,1,1,1,1,1,1,1,1,1,1
80186,1,1,1983,20,20,20,20,20,20,20,20,20,20
80186,2,1,1983,0,0,0,0,0,0,0,0,0,0
80186,3,1,1983,7,0,26,19,0,24,18,12,0,0
80187,1,1,1983,27,27,27,27,27,27,27,27,27,27
80188,1,1,1983,3,3,3,3,3,3,3,3,3,3
80189,1,1,1983,16,16,16,16,16,16,16,16,16,16
80189,2,1,1983,15,0,0,0,0,23,16,21,16,29
80190,1,1,1983,11,11,11,11,11,11,11,11,11,11
80191,1,1,1983,0,0,0,0,0,0,0,0,0,0
80192,1,1,1983,0,0,0,0,0,0,0,0,0,0
80192,2,1,1983,29,29,29,29,29,29,29,29,29,29
80193,0,1,1983,0,0,0,17,0,0,0,0,0,0
80193,0,2,1983,0,0,0,0,0,0,0,0,0,0
80193,1,1,1983,0,0,0,3,0,0,25,4,0,0
80194,0,1,1983,19,19,19,19,19,19,19,19,19,19
80194,1,1,1983,0,8,11,0,0,0,0,0,6,0
80195,1,1,1983,0,0,0,0,0,0,0,0,0,0
80195,2,1,1983,0,0,0,0,0,17,0,0,0,0
80195,3,1,1983,4,17,13,5,7,12,14,24,15,27
80196,1,1,1983,23,23,23,23,23,23,23,23,23,23
80197,1,1,1983,23,23,23,23,23,23,23,23,23,23
80198,1,1,1983,25,25,25,25,25,25,25,25,25,25
80198,2,1,1983,20,20,20,20,20,20,20,20,20,20
80198,3,1,1983,0,0,0,19,0,0,4,0,0,0
80199,1,1,1983,0,0,0,0,0,0,0,0,0,0
80200,1,1,1983,12,13,18,15,0,22,0,0,0,32
80200,2,1,1983,0,0,0,0,0,0,0,0,0,0
80201,1,1,1983,0,0,0,0,0,0,0,0,0,0
80201,2,1,1983,0,0,0,0,0,0,20,0,0,0
80202,1,1,1983,0,9,0,11,7,14,15,4,15,19
80203,1,1,1983,0,0,0,0,0,0,0,0,0,0
80203,2,1,1983,0,0,0,0,0,0,0,0,0,0
80204,1,1,1983,1,1,1,1,1,1,1,1,1,1
80205,1,1,1983,14,14,14,14,14,14,14,14,14,14
80206,1,1,1983,0,0,0,0,0,0,0,0,0,0
80206,2,1,1983,7,7,7,7,7,7,7,7,7,7
80207,1,1,1983,26,26,26,26,26,26,26,26,26,26
80208,1,1,1983,0,0,0,0,0,0,0,0,0,0
80209,1,1,1983,17,17,17,17,17,17,17,17,17,17
80209,2,1,1983,0,0,0,0,0,0,0,0,0,0
80209,3,1,1983,0,0,0,0,0,0,0,0,0,0
80209,4,1,1983,0,0,0,0,0,0,0,0,0,0
80209,5,1,1983,0,0,0,0,0,0,0,0,0,0
80210,0,1,1983,0,0,0,0,0,0,0,0,0,0
80210,0,2,1983,0,0,0,0,0,0,0,0,0,0
80210,1,1,1983,0,0,0,0,0,0,0,0,0,0
80211,1,1,1983,30,30,30,30,30,30,30,30,30,30
80212,1,1,1983,23,23,23,23,23,23,23,23,23,23
80212,2,1,1983,0,0,0,0,14,0,0,0,0,0
80213,1,1,1983,0,0,0,0,0,0,0,0,0,0
80213,2,1,1983,0,10,15,20,27,16,7,5,20,15
80214,1,1,1983,0,0,0,0,0,0,0,0,0,0
80214,2,1,1983,0,0,0,0,0,0,0,0,0,0
80215,1,1,1983,0,0,0,0,0,0,0,0,0,0
80216,1,1,1983,0,0,0,0,0,0,0,0,0,0
80216,2,1,1983,0,0,0,0,0,0,0,0,0,0
80217,1,1,1983,17,17,17,17,17,17,17,17,17,17
80217,2,1,1983,4,4,4,4,4,4,4,4,4,4
80218,0,1,1983,0,0,0,0,0,0,0,0,0,0
80218,1,1,1983,0,0,0,0,0,0,0,0,0,0
80219,1,1,1983,0,0,0,0,0,0,0,0,0,0
80219,2,1,1983,0,0,0,0,0,0,0,0,0,0
80220,1,1,1983,14,14,14,14,14,14,14,14,14,14
80220,2,1,1983,0,20,18,0,0,0,0,0,0,11
80221,1,1,1983,11,11,11,11,11,11,11,11,11,11
80222,1,1,1983,0,0,0,0,0,0,0,0,0,0
80222,2,1,1983,0,0,0,0,0,0,0,0,0,0
80222,3,1,1983,0,0,0,0,0,0,0,0,0,0
80223,1,1,1983,14,14,14,14,14,14,14,14,14,14
80224,1,1,1983,4,6,8,0,0,9,0,0,0,0
80225,1,1,1983,11,11,11,11,11,11,11,11,11,11
80226,1,1,1983,0,0,0,0,0,0,0,0,0,0
80226,2,1,1983,0,0,0,0,0,0,0,0,0,0
80227,1,1,1983,23,23,23,23,23,23,23,23,23,23
80228,1,1,1983,0,0,0,0,0,0,0,0,0,0
80229,1,1,1983,8,8,8,8,8,8,8,8,8,8
80229,2,1,1983,12,12,12,12,12,12,12,12,12,12
80230,1,1,1983,18,18,18,18,18,18,18,18,18,18
80230,2,1,1983,0,0,0,0,0,0,0,0,0,0
80231,1,1,1983,0,0,0,0,0,0,0,0,0,0
80231,2,1,1983,0,0,0,0,0,0,0,0,0,0
80232,1,1,1983,10,10,10,10,10,10,10,10,10,10
80233,0,1,1983,0,0,0,0,0,0,0,0,0,0
80233,1,1,1983,0,20,0,0,0,0,0,0,0,0
80234,1,1,1983,28,28,28,28,28,28,28,28,28,28
80234,2,1,1983,0,0,0,0,0,0,7,12,0,0
80235,1,1,1983,4,4,4,4,4,4,4,4,4,4
80236,1,1,1983,28,28,28,28,28,28,28,28,28,28
80236,2,1,1983,0,0,0,0,0,0,0,0,4,0
80237,1,1,1983,7,7,7,7,7,7,7,7,7,7
80238,1,1,1983,0,0,0,0,0,0,0,0,0,0
80239,1,1,1983,10,17,21,0,10,15,24,27,19,4
80240,1,1,1983,0,0,0,0,0,0,0,0,0,0
80241,1,1,1983,0,0,0,0,0,0,0,0,0,0
80241,2,1,1983,0,0,0,0,0,0,0,0,0,0
80243,1,1,1983,0,0,0,0,0,0,0,0,0,0
80243,2,1,1983,0,0,0,0,0,0,0,0,0,0
80244,1,1,1983,26,26,26,26,26,26,26,26,26,26
80244,2,1,1983,0,29,0,0,25,0,0,0,0,0
80245,1,1,1983,0,0,0,0,0,0,0,0,0,0
80245,2,1,1983,0,0,0,0,0,0,0,0,0,0
80245,3,1,1983,0,0,0,0,0,0,0,0,0,0
80246,0,1,1983,23,0,16,0,0,0,0,0,0,0
80246,1,1,1983,11,11,11,11,11,11,11,11,11,11
80247,1,1,1983,13,13,13,13,13,13,13,13,13,13
80247,2,1,1983,23,22,14,7,7,18,15,20,31,28
80248,1,1,1983,0,0,0,0,0,0,0,0,0,0
80248,2,1,1983,0,0,0,0,0,0,0,0,0,0
80249,1,1,1983,29,18,19,23,40,31,28,25,0,22
80250,1,1,1983,4,4,4,4,4,4,4,4,4,4
80251,1,1,1983,17,17,17,17,17,17,17,17,17,17
80252,1,1,1983,9,9,9,9,9,9,9,9,9,9
80253,1,1,1983,9,9,9,9,9,9,9,9,9,9
80254,1,1,1983,11,11,11,11,11,11,11,11,11,11
80255,1,1,1983,15,15,15,15,15,15,15,15,15,15
80256,1,1,1983,26,26,26,26,26,26,26,26,26,26
80257,0,1,1983,0,0,0,0,0,0,0,0,0,0
80257,1,1,1983,0,0,0,0,0,0,0,0,0,0
80258,1,1,1983,23,23,23,23,23,23,23,23,23,23
80258,2,1,1983,0,0,41,9,0,0,0,0,0,0
80259,1,1,1983,16,16,16,16,16,16,16,16,16,16
80260,1,1,1983,13,13,13,13,13,13,13,13,13,13
80261,1,1,1983,27,27,27,27,27,27,27,27,27,27
80262,1,1,1983,0,0,0,0,0,0,0,0,0,0
80263,1,1,1983,17,17,17,17,17,17,17,17,17,17
80264,1,1,1983,0,0,0,0,0,0,0,0,0,0
80265,1,1,1983,27,27,27,27,27,27,27,27,27,27
80266,1,1,1983,29,29,29,29,29,29,29,29,29,29
80267,0,1,1983,0,0,0,0,0,0,0,0,0,0
80267,1,1,1983,0,0,25,0,19,0,0,0,0,0
80268,1,1,1983,0,0,0,0,11,0,0,25,0,21
80269,1,1,1983,22,22,22,22,22,22,22,22,22,22
80270,1,1,1983,0,0,0,0,0,0,0,0,0,0
80271,1,1,1983,14,14,14,14,14,14,14,14,14,14
80272,1,1,1983,16,16,16,16,16,16,16,16,16,16
80273,1,1,1983,5,5,5,5,5,5,5,5,5,5
80274,1,1,1983,0,0,0,0,0,0,0,0,0,0
80274,2,1,1983,0,0,0,0,0,0,0,0,0,0
80275,1,1,1983,15,0,3,10,0,0,17,0,0,0
80275,2,1,1983,7,39,0,0,5,0,0,0,0,0
80276,0,1,1983,21,21,21,21,21,21,21,21,21,21
80276,1,1,1983,0,0,9,0,0,0,0,16,12,0
80277,1,1,1983,30,30,30,30,30,30,30,30,30,30
80278,1,1,1983,0,0,0,0,0,0,0,0,0,0
80279,1,1,1983,0,0,0,0,0,0,0,0,0,0
80280,1,1,1983,24,24,24,24,24,24,24,24,24,24
80281,1,1,1983,17,17,17,17,17,17,17,17,17,17
80281,2,1,1983,0,0,0,0,0,0,0,0,0,0
80282,1,1,1983,0,0,0,0,0,32,29,0,20,0
80283,1,1,1983,7,0,9,18,0,23,0,4,0,9
80284,1,1,1983,18,18,18,18,18,18,18,18,18,18
80284,2,1,1983,0,0,0,18,0,0,0,0,0,0
80285,1,1,1983,0,0,0,0,0,0,0,0,0,0
80285,2,1,1983,0,0,0,0,0,0,0,0,0,0
80286,1,1,1983,0,0,0,0,0,0,0,0,0,0
80287,1,1,1983,23,23,23,23,23,23,23,23,23,23
80287,2,1,1983,1,1,1,1,1,1,1,1,1,1
80288,1,1,1983,0,0,0,0,0,0,0,0,0,0
80288,2,1,1983,0,0,17,0,0,0,0,8,0,11
80289,0,1,1983,17,17,17,17,17,17,17,17,17,17
80289,1,1,1983,0,0,0,0,0,0,0,0,0,0
80290,1,1,1983,22,22,22,22,22,22,22,22,22,22
80291,1,1,1983,3,3,3,3,3,3,3,3,3,3
80292,1,1,1983,16,16,16,16,16,16,16,16,16,16
80292,2,1,1983,15,15,15,15,15,15,15,15,15,15
80293,1,1,1983,16,16,16,16,16,16,16,16,16,16