ST_CASE,VEH_NO,PER_NO,YEAR,P1,P2,P3,P4,P5,P6,P7,P8,P9,P10
80294,1,1,1983,0,0,0,0,0,0,0,0,0,0
80294,2,1,1983,0,0,0,0,0,0,0,0,0,0
80295,1,1,1983,0,0,0,0,0,0,0,0,0,0
80295,2,1,1983,0,0,0,0,0,0,0,0,0,0
80296,1,1,1983,0,0,0,0,0,0,0,0,0,0
80296,2,1,1983,32,11,0,18,25,12,10,0,0,10
80297,1,1,1983,0,9,0,0,0,0,0,0,10,0
80298,1,1,1983,13,0,0,0,0,0,0,0,0,0
80298,2,1,1983,0,0,0,0,0,0,0,0,0,0
80299,1,1,1983,10,10,10,10,10,10,10,10,10,10
80299,2,1,1983,0,0,0,17,0,0,0,0,0,11
80300,1,1,1983,0,10,4,9,18,6,34,16,25,6
80301,1,1,1983,0,0,0,0,0,0,0,0,0,0
80301,2,1,1983,0,0,0,0,0,0,0,0,0,0
80302,1,1,1983,0,0,0,0,0,0,0,0,0,0
80302,2,1,1983,0,0,0,0,0,0,0,0,0,0
80303,1,1,1983,34,34,34,34,34,34,34,34,34,34
80304,1,1,1983,4,4,4,4,4,4,4,4,4,4
80304,2,1,1983,0,0,0,0,0,0,0,0,0,0
80305,1,1,1983,0,5,0,7,0,0,0,0,0,0
80306,1,1,1983,19,19,19,19,19,19,19,19,19,19
80307,1,1,1983,29,29,29,29,29,29,29,29,29,29
80307,2,1,1983,19,0,0,30,0,0,0,0,0,0
80308,1,1,1983,39,39,39,39,39,39,39,39,39,39
80309,0,1,1983,0,0,19,0,0,0,0,0,0,0
80309,1,1,1983,0,0,0,0,0,0,0,0,0,0
80310,1,1,1983,0,0,0,0,0,0,0,0,0,0
80311,1,1,1983,26,26,26,26,26,26,26,26,26,26
80312,1,1,1983,0,0,0,0,0,0,0,0,0,0
80312,2,1,1983,0,0,0,0,0,0,0,0,0,0
80313,1,1,1983,0,0,0,0,0,0,0,0,0,0
80313,2,1,1983,0,0,0,0,0,0,0,0,0,0
80314,0,1,1983,20,20,20,20,20,20,20,20,20,20
80314,1,1,1983,0,0,0,0,0,0,0,0,0,0
80315,1,1,1983,0,0,0,0,0,0,0,0,0,0
80316,1,1,1983,20,20,20,20,20,20,20,20,20,20
80317,0,1,1983,0,0,0,0,0,0,0,0,0,0
80317,1,1,1983,0,0,0,0,0,0,0,0,0,0
80318,1,1,1983,4,4,4,4,4,4,4,4,4,4
80319,0,1,1983,20,20,20,20,20,20,20,20,20,20
80319,1,1,1983,7,7,7,7,7,7,7,7,7,7
80320,2,1,1983,25,25,25,25,25,25,25,25,25,25
80321,1,1,1983,0,0,0,0,0,0,0,0,0,0
80322,1,1,1983,0,0,0,0,0,0,0,0,0,0
80323,1,1,1983,26,26,26,26,26,26,26,26,26,26
80324,1,1,1983,30,30,30,30,30,30,30,30,30,30
80324,2,1,1983,0,0,0,0,0,0,0,0,0,0
80325,1,1,1983,16,16,16,16,16,16,16,16,16,16
80326,1,1,1983,25,25,25,25,25,25,25,25,25,25
80327,1,1,1983,26,26,26,26,26,26,26,26,26,26
80328,1,1,1983,0,0,0,0,0,0,0,0,0,0
80329,1,1,1983,0,0,0,0,0,0,0,0,0,0
80330,1,1,1983,8,18,6,26,9,16,19,27,12,14
80330,2,1,1983,12,0,15,0,0,0,16,10,8,0
80331,0,1,1983,0,0,0,0,0,0,0,0,0,0
80331,1,1,1983,0,0,0,0,0,0,0,0,0,0
80332,1,1,1983,14,14,14,14,14,14,14,14,14,14
80333,1,1,1983,11,11,11,11,11,11,11,11,11,11
80334,1,1,1983,0,0,0,0,0,0,0,0,0,0
80334,2,1,1983,8,8,8,8,8,8,8,8,8,8
80335,1,1,1983,0,0,26,0,0,0,0,11,0,7
80336,1,1,1983,26,26,26,26,26,26,26,26,26,26
80337,1,1,1983,24,24,24,24,24,24,24,24,24,24
80338,1,1,1983,0,0,0,0,0,0,0,0,0,0
80339,1,1,1983,0,0,0,0,0,0,0,0,0,0
80340,0,1,1983,0,0,0,0,0,0,0,0,0,0
80340,1,1,1983,0,0,0,0,0,0,0,0,0,0
80341,0,1,1983,35,35,35,35,35,35,35,35,35,35
80341,1,1,1983,0,0,0,0,0,0,0,0,0,0
80342,1,1,1983,14,14,14,14,14,14,14,14,14,14
80342,2,1,1983,8,8,8,8,8,8,8,8,8,8
80343,1,1,1983,17,17,17,17,17,17,17,17,17,17
80344,1,1,1983,8,8,8,8,8,8,8,8,8,8
80345,0,1,1983,26,26,26,26,26,26,26,26,26,26
80345,1,1,1983,0,16,0,4,11,0,11,0,0,0
80346,1,1,1983,0,0,0,0,0,0,0,0,0,0
80346,2,1,1983,0,0,0,0,0,0,0,0,0,0
80347,1,1,1983,0,0,0,0,0,0,0,0,0,0
80348,1,1,1983,0,0,0,0,0,0,0,0,0,0
80348,2,1,1983,0,0,0,0,0,0,0,0,0,0
80349,1,1,1983,25,25,25,25,25,25,25,25,25,25
80350,1,1,1983,8,8,8,8,8,8,8,8,8,8
80351,1,1,1983,9,9,9,9,9,9,9,9,9,9
80352,1,1,1983,18,18,18,18,18,18,18,18,18,18
80353,1,1,1983,0,0,0,0,0,0,0,0,0,0
80354,1,1,1983,0,0,0,0,0,0,0,0,0,0
80355,1,1,1983,8,8,8,8,8,8,8,8,8,8
80356,1,1,1983,24,24,24,24,24,24,24,24,24,24
80357,1,1,1983,25,25,25,25,25,25,25,25,25,25
80358,1,1,1983,0,0,0,0,0,0,0,0,0,0
80358,2,1,1983,0,0,0,0,0,0,20,0,0,0
80359,1,1,1983,9,9,9,9,9,9,9,9,9,9
80360,1,1,1983,10,10,10,10,10,10,10,10,10,10
80360,2,1,1983,0,0,0,0,0,0,0,0,0,0
80361,1,1,1983,4,4,4,4,4,4,4,4,4,4
80362,1,1,1983,7,7,7,7,7,7,7,7,7,7
80363,1,1,1983,0,0,0,0,0,0,0,0,0,0
80363,2,1,1983,0,0,0,0,0,0,0,0,0,0
80364,1,1,1983,0,0,0,0,0,0,0,0,0,0
80364,2,1,1983,20,20,20,20,20,20,20,20,20,20
80365,1,1,1983,12,12,12,12,12,12,12,12,12,12
80366,1,1,1983,29,29,29,29,29,29,29,29,29,29
80367,0,1,1983,23,0,15,0,0,0,0,0,0,0
80367,1,1,1983,0,0,0,0,21,0,0,0,0,0
80368,0,1,1983,0,0,0,0,0,0,0,0,0,0
80368,1,1,1983,0,0,0,0,0,0,0,0,0,0
80369,1,1,1983,2,2,2,2,2,2,2,2,2,2
80370,1,1,1983,23,23,23,23,23,23,23,23,23,23
80370,2,1,1983,0,0,0,0,0,0,0,0,0,0
80371,1,1,1983,0,0,0,0,0,0,0,0,0,0
80372,1,1,1983,16,16,16,16,16,16,16,16,16,16
80373,1,1,1983,0,0,0,0,0,0,0,0,0,0
80373,2,1,1983,24,0,13,23,0,0,23,9,20,8
80374,1,1,1983,1,1,1,1,1,1,1,1,1,1
80375,1,1,1983,19,19,19,19,19,19,19,19,19,19
80376,1,1,1983,10,10,10,10,10,10,10,10,10,10
80376,2,1,1983,2,2,2,2,2,2,2,2,2,2
80377,1,1,1983,16,16,16,16,16,16,16,16,16,16
80378,0,1,1983,0,0,0,0,0,0,0,0,0,0
80378,1,1,1983,9,0,0,0,0,0,0,0,0,0
80379,1,1,1983,0,0,0,0,0,0,0,0,0,0
80379,2,1,1983,0,0,0,0,0,0,0,0,0,0
80379,3,1,1983,0,0,0,0,0,0,0,0,0,0
80380,1,1,1983,1,1,1,1,1,1,1,1,1,1
80381,1,1,1983,20,15,30,13,27,16,16,32,26,21
80382,1,1,1983,17,17,17,17,17,17,17,17,17,17
80383,1,1,1983,17,17,17,17,17,17,17,17,17,17
80383,2,1,1983,0,0,0,0,0,0,0,0,0,0
80384,0,1,1983,19,19,19,19,19,19,19,19,19,19
80384,1,1,1983,0,0,14,0,0,0,0,0,0,0
80385,0,1,1983,6,6,6,6,6,6,6,6,6,6
80385,1,1,1983,0,0,0,0,0,0,0,0,20,0
80386,1,1,1983,24,24,24,24,24,24,24,24,24,24
80387,1,1,1983,0,0,0,0,0,0,0,0,0,0
80387,2,1,1983,0,0,0,0,0,0,0,0,0,10
80388,1,1,1983,22,22,22,22,22,22,22,22,22,22
80389,0,1,1983,0,0,0,0,0,0,0,0,0,0
80389,1,1,1983,0,0,0,0,0,0,0,0,0,0
80390,1,1,1983,0,0,0,0,0,0,0,0,0,0
80390,2,1,1983,0,0,0,0,0,0,0,0,0,0
80391,1,1,1983,10,10,10,10,10,10,10,10,10,10
80391,2,1,1983,16,10,16,12,0,21,0,6,0,0
80391,3,1,1983,0,23,0,0,0,0,0,0,0,0
80392,0,1,1983,14,14,14,14,14,14,14,14,14,14
80392,1,1,1983,9,0,0,0,13,0,23,12,0,0
80393,0,1,1983,12,12,12,12,12,12,12,12,12,12
80393,1,1,1983,5,5,5,5,5,5,5,5,5,5
80394,1,1,1983,13,13,13,13,13,13,13,13,13,13
80395,0,1,1983,0,0,0,0,0,0,0,0,0,0
80395,1,1,1983,13,13,13,13,13,13,13,13,13,13
80396,1,1,1983,0,0,0,0,0,0,0,0,0,0
80396,2,1,1983,0,0,0,0,0,0,0,0,0,0
80396,3,1,1983,0,0,0,0,0,0,0,0,0,0
80397,1,1,1983,17,17,17,17,17,17,17,17,17,17
80398,1,1,1983,14,14,14,14,14,14,14,14,14,14
80399,1,1,1983,0,0,0,0,0,0,0,0,0,0
80400,0,1,1983,27,27,27,27,27,27,27,27,27,27
80400,1,1,1983,0,0,0,0,0,0,0,0,0,0
80401,1,1,1983,3,3,3,3,3,3,3,3,3,3
80402,1,1,1983,23,23,23,23,23,23,23,23,23,23
80403,0,1,1983,26,26,26,26,26,26,26,26,26,26
80403,1,1,1983,0,0,0,0,0,0,16,0,0,22
80404,0,1,1983,0,0,0,0,0,0,0,0,0,0
80404,0,2,1983,15,14,0,0,0,24,0,16,0,20
80404,1,1,1983,0,38,0,0,0,0,0,15,0,0
80405,0,1,1983,1,1,1,1,1,1,1,1,1,1
80405,1,1,1983,0,0,0,0,0,0,0,0,0,0
80406,1,1,1983,11,11,11,11,11,11,11,11,11,11
80407,0,1,1983,1,1,1,1,1,1,1,1,1,1
80407,1,1,1983,0,0,0,0,0,0,0,0,0,0
80408,1,1,1983,17,17,17,17,17,17,17,17,17,17
80409,0,1,1983,0,0,0,0,0,0,0,0,0,0
80409,1,1,1983,0,0,0,0,14,0,0,0,0,0
80410,1,1,1983,22,22,22,22,22,22,22,22,22,22
80411,1,1,1983,19,19,19,19,19,19,19,19,19,19
80412,1,1,1983,1,1,1,1,1,1,1,1,1,1
80412,2,1,1983,0,0,6,24,0,0,0,0,0,0
80413,1,1,1983,22,22,22,22,22,22,22,22,22,22
80414,1,1,1983,0,0,0,0,0,0,0,0,0,0
80415,0,1,1983,0,0,0,0,0,0,0,0,0,0
80415,1,1,1983,0,0,0,0,0,0,7,0,0,0
80415,2,1,1983,29,0,0,0,0,0,0,0,0,0
80416,0,1,1983,23,23,23,23,23,23,23,23,23,23
80416,1,1,1983,14,14,14,14,14,14,14,14,14,14
80417,1,1,1983,26,26,26,26,26,26,26,26,26,26
80417,2,1,1983,0,0,0,0,0,0,0,0,0,0
80417,3,1,1983,6,6,6,6,6,6,6,6,6,6
80418,1,1,1983,9,9,9,9,9,9,9,9,9,9
80418,2,1,1983,0,0,0,0,0,0,0,0,0,9
80419,1,1,1983,35,35,35,35,35,35,35,35,35,35
80420,0,1,1983,0,0,0,0,17,0,0,4,0,0
80420,0,2,1983,0,0,0,0,0,0,0,0,0,0
80420,1,1,1983,0,0,0,0,0,0,0,16,12,0
80421,1,1,1983,21,21,21,21,21,21,21,21,21,21
80421,2,1,1983,0,0,0,0,0,0,0,0,0,0
80422,1,1,1983,0,0,0,0,0,0,0,0,0,0
80422,2,1,1983,0,0,0,0,0,0,0,0,0,0
80423,1,1,1983,9,9,9,9,9,9,9,9,9,9
80424,1,1,1983,14,14,14,14,14,14,14,14,14,14
80425,1,1,1983,29,29,29,29,29,29,29,29,29,29
80426,1,1,1983,0,24,0,0,0,0,0,0,0,0
80426,2,1,1983,0,0,0,0,0,0,0,0,0,0
80427,0,1,1983,1,1,1,1,1,1,1,1,1,1
80427,1,1,1983,0,0,0,0,0,0,0,0,0,0
80428,1,1,1983,21,21,21,21,21,21,21,21,21,21
80428,2,1,1983,4,0,0,0,0,0,0,12,0,0
80429,1,1,1983,0,0,0,0,0,0,0,0,0,0
80430,1,1,1983,6,6,6,6,6,6,6,6,6,6
80431,1,1,1983,7,7,7,7,7,7,7,7,7,7
80431,2,1,1983,0,0,0,0,0,0,0,0,0,0
80432,1,1,1983,26,26,26,26,26,26,26,26,26,26
80432,2,1,1983,25,25,25,25,25,25,25,25,25,25
80433,1,1,1983,0,0,0,0,0,0,0,0,0,0
80434,1,1,1983,25,25,25,25,25,25,25,25,25,25
80434,2,1,1983,0,0,0,0,0,0,0,0,0,0
80435,1,1,1983,0,0,0,0,0,0,0,0,0,0
80436,1,1,1983,16,16,16,16,16,16,16,16,16,16
80436,2,1,1983,0,0,0,0,0,0,0,0,0,0
80437,1,1,1983,0,0,0,0,0,0,0,0,0,0
80437,2,1,1983,0,0,0,0,0,0,0,0,0,0
80438,1,1,1983,0,0,0,0,0,0,0,0,0,0
80438,2,1,1983,0,0,0,0,0,0,0,0,0,0
80439,1,1,1983,0,0,0,0,0,0,0,0,0,0
80439,2,1,1983,0,0,0,0,0,0,0,0,0,0
80440,1,1,1983,14,14,14,14,14,14,14,14,14,14
80441,1,1,1983,19,19,19,19,19,19,19,19,19,19
80442,1,1,1983,0,0,0,0,0,0,0,0,0,0
80443,0,1,1983,0,0,0,0,0,0,0,0,0,0
80443,1,1,1983,26,23,12,17,13,3,22,16,17,24
80444,1,1,1983,19,19,19,19,19,19,19,19,19,19
80444,2,1,1983,5,5,5,5,5,5,5,5,5,5
80444,3,1,1983,9,9,9,9,9,9,9,9,9,9
80445,1,1,1983,3,3,3,3,3,3,3,3,3,3
80446,1,1,1983,13,13,13,13,13,13,13,13,13,13
80447,1,1,1983,16,16,16,16,16,16,16,16,16,16
80448,1,1,1983,21,21,21,21,21,21,21,21,21,21
80449,1,1,1983,0,0,0,0,0,0,0,0,0,0
80449,2,1,1983,0,0,0,0,0,0,0,0,0,0
80449,3,1,1983,0,0,0,0,0,0,0,0,0,0
80450,1,1,1983,7,7,7,7,7,7,7,7,7,7
80451,1,1,1983,0,0,25,0,0,0,0,0,0,0
80452,1,1,1983,0,0,0,0,0,0,0,0,0,0
80452,2,1,1983,0,0,0,0,0,0,0,0,0,0
80453,1,1,1983,0,0,0,0,0,0,0,0,0,0
80453,2,1,1983,0,0,0,0,0,0,0,0,0,0
80454,1,1,1983,23,17,21,23,20,20,7,17,2,11
80455,1,1,1983,0,0,0,0,0,0,0,0,0,0
80455,2,1,1983,0,0,0,0,0,0,0,0,0,0
80456,0,1,1983,22,22,22,22,22,22,22,22,22,22
80456,0,2,1983,32,32,32,32,32,32,32,32,32,32
80456,1,1,1983,0,0,0,0,0,0,0,0,0,0
80457,1,1,1983,17,19,14,7,35,7,36,11,0,12
80457,2,1,1983,8,0,0,0,0,11,0,0,0,0
80458,1,1,1983,28,28,28,28,28,28,28,28,28,28
80459,1,1,1983,31,31,31,31,31,31,31,31,31,31
80460,1,1,1983,35,35,35,35,35,35,35,35,35,35
80460,2,1,1983,12,12,12,12,12,12,12,12,12,12
80461,1,1,1983,14,14,14,14,14,14,14,14,14,14
80461,2,1,1983,0,13,0,13,0,0,0,0,0,0
80462,1,1,1983,0,0,0,0,0,0,0,0,0,0
80463,1,1,1983,21,21,21,21,21,21,21,21,21,21
80464,1,1,1983,8,8,8,8,8,8,8,8,8,8
80465,1,1,1983,32,32,32,32,32,32,32,32,32,32
80466,1,1,1983,1,1,1,1,1,1,1,1,1,1
80467,1,1,1983,5,5,5,5,5,5,5,5,5,5
80468,1,1,1983,0,0,0,0,0,0,0,0,0,0
80468,2,1,1983,0,0,0,0,0,0,0,0,0,0
80469,1,1,1983,0,0,0,0,0,0,0,0,0,0
80470,1,1,1983,0,0,0,0,0,0,0,0,0,0
80471,1,1,1983,0,0,0,0,0,0,0,0,0,0
80472,1,1,1983,0,0,0,0,0,0,0,0,0,0
80473,0,1,1983,7,7,7,7,7,7,7,7,7,7
80473,0,2,1983,0,0,11,40,18,0,0,4,0,0
80473,1,1,1983,15,15,15,15,15,15,15,15,15,15
80474,1,1,1983,0,0,0,0,0,0,0,0,0,0
80475,1,1,1983,0,0,0,0,0,0,0,16,0,0
80476,1,1,1983,14,14,14,14,14,14,14,14,14,14
80476,2,1,1983,0,5,0,0,12,5,15,0,0,0
80476,3,1,1983,0,0,0,0,0,0,0,0,0,0
80477,1,1,1983,20,20,20,20,20,20,20,20,20,20
80478,1,1,1983,10,10,10,10,10,10,10,10,10,10
80478,2,1,1983,0,0,0,0,0,0,0,0,0,0
80479,0,1,1983,15,15,15,15,15,15,15,15,15,15
80479,1,1,1983,0,0,0,0,0,0,0,0,0,0
80480,1,1,1983,0,0,0,0,0,0,0,0,0,0
80480,2,1,1983,0,0,0,0,0,0,0,0,0,0
80481,1,1,1983,0,0,0,0,0,0,0,0,0,0
80481,2,1,1983,0,0,0,0,0,0,0,0,0,0
80482,1,1,1983,16,16,16,16,16,16,16,16,16,16
80483,1,1,1983,0,0,0,0,0,0,0,19,0,0
80484,1,1,1983,19,19,19,19,19,19,19,19,19,19
80485,1,1,1983,0,0,0,0,0,0,0,0,0,0
80485,2,1,1983,0,0,0,0,0,0,0,0,0,0
80486,1,1,1983,0,0,0,0,0,0,0,0,0,0
80486,2,1,1983,0,0,0,0,0,16,0,18,0,0
80486,3,1,1983,0,0,0,0,0,0,0,0,0,0
80487,1,1,1983,0,0,0,0,0,0,0,0,0,0
80488,1,1,1983,22,22,22,22,22,22,22,22,22,22
80489,1,1,1983,21,21,21,21,21,21,21,21,21,21
80490,1,1,1983,8,8,8,8,8,8,8,8,8,8
80491,1,1,1983,31,31,31,31,31,31,31,31,31,31
80491,2,1,1983,0,0,0,0,0,0,0,0,0,0
80492,0,1,1983,0,0,0,0,0,0,0,0,0,0
80492,1,1,1983,0,0,0,0,0,0,0,0,0,0
80493,1,1,1983,0,0,0,0,0,0,0,0,0,0
80494,0,1,1983,0,0,0,0,0,0,0,0,0,0
80494,1,1,1983,0,0,0,0,0,0,0,0,0,0
80495,1,1,1983,0,0,0,0,0,0,0,0,0,0
80495,2,1,1983,0,19,0,0,0,0,38,0,0,18
80495,3,1,1983,0,0,0,9,0,0,0,0,0,14
80496,1,1,1983,0,0,0,0,0,0,0,0,0,0
80497,1,1,1983,0,0,0,0,0,0,0,0,0,0
80498,1,1,1983,7,7,7,7,7,7,7,7,7,7
80499,1,1,1983,17,17,17,17,17,17,17,17,17,17
80499,2,1,1983,0,0,0,0,0,0,0,0,0,0
80500,1,1,1983,4,5,18,24,15,15,43,18,7,17
80501,1,1,1983,23,23,23,23,23,23,23,23,23,23
80502,1,1,1983,0,0,0,0,0,0,0,0,0,0
80503,1,1,1983,18,18,18,18,18,18,18,18,18,18
80503,2,1,1983,14,14,14,14,14,14,14,14,14,14
80504,1,1,1983,9,9,9,9,9,9,9,9,9,9
80505,1,1,1983,8,8,8,8,8,8,8,8,8,8
80505,2,1,1983,3,3,3,3,3,3,3,3,3,3
80506,0,1,1983,0,0,0,0,0,0,0,26,0,0
80506,1,1,1983,0,0,0,0,0,0,0,0,0,0
80507,1,1,1983,18,12,25,26,17,26,17,0,16,16
80508,1,1,1983,15,22,11,32,22,0,0,0,14,17
80509,1,1,1983,27,27,27,27,27,27,27,27,27,27
80509,2,1,1983,0,0,0,0,0,0,0,0,0,0
80510,0,1,1983,0,0,0,0,0,0,0,0,0,0
80510,0,2,1983,0,0,0,0,0,0,0,0,0,0
80510,1,1,1983,0,0,0,13,0,0,0,0,0,0
80511,1,1,1983,14,14,14,14,14,14,14,14,14,14
80512,1,1,1983,7,7,7,7,7,7,7,7,7,7
80513,1,1,1983,9,9,9,9,9,9,9,9,9,9
80514,1,1,1983,18,18,18,18,18,18,18,18,18,18
80515,1,1,1983,22,22,22,22,22,22,22,22,22,22
80515,2,1,1983,0,0,0,0,0,0,0,0,0,0
80516,0,1,1983,5,5,5,5,5,5,5,5,5,5
80516,1,1,1983,0,16,6,14,36,12,13,16,23,0
80517,1,1,1983,24,24,24,24,24,24,24,24,24,24
80518,1,1,1983,22,22,22,22,22,22,22,22,22,22
80519,0,1,1983,0,0,38,14,26,11,0,0,0,4
80519,1,1,1983,0,0,0,0,0,0,0,0,0,0
80520,0,1,1983,12,12,12,12,12,12,12,12,12,12
80520,1,1,1983,7,11,16,0,11,11,0,20,8,15
80521,1,1,1983,19,19,19,19,19,19,19,19,19,19
80522,1,1,1983,0,0,0,0,0,0,0,0,0,0
80523,0,1,1983,39,0,26,9,15,17,10,0,0,22
80523,1,1,1983,16,16,16,16,16,16,16,16,16,16
80524,0,1,1983,5,9,10,8,22,12,17,17,17,27
80524,1,1,1983,8,20,15,24,20,15,22,0,12,0
80525,0,1,1983,0,0,0,0,0,0,0,0,0,0
80525,1,1,1983,0,0,0,0,0,0,0,0,0,0
80526,0,1,1983,0,0,0,0,0,0,0,0,0,0
80526,1,1,1983,0,4,14,0,19,0,0,0,0,0
80527,1,1,1983,26,26,26,26,26,26,26,26,26,26
80527,2,1,1983,0,0,0,0,0,0,0,0,0,0
80527,3,1,1983,0,0,0,0,0,0,0,0,0,0
80528,0,1,1983,32,32,32,32,32,32,32,32,32,32
80528,1,1,1983,0,0,0,0,0,0,0,0,0,0
80529,0,1,1983,30,30,30,30,30,30,30,30,30,30
80529,1,1,1983,12,12,7,41,6,14,2,19,9,13
80530,1,1,1983,0,0,0,0,0,7,0,0,0,0
80530,2,1,1983,14,20,0,23,0,21,7,0,14,0
80531,1,1,1983,0,0,0,0,0,0,0,0,0,0
80531,2,1,1983,7,7,7,7,7,7,7,7,7,7
80532,1,1,1983,17,17,17,17,17,17,17,17,17,17
80533,1,1,1983,0,0,0,0,0,0,0,0,0,0
80533,2,1,1983,0,0,0,0,0,0,0,0,0,0
80534,1,1,1983,26,26,26,26,26,26,26,26,26,26
80534,2,1,1983,0,0,0,0,0,8,17,6,17,0
80535,1,1,1983,0,0,0,0,0,0,0,0,0,0
80535,2,1,1983,0,0,0,0,0,0,0,0,0,0
80536,0,1,1983,0,0,0,0,0,0,0,0,0,0
80536,1,1,1983,0,0,0,0,0,0,0,0,0,0
80537,1,1,1983,6,6,6,6,6,6,6,6,6,6
80537,2,1,1983,0,0,0,0,0,0,0,0,0,0
80538,1,1,1983,7,7,7,7,7,7,7,7,7,7
80538,2,1,1983,8,0,0,0,0,0,0,0,0,0
80539,0,1,1983,28,28,28,28,28,28,28,28,28,28
80539,1,1,1983,12,0,0,0,0,0,19,0,0,0
80540,1,1,1983,8,8,8,8,8,8,8,8,8,8
80541,1,1,1983,0,4,0,0,0,9,25,20,0,0
80542,1,1,1983,0,0,0,0,0,0,0,0,0,0
80542,2,1,1983,0,0,0,0,0,0,0,0,0,0
80543,1,1,1983,13,13,13,13,13,13,13,13,13,13
80543,2,1,1983,0,0,0,0,0,0,0,0,0,0
80544,1,1,1983,24,24,24,24,24,24,24,24,24,24
80544,2,1,1983,5,5,5,5,5,5,5,5,5,5
80545,0,1,1983,34,34,34,34,34,34,34,34,34,34
80545,1,1,1983,0,0,0,0,0,0,0,0,0,0
80546,1,1,1983,17,17,17,17,17,17,17,17,17,17
80547,1,1,1983,12,14,0,0,0,18,31,8,21,22
80548,1,1,1983,0,0,0,0,0,0,0,0,0,0
80548,2,1,1983,11,11,11,11,11,11,11,11,11,11
80549,0,1,1983,24,24,24,24,24,24,24,24,24,24
80549,1,1,1983,17,17,17,17,17,17,17,17,17,17
80550,1,1,1983,23,23,23,23,23,23,23,23,23,23
80551,0,1,1983,0,0,0,0,0,0,25,0,0,0
80551,1,1,1983,0,0,0,0,0,0,0,0,0,0
80552,1,1,1983,12,12,12,12,12,12,12,12,12,12
80553,1,1,1983,0,0,0,0,0,0,0,0,0,0
80554,1,1,1983,0,0,0,0,0,0,0,0,0,0
80555,1,1,1983,0,0,0,0,0,0,0,0,0,0
80556,1,1,1983,0,0,0,0,0,0,0,0,0,0
80556,2,1,1983,0,0,0,0,0,0,0,0,0,0
80557,1,1,1983,27,9,24,9,29,18,14,12,18,34
80558,0,1,1983,0,0,0,0,0,0,0,0,0,0
80558,1,1,1983,0,0,0,0,0,0,0,0,0,0
80559,0,1,1983,0,0,0,0,0,0,0,0,0,0
80559,1,1,1983,10,10,10,10,10,10,10,10,10,10
80560,1,1,1983,8,8,8,8,8,8,8,8,8,8
80561,0,1,1983,0,0,0,0,0,0,40,0,21,0
80561,1,1,1983,0,0,0,0,0,0,0,0,0,0
80562,1,1,1983,0,9,0,0,5,0,0,0,0,0
80562,2,1,1983,20,20,20,20,20,20,20,20,20,20
80563,0,1,1983,28,28,28,28,28,28,28,28,28,28
80563,1,1,1983,3,3,3,3,3,3,3,3,3,3
80564,1,1,1983,0,0,0,0,0,0,0,0,0,0
80565,1,1,1983,11,11,11,11,11,11,11,11,11,11
80565,2,1,1983,0,0,0,0,0,0,0,0,0,0
80566,0,1,1983,5,5,5,5,5,5,5,5,5,5
80566,1,1,1983,6,11,0,22,0,0,0,20,3,0
80567,0,1,1983,21,21,21,21,21,21,21,21,21,21
80567,1,1,1983,4,4,4,4,4,4,4,4,4,4
80568,0,1,1983,18,18,18,18,18,18,18,18,18,18
80568,1,1,1983,0,0,0,0,0,0,0,0,0,0
80569,1,1,1983,7,7,7,7,7,7,7,7,7,7
80570,1,1,1983,0,0,0,0,0,0,0,0,0,0
80570,2,1,1983,0,0,0,0,0,0,0,25,0,0
80570,3,1,1983,0,0,0,0,0,6,0,0,0,0
80571,1,1,1983,16,16,16,16,16,16,16,16,16,16
80572,1,1,1983,0,8,0,0,0,0,0,0,0,0
80572,2,1,1983,0,0,0,0,0,0,26,0,0,0
80573,1,1,1983,4,4,4,4,4,4,4,4,4,4
80574,1,1,1983,15,15,15,15,15,15,15,15,15,15
80575,0,1,1983,0,0,0,0,0,0,0,0,0,0
80575,1,1,1983,0,0,0,0,0,0,0,0,0,0
80576,1,1,1983,27,27,27,27,27,27,27,27,27,27
80576,2,1,1983,16,12,14,26,3,33,15,18,6,12
80577,1,1,1983,14,14,14,14,14,14,14,14,14,14
80577,2,1,1983,0,8,13,18,25,5,13,18,7,3
80577,3,1,1983,0,0,0,0,0,15,0,0,0,0
80578,1,1,1983,17,17,17,17,17,17,17,17,17,17
80579,1,1,1983,0,0,0,0,0,0,0,0,0,0
80579,2,1,1983,0,0,0,0,0,0,0,0,0,0
80580,1,1,1983,0,0,0,0,0,0,0,0,0,0
80580,2,1,1983,0,0,0,0,0,0,0,0,0,0
80581,1,1,1983,0,0,0,0,0,0,0,0,9,0
80581,2,1,1983,0,0,0,0,0,0,0,0,0,0
80582,1,1,1983,17,13,19,11,15,8,33,16,17,21
80583,1,1,1983,37,37,37,37,37,37,37,37,37,37
80584,1,1,1983,0,0,0,0,0,0,0,0,0,0
80584,2,1,1983,15,13,17,23,14,17,32,23,0,10
80585,1,1,1983,0,0,0,0,0,0,0,0,0,0
80585,2,1,1983,2,2,2,2,2,2,2,2,2,2
80586,1,1,1983,16,20,13,17,0,36,38,22,21,20
80587,1,1,1983,29,29,29,29,29,29,29,29,29,29
80588,1,1,1983,6,6,6,6,6,6,6,6,6,6
80589,0,1,1983,19,19,19,19,19,19,19,19,19,19
80589,1,1,1983,15,6,7,29,9,22,16,0,10,4
80590,1,1,1983,1,1,1,1,1,1,1,1,1,1
80590,2,1,1983,0,0,0,0,0,0,0,0,0,0
80591,0,1,1983,0,0,4,19,10,0,0,0,0,0
80591,0,2,1983,27,0,0,0,29,0,0,0,0,0
80591,1,1,1983,0,0,0,0,0,0,0,0,0,0
80592,1,1,1983,20,0,0,0,0,0,0,0,0,0
80592,2,1,1983,0,0,0,0,0,0,0,11,0,16
80593,1,1,1983,11,11,11,11,11,11,11,11,11,11
80593,2,1,1983,0,0,0,0,18,0,0,8,0,0