ST_CASE,VEH_NO,PER_NO,YEAR,P1,P2,P3,P4,P5,P6,P7,P8,P9,P10
90289,1,1,1983,11,26,22,26,17,22,20,9,24,17
90290,1,1,1983,30,30,30,30,30,30,30,30,30,30
90291,1,1,1983,0,10,11,8,4,2,6,13,9,18
90292,1,1,1983,3,0,16,0,0,8,21,0,26,0
90292,2,1,1983,0,0,0,14,0,0,15,0,0,0
90293,1,1,1983,17,17,17,17,17,17,17,17,17,17
90294,1,1,1983,12,0,0,16,0,18,0,0,12,0
90295,1,1,1983,0,0,0,0,0,0,0,0,0,0
90295,2,1,1983,0,0,0,0,0,0,0,0,0,0
90295,3,1,1983,0,0,0,0,0,0,0,0,0,0
90295,4,1,1983,0,0,0,0,0,0,0,0,0,0
90295,5,1,1983,0,0,0,0,0,0,0,0,0,0
90295,6,1,1983,0,0,0,0,0,0,0,0,0,0
90296,0,1,1983,0,0,0,0,0,0,0,0,0,0
90296,1,1,1983,0,0,0,18,0,0,0,0,0,0
90297,1,1,1983,0,0,14,0,8,0,15,13,0,0
90298,0,1,1983,6,0,19,16,25,23,14,0,8,0
90298,0,2,1983,29,0,14,8,0,8,6,0,10,0
90298,0,3,1983,19,38,35,26,3,24,13,0,0,16
90298,0,4,1983,20,0,35,7,41,12,19,0,26,0
90298,0,5,1983,33,0,0,17,45,18,18,0,0,31
90298,1,1,1983,3,42,8,23,21,22,26,0,0,0
90299,1,1,1983,12,21,18,0,8,9,11,5,8,21
90299,2,1,1983,13,13,13,13,13,13,13,13,13,13
90300,1,1,1983,0,18,20,9,16,12,24,0,13,0
90301,1,1,1983,10,10,10,10,10,10,10,10,10,10
90302,1,1,1983,0,10,0,22,0,9,0,16,0,0
90303,1,1,1983,0,0,0,0,0,0,0,0,0,0
90303,2,1,1983,0,0,0,0,0,0,0,0,0,0
90303,3,1,1983,0,0,0,0,0,0,0,0,0,0
90304,1,1,1983,0,0,0,0,0,0,0,0,0,0
90304,2,1,1983,0,0,27,0,0,21,10,0,0,0
90304,3,1,1983,0,0,0,0,0,15,0,0,14,0
90305,1,1,1983,8,8,8,8,8,8,8,8,8,8
90306,1,1,1983,0,0,0,0,0,0,13,0,0,0
90306,2,1,1983,14,22,17,3,0,0,0,0,0,7
90307,1,1,1983,18,18,18,18,18,18,18,18,18,18
90307,2,1,1983,0,0,0,10,15,0,22,0,0,0
90308,1,1,1983,0,0,0,0,0,0,0,0,0,0
90308,2,1,1983,0,0,0,0,0,0,10,0,0,9
90309,1,1,1983,0,8,0,0,0,0,0,0,0,0
90309,2,1,1983,15,15,15,15,15,15,15,15,15,15
90310,1,1,1983,22,22,22,22,22,22,22,22,22,22
90311,1,1,1983,14,14,14,14,14,14,14,14,14,14
90312,1,1,1983,19,20,14,20,6,9,8,13,8,18
90313,0,1,1983,0,0,0,0,0,0,0,0,0,0
90313,1,1,1983,0,0,0,0,0,0,0,0,0,0
90314,0,1,1983,0,0,0,0,0,0,0,0,0,0
90314,1,1,1983,15,8,20,7,22,5,5,18,12,19
90315,1,1,1983,17,17,17,17,17,17,17,17,17,17
90315,2,1,1983,0,0,0,0,0,0,0,0,0,0
90316,1,1,1983,16,16,16,16,16,16,16,16,16,16
90317,0,1,1983,0,0,0,0,0,0,0,0,0,0
90317,1,1,1983,0,0,0,0,0,0,0,0,0,0
90318,1,1,1983,0,0,0,0,0,0,0,0,0,0
90318,2,1,1983,8,0,0,18,28,0,17,17,10,0
90318,3,1,1983,0,20,0,26,0,0,0,0,0,0
90318,4,1,1983,0,0,0,0,0,0,0,0,0,0
90319,1,1,1983,13,13,13,13,13,13,13,13,13,13
90320,1,1,1983,12,14,28,0,0,0,0,0,0,0
90321,1,1,1983,0,0,0,0,0,0,0,0,0,0
90322,1,1,1983,12,0,0,0,38,20,18,0,22,20
90322,2,1,1983,15,0,22,16,0,0,0,0,6,0
90323,1,1,1983,0,0,0,0,0,0,0,0,0,0
90324,1,1,1983,0,0,0,0,0,0,0,0,0,0
90324,2,1,1983,0,0,0,0,0,0,0,0,0,0
90325,1,1,1983,0,0,0,0,0,0,0,0,0,0
90326,1,1,1983,14,16,13,26,8,16,22,13,8,15
90326,2,1,1983,24,16,0,30,0,8,12,23,18,0
90327,1,1,1983,18,18,18,18,18,18,18,18,18,18
90328,1,1,1983,21,21,21,21,21,21,21,21,21,21
90329,1,1,1983,18,39,13,39,32,34,0,0,21,26
90330,0,1,1983,0,0,0,0,0,0,0,0,0,0
90330,1,1,1983,11,28,0,48,5,18,0,13,0,15
90331,0,1,1983,0,0,0,0,0,0,0,0,19,0
90331,1,1,1983,15,0,20,0,45,13,26,0,26,0
90332,0,1,1983,16,16,16,16,16,16,16,16,16,16
90332,1,1,1983,21,21,21,21,21,21,21,21,21,21
90333,1,1,1983,0,18,0,0,0,0,0,0,0,0
90333,2,1,1983,0,0,0,0,0,0,0,0,0,0
90334,1,1,1983,0,0,0,0,0,0,0,0,0,0
90334,2,1,1983,0,0,0,0,0,0,0,0,0,0
90335,0,1,1983,8,11,0,27,0,0,0,0,0,0
90335,0,2,1983,8,0,13,14,15,29,46,0,0,22
90335,1,1,1983,14,14,0,15,17,14,0,19,23,0
90336,0,1,1983,0,0,0,0,0,0,0,0,2,0
90336,1,1,1983,0,0,0,0,17,0,0,0,0,0
90337,0,1,1983,10,0,26,20,19,0,6,0,0,20
90337,1,1,1983,18,23,14,22,16,24,20,19,17,0
90338,1,1,1983,13,13,13,13,13,13,13,13,13,13
90339,1,1,1983,0,0,0,0,0,0,0,0,0,0
90340,1,1,1983,8,8,8,8,8,8,8,8,8,8
90341,1,1,1983,19,19,19,19,19,19,19,19,19,19
90341,2,1,1983,0,0,26,0,18,0,0,0,11,8
90342,0,1,1983,34,6,12,4,26,19,20,20,11,14
90342,1,1,1983,0,0,0,0,0,0,0,0,0,0
90343,0,1,1983,0,0,0,0,0,0,0,0,0,0
90343,0,2,1983,12,0,0,0,17,36,0,0,0,0
90343,1,1,1983,0,0,0,0,0,0,0,0,0,0
90344,1,1,1983,22,22,22,22,22,22,22,22,22,22
90345,1,1,1983,15,15,15,15,15,15,15,15,15,15
90345,2,1,1983,0,0,0,0,0,0,0,0,0,0
90346,1,1,1983,6,6,6,6,6,6,6,6,6,6
90347,1,1,1983,22,22,22,22,22,22,22,22,22,22
90348,1,1,1983,10,10,10,10,10,10,10,10,10,10
90349,1,1,1983,0,0,0,0,0,0,0,0,0,0
90349,2,1,1983,0,0,0,0,0,0,0,0,0,0
90350,1,1,1983,22,22,22,22,22,22,22,22,22,22
90351,1,1,1983,0,0,0,0,0,0,19,0,23,25
90352,1,1,1983,2,34,21,5,2,0,0,15,0,0
90353,1,1,1983,0,0,0,0,0,0,0,0,0,0
90353,2,1,1983,11,11,11,11,11,11,11,11,11,11
90354,1,1,1983,0,0,0,0,0,0,0,0,0,0
90355,1,1,1983,11,0,0,16,20,0,6,0,0,0
90355,2,1,1983,35,35,35,35,35,35,35,35,35,35
90356,0,1,1983,0,0,0,0,0,0,0,0,0,0
90356,1,1,1983,0,0,0,0,7,0,0,0,0,0
90357,1,1,1983,0,0,0,0,0,10,0,0,14,21
90358,1,1,1983,0,0,0,0,0,0,0,0,0,0
90358,2,1,1983,0,0,0,0,0,0,0,0,0,0
90359,1,1,1983,9,9,9,9,9,9,9,9,9,9
90360,1,1,1983,20,20,20,20,20,20,20,20,20,20
90361,1,1,1983,0,0,0,0,0,0,0,0,0,0
90361,2,1,1983,0,0,0,0,0,0,0,16,0,13
90362,1,1,1983,10,19,0,6,0,0,4,0,25,0
90363,0,1,1983,0,11,16,31,58,0,19,0,0,17
90363,1,1,1983,0,0,0,0,0,0,0,0,0,0
90364,1,1,1983,29,0,27,14,9,22,22,27,31,37
90365,0,1,1983,0,0,0,0,0,0,0,0,0,0
90365,1,1,1983,0,0,0,0,0,0,0,0,0,0
90366,1,1,1983,18,18,18,18,18,18,18,18,18,18
90366,2,1,1983,0,0,0,0,0,0,0,18,0,0
90367,1,1,1983,0,28,17,12,7,28,0,5,13,0
90368,1,1,1983,0,0,0,0,20,0,0,0,0,0
90369,1,1,1983,16,16,16,16,16,16,16,16,16,16
90370,1,1,1983,13,13,13,13,13,13,13,13,13,13
90371,1,1,1983,19,19,19,19,19,19,19,19,19,19
90372,0,1,1983,6,6,6,6,6,6,6,6,6,6
90372,1,1,1983,4,4,4,4,4,4,4,4,4,4
90373,1,1,1983,0,0,0,0,0,0,0,0,0,0
90374,1,1,1983,0,0,0,0,0,0,0,0,0,0
90375,1,1,1983,23,23,23,23,23,23,23,23,23,23
90376,1,1,1983,24,24,24,24,24,24,24,24,24,24
90376,2,1,1983,11,0,0,26,0,0,0,24,0,0
90377,1,1,1983,18,19,17,20,7,4,0,0,0,29
90378,1,1,1983,0,0,0,0,0,0,0,0,0,0
90378,2,1,1983,0,0,0,0,0,0,0,0,0,0
90379,1,1,1983,27,12,9,9,19,6,4,21,13,19
90380,0,1,1983,0,0,42,0,0,0,0,0,0,0
90380,1,1,1983,8,0,0,0,0,0,0,0,0,0
90381,1,1,1983,0,0,0,0,0,0,0,0,0,0
90381,2,1,1983,0,0,0,0,0,0,0,0,0,0
90382,1,1,1983,23,25,19,20,27,19,9,13,4,15
90383,1,1,1983,0,0,0,0,0,14,11,17,22,19
90384,0,1,1983,0,0,0,22,0,0,22,36,35,17
90384,1,1,1983,26,26,26,26,26,26,26,26,26,26
90385,1,1,1983,0,0,0,0,0,0,0,0,5,0
90385,2,1,1983,0,0,0,0,0,0,0,0,0,0
90386,1,1,1983,0,0,17,0,0,27,0,0,0,0
90386,2,1,1983,20,0,0,0,0,15,0,0,14,12
90387,1,1,1983,17,16,18,17,12,17,17,29,20,36
90388,1,1,1983,0,0,0,0,0,18,0,0,0,0
90389,1,1,1983,0,13,0,0,0,10,3,0,0,13
90390,0,1,1983,0,9,0,0,21,0,0,25,25,0
90390,1,1,1983,0,0,9,5,0,0,0,0,0,5
90391,1,1,1983,22,16,17,17,19,0,4,20,32,20
90392,1,1,1983,0,0,0,0,19,0,0,0,0,0
90392,2,1,1983,11,11,11,11,11,11,11,11,11,11
90393,1,1,1983,18,18,18,18,18,18,18,18,18,18
90394,1,1,1983,4,4,4,4,4,4,4,4,4,4
90395,1,1,1983,0,0,0,0,0,0,0,0,0,0
90395,2,1,1983,20,20,20,20,20,20,20,20,20,20
90395,3,1,1983,0,0,0,0,0,0,0,0,0,0
90396,1,1,1983,21,21,21,21,21,21,21,21,21,21
90397,1,1,1983,16,16,16,16,16,16,16,16,16,16
90398,1,1,1983,24,15,35,23,19,19,17,22,14,25
90399,1,1,1983,0,0,0,0,0,0,0,0,0,0
90399,2,1,1983,0,0,0,0,0,0,0,0,0,0
90400,1,1,1983,14,14,14,14,14,14,14,14,14,14
90401,0,1,1983,0,0,0,0,0,0,0,0,0,0
90401,1,1,1983,0,0,0,0,0,0,0,0,0,0
90402,1,1,1983,10,10,10,10,10,10,10,10,10,10
90403,1,1,1983,0,0,0,20,0,0,29,0,0,0
90403,2,1,1983,0,0,0,0,0,0,6,0,0,0
90404,0,1,1983,21,24,10,19,45,20,22,16,16,23
90404,1,1,1983,16,5,11,9,9,21,11,20,9,0
100001,1,1,1983,0,0,0,0,0,0,0,0,0,0
100001,2,1,1983,0,0,0,0,0,0,0,0,0,0
100002,1,1,1983,6,6,6,6,6,6,6,6,6,6
100003,1,1,1983,0,0,0,0,0,0,0,0,0,0
100003,2,1,1983,0,0,0,0,0,0,0,0,0,0
100004,1,1,1983,29,29,29,29,29,29,29,29,29,29
100005,1,1,1983,0,0,0,0,0,0,0,0,0,0
100005,2,1,1983,0,0,0,0,0,0,0,0,0,0
100006,1,1,1983,11,11,11,11,11,11,11,11,11,11
100007,1,1,1983,0,0,0,0,0,0,0,0,0,0
100007,2,1,1983,0,0,0,0,0,0,0,0,0,0
100007,3,1,1983,0,0,0,0,0,0,0,0,0,0
100008,1,1,1983,0,0,0,0,0,0,0,0,0,0
100008,2,1,1983,3,3,3,3,3,3,3,3,3,3
100009,0,1,1983,0,0,0,0,0,0,0,0,0,0
100009,1,1,1983,0,0,0,0,0,0,0,0,0,0
100010,0,1,1983,30,30,30,30,30,30,30,30,30,30
100010,1,1,1983,2,2,2,2,2,2,2,2,2,2
100011,0,1,1983,0,0,0,0,0,0,0,0,0,0
100011,1,1,1983,0,0,0,0,0,0,0,0,0,0
100012,1,1,1983,9,9,9,9,9,9,9,9,9,9
100012,2,1,1983,0,0,0,0,0,0,0,0,0,0
100013,1,1,1983,0,0,0,0,0,0,0,0,0,0
100013,2,1,1983,0,0,0,0,0,0,0,0,0,0
100014,0,1,1983,0,0,0,0,0,0,0,0,0,0
100014,1,1,1983,20,20,20,20,20,20,20,20,20,20
100015,1,1,1983,28,28,28,28,28,28,28,28,28,28
100016,1,1,1983,0,0,0,0,0,0,0,0,0,0
100016,2,1,1983,0,0,0,0,0,0,0,0,0,0
100016,3,1,1983,0,0,0,0,0,0,0,0,0,0
100017,1,1,1983,0,0,0,0,0,0,0,0,0,0
100018,0,1,1983,17,17,17,17,17,17,17,17,17,17
100018,1,1,1983,0,17,0,0,20,0,0,5,17,0
100019,1,1,1983,4,4,4,4,4,4,4,4,4,4
100019,2,1,1983,6,6,6,6,6,6,6,6,6,6
100020,1,1,1983,17,17,17,17,17,17,17,17,17,17
100021,1,1,1983,0,0,0,0,0,0,0,0,0,0
100021,2,1,1983,0,0,0,0,0,0,0,0,0,0
100022,0,1,1983,0,0,0,0,0,0,0,0,0,0
100022,1,1,1983,0,0,0,0,0,0,0,0,0,0
100023,1,1,1983,22,22,22,22,22,22,22,22,22,22
100023,2,1,1983,9,9,9,9,9,9,9,9,9,9
100024,0,1,1983,27,27,27,27,27,27,27,27,27,27
100024,1,1,1983,0,0,0,0,0,0,0,0,0,0
100025,1,1,1983,5,5,5,5,5,5,5,5,5,5
100025,2,1,1983,0,0,0,0,0,0,0,0,0,0
100026,1,1,1983,0,0,0,0,0,0,0,0,0,0
100026,2,1,1983,19,19,19,19,19,19,19,19,19,19
100027,1,1,1983,10,10,10,10,10,10,10,10,10,10
100028,1,1,1983,0,0,0,0,0,0,0,0,0,0
100028,2,1,1983,0,0,0,3,0,0,0,0,0,4
100029,1,1,1983,0,0,0,0,0,0,0,0,0,0
100029,2,1,1983,0,0,0,0,0,0,0,0,0,0
100030,0,1,1983,0,0,0,0,0,0,0,0,0,0
100030,0,2,1983,0,0,0,0,0,0,0,0,0,0
100030,1,1,1983,0,0,0,0,0,0,0,0,0,0
100031,1,1,1983,16,16,16,16,16,16,16,16,16,16
100032,1,1,1983,22,22,22,22,22,22,22,22,22,22
100033,0,1,1983,0,0,0,0,0,0,0,0,0,0
100033,1,1,1983,0,0,0,0,0,0,0,0,0,0
100034,1,1,1983,0,0,0,0,0,0,0,0,0,0
100034,2,1,1983,20,20,20,20,20,20,20,20,20,20
100035,1,1,1983,0,0,0,0,0,0,0,0,0,0
100035,2,1,1983,0,0,0,0,0,0,0,0,0,0
100036,1,1,1983,24,24,24,24,24,24,24,24,24,24
100037,1,1,1983,28,28,28,28,28,28,28,28,28,28
100038,1,1,1983,12,12,12,12,12,12,12,12,12,12
100039,1,1,1983,0,0,0,0,0,0,0,0,0,0
100040,1,1,1983,23,23,23,23,23,23,23,23,23,23
100040,2,1,1983,5,5,5,5,5,5,5,5,5,5
100041,1,1,1983,0,0,0,0,0,0,0,0,0,0
100041,2,1,1983,0,0,0,0,0,27,0,0,0,0
100042,2,1,1983,0,0,0,0,0,0,0,0,0,0
100042,3,1,1983,7,7,7,7,7,7,7,7,7,7
100043,1,1,1983,0,0,0,0,0,0,0,0,0,0
100043,2,1,1983,0,0,0,0,0,0,0,0,0,0
100043,3,1,1983,0,0,0,0,0,0,0,0,0,0
100044,0,1,1983,18,18,18,18,18,18,18,18,18,18
100044,1,1,1983,0,0,0,0,0,0,0,0,0,0
100044,2,1,1983,0,0,0,0,0,0,0,0,0,0
100045,1,1,1983,0,0,0,0,0,0,0,0,0,0
100046,1,1,1983,17,17,17,17,17,17,17,17,17,17
100047,1,1,1983,0,0,0,0,0,0,0,0,0,0
100047,2,1,1983,0,0,0,0,0,0,0,0,0,0
100048,1,1,1983,18,18,18,18,18,18,18,18,18,18
100049,1,1,1983,19,19,19,19,19,19,19,19,19,19
100049,2,1,1983,0,0,0,0,0,0,0,0,0,0
100050,1,1,1983,28,28,28,28,28,28,28,28,28,28
100051,1,1,1983,0,0,0,0,0,0,0,0,0,0
100051,2,1,1983,0,0,0,0,0,0,0,0,0,0
100052,1,1,1983,0,0,0,0,0,0,0,0,0,0
100052,2,1,1983,26,26,26,26,26,26,26,26,26,26
100053,1,1,1983,0,0,0,0,0,0,0,0,0,0
100054,1,1,1983,0,0,0,0,0,0,0,0,0,0
100054,2,1,1983,0,0,0,0,0,0,0,0,0,0
100054,3,1,1983,0,0,0,0,0,0,0,0,0,0
100055,0,1,1983,0,0,0,0,0,0,0,0,0,0
100055,0,2,1983,0,0,0,0,0,0,0,0,0,0
100055,1,1,1983,23,23,23,23,23,23,23,23,23,23
100056,0,1,1983,25,25,25,25,25,25,25,25,25,25
100056,1,1,1983,0,0,0,0,0,0,0,0,0,0
100057,1,1,1983,0,0,0,0,0,0,0,0,0,0
100057,2,1,1983,0,0,0,0,0,0,0,0,0,0
100058,1,1,1983,9,9,9,9,9,9,9,9,9,9
100058,2,1,1983,0,0,0,0,0,0,0,0,0,0
100059,1,1,1983,11,11,11,11,11,11,11,11,11,11
100060,1,1,1983,22,22,22,22,22,22,22,22,22,22
100061,1,1,1983,0,0,0,0,0,0,0,0,0,0
100061,2,1,1983,0,0,0,0,0,0,0,0,0,0
100062,1,1,1983,22,22,22,22,22,22,22,22,22,22
100063,1,1,1983,0,0,0,0,0,0,0,0,0,0
100063,2,1,1983,0,0,0,0,0,0,0,0,0,0
100063,3,1,1983,0,0,0,0,0,0,0,0,0,0
100064,0,1,1983,0,0,0,0,0,0,0,0,0,0
100064,1,1,1983,0,0,0,0,0,0,0,0,0,0
100065,0,1,1983,0,0,0,0,0,0,0,0,0,0
100065,1,1,1983,0,0,0,0,0,0,0,0,0,0
100066,1,1,1983,24,24,24,24,24,24,24,24,24,24
100066,2,1,1983,24,24,24,24,24,24,24,24,24,24
100067,1,1,1983,11,11,11,11,11,11,11,11,11,11
100068,1,1,1983,18,18,18,18,18,18,18,18,18,18
100069,1,1,1983,0,0,0,0,0,0,0,0,0,0
100069,2,1,1983,16,16,16,16,16,16,16,16,16,16
100070,1,1,1983,0,0,0,0,0,0,0,0,0,0
100070,2,1,1983,24,24,24,24,24,24,24,24,24,24
100071,0,1,1983,10,10,10,10,10,10,10,10,10,10
100071,1,1,1983,5,2,6,12,5,18,14,16,9,3
100072,1,1,1983,1,1,1,1,1,1,1,1,1,1
100072,2,1,1983,1,1,1,1,1,1,1,1,1,1
100073,1,1,1983,12,12,12,12,12,12,12,12,12,12
100074,1,1,1983,0,0,0,0,0,0,0,0,0,0
100075,0,1,1983,10,10,10,10,10,10,10,10,10,10
100076,1,1,1983,0,0,0,0,0,0,0,0,0,0
100076,2,1,1983,14,14,14,14,14,14,14,14,14,14
100077,1,1,1983,16,16,16,16,16,16,16,16,16,16
100078,0,1,1983,25,25,25,25,25,25,25,25,25,25
100078,1,1,1983,0,0,0,0,0,0,0,0,0,0
100079,1,1,1983,15,15,15,15,15,15,15,15,15,15
100080,0,1,1983,0,0,0,0,0,0,0,0,0,0
100080,1,1,1983,0,0,0,0,0,0,0,0,0,0
100080,2,1,1983,0,0,0,0,0,0,0,0,0,0
100080,3,1,1983,0,0,0,0,0,0,0,0,0,0
100081,0,1,1983,0,0,0,0,0,0,0,0,0,0
100081,1,1,1983,23,23,23,23,23,23,23,23,23,23
100082,1,1,1983,21,21,21,21,21,21,21,21,21,21
100083,1,1,1983,0,0,0,0,0,0,0,0,0,0
100084,1,1,1983,5,5,5,5,5,5,5,5,5,5
100084,2,1,1983,3,3,3,3,3,3,3,3,3,3
100085,1,1,1983,3,3,3,3,3,3,3,3,3,3
100085,2,1,1983,15,15,15,15,15,15,15,15,15,15
100086,1,1,1983,33,33,33,33,33,33,33,33,33,33
100087,1,1,1983,29,29,29,29,29,29,29,29,29,29
100088,1,1,1983,14,14,14,14,14,14,14,14,14,14
100088,2,1,1983,0,0,0,0,0,0,0,0,0,0
100089,0,1,1983,0,0,0,0,0,0,0,0,0,0
100089,1,1,1983,18,18,18,18,18,18,18,18,18,18
100090,1,1,1983,20,20,20,20,20,20,20,20,20,20
100091,1,1,1983,0,0,0,0,0,0,0,0,0,0
100092,1,1,1983,0,0,0,0,0,0,0,0,0,0
100092,2,1,1983,0,0,0,0,0,0,0,0,0,0
100093,1,1,1983,13,13,13,13,13,13,13,13,13,13
100094,1,1,1983,0,0,0,0,0,0,0,0,0,0
100095,1,1,1983,0,0,0,0,0,0,0,0,0,0
100096,1,1,1983,18,18,18,18,18,18,18,18,18,18
100097,1,1,1983,15,15,15,15,15,15,15,15,15,15
100097,2,1,1983,22,22,22,22,22,22,22,22,22,22
100098,1,1,1983,17,17,17,17,17,17,17,17,17,17
110001,1,1,1983,0,0,0,0,0,0,0,0,0,0
110002,1,1,1983,16,16,16,16,16,16,16,16,16,16
110002,2,1,1983,8,8,8,8,8,8,8,8,8,8
110003,0,1,1983,46,46,46,46,46,46,46,46,46,46
110003,1,1,1983,0,0,0,0,0,0,0,0,0,0
110004,1,1,1983,0,0,0,0,0,0,0,0,0,0
110005,1,1,1983,4,4,4,4,4,4,4,4,4,4
110006,1,1,1983,10,10,10,10,10,10,10,10,10,10
110006,2,1,1983,28,28,28,28,28,28,28,28,28,28
110007,1,1,1983,0,0,9,0,0,0,30,0,28,6
110008,0,1,1983,44,44,44,44,44,44,44,44,44,44
110008,1,1,1983,0,0,0,0,0,0,0,8,0,0
110009,1,1,1983,0,0,0,0,0,0,0,0,0,0
110009,2,1,1983,11,11,11,11,11,11,11,11,11,11
110010,0,1,1983,0,0,0,0,0,0,0,0,0,0
110010,1,1,1983,0,0,0,0,0,0,0,0,0,0
110010,2,1,1983,0,0,0,0,0,0,0,0,0,0
110011,1,1,1983,13,13,13,13,13,13,13,13,13,13
110011,2,1,1983,0,0,0,0,0,0,0,0,0,0
110012,1,1,1983,0,0,0,0,0,0,0,0,0,0
110012,2,1,1983,18,18,18,18,18,18,18,18,18,18
110013,0,1,1983,3,3,3,3,3,3,3,3,3,3
110013,1,1,1983,0,0,10,16,0,0,8,0,0,2
110014,1,1,1983,0,0,0,0,0,0,0,0,0,0
110014,2,1,1983,0,0,0,0,0,0,0,0,0,0
110015,1,1,1983,17,17,17,17,17,17,17,17,17,17
110016,1,1,1983,0,0,0,0,0,0,0,0,0,0
110017,0,1,1983,0,0,0,0,0,0,0,0,0,0
110017,1,1,1983,0,21,0,0,0,0,0,0,0,0
110018,0,1,1983,0,0,0,0,0,0,0,0,0,0
110018,1,1,1983,0,0,0,0,0,0,0,0,0,0
110019,1,1,1983,10,10,10,10,10,10,10,10,10,10
110019,2,1,1983,0,0,0,0,0,0,0,0,0,0
110020,1,1,1983,24,24,24,24,24,24,24,24,24,24
110020,2,1,1983,0,0,16,0,9,0,0,0,0,0
110020,3,1,1983,6,6,6,6,6,6,6,6,6,6
110021,1,1,1983,20,20,20,20,20,20,20,20,20,20
110021,2,1,1983,0,0,0,0,0,0,0,0,0,0
110022,1,1,1983,0,0,0,0,0,0,0,0,0,0
110023,1,1,1983,24,24,24,24,24,24,24,24,24,24
110023,2,1,1983,0,13,0,0,0,15,0,19,0,0
110023,3,1,1983,0,0,0,0,0,0,19,0,0,0
110024,1,1,1983,0,0,0,0,0,0,0,0,0,0
110024,2,1,1983,0,0,0,0,0,0,0,0,0,0
110025,1,1,1983,19,19,19,19,19,19,19,19,19,19
110025,2,1,1983,0,0,0,0,0,0,0,0,0,0
110025,3,1,1983,0,0,0,0,0,0,0,0,0,0
110026,1,1,1983,26,26,26,26,26,26,26,26,26,26
110026,2,1,1983,0,0,20,17,16,0,0,13,14,31
110027,1,1,1983,0,0,0,0,10,0,0,0,0,0
110028,1,1,1983,0,0,0,0,0,0,0,0,0,0
110028,2,1,1983,0,0,0,0,0,0,0,0,0,0
110029,1,1,1983,0,0,0,0,0,0,0,0,0,0
110029,2,1,1983,0,0,0,0,0,0,0,0,0,0
110030,1,1,1983,24,0,0,0,0,0,0,0,0,0
110031,1,1,1983,0,0,0,0,0,0,0,0,0,0
110031,2,1,1983,0,0,0,0,0,0,0,0,0,0
110032,0,1,1983,0,0,0,0,0,0,0,0,0,0
110033,0,1,1983,0,34,0,0,0,0,0,0,0,0
110033,0,2,1983,0,0,0,0,19,0,20,13,24,0
110033,1,1,1983,0,0,0,0,0,0,0,0,0,0
110034,0,1,1983,0,0,0,0,0,0,0,0,0,0
110034,1,1,1983,0,0,0,0,0,0,0,3,0,0
110035,1,1,1983,0,0,15,0,12,10,9,6,13,17
110035,2,1,1983,0,0,0,0,0,0,17,0,26,0
110036,0,1,1983,0,0,0,0,0,0,0,0,0,0
110036,1,1,1983,32,32,32,32,32,32,32,32,32,32
110037,0,1,1983,0,0,0,0,0,0,0,0,41,0
110037,1,1,1983,0,0,0,0,0,0,0,0,0,0
110038,0,1,1983,8,8,8,8,8,8,8,8,8,8
110038,1,1,1983,0,0,0,0,0,0,0,0,0,0
110039,1,1,1983,4,33,11,22,9,0,24,15,19,13
110040,0,1,1983,0,0,0,0,0,0,0,0,0,0
110040,1,1,1983,0,0,0,0,0,0,0,0,0,0
110041,0,1,1983,13,13,13,13,13,13,13,13,13,13
110041,1,1,1983,0,0,0,0,0,0,0,0,0,0
110042,0,1,1983,0,0,0,0,0,0,0,0,0,0
110042,1,1,1983,0,0,0,0,0,0,0,0,0,0
110043,1,1,1983,0,0,0,0,0,0,0,0,0,0
110044,0,1,1983,0,0,0,0,0,0,0,0,0,0
110044,1,1,1983,0,0,11,0,0,0,0,0,0,0
110045,1,1,1983,0,0,0,0,0,0,0,0,0,0
110045,2,1,1983,7,7,7,7,7,7,7,7,7,7
110046,0,1,1983,0,0,0,0,0,0,0,0,0,0
110046,1,1,1983,0,12,0,0,0,0,0,0,0,6
110047,0,1,1983,32,32,32,32,32,32,32,32,32,32
110047,1,1,1983,27,0,0,0,0,0,0,0,0,0
110049,0,1,1983,0,0,0,0,0,0,0,0,0,0
110049,0,2,1983,0,30,37,19,12,29,21,0,25,23
110049,0,3,1983,31,29,10,19,15,35,22,13,8,0
110049,1,1,1983,6,6,6,6,6,6,6,6,6,6
110050,0,1,1983,0,0,0,0,0,0,0,0,0,0
110050,1,1,1983,14,14,14,14,14,14,14,14,14,14
110051,1,1,1983,0,0,0,0,0,0,0,0,0,0
110051,2,1,1983,0,0,0,0,0,0,0,0,12,0
110052,1,1,1983,0,0,0,0,0,0,0,0,0,0
110052,2,1,1983,5,5,5,5,5,5,5,5,5,5
110052,3,1,1983,18,21,7,0,17,11,19,19,12,15
110053,1,1,1983,0,0,0,0,0,0,0,0,2,0
110054,1,1,1983,0,0,0,0,0,0,0,0,0,0
110054,2,1,1983,0,0,0,0,0,0,0,0,0,0
110054,3,1,1983,2,13,0,9,0,7,0,0,0,0
110055,0,1,1983,21,21,21,21,21,21,21,21,21,21
110055,1,1,1983,12,0,0,0,0,0,0,0,17,0
110056,0,1,1983,36,36,36,36,36,36,36,36,36,36
110056,1,1,1983,0,0,0,0,17,0,0,0,10,0
110057,1,1,1983,21,21,21,21,21,21,21,21,21,21
110057,2,1,1983,0,0,0,0,0,0,0,0,0,0
110058,1,1,1983,18,18,18,18,18,18,18,18,18,18
110058,2,1,1983,0,13,0,15,0,15,7,8,0,0
110059,0,1,1983,11,11,11,11,11,11,11,11,11,11