ST_CASE,VEH_NO,PER_NO,YEAR,P1,P2,P3,P4,P5,P6,P7,P8,P9,P10
110059,1,1,1983,0,0,0,8,0,0,0,0,0,3
120001,1,1,1983,22,21,24,18,9,10,24,20,24,0
120001,2,1,1983,19,10,6,12,0,20,8,12,13,0
120002,0,1,1983,22,24,0,28,21,3,24,19,53,25
120002,1,1,1983,7,9,21,14,15,13,27,27,21,16
120003,1,1,1983,0,0,0,0,29,23,14,0,6,0
120004,1,1,1983,15,25,18,15,22,13,17,23,23,14
120005,1,1,1983,35,35,35,35,35,35,35,35,35,35
120005,2,1,1983,13,9,18,9,10,12,6,22,36,19
120006,1,1,1983,0,0,22,0,0,0,0,0,0,0
120007,0,1,1983,4,0,24,41,0,12,0,15,28,0
120007,1,1,1983,10,10,10,10,10,10,10,10,10,10
120008,1,1,1983,24,26,21,15,15,16,12,12,17,14
120009,0,1,1983,0,0,0,0,0,0,0,0,0,0
120009,1,1,1983,0,0,0,0,0,0,0,0,0,0
120010,1,1,1983,0,0,0,7,9,5,8,0,12,0
120010,2,1,1983,0,0,0,0,16,0,0,0,0,0
120011,1,1,1983,18,11,18,5,0,19,14,30,0,24
120012,0,1,1983,0,0,0,0,0,0,0,23,0,0
120012,1,1,1983,0,0,0,0,0,0,0,0,0,0
120013,0,1,1983,0,0,0,0,0,0,0,0,0,0
120013,1,1,1983,0,0,0,0,0,0,0,0,0,0
120014,1,1,1983,12,22,46,29,17,17,0,28,11,20
120015,1,1,1983,0,0,0,0,15,0,0,0,23,0
120015,2,1,1983,0,0,0,0,0,0,0,0,0,0
120016,0,1,1983,32,0,0,0,0,0,0,0,18,0
120016,1,1,1983,0,0,0,0,0,0,0,0,0,0
120017,1,1,1983,22,0,14,0,35,11,12,44,11,0
120018,1,1,1983,23,27,15,19,18,14,26,20,17,12
120019,0,1,1983,15,19,12,11,9,25,15,23,24,37
120019,1,1,1983,0,0,0,0,29,0,0,0,0,8
120020,1,1,1983,0,0,0,7,9,0,0,0,8,23
120020,2,1,1983,21,22,22,40,13,16,27,21,20,10
120022,1,1,1983,0,0,0,0,0,0,0,0,0,0
120022,2,1,1983,0,0,0,0,0,0,0,0,0,0
120023,0,1,1983,9,0,0,19,0,0,0,0,0,22
120023,1,1,1983,13,9,11,7,6,19,20,8,0,12
120025,0,1,1983,19,34,19,20,30,8,22,14,18,2
120025,1,1,1983,20,8,17,17,35,15,4,18,10,16
120026,1,1,1983,0,0,0,0,0,0,0,0,0,0
120026,2,1,1983,0,0,0,0,22,0,0,0,0,0
120027,1,1,1983,28,13,0,0,0,0,0,0,0,0
120027,2,1,1983,0,0,0,0,0,0,0,0,0,0
120029,0,1,1983,0,0,22,21,0,32,16,29,0,21
120029,1,1,1983,15,32,16,12,13,10,4,19,7,6
120030,0,1,1983,27,26,25,11,8,24,25,11,18,13
120030,1,1,1983,0,0,19,9,0,17,7,21,0,0
120031,1,1,1983,23,22,0,0,0,0,13,0,23,0
120032,1,1,1983,23,7,0,17,20,20,11,2,25,5
120032,2,1,1983,0,0,0,0,0,0,0,0,0,3
120033,1,1,1983,21,0,26,22,18,0,0,0,0,21
120035,0,1,1983,21,13,32,15,22,18,0,23,11,22
120035,1,1,1983,0,0,0,0,0,0,0,0,0,0
120037,1,1,1983,8,8,8,8,8,8,8,8,8,8
120037,2,1,1983,0,0,10,22,22,0,13,0,14,22
120038,1,1,1983,33,14,12,0,0,24,0,8,0,19
120038,2,1,1983,0,0,0,18,0,0,0,0,0,0
120040,1,1,1983,0,0,0,0,0,0,0,0,18,15
120041,1,1,1983,0,0,0,0,0,0,0,0,0,0
120041,2,1,1983,0,0,0,0,0,0,0,0,0,0
120042,0,1,1983,12,17,35,0,0,0,12,0,0,0
120042,0,2,1983,8,36,15,6,16,11,21,11,23,0
120042,1,1,1983,0,0,0,0,0,4,0,0,0,0
120043,1,1,1983,0,0,19,18,0,0,0,0,0,0
120044,1,1,1983,0,0,0,0,0,0,0,0,0,0
120044,2,1,1983,0,0,0,0,0,0,0,0,0,0
120045,1,1,1983,0,0,0,0,0,0,0,0,0,0
120045,2,1,1983,0,0,0,0,0,0,0,0,0,0
120046,1,1,1983,12,0,22,0,11,11,13,11,0,15
120046,2,1,1983,0,0,0,0,0,0,0,0,0,0
120050,1,1,1983,28,35,9,25,35,23,19,0,20,18
120051,0,1,1983,0,0,20,0,0,0,13,6,11,27
120051,1,1,1983,0,0,0,4,0,0,0,0,12,0
120052,1,1,1983,19,13,9,14,5,9,0,24,9,9
120052,2,1,1983,3,0,0,0,0,5,0,0,12,38
120053,1,1,1983,20,20,20,20,20,20,20,20,20,20
120053,2,1,1983,0,0,0,0,0,0,0,13,5,0
120054,1,1,1983,0,0,0,0,0,0,0,0,0,0
120054,2,1,1983,0,17,0,0,0,0,0,0,0,18
120055,0,1,1983,0,12,0,25,0,21,0,0,0,0
120055,1,1,1983,0,0,0,0,0,0,0,0,0,0
120058,0,1,1983,15,17,22,17,16,27,35,5,26,34
120058,1,1,1983,0,0,0,0,0,0,0,0,0,0
120060,1,1,1983,29,8,16,12,14,24,18,14,28,10
120061,1,1,1983,0,0,0,0,15,0,0,0,0,0
120062,0,1,1983,12,23,20,18,10,0,25,15,9,5
120062,1,1,1983,0,0,0,0,0,0,0,0,0,0
120063,1,1,1983,0,0,0,0,0,0,0,0,0,17
120063,2,1,1983,0,0,0,0,0,0,0,0,0,0
120065,1,1,1983,0,7,12,33,24,0,0,19,4,0
120066,1,1,1983,0,0,0,0,0,0,0,0,0,0
120066,2,1,1983,0,0,0,0,0,0,0,0,0,17
120067,1,1,1983,13,22,14,23,14,16,13,15,19,16
120067,2,1,1983,0,0,0,0,0,0,0,0,0,0
120070,1,1,1983,11,14,19,11,25,15,0,12,22,23
120071,1,1,1983,20,0,0,0,0,0,0,0,0,21
120071,2,1,1983,0,0,0,0,0,0,0,0,0,0
120072,1,1,1983,20,18,28,16,20,30,22,27,29,15
120073,1,1,1983,5,8,0,18,32,14,9,3,11,14
120073,2,1,1983,0,0,0,0,0,0,0,0,0,0
120074,1,1,1983,0,0,0,0,0,0,0,0,0,0
120074,2,1,1983,0,0,0,0,0,0,0,0,15,0
120074,3,1,1983,0,0,0,0,0,0,0,0,0,0
120074,4,1,1983,0,0,0,0,0,0,0,0,0,0
120075,1,1,1983,0,0,11,42,5,0,0,0,17,18
120075,2,1,1983,0,0,0,0,0,0,10,0,0,0
120076,0,1,1983,24,26,37,20,33,9,18,25,28,17
120076,1,1,1983,5,8,2,35,13,0,28,10,4,10
120077,1,1,1983,10,10,8,6,0,4,21,17,19,14
120077,2,1,1983,0,0,0,0,0,24,0,0,0,0
120078,1,1,1983,13,25,24,28,20,20,11,0,0,22
120078,2,1,1983,0,0,0,0,0,0,0,0,0,0
120079,1,1,1983,0,0,0,0,0,0,0,0,0,0
120079,2,1,1983,0,0,0,0,0,0,0,0,0,0
120080,1,1,1983,0,0,26,0,0,0,0,0,25,11
120081,1,1,1983,13,0,0,0,0,0,0,26,10,0
120081,2,1,1983,0,0,0,0,0,0,5,0,0,0
120084,1,1,1983,16,23,0,15,0,0,0,15,0,28
120085,0,1,1983,22,30,9,8,26,22,26,10,19,26
120085,1,1,1983,12,24,17,18,2,24,12,20,5,22
120087,1,1,1983,0,0,0,5,0,6,0,0,0,0
120087,2,1,1983,0,0,0,0,0,0,0,0,0,0
120088,1,1,1983,12,0,0,12,0,23,5,10,0,26
120089,1,1,1983,5,5,5,5,5,5,5,5,5,5
120091,1,1,1983,19,19,19,19,19,19,19,19,19,19
120092,1,1,1983,14,24,16,23,7,4,11,4,8,14
120092,2,1,1983,17,0,0,17,30,17,12,0,22,0
120093,1,1,1983,0,0,0,0,0,0,0,0,0,0
120093,2,1,1983,0,13,0,0,0,0,0,0,0,0
120094,1,1,1983,23,23,23,23,23,23,23,23,23,23
120094,2,1,1983,0,0,0,0,0,0,0,0,0,0
120095,1,1,1983,0,0,0,6,7,24,16,16,8,20
120096,0,1,1983,9,0,0,0,0,0,17,24,11,0
120096,1,1,1983,0,0,0,0,0,0,0,0,0,0
120097,0,1,1983,0,0,0,0,0,0,0,0,0,0
120097,1,1,1983,0,0,0,0,0,0,0,0,0,0
120098,1,1,1983,15,3,11,23,26,11,15,17,23,6
120098,2,1,1983,0,0,0,23,0,0,0,18,0,10
120099,1,1,1983,0,0,0,0,0,0,0,0,0,0
120099,2,1,1983,0,0,0,17,0,0,0,0,0,0
120100,1,1,1983,37,14,19,15,18,21,10,8,13,13
120101,1,1,1983,0,0,0,0,0,0,0,0,0,0
120101,2,1,1983,0,0,0,0,0,0,0,0,0,0
120103,1,1,1983,0,0,0,0,0,0,0,0,0,0
120103,2,1,1983,0,0,0,0,0,0,0,0,0,0
120103,3,1,1983,0,0,0,0,0,0,0,0,0,0
120103,4,1,1983,0,0,0,0,0,0,0,0,4,0
120104,1,1,1983,25,18,12,17,18,0,0,40,0,0
120106,0,1,1983,0,0,0,0,0,0,0,7,0,0
120106,1,1,1983,0,0,0,0,0,0,0,0,0,0
120107,0,1,1983,0,0,0,0,0,0,0,0,0,0
120107,1,1,1983,0,12,14,7,18,13,8,8,12,10
120107,2,1,1983,0,0,11,13,16,7,13,4,10,17
120109,0,1,1983,16,21,19,16,23,9,17,23,24,35
120109,1,1,1983,16,8,15,21,8,11,4,18,15,22
120110,1,1,1983,20,27,10,7,15,10,13,7,7,7
120110,2,1,1983,0,0,0,0,0,0,0,0,0,0
120111,1,1,1983,10,28,30,21,11,18,18,16,21,30
120112,1,1,1983,5,11,0,13,15,12,17,8,16,23
120113,1,1,1983,20,24,9,0,12,13,10,7,8,13
120115,1,1,1983,0,0,0,0,0,0,0,0,0,12
120115,2,1,1983,0,0,0,0,0,0,0,0,0,0
120116,1,1,1983,8,0,4,0,17,14,8,19,15,17
120117,1,1,1983,31,42,28,32,18,32,10,7,10,17
120118,1,1,1983,0,0,0,0,0,0,0,0,0,0
120118,2,1,1983,13,28,0,11,7,25,28,12,0,3
120119,1,1,1983,16,27,19,14,23,20,10,17,6,14
120120,0,1,1983,23,23,23,23,23,23,23,23,23,23
120120,1,1,1983,0,0,0,6,0,0,0,0,13,0
120121,1,1,1983,0,0,8,0,0,13,0,0,0,0
120122,1,1,1983,0,0,0,0,0,0,0,0,0,0
120122,2,1,1983,0,0,0,0,0,0,0,0,0,0
120123,1,1,1983,0,0,0,17,0,0,11,0,0,0
120123,2,1,1983,0,0,0,0,20,0,0,0,0,0
120123,3,1,1983,0,0,0,0,0,0,0,0,0,0
120124,1,1,1983,0,0,0,0,0,0,0,0,9,0
120124,2,1,1983,0,0,0,0,0,9,12,0,0,0
120125,0,1,1983,14,8,0,0,0,0,0,33,0,0
120125,1,1,1983,0,0,0,0,0,0,0,0,0,0
120126,1,1,1983,0,17,25,21,15,12,23,9,32,7
120127,0,1,1983,0,0,0,0,0,0,0,0,17,21
120127,0,2,1983,0,0,0,0,0,0,0,0,0,0
120127,1,1,1983,0,0,0,0,0,0,0,0,0,21
120128,1,1,1983,18,25,14,25,26,0,24,12,0,0
120128,2,1,1983,0,17,11,0,0,28,9,24,0,15
120128,3,1,1983,0,0,0,0,0,0,0,0,0,0
120129,1,1,1983,0,8,0,9,7,12,15,0,6,16
120129,2,1,1983,12,0,2,0,9,5,23,5,22,18
120130,1,1,1983,9,6,16,7,41,18,5,13,4,0
120130,2,1,1983,0,7,0,13,0,14,11,0,6,0
120131,0,1,1983,0,0,0,0,0,0,0,0,0,0
120131,1,1,1983,0,23,7,15,28,13,15,10,13,4
120132,0,1,1983,19,0,0,14,0,21,24,25,0,0
120132,1,1,1983,0,0,8,0,0,0,0,0,0,0
120133,0,1,1983,0,29,21,0,0,0,10,0,0,0
120133,1,1,1983,13,14,18,0,6,21,20,29,11,19
120134,1,1,1983,0,0,17,0,0,0,0,0,0,0
120135,1,1,1983,0,0,0,0,0,0,0,0,0,0
120135,2,1,1983,0,0,0,0,0,0,0,0,0,0
120136,0,1,1983,0,27,0,0,0,24,27,0,18,0
120136,1,1,1983,0,0,22,0,0,0,0,0,0,0
120137,0,1,1983,0,0,26,0,0,0,0,36,0,0
120137,1,1,1983,17,17,20,13,16,23,15,10,16,14
120138,1,1,1983,17,18,14,10,25,11,14,0,20,16
120139,0,1,1983,0,6,20,0,59,24,31,18,34,26
120139,1,1,1983,0,0,0,0,0,0,0,0,0,0
120140,1,1,1983,19,0,44,0,31,12,19,27,21,11
120140,2,1,1983,16,11,10,18,7,24,39,9,14,11
120141,1,1,1983,10,34,14,0,23,5,15,16,9,33
120142,1,1,1983,8,0,0,0,0,0,0,0,0,0
120142,2,1,1983,0,0,0,0,0,0,0,0,0,0
120143,0,1,1983,16,35,0,0,0,0,0,0,18,24
120143,1,1,1983,0,0,0,0,0,0,0,0,0,0
120144,1,1,1983,0,0,0,0,0,0,0,0,0,0
120144,2,1,1983,0,31,0,0,0,0,0,0,0,0
120146,1,1,1983,0,0,0,0,0,0,0,0,0,0
120146,2,1,1983,0,0,0,0,0,0,0,0,0,0
120147,1,1,1983,0,0,0,0,0,0,0,0,0,0
120147,2,1,1983,0,0,0,0,0,0,0,0,0,0
120148,0,1,1983,16,0,26,17,39,0,3,29,0,0
120148,1,1,1983,0,0,0,0,29,17,0,0,0,0
120149,1,1,1983,0,0,0,24,0,0,0,0,0,0
120149,2,1,1983,0,0,13,0,0,0,0,0,15,0
120150,1,1,1983,0,29,0,0,0,23,24,0,13,24
120151,1,1,1983,0,0,0,0,0,0,0,0,0,0
120151,2,1,1983,0,0,0,0,0,0,0,0,0,0
120152,1,1,1983,14,0,0,18,0,0,0,0,0,0
120153,0,1,1983,19,0,0,0,0,0,0,0,0,0
120153,1,1,1983,16,22,18,22,10,11,5,21,15,15
120154,0,1,1983,0,0,0,0,0,0,0,0,0,0
120154,1,1,1983,0,0,0,0,0,0,0,0,0,0
120156,1,1,1983,16,36,27,0,26,28,7,10,32,0
120156,2,1,1983,0,0,0,0,0,0,0,7,0,0
120157,1,1,1983,11,2,5,0,16,0,10,13,7,19
120157,2,1,1983,0,0,0,4,0,0,0,0,0,0
120158,0,1,1983,25,0,24,20,26,34,11,25,44,17
120158,1,1,1983,22,16,0,20,9,11,14,30,10,18
120159,1,1,1983,0,0,0,0,15,0,0,13,0,0
120159,2,1,1983,8,8,9,15,16,16,21,19,24,5
120160,1,1,1983,10,10,10,10,10,10,10,10,10,10
120160,2,1,1983,0,0,0,0,0,0,0,0,19,8
120161,0,1,1983,16,48,38,26,12,10,18,22,23,24
120161,1,1,1983,16,0,0,0,0,0,0,5,0,0
120162,1,1,1983,0,0,0,0,0,0,0,11,0,20
120163,0,1,1983,21,0,0,0,34,0,17,0,0,0
120163,1,1,1983,15,15,15,15,15,15,15,15,15,15
120164,1,1,1983,8,15,0,0,0,0,10,17,13,14
120164,2,1,1983,9,9,9,9,9,9,9,9,9,9
120165,0,1,1983,23,27,8,7,15,29,28,17,20,17
120165,1,1,1983,0,0,0,0,20,11,0,33,0,0
120166,1,1,1983,10,0,22,32,35,33,6,12,8,14
120167,1,1,1983,23,0,19,6,21,20,18,22,33,17
120167,2,1,1983,0,12,0,0,0,0,0,0,0,0
120168,1,1,1983,0,0,0,0,0,0,0,0,0,0
120168,2,1,1983,0,0,0,0,0,0,0,0,0,0
120170,0,1,1983,20,0,0,0,0,0,0,0,0,0
120170,1,1,1983,0,0,0,0,0,0,0,0,0,0
120171,1,1,1983,25,14,19,25,20,30,20,20,15,36
120172,1,1,1983,0,0,0,0,0,0,0,0,0,0
120172,2,1,1983,20,0,0,0,0,0,0,0,0,0
120173,0,1,1983,0,0,0,0,0,0,0,0,0,0
120173,1,1,1983,0,0,0,0,0,0,0,0,0,0
120174,1,1,1983,0,0,0,0,0,0,0,0,0,0
120174,2,1,1983,0,0,0,0,0,0,0,0,10,0
120175,1,1,1983,22,21,12,15,17,17,21,21,22,17
120176,0,1,1983,0,0,0,0,0,0,0,0,16,0
120176,1,1,1983,0,0,0,17,22,0,0,16,0,0
120177,1,1,1983,21,13,26,2,26,11,8,16,25,23
120178,0,1,1983,21,28,3,23,27,10,28,18,12,19
120178,1,1,1983,0,0,0,0,0,0,0,0,0,0
120179,0,1,1983,23,16,12,22,16,12,12,22,6,25
120179,1,1,1983,0,0,0,32,0,0,0,0,0,0
120180,1,1,1983,0,0,0,15,0,0,0,0,0,0
120180,2,1,1983,0,0,0,9,0,0,0,0,0,0
120181,1,1,1983,0,22,0,0,0,0,0,0,0,0
120181,2,1,1983,17,0,24,0,0,19,0,19,0,0
120182,0,1,1983,0,19,30,13,16,42,0,0,0,7
120182,1,1,1983,3,3,3,3,3,3,3,3,3,3
120183,1,1,1983,0,0,0,0,0,0,0,0,7,0
120183,2,1,1983,0,0,0,0,0,0,0,0,0,0
120184,1,1,1983,8,10,29,30,31,15,17,9,3,20
120184,2,1,1983,0,0,0,0,0,0,0,0,0,0
120185,0,1,1983,11,30,0,24,14,0,0,44,0,20
120185,1,1,1983,9,7,30,14,5,8,11,13,8,29
120186,1,1,1983,8,8,8,8,8,8,8,8,8,8
120186,2,1,1983,0,0,0,0,0,0,0,0,0,0
120187,1,1,1983,0,12,0,0,0,0,0,0,0,0
120187,2,1,1983,0,0,0,0,0,0,0,0,0,0
120188,1,1,1983,6,22,9,13,20,14,9,19,33,14
120188,2,1,1983,15,13,23,10,29,17,28,17,20,22
120189,1,1,1983,24,15,11,29,21,18,9,12,21,27
120190,1,1,1983,12,20,10,18,29,12,22,9,16,17
120190,2,1,1983,0,0,0,18,0,0,12,12,17,14
120191,1,1,1983,10,0,0,0,0,0,0,0,24,0
120192,0,1,1983,0,0,25,27,0,0,13,11,30,35
120192,1,1,1983,0,0,0,0,0,0,25,0,0,0
120193,0,1,1983,0,0,37,0,18,28,23,0,0,0
120193,1,1,1983,6,0,0,13,0,22,21,0,0,0
120194,1,1,1983,0,0,0,0,0,0,0,0,0,0
120194,2,1,1983,5,5,5,5,5,5,5,5,5,5
120195,1,1,1983,0,0,0,0,0,0,0,0,0,0
120195,2,1,1983,0,0,0,0,0,0,0,0,0,0
120195,3,1,1983,0,0,0,0,0,0,0,0,0,0
120195,4,1,1983,0,0,0,0,0,0,0,0,0,0
120195,5,1,1983,0,0,0,0,0,0,0,0,0,0
120196,1,1,1983,0,13,0,0,0,0,0,0,0,0
120197,1,1,1983,0,0,0,0,0,0,0,0,16,0
120197,2,1,1983,0,0,17,0,0,0,0,0,0,0
120198,1,1,1983,15,15,7,20,0,0,16,0,0,0
120198,2,1,1983,0,0,0,0,0,0,0,0,0,0
120199,0,1,1983,0,0,0,0,0,0,0,0,0,0
120199,1,1,1983,0,0,0,0,0,0,0,0,0,0
120200,0,1,1983,0,0,0,12,0,0,0,0,0,0
120200,1,1,1983,0,0,0,0,0,0,0,0,0,0
120201,1,1,1983,19,21,21,15,21,14,25,24,12,29
120202,1,1,1983,32,25,18,11,14,13,6,0,9,11
120202,2,1,1983,11,15,9,8,7,9,0,19,0,12
120203,1,1,1983,42,10,11,6,22,0,16,24,15,12
120204,1,1,1983,0,0,0,7,0,0,14,0,18,0
120205,1,1,1983,19,23,10,23,17,18,33,21,7,14
120206,1,1,1983,14,30,18,11,15,11,21,13,14,17
120206,2,1,1983,0,0,0,0,0,0,0,0,0,0
120207,1,1,1983,21,30,17,23,25,25,25,16,0,0
120208,1,1,1983,0,23,12,20,0,15,34,12,16,32
120208,2,1,1983,5,23,10,5,12,12,4,0,18,20
120209,1,1,1983,0,0,0,0,0,0,0,0,0,0
120209,2,1,1983,0,10,0,0,0,0,0,0,0,0
120210,1,1,1983,20,24,8,23,0,0,13,16,15,3
120210,2,1,1983,15,5,11,0,18,0,14,13,30,9
120211,0,1,1983,32,24,11,0,10,18,24,27,13,0
120211,1,1,1983,0,0,0,0,0,0,0,0,0,0
120212,1,1,1983,13,7,0,12,8,9,0,10,11,21
120212,2,1,1983,9,18,16,9,16,20,12,13,22,9
120213,1,1,1983,0,0,0,16,0,0,0,15,0,0
120213,2,1,1983,0,0,0,0,0,0,0,0,0,0
120214,1,1,1983,0,24,0,19,32,16,29,29,0,30
120215,1,1,1983,0,11,19,0,0,0,0,1,0,11
120216,0,1,1983,11,0,21,0,18,4,15,52,7,0
120216,1,1,1983,10,9,13,13,0,0,7,28,22,5
120217,1,1,1983,14,13,15,6,24,6,9,17,17,6
120217,2,1,1983,0,7,0,8,0,5,15,12,5,3
120218,0,1,1983,0,0,0,0,12,0,0,0,0,0
120218,0,2,1983,0,19,0,0,9,0,3,0,0,0
120218,1,1,1983,0,0,0,0,0,0,0,0,0,0
120219,1,1,1983,9,4,12,16,18,12,0,22,11,14
120220,1,1,1983,0,0,35,0,0,0,0,0,0,0
120220,2,1,1983,0,0,0,0,0,0,0,0,0,0
120221,1,1,1983,5,8,10,19,14,6,7,31,9,20
120222,1,1,1983,24,22,31,38,29,17,24,15,14,20
120223,1,1,1983,18,0,8,7,18,0,8,14,9,9
120223,2,1,1983,0,0,0,0,0,0,0,0,0,0
120224,1,1,1983,26,19,30,24,40,28,18,27,22,20
120225,1,1,1983,0,0,0,0,0,0,0,0,0,0
120225,2,1,1983,0,0,0,0,0,0,0,0,0,0
120225,3,1,1983,0,0,0,0,0,0,0,0,0,0
120226,1,1,1983,14,0,24,0,6,23,18,0,22,25
120226,2,1,1983,11,0,0,0,0,0,0,0,16,0
120227,1,1,1983,11,14,26,22,10,11,5,34,13,20
120228,1,1,1983,0,0,0,0,0,0,0,0,0,0
120228,2,1,1983,0,0,0,0,0,0,0,0,0,0
120229,0,1,1983,0,0,0,0,0,0,0,0,0,0
120229,1,1,1983,0,0,0,0,0,0,22,0,0,0
120230,1,1,1983,0,0,0,0,0,0,0,0,0,0
120230,2,1,1983,0,0,0,0,0,0,0,0,0,0
120231,1,1,1983,18,27,21,16,12,12,10,16,14,16
120231,2,1,1983,0,0,0,8,0,0,0,0,0,0
120232,1,1,1983,0,0,0,0,0,12,0,0,0,0
120232,2,1,1983,9,0,0,0,0,0,0,0,0,0
120233,1,1,1983,13,13,0,20,17,12,14,15,12,18
120234,1,1,1983,0,35,0,14,28,40,16,0,6,3
120234,2,1,1983,0,0,0,0,0,0,0,0,0,0
120235,1,1,1983,23,23,14,39,8,8,15,21,19,21
120236,1,1,1983,17,24,12,23,13,13,18,0,10,19
120236,2,1,1983,3,3,3,3,3,3,3,3,3,3
120237,1,1,1983,0,12,0,13,0,0,0,0,0,0
120238,1,1,1983,0,28,31,18,11,0,17,27,27,28
120239,1,1,1983,21,6,0,0,22,12,7,0,0,13
120239,2,1,1983,0,2,0,0,10,23,25,0,16,11
120240,0,1,1983,0,0,0,0,0,0,0,0,0,0
120240,1,1,1983,0,0,0,11,0,0,0,0,0,0
120241,1,1,1983,0,0,0,0,0,0,0,0,0,0
120241,2,1,1983,0,14,0,0,0,0,0,0,0,0
120241,3,1,1983,0,0,0,0,0,0,0,0,0,0
120242,0,1,1983,18,0,0,19,17,7,0,0,0,0
120242,1,1,1983,17,0,0,0,9,0,11,0,0,0
120243,1,1,1983,18,0,8,28,12,23,15,6,0,19
120243,2,1,1983,0,22,15,0,12,0,0,0,14,0
120244,1,1,1983,24,26,26,13,0,26,10,11,20,10
120244,2,1,1983,0,0,0,0,0,0,0,0,0,0
120245,1,1,1983,0,0,0,0,0,0,0,17,0,0
120245,2,1,1983,0,0,0,0,15,0,0,0,0,0
120246,1,1,1983,23,26,27,0,22,30,9,24,28,25
120247,0,1,1983,11,29,8,26,16,31,23,27,13,14
120247,1,1,1983,0,0,0,0,0,0,0,0,0,0
120248,1,1,1983,18,10,34,17,15,14,0,16,22,13
120248,2,1,1983,0,0,0,0,0,0,0,0,0,0
120249,0,1,1983,0,34,0,0,0,23,23,34,0,18
120249,1,1,1983,0,4,17,15,21,7,0,7,0,13
120250,0,1,1983,0,29,0,20,0,0,0,0,0,0
120250,1,1,1983,0,0,0,11,0,0,0,0,0,0
120251,0,1,1983,0,0,13,0,39,0,18,0,23,13
120251,1,1,1983,0,5,16,0,13,11,14,14,18,0
120252,1,1,1983,0,0,0,20,24,22,0,27,5,0
120252,2,1,1983,6,0,0,0,0,0,5,0,0,0
120253,1,1,1983,19,11,36,21,3,16,12,29,34,30
120254,1,1,1983,8,0,0,29,18,19,0,14,25,17
120255,1,1,1983,12,13,0,8,9,0,11,21,25,12
120255,2,1,1983,14,18,0,10,28,26,22,20,12,26
120256,1,1,1983,0,0,0,0,0,0,0,0,0,0
120256,2,1,1983,0,0,0,0,0,0,0,0,0,0
120257,0,1,1983,0,0,0,0,0,0,0,0,21,0
120257,0,2,1983,12,0,36,0,0,30,0,40,0,0
120257,1,1,1983,0,0,0,0,0,0,0,0,0,0
120257,2,1,1983,0,0,0,0,0,0,0,0,29,0
120258,0,1,1983,0,0,0,17,0,35,0,0,0,0
120258,1,1,1983,23,0,0,0,0,0,0,0,0,0
120259,1,1,1983,0,0,0,0,0,0,0,0,0,0
120259,2,1,1983,0,0,0,0,0,0,0,0,0,0
120260,1,1,1983,0,0,0,0,0,0,0,0,0,0
120260,2,1,1983,0,0,0,0,0,0,0,0,0,0
120260,3,1,1983,0,0,0,0,0,0,0,0,0,0
120260,4,1,1983,0,0,0,0,0,0,0,0,0,0
120261,1,1,1983,0,0,0,0,0,0,0,0,0,0
120261,2,1,1983,0,0,0,0,0,0,0,0,0,0
120262,1,1,1983,0,0,0,0,0,0,0,0,0,0
120262,2,1,1983,8,0,0,0,0,0,14,15,0,0
120263,0,1,1983,0,14,0,0,0,0,0,0,0,0
120263,1,1,1983,0,0,0,0,0,0,0,0,0,0
120264,0,1,1983,0,0,0,0,0,0,0,0,0,0
120264,1,1,1983,0,0,0,0,0,0,0,0,0,0
120265,1,1,1983,0,0,0,14,28,0,0,25,0,0
120265,2,1,1983,9,3,14,19,10,24,0,12,0,16
120266,0,1,1983,17,27,26,43,7,0,0,16,0,19
120266,1,1,1983,0,0,0,0,0,0,0,0,0,10
120267,1,1,1983,14,0,0,0,0,0,0,0,0,0
120267,2,1,1983,0,0,0,0,0,0,0,0,0,0
120268,1,1,1983,12,0,0,0,0,0,0,0,0,14
120268,2,1,1983,0,0,0,12,0,0,0,0,0,0
120269,1,1,1983,0,0,0,0,0,12,0,0,21,0
120269,2,1,1983,11,0,0,0,0,0,0,0,0,0
120270,1,1,1983,0,0,0,0,0,0,0,0,0,0
120270,2,1,1983,7,0,0,0,0,11,0,0,11,0
120271,1,1,1983,2,2,2,2,2,2,2,2,2,2
120272,1,1,1983,10,13,19,23,3,10,7,21,31,8
120272,2,1,1983,0,0,0,0,0,0,0,0,0,0
120272,3,1,1983,0,0,0,0,0,0,0,0,0,0
120273,0,1,1983,0,35,0,0,0,11,0,0,0,0
120273,1,1,1983,0,0,0,0,0,0,0,0,0,0
120274,1,1,1983,0,0,0,0,0,0,0,0,0,0
120274,2,1,1983,0,0,0,0,0,0,0,0,0,0
120275,0,1,1983,0,0,0,0,0,0,0,0,0,0
120275,1,1,1983,14,13,10,14,30,20,19,19,5,17
120276,1,1,1983,0,0,0,0,0,11,0,0,0,0
120276,2,1,1983,0,0,0,0,0,0,0,0,0,0
120277,1,1,1983,0,0,0,0,0,0,0,0,0,0
120277,2,1,1983,0,0,0,0,0,0,0,0,0,0
120278,1,1,1983,8,0,0,0,0,18,0,0,14,0
120278,2,1,1983,3,0,0,0,0,0,0,0,0,0
120278,3,1,1983,0,0,0,0,0,0,0,0,0,0
120279,1,1,1983,21,0,25,11,18,25,13,28,18,32
120281,1,1,1983,0,0,0,0,0,0,0,0,0,0
120281,2,1,1983,20,10,0,20,0,8,21,9,10,12