ST_CASE,VEH_NO,PER_NO,YEAR,P1,P2,P3,P4,P5,P6,P7,P8,P9,P10
120282,1,1,1983,18,22,13,16,3,17,12,9,12,12
120282,2,1,1983,0,0,0,0,0,24,0,0,11,0
120283,1,1,1983,0,0,0,0,0,0,0,0,0,0
120283,2,1,1983,0,0,0,0,0,0,0,0,0,0
120283,3,1,1983,0,0,0,0,0,0,0,0,0,0
120284,0,1,1983,0,0,0,0,0,0,0,0,0,15
120284,0,2,1983,0,0,0,0,0,0,0,0,0,25
120284,1,1,1983,0,0,0,0,0,0,0,0,0,0
120285,1,1,1983,11,0,23,40,23,25,0,21,26,11
120286,1,1,1983,16,17,12,17,17,15,17,13,13,21
120287,1,1,1983,0,0,0,0,0,0,26,0,0,0
120288,1,1,1983,12,8,8,18,7,11,12,14,17,9
120288,2,1,1983,8,16,19,0,13,19,13,14,4,12
120288,3,1,1983,0,0,0,0,0,0,0,0,11,0
120290,1,1,1983,13,15,23,21,29,19,17,29,19,5
120291,1,1,1983,0,0,0,17,4,0,0,0,0,28
120292,1,1,1983,0,0,17,6,0,0,0,0,0,0
120292,2,1,1983,14,0,0,0,0,5,17,0,0,0
120292,3,1,1983,0,0,0,0,0,0,0,0,7,0
120296,1,1,1983,0,0,0,0,0,0,0,0,0,0
120296,2,1,1983,0,0,0,0,0,0,0,0,0,0
120297,1,1,1983,0,0,0,8,0,0,0,0,0,0
120298,1,1,1983,0,0,0,0,0,0,0,0,0,0
120298,2,1,1983,0,25,0,0,24,0,23,0,20,0
120299,1,1,1983,22,31,31,45,34,17,18,20,20,13
120299,2,1,1983,0,0,12,0,0,0,0,0,0,0
120300,0,1,1983,0,0,0,0,0,0,0,0,0,0
120300,1,1,1983,0,0,0,0,0,0,0,0,0,0
120301,1,1,1983,0,0,0,0,0,0,18,14,0,19
120302,1,1,1983,0,0,0,0,0,0,0,0,0,0
120302,2,1,1983,0,0,0,0,0,0,0,0,0,0
120303,1,1,1983,11,11,11,11,11,11,11,11,11,11
120303,2,1,1983,17,0,0,0,0,0,0,0,0,0
120304,1,1,1983,0,0,0,0,0,0,0,0,0,0
120304,2,1,1983,6,6,6,6,6,6,6,6,6,6
120305,0,1,1983,30,30,30,30,30,30,30,30,30,30
120305,1,1,1983,0,0,0,0,0,0,0,0,0,0
120306,1,1,1983,12,12,12,12,12,12,12,12,12,12
120307,1,1,1983,0,0,0,0,0,0,0,0,0,0
120307,2,1,1983,0,24,0,0,0,0,10,0,0,0
120308,1,1,1983,11,13,18,7,12,30,16,5,25,16
120309,0,1,1983,0,37,0,0,7,0,0,0,15,0
120309,1,1,1983,14,19,12,7,9,17,20,23,23,13
120309,2,1,1983,0,0,0,0,0,0,0,0,0,0
120310,1,1,1983,19,9,10,15,12,29,8,20,11,29
120311,1,1,1983,13,0,9,14,29,18,12,14,9,5
120311,2,1,1983,0,0,0,0,14,0,20,14,0,0
120312,1,1,1983,19,9,21,24,28,14,7,11,26,4
120313,1,1,1983,0,0,0,0,0,0,0,0,0,0
120313,2,1,1983,0,0,0,0,0,0,0,0,0,0
120314,1,1,1983,0,0,0,25,29,0,0,0,0,0
120315,0,1,1983,25,24,0,0,0,0,0,0,0,0
120315,1,1,1983,16,16,16,16,16,16,16,16,16,16
120316,0,1,1983,20,0,0,0,0,0,0,0,0,0
120316,1,1,1983,0,0,0,0,0,0,0,0,0,0
120317,1,1,1983,0,0,0,0,0,0,0,0,0,0
120317,2,1,1983,0,0,0,0,0,0,0,0,0,0
120318,1,1,1983,0,0,0,0,30,20,0,0,0,0
120318,2,1,1983,0,0,0,0,0,0,0,0,0,0
120319,1,1,1983,0,0,0,0,0,3,0,0,0,0
120320,1,1,1983,0,0,0,0,0,0,0,0,0,0
120320,2,1,1983,9,0,0,0,0,0,0,0,0,0
120323,1,1,1983,0,0,10,10,16,0,0,29,19,0
120324,0,1,1983,0,0,0,0,0,0,0,0,0,0
120324,1,1,1983,11,7,3,8,5,17,22,17,25,18
120325,1,1,1983,0,13,20,0,21,7,9,14,0,0
120327,1,1,1983,19,36,7,34,32,9,0,7,14,22
120327,2,1,1983,0,0,0,0,0,0,0,0,0,0
120330,1,1,1983,0,0,0,0,0,0,0,0,0,0
120330,2,1,1983,0,0,0,0,0,0,0,0,0,0
120331,1,1,1983,0,0,0,0,0,0,0,0,0,0
120331,2,1,1983,0,0,0,0,0,0,0,0,0,0
120331,3,1,1983,0,0,0,0,0,0,0,0,0,0
120331,4,1,1983,0,0,0,0,0,0,0,0,0,0
120331,5,1,1983,0,0,0,0,0,0,0,0,12,0
120331,6,1,1983,0,0,0,0,0,0,0,0,0,0
120331,7,1,1983,0,0,0,0,0,0,0,0,0,0
120331,8,1,1983,0,0,0,0,0,0,0,0,0,0
120331,9,1,1983,0,0,0,11,0,0,0,0,0,0
120331,10,1,1983,0,0,0,0,0,0,0,0,0,0
120331,11,1,1983,0,0,0,0,0,0,0,0,0,0
120331,12,1,1983,0,0,0,0,0,0,0,0,0,0
120331,13,1,1983,0,0,0,0,0,0,0,0,0,0
120331,14,1,1983,0,0,0,0,0,0,0,0,0,0
120331,15,1,1983,0,0,0,0,0,0,0,0,0,0
120331,16,1,1983,0,0,0,0,0,0,0,0,0,0
120331,17,1,1983,0,0,0,0,0,0,0,0,0,0
120331,18,1,1983,0,0,0,0,0,0,0,0,0,0
120331,19,1,1983,0,0,0,0,0,0,0,0,0,0
120331,20,1,1983,0,0,0,0,0,0,0,0,0,0
120331,21,1,1983,0,0,0,0,0,0,2,0,0,0
120331,22,1,1983,0,0,0,0,0,0,0,0,0,0
120332,0,1,1983,0,0,0,0,0,0,0,0,0,0
120332,1,1,1983,0,0,0,0,0,0,0,0,0,0
120333,1,1,1983,0,38,0,0,0,0,0,0,13,25
120334,1,1,1983,0,0,0,0,0,0,0,0,0,0
120334,2,1,1983,21,22,21,35,0,32,19,14,9,29
120335,1,1,1983,0,19,8,6,17,19,8,7,17,13
120335,2,1,1983,0,0,0,0,0,0,0,0,0,0
120336,1,1,1983,0,0,0,0,0,0,0,0,0,0
120336,2,1,1983,0,0,0,0,0,0,0,0,0,0
120337,1,1,1983,14,16,9,5,21,6,23,12,13,0
120338,1,1,1983,0,16,31,0,7,0,0,0,0,32
120339,1,2,1983,21,13,10,23,23,22,11,7,13,0
120340,1,1,1983,15,17,5,2,20,17,16,22,21,16
120340,2,1,1983,35,7,20,4,25,10,9,10,12,17
120341,0,1,1983,14,26,17,24,22,21,31,27,0,23
120341,1,1,1983,0,0,0,0,0,0,0,0,0,0
120342,0,1,1983,29,28,16,23,0,9,24,25,32,10
120342,1,1,1983,0,0,0,2,0,0,0,0,0,16
120343,1,1,1983,12,16,19,42,15,16,28,14,13,22
120343,2,1,1983,0,20,0,0,0,0,0,0,0,0
120344,0,1,1983,0,0,0,0,0,0,0,0,0,0
120344,1,1,1983,11,7,0,21,19,13,5,5,29,22
120345,0,1,1983,0,0,0,0,0,0,0,0,0,0
120345,1,1,1983,0,0,0,0,0,0,0,0,4,0
120346,0,1,1983,8,0,22,12,9,18,5,6,0,31
120346,1,1,1983,0,11,0,0,0,0,0,13,0,0
120347,1,1,1983,25,10,12,15,7,14,12,0,9,34
120348,1,1,1983,10,6,8,18,0,0,12,16,11,19
120349,1,1,1983,0,0,11,0,0,0,0,0,0,0
120350,1,1,1983,0,0,0,0,0,0,0,0,0,0
120350,2,1,1983,17,21,23,18,25,27,18,18,21,23
120351,0,1,1983,0,0,0,0,0,0,0,0,0,0
120351,1,1,1983,0,0,0,0,0,0,0,0,0,0
120352,1,1,1983,13,0,9,6,9,18,0,0,16,12
120352,2,1,1983,0,0,0,0,7,0,0,0,0,0
120353,0,1,1983,0,0,0,0,0,0,0,0,0,0
120353,0,2,1983,0,0,0,0,0,0,0,0,0,0
120353,1,1,1983,0,0,0,0,0,0,0,0,0,0
120353,2,1,1983,0,0,0,0,0,0,0,0,0,0
120354,1,1,1983,0,0,0,0,0,0,19,9,22,22
120355,0,1,1983,31,21,1,0,10,30,18,20,9,11
120355,1,1,1983,0,0,0,0,0,2,0,0,0,0
120355,2,1,1983,0,0,0,11,0,0,4,0,0,0
120356,0,1,1983,0,0,0,0,0,0,0,0,0,0
120356,1,1,1983,0,0,0,0,0,0,0,0,0,0
120357,1,1,1983,17,13,19,14,18,12,14,16,16,13
120358,1,1,1983,20,20,20,20,20,20,20,20,20,20
120358,2,1,1983,0,0,0,0,0,0,0,0,0,0
120359,1,1,1983,16,23,28,9,21,13,32,4,17,29
120360,1,1,1983,0,0,0,0,0,0,0,0,0,0
120360,2,1,1983,0,26,19,0,34,24,16,17,19,0
120361,0,1,1983,29,29,29,29,29,29,29,29,29,29
120361,1,1,1983,0,28,0,0,0,0,18,0,0,0
120362,1,1,1983,23,13,17,0,14,25,26,17,14,17
120363,1,1,1983,14,30,20,36,24,12,0,14,29,12
120363,2,1,1983,21,16,12,23,7,10,28,13,21,0
120364,0,1,1983,16,18,27,17,13,17,13,21,10,30
120364,1,1,1983,0,0,11,0,0,7,0,0,0,0
120365,1,1,1983,0,0,0,0,0,0,0,0,0,0
120365,2,1,1983,10,0,0,0,0,0,0,0,0,0
120366,0,1,1983,0,0,15,0,0,0,0,0,0,0
120366,1,1,1983,0,0,0,0,0,0,0,0,0,0
120367,1,1,1983,0,31,10,0,0,0,0,31,19,0
120367,2,1,1983,14,21,0,24,0,0,0,0,0,0
120368,1,1,1983,0,0,0,0,0,0,0,0,0,0
120368,2,1,1983,0,0,0,0,0,0,0,0,0,0
120369,1,1,1983,15,14,43,21,13,13,0,5,10,27
120370,1,1,1983,14,0,12,26,3,11,17,19,5,22
120370,2,1,1983,0,0,0,13,0,0,10,0,0,7
120371,1,1,1983,13,13,22,12,20,8,31,11,28,5
120372,1,1,1983,0,0,0,0,0,0,0,0,0,0
120372,2,1,1983,0,0,0,11,0,0,0,0,0,0
120373,1,1,1983,0,0,0,0,0,0,0,0,0,0
120373,2,1,1983,0,0,0,0,0,0,0,0,0,0
120374,1,1,1983,0,0,0,0,34,0,0,0,0,0
120374,2,1,1983,9,12,13,20,16,23,18,9,0,19
120375,0,1,1983,0,0,0,0,0,0,0,0,0,0
120375,1,1,1983,0,0,0,0,0,0,0,0,0,0
120376,0,1,1983,0,0,0,0,21,0,9,20,0,0
120376,1,1,1983,0,0,0,0,0,0,0,0,0,0
120377,0,1,1983,0,0,5,0,0,0,0,0,0,18
120377,1,1,1983,4,0,13,10,43,0,8,23,25,0
120378,0,1,1983,24,22,24,14,37,28,30,17,24,20
120378,1,1,1983,9,23,18,10,17,15,20,29,20,0
120379,0,1,1983,0,18,39,34,35,17,29,25,15,16
120379,1,1,1983,0,0,0,0,0,0,0,0,0,0
120380,1,1,1983,21,21,21,21,21,21,21,21,21,21
120380,2,1,1983,0,0,0,0,0,0,0,0,0,0
120381,1,1,1983,45,45,45,45,45,45,45,45,45,45
120381,2,1,1983,0,0,0,0,0,0,0,0,0,0
120381,3,1,1983,0,0,0,10,0,0,0,0,0,0
120381,4,1,1983,0,0,0,0,0,0,0,0,0,0
120382,1,1,1983,17,17,18,11,12,19,18,7,23,18
120383,1,1,1983,34,0,0,0,0,0,0,0,0,0
120384,2,1,1983,0,0,0,0,0,0,23,0,0,0
120385,0,1,1983,0,0,0,0,0,0,0,0,0,0
120385,1,1,1983,0,0,0,0,0,5,0,0,0,0
120386,1,1,1983,1,1,1,1,1,1,1,1,1,1
120386,2,1,1983,21,21,21,21,21,21,21,21,21,21
120387,0,1,1983,0,0,0,0,0,0,0,0,0,0
120387,1,1,1983,0,0,0,0,0,0,0,0,0,0
120388,0,1,1983,6,6,6,6,6,6,6,6,6,6
120388,1,1,1983,0,0,0,0,9,0,0,0,0,0
120389,1,1,1983,0,0,0,5,5,0,6,0,28,0
120389,2,1,1983,0,0,0,0,0,0,0,0,0,0
120390,1,1,1983,11,15,16,5,0,16,5,18,15,7
120390,2,1,1983,0,0,0,0,0,0,0,0,0,0
120391,1,1,1983,22,17,15,13,10,17,0,14,22,0
120392,1,1,1983,19,19,24,34,0,0,0,5,14,11
120393,1,1,1983,16,18,0,12,34,35,15,20,21,25
120394,0,1,1983,55,17,35,26,0,0,0,0,0,0
120394,1,1,1983,0,0,0,9,22,25,13,0,0,0
120395,1,1,1983,18,23,15,17,12,27,9,18,25,26
120396,0,1,1983,0,0,10,0,0,0,0,0,0,0
120396,1,1,1983,0,0,0,0,0,0,0,0,0,0
120397,0,1,1983,0,0,16,0,0,14,0,0,0,0
120397,1,1,1983,0,0,0,0,0,0,0,0,0,0
120398,1,1,1983,11,7,0,6,4,20,0,9,20,22
120399,1,1,1983,0,0,0,0,0,0,0,0,0,0
120399,2,1,1983,0,0,0,0,0,0,0,0,0,0
120400,1,1,1983,0,13,34,4,24,6,31,32,31,18
120400,2,1,1983,0,0,0,0,0,0,0,0,0,0
120401,1,1,1983,9,15,18,7,3,17,20,14,10,14
120402,0,1,1983,0,0,17,0,0,0,0,0,0,0
120402,1,1,1983,0,0,0,0,0,0,0,0,5,14
120403,1,1,1983,0,0,0,0,22,0,0,22,0,0
120403,2,1,1983,0,0,0,0,15,0,0,0,0,0
120404,1,1,1983,23,18,0,17,17,0,10,0,0,22
120405,1,1,1983,28,10,18,17,4,22,22,6,28,11
120405,2,1,1983,21,11,6,11,20,14,19,13,23,7
120406,0,1,1983,0,0,0,0,0,0,0,0,0,0
120406,1,1,1983,0,0,0,0,0,0,0,0,0,0
120407,0,1,1983,15,0,40,0,18,13,17,0,28,20
120407,1,1,1983,0,0,0,0,0,10,0,0,0,0
120408,1,1,1983,0,0,0,0,0,0,0,0,0,0
120408,2,1,1983,0,0,0,0,0,0,0,0,0,0
120409,1,1,1983,13,15,9,10,10,21,14,16,18,5
120410,1,1,1983,0,0,0,0,0,0,0,0,0,0
120410,2,1,1983,0,0,0,0,0,0,0,0,0,0
120410,3,1,1983,0,0,0,0,0,0,0,0,0,0
120411,1,1,1983,5,0,16,0,31,18,0,22,10,0
120412,1,1,1983,0,0,0,0,0,0,12,0,0,0
120412,2,1,1983,11,0,0,0,0,0,0,0,0,0
120413,0,1,1983,0,0,0,0,0,0,0,0,0,0
120413,1,1,1983,0,0,0,0,0,0,0,0,0,0
120414,0,1,1983,0,0,25,14,9,10,0,0,0,0
120414,1,1,1983,0,0,0,0,0,0,0,0,0,0
120415,1,1,1983,0,0,0,0,0,0,0,0,0,0
120415,2,1,1983,0,0,0,0,0,0,0,0,0,0
120415,3,1,1983,0,0,0,0,0,0,0,0,0,0
120416,1,1,1983,0,0,0,0,0,0,0,0,0,0
120416,2,1,1983,0,0,0,0,0,0,0,0,0,0
120417,0,1,1983,0,17,0,0,0,0,0,0,0,0
120417,1,1,1983,0,0,0,0,0,0,13,0,0,0
120418,0,1,1983,38,0,15,15,0,7,0,6,0,7
120418,1,1,1983,0,0,0,0,0,0,0,16,0,0
120419,0,1,1983,0,0,0,0,0,0,0,0,0,0
120419,1,1,1983,0,0,0,0,0,0,0,0,0,0
120420,1,1,1983,0,0,0,0,0,0,0,0,0,0
120420,2,1,1983,15,5,6,12,9,14,10,10,19,11
120421,0,1,1983,0,25,0,0,0,0,0,0,0,0
120421,1,1,1983,0,0,0,0,0,0,0,0,0,0
120422,1,1,1983,0,0,14,5,27,0,0,0,0,0
120422,2,1,1983,0,0,0,0,0,0,0,0,6,0
120423,0,1,1983,0,24,0,9,0,0,31,0,35,33
120423,1,1,1983,16,9,20,14,21,14,0,9,0,0
120424,1,1,1983,17,16,15,17,21,17,18,31,27,18
120425,0,1,1983,24,26,21,55,39,28,42,6,27,10
120425,1,1,1983,0,0,0,0,0,0,0,0,6,0
120426,1,1,1983,13,35,26,30,24,28,18,20,32,10
120427,0,1,1983,19,10,10,12,22,16,12,21,35,18
120427,1,1,1983,7,7,7,7,7,7,7,7,7,7
120428,1,1,1983,0,0,0,0,0,0,0,0,0,0
120428,2,1,1983,0,0,0,0,18,0,0,0,0,0
120429,1,1,1983,0,0,0,16,0,0,0,0,0,0
120429,2,1,1983,0,0,0,0,11,0,0,0,0,0
120430,1,1,1983,16,16,16,16,16,16,16,16,16,16
120430,2,1,1983,15,23,11,9,23,3,15,7,16,19
120431,1,1,1983,0,19,0,16,12,12,24,24,0,22
120432,1,1,1983,10,3,0,6,16,5,3,20,13,22
120432,2,1,1983,11,19,24,30,19,6,20,13,18,30
120432,3,1,1983,0,0,0,0,0,0,0,0,0,0
120433,1,1,1983,16,16,28,0,0,13,0,5,9,0
120434,1,1,1983,15,0,8,18,11,6,18,7,20,10
120435,0,1,1983,17,11,12,13,16,12,20,18,40,0
120435,1,1,1983,0,15,0,16,0,0,0,0,23,0
120436,1,1,1983,0,0,0,0,0,0,0,0,0,0
120437,1,1,1983,0,0,0,0,0,0,0,0,0,0
120437,2,1,1983,0,0,0,0,0,0,0,0,0,0
120438,1,1,1983,18,16,16,13,7,10,25,18,13,0
120439,1,1,1983,0,5,0,0,12,22,0,31,7,14
120440,1,1,1983,0,0,9,30,0,18,0,0,0,0
120440,2,1,1983,0,0,0,0,0,0,0,0,0,0
120441,1,1,1983,0,0,0,0,0,0,0,0,0,0
120441,2,1,1983,0,0,0,0,0,0,0,0,0,0
120442,1,1,1983,17,0,0,0,6,0,19,0,0,15
120443,0,1,1983,21,20,10,18,20,23,25,22,17,6
120443,1,1,1983,0,0,0,16,0,0,0,0,6,0
120444,1,1,1983,8,2,9,0,12,0,14,7,0,0
120444,2,1,1983,0,0,0,0,0,0,0,0,0,0
120445,1,1,1983,0,22,9,0,0,18,19,23,16,40
120446,1,1,1983,25,17,7,14,31,6,17,6,25,16
120447,1,1,1983,0,0,0,0,25,0,22,0,0,0
120448,1,1,1983,0,0,0,0,0,0,0,0,0,0
120448,2,1,1983,0,0,0,0,0,0,0,0,0,0
120449,1,1,1983,16,33,9,16,14,22,9,20,0,23
120449,2,1,1983,0,0,0,0,14,0,0,0,0,0
120449,3,1,1983,0,0,0,0,0,0,0,0,0,0
120450,1,1,1983,0,0,0,0,0,0,0,0,0,0
120450,2,1,1983,0,0,0,0,0,0,0,0,0,0
120451,1,1,1983,0,0,0,0,0,0,0,0,0,0
120452,0,1,1983,0,0,0,0,0,0,0,0,0,0
120452,1,1,1983,0,0,0,0,0,0,0,0,0,0
120453,0,1,1983,0,0,0,0,0,0,0,0,0,0
120453,1,1,1983,0,0,0,8,0,0,0,0,0,0
120453,2,1,1983,0,0,0,0,0,0,0,0,0,0
120455,1,1,1983,17,15,14,13,15,22,17,3,14,7
120456,1,1,1983,0,0,0,18,0,0,0,30,0,0
120457,1,1,1983,12,0,22,11,0,19,0,37,34,17
120458,1,1,1983,0,0,0,0,0,0,0,0,0,0
120458,2,1,1983,0,0,0,0,0,0,0,0,0,0
120459,1,1,1983,0,0,0,0,11,0,0,0,0,0
120460,1,1,1983,17,13,28,21,9,0,9,20,21,12
120460,2,1,1983,0,0,0,0,0,0,0,0,0,0
120461,1,1,1983,19,0,0,0,0,0,0,0,0,19
120461,2,1,1983,0,0,0,0,12,0,0,0,22,0
120462,1,1,1983,0,19,0,0,0,0,0,0,0,0
120462,2,1,1983,0,0,0,0,0,0,0,0,0,0
120463,1,1,1983,0,0,0,0,0,0,0,0,0,0
120463,2,1,1983,0,0,0,0,0,0,0,0,0,0
120464,1,1,1983,9,0,13,0,0,0,9,0,0,0
120464,2,1,1983,0,0,0,15,0,0,16,0,0,14
120465,1,1,1983,0,0,0,0,0,0,0,0,0,0
120465,2,1,1983,0,0,0,0,0,0,0,0,0,0
120466,1,1,1983,0,0,0,12,0,0,0,0,0,0
120466,2,1,1983,0,0,0,0,0,19,0,0,15,0
120467,1,1,1983,0,0,0,0,0,0,0,0,0,0
120467,2,1,1983,0,0,0,0,0,0,0,0,0,0
120468,0,1,1983,0,7,24,0,26,7,0,14,0,0
120468,1,1,1983,14,10,8,33,0,5,25,2,11,19
120468,2,1,1983,0,0,0,0,0,0,0,10,0,16
120470,0,1,1983,16,38,20,7,13,25,17,16,25,8
120470,1,1,1983,0,0,0,0,0,0,0,0,0,0
120471,1,1,1983,16,30,23,11,15,13,27,14,22,14
120472,0,1,1983,40,14,34,24,26,16,15,15,11,43
120472,1,1,1983,0,0,0,10,14,0,0,31,0,0
120473,1,1,1983,17,15,5,28,22,25,12,12,4,25
120474,0,1,1983,38,32,24,20,28,16,9,26,17,11
120474,0,2,1983,24,32,0,29,0,26,0,0,23,15
120474,1,1,1983,0,0,0,0,0,0,0,0,0,0
120475,1,1,1983,14,27,19,16,24,29,18,25,25,14
120476,1,1,1983,21,12,22,18,19,19,29,11,22,19
120477,0,1,1983,21,12,22,18,8,23,20,21,43,26
120477,1,1,1983,0,0,0,0,0,0,0,0,0,0
120478,1,1,1983,19,16,0,13,0,0,0,0,21,7
120479,1,1,1983,17,21,17,25,7,9,14,17,11,10
120480,1,1,1983,0,0,0,0,0,0,0,0,0,0
120480,2,1,1983,17,21,7,23,12,6,4,12,18,11
120481,1,1,1983,0,0,30,0,0,0,13,0,0,0
120482,1,1,1983,50,35,8,32,19,30,18,9,28,21
120483,1,1,1983,0,0,13,0,0,12,17,0,13,0
120483,2,1,1983,0,0,0,0,0,20,0,0,0,0
120484,0,1,1983,19,0,0,15,0,0,11,16,13,0
120484,1,1,1983,0,0,0,0,0,0,0,0,0,0
120485,1,1,1983,17,23,16,11,14,17,23,15,28,4
120487,1,1,1983,0,0,0,0,0,0,0,0,0,0
120487,2,1,1983,0,0,0,0,0,0,0,0,24,0
120488,1,1,1983,0,0,0,0,0,0,0,11,0,0
120490,0,1,1983,16,18,16,19,20,10,22,17,3,8
120490,1,1,1983,5,12,0,0,0,0,0,0,0,0
120491,1,1,1983,5,21,9,12,4,11,23,20,20,10
120492,1,1,1983,12,15,0,18,5,0,21,0,0,0
120492,2,1,1983,7,11,8,10,6,0,0,0,0,0
120493,1,1,1983,0,16,0,0,11,9,10,20,0,28
120493,2,1,1983,18,0,0,0,0,0,0,9,0,0
120493,3,1,1983,0,0,0,0,0,0,0,0,11,0
120494,1,1,1983,0,0,0,0,0,0,0,0,0,0
120495,1,1,1983,12,14,8,21,21,6,0,20,8,0
120495,2,1,1983,0,8,0,0,0,0,0,0,0,0
120496,1,1,1983,11,14,20,0,0,21,17,11,15,26
120497,1,1,1983,14,5,10,10,5,21,2,5,8,21
120497,2,1,1983,0,0,32,0,0,9,0,0,0,20
120497,3,1,1983,0,0,0,0,0,0,0,0,0,0
120498,1,1,1983,11,29,0,0,0,0,14,15,18,26
120498,2,1,1983,0,0,0,0,0,0,0,0,0,0
120499,1,1,1983,0,0,0,0,0,0,0,0,0,0
120499,2,1,1983,0,0,0,0,0,0,0,0,14,21
120500,1,1,1983,11,27,26,7,22,9,14,26,19,24
120501,0,1,1983,0,0,0,0,0,0,0,0,0,0
120501,1,1,1983,0,12,0,0,0,0,0,20,0,0
120502,1,1,1983,21,10,21,25,15,18,15,16,8,16
120502,2,1,1983,0,0,0,0,0,0,0,0,0,0
120503,0,1,1983,26,14,0,30,28,0,0,19,27,0
120503,1,1,1983,0,0,0,12,0,0,0,0,0,0
120504,1,1,1983,27,0,13,5,9,14,14,4,15,0
120504,2,1,1983,8,8,15,6,11,24,12,13,20,0
120505,1,1,1983,0,0,0,0,20,0,0,0,18,0
120506,1,1,1983,18,26,0,0,12,0,12,26,20,10
120507,1,1,1983,14,6,23,15,17,19,12,14,20,22
120508,1,1,1983,14,13,18,21,23,10,12,20,18,9
120508,2,1,1983,0,21,0,20,14,21,11,0,20,15
120509,1,1,1983,16,16,16,16,16,16,16,16,16,16
120509,2,1,1983,0,0,0,0,0,0,0,11,0,0
120511,0,1,1983,0,0,0,0,0,0,0,0,0,0
120511,1,1,1983,0,0,0,0,0,12,0,0,0,0
120512,1,1,1983,6,27,18,0,10,26,12,0,14,11
120513,1,1,1983,7,10,19,12,5,26,11,11,16,24
120514,0,1,1983,26,20,10,0,0,16,22,12,14,6
120514,1,1,1983,0,0,0,0,0,0,0,0,0,0
120515,1,1,1983,20,9,28,9,13,21,12,11,13,20
120515,2,1,1983,0,26,13,11,19,0,0,0,12,0
120516,1,1,1983,0,0,0,0,0,0,0,0,0,0
120516,2,1,1983,0,0,0,0,0,0,0,0,0,0
120517,0,1,1983,28,9,25,12,10,0,21,18,0,12
120517,1,1,1983,0,6,0,12,0,0,0,0,0,0
120518,1,1,1983,33,19,24,0,14,15,18,28,9,16
120519,1,1,1983,22,22,22,22,22,22,22,22,22,22
120520,1,1,1983,0,0,0,0,0,17,0,0,0,0
120520,2,1,1983,0,0,0,0,0,0,0,0,0,0
120521,1,1,1983,14,12,16,18,0,11,0,13,8,0
120521,2,1,1983,0,0,0,0,0,0,0,0,0,4
120522,0,1,1983,9,0,0,0,15,0,0,20,0,0
120522,1,1,1983,0,0,0,0,0,0,0,0,0,0
120523,1,1,1983,15,0,17,7,5,14,12,16,16,20
120523,2,1,1983,0,0,27,0,0,0,0,0,0,0
120524,0,1,1983,26,36,30,25,47,6,12,0,9,27
120524,1,1,1983,23,23,23,23,23,23,23,23,23,23
120525,1,1,1983,0,0,0,0,0,0,0,0,0,0
120525,2,1,1983,0,0,0,0,0,0,0,0,16,0
120528,1,1,1983,10,0,0,0,0,0,0,0,0,0
120528,2,1,1983,6,7,4,27,6,15,22,5,8,25
120529,0,1,1983,24,46,9,20,19,15,28,15,33,35
120529,1,1,1983,0,20,0,0,1,0,0,0,0,0
120530,0,1,1983,33,17,5,27,0,27,56,32,0,0
120530,1,1,1983,16,11,19,25,17,19,6,5,4,19
120531,1,1,1983,0,0,0,0,0,0,0,0,0,0
120531,2,1,1983,0,0,0,0,0,10,0,0,0,0
120531,3,1,1983,0,0,0,0,0,0,0,0,0,0
120532,1,1,1983,0,0,0,0,11,9,0,0,0,0
120532,2,1,1983,0,0,0,0,0,0,0,0,0,11
120533,1,1,1983,0,0,0,0,0,0,0,0,0,0
120533,2,1,1983,0,0,0,0,23,0,0,0,0,0
120534,1,1,1983,16,13,24,30,19,23,17,33,21,18
120535,1,1,1983,16,15,22,33,22,12,9,21,24,18
120536,1,1,1983,1,1,1,1,1,1,1,1,1,1
120536,2,1,1983,13,0,6,17,15,5,4,0,12,3
120537,1,1,1983,0,0,0,0,0,0,0,0,0,0
120537,2,1,1983,0,0,0,0,9,0,0,0,0,0
120538,0,1,1983,0,0,0,0,18,0,0,0,0,0
120538,1,1,1983,0,0,0,0,0,0,0,0,0,0
120539,0,1,1983,17,18,26,9,21,22,2,13,22,0
120539,1,1,1983,0,0,0,0,0,0,0,0,0,20
120540,1,1,1983,14,20,20,4,12,6,3,20,16,26
120540,2,1,1983,0,0,0,0,0,0,0,0,0,0
120541,1,1,1983,0,0,0,8,0,21,0,0,0,0
120542,1,1,1983,6,24,14,9,10,10,21,17,18,5
120542,2,1,1983,9,15,11,0,16,13,3,32,20,7
120543,1,1,1983,0,0,0,0,0,0,0,0,0,11
120543,2,1,1983,0,0,0,0,0,0,0,0,0,0
120544,0,1,1983,0,0,0,9,0,0,0,0,0,25
120544,1,1,1983,0,0,0,0,0,0,0,0,0,0
120545,1,1,1983,11,31,6,10,8,12,21,21,4,14
120545,2,1,1983,0,0,0,0,13,0,0,0,0,0
120546,0,1,1983,27,0,0,11,0,0,0,0,0,7
120546,1,1,1983,0,0,0,0,0,0,0,0,0,0
120547,0,1,1983,0,0,0,0,0,0,0,0,0,0
120547,1,1,1983,0,0,0,0,0,0,0,0,0,0
120548,1,1,1983,0,6,0,0,15,7,0,12,7,0
120548,2,1,1983,3,13,3,5,17,11,0,11,20,15
120549,1,1,1983,19,18,11,10,6,20,16,4,30,12
120550,0,1,1983,22,12,10,0,0,3,0,0,0,0
120550,1,1,1983,14,14,14,14,14,14,14,14,14,14
120551,0,1,1983,16,15,40,19,49,28,21,31,10,27