ST_CASE,VEH_NO,PER_NO,YEAR,P1,P2,P3,P4,P5,P6,P7,P8,P9,P10
120551,0,2,1983,0,0,0,27,0,0,0,16,0,27
120551,1,1,1983,0,0,0,16,0,0,0,0,0,0
120552,1,1,1983,24,15,5,17,7,6,14,19,17,12
120553,1,1,1983,12,14,3,9,20,23,24,12,23,32
120553,2,1,1983,21,0,11,2,14,17,0,7,0,0
120554,1,1,1983,15,13,13,14,15,29,14,29,24,19
120555,1,1,1983,0,0,0,0,0,0,0,0,0,0
120555,2,1,1983,0,0,19,31,3,13,9,16,18,0
120556,1,1,1983,0,0,0,0,0,0,0,0,0,0
120556,2,1,1983,0,0,0,0,0,0,0,0,0,0
120557,0,1,1983,0,0,0,0,0,0,0,0,0,0
120557,0,2,1983,0,0,0,0,0,10,0,0,0,0
120557,1,1,1983,0,9,2,10,3,28,26,0,20,0
120558,0,1,1983,0,0,0,0,0,0,0,0,0,0
120558,1,1,1983,0,0,0,0,0,0,0,0,0,0
120559,1,1,1983,26,26,26,26,26,26,26,26,26,26
120559,2,1,1983,17,17,17,17,17,17,17,17,17,17
120560,1,1,1983,35,17,8,16,12,0,12,12,29,24
120561,0,1,1983,22,20,22,17,23,24,24,19,17,23
120561,1,1,1983,8,10,31,23,0,13,10,0,30,19
120562,1,1,1983,0,0,0,0,0,0,0,15,0,0
120562,2,1,1983,14,0,7,5,15,0,5,0,15,15
120563,0,1,1983,23,14,31,16,38,21,35,26,12,15
120563,1,1,1983,0,0,0,0,0,0,0,0,0,0
120564,1,1,1983,46,20,10,25,7,12,0,25,6,45
120565,1,1,1983,25,16,8,14,12,25,13,24,23,19
120566,1,1,1983,30,18,8,0,9,9,5,14,13,24
120567,0,1,1983,15,0,9,31,25,36,44,10,16,32
120567,1,1,1983,0,0,6,0,0,0,0,0,0,0
120568,0,1,1983,0,0,27,0,0,0,0,0,0,0
120568,1,1,1983,0,0,0,0,0,0,0,0,0,0
120569,1,1,1983,13,0,0,17,39,22,18,0,0,12
120569,2,1,1983,0,21,0,0,0,0,0,0,0,0
120570,0,1,1983,11,18,50,22,5,37,19,15,16,12
120570,1,1,1983,0,0,0,0,0,0,0,0,0,0
120571,1,1,1983,0,19,0,25,20,15,0,3,11,14
120572,1,1,1983,5,0,0,17,0,0,3,0,7,0
120573,1,1,1983,10,0,19,0,22,17,14,0,6,6
120573,2,1,1983,15,26,11,5,20,16,26,21,17,13
120574,1,1,1983,17,27,16,35,13,19,13,25,23,14
120575,1,1,1983,5,9,23,10,12,4,11,7,6,28
120575,2,1,1983,0,0,0,0,0,0,0,0,0,0
120576,1,1,1983,15,11,10,11,15,36,23,20,12,13
120577,1,1,1983,14,11,6,29,16,21,20,27,0,5
120578,1,1,1983,0,13,21,21,13,12,8,28,0,0
120578,2,1,1983,0,0,0,25,0,0,0,0,0,0
120579,0,1,1983,0,0,13,19,13,0,22,17,20,13
120579,1,1,1983,6,6,6,6,6,6,6,6,6,6
120580,1,1,1983,0,0,0,0,0,0,0,0,0,0
120580,2,1,1983,0,0,0,0,0,0,0,0,0,0
120580,3,1,1983,0,0,0,0,0,0,0,0,0,0
120581,1,1,1983,0,0,0,0,0,0,0,0,0,0
120581,2,1,1983,0,0,0,0,0,0,0,0,0,0
120582,1,1,1983,24,13,10,19,12,33,8,16,17,20
120583,1,1,1983,0,0,0,0,0,0,0,0,0,0
120584,0,1,1983,2,0,0,0,0,0,0,0,0,0
120584,1,1,1983,0,0,0,0,0,0,0,0,0,0
120585,1,1,1983,6,12,19,10,8,22,12,9,9,18
120585,2,1,1983,0,0,0,0,0,0,0,9,0,0
120586,1,1,1983,0,0,0,0,0,0,0,0,0,0
120586,2,1,1983,0,0,0,0,0,0,0,0,0,0
120587,1,1,1983,17,17,14,9,16,12,24,15,20,10
120587,2,1,1983,14,17,35,8,27,20,24,15,12,29
120587,3,1,1983,0,0,0,0,0,0,0,0,0,0
120588,0,1,1983,14,20,18,39,35,16,12,15,25,9
120588,1,1,1983,0,0,0,0,0,24,0,0,19,0
120589,1,1,1983,2,13,0,11,20,0,11,17,16,4
120590,1,1,1983,0,0,0,0,0,0,0,0,0,0
120590,2,1,1983,0,0,0,0,0,0,3,16,0,0
120591,1,1,1983,8,8,8,8,8,8,8,8,8,8
120591,2,1,1983,7,0,5,13,8,11,5,14,17,10
120592,1,1,1983,20,10,4,15,19,4,0,13,4,17
120593,1,1,1983,0,0,0,1,0,0,0,0,0,0
120593,2,1,1983,0,0,0,0,0,0,0,0,0,0
120595,1,1,1983,0,0,9,0,0,0,0,0,8,0
120596,1,1,1983,0,0,16,0,14,0,15,0,0,0
120596,2,1,1983,0,0,0,0,0,0,0,0,0,0
120597,1,1,1983,0,18,0,0,0,0,7,0,0,24
120597,2,1,1983,0,0,0,0,0,0,0,0,0,0
120597,3,1,1983,12,12,11,9,10,0,8,18,14,8
120598,1,1,1983,21,0,32,16,5,0,0,25,26,15
120598,2,1,1983,0,0,0,0,15,0,0,0,0,0
120599,1,1,1983,0,0,0,0,0,0,0,0,0,0
120599,2,1,1983,0,0,0,0,0,0,0,0,0,0
120599,3,1,1983,0,19,7,16,15,12,14,20,15,13
120600,1,1,1983,0,11,0,0,4,12,15,5,0,0
120600,2,1,1983,0,0,0,0,19,0,0,0,0,0
120601,1,1,1983,0,0,0,0,0,0,0,0,0,0
120601,2,1,1983,0,0,0,0,27,0,21,23,0,0
120602,1,1,1983,26,27,19,34,21,0,0,28,11,24
120603,0,1,1983,0,0,0,26,0,0,0,0,23,0
120603,1,1,1983,0,0,0,0,0,0,0,0,0,0
120604,0,1,1983,14,30,13,26,17,19,23,30,14,16
120604,1,1,1983,0,27,0,0,0,0,0,0,0,0
120604,2,1,1983,0,0,0,0,0,17,0,40,0,0
120605,1,1,1983,0,0,18,0,0,0,0,0,0,0
120605,2,1,1983,0,16,0,18,0,0,9,17,0,0
120606,1,1,1983,14,14,14,14,14,14,14,14,14,14
120607,1,1,1983,0,0,0,0,0,0,0,0,0,0
120607,2,1,1983,0,0,0,0,0,0,0,0,0,0
120607,3,1,1983,10,0,6,18,8,9,13,15,5,14
120607,4,1,1983,0,0,0,0,0,24,0,0,0,0
120607,5,1,1983,0,0,0,0,0,0,0,0,0,0
120607,6,1,1983,0,0,0,0,0,0,0,0,0,0
120607,7,1,1983,0,0,0,0,0,0,0,0,0,0
120607,8,1,1983,0,0,0,0,0,0,0,24,0,0
120608,1,1,1983,0,0,0,0,0,0,0,0,0,0
120608,2,1,1983,0,0,0,0,0,0,0,0,0,0
120609,1,1,1983,6,3,5,23,0,0,0,0,7,17
120609,2,1,1983,0,0,0,13,6,0,0,0,0,0
120610,1,1,1983,0,19,0,0,0,15,16,18,14,0
120611,0,1,1983,31,0,21,2,18,30,27,21,22,46
120611,1,1,1983,0,0,6,0,0,21,0,0,0,0
120612,1,1,1983,0,14,0,0,0,0,0,0,0,6
120612,2,1,1983,0,0,12,8,11,0,9,36,16,17
120613,1,1,1983,17,19,0,7,0,24,0,0,15,20
120613,2,1,1983,0,0,0,0,0,0,0,0,0,0
120614,0,1,1983,0,0,21,7,14,0,10,25,29,24
120614,1,1,1983,6,2,0,7,22,0,4,0,6,0
120615,0,1,1983,19,0,0,17,6,0,14,4,0,12
120615,1,1,1983,0,0,0,0,0,0,0,0,0,0
120616,1,1,1983,0,0,0,0,0,0,0,0,0,12
120617,0,1,1983,16,28,0,15,0,8,0,0,0,0
120617,1,1,1983,0,0,0,0,0,0,0,0,0,12
120618,1,1,1983,0,0,0,0,0,0,0,0,0,0
120618,2,1,1983,0,0,0,0,0,0,0,0,0,0
120618,3,1,1983,0,0,0,0,0,0,0,0,0,0
120619,0,1,1983,0,55,0,0,0,0,0,13,33,32
120619,1,1,1983,0,0,0,0,0,0,0,14,0,6
120620,1,1,1983,24,0,0,0,16,0,0,0,0,0
120620,2,1,1983,0,0,0,0,0,0,0,0,0,0
120621,1,1,1983,0,0,0,0,9,15,0,7,0,12
120621,2,1,1983,10,19,17,6,10,10,16,8,18,19
120622,1,1,1983,15,0,0,0,0,0,0,0,20,0
120623,1,1,1983,0,0,0,0,0,0,0,0,0,0
120623,2,1,1983,0,0,0,0,0,0,0,0,0,0
120624,0,1,1983,0,0,23,0,0,15,15,6,15,34
120624,1,1,1983,22,13,16,21,14,17,9,2,4,23
120624,2,1,1983,0,0,0,0,0,0,0,23,15,0
120625,1,1,1983,5,5,5,5,5,5,5,5,5,5
120625,2,1,1983,0,0,0,0,0,0,0,0,0,0
120626,1,1,1983,0,0,0,0,0,0,0,0,0,0
120626,2,1,1983,0,0,0,0,0,0,0,0,0,0
120626,3,1,1983,22,0,0,0,0,0,0,0,0,0
120627,1,1,1983,0,0,0,0,0,0,0,0,0,0
120628,1,1,1983,25,0,5,5,0,9,11,11,0,22
120628,2,1,1983,0,0,0,0,0,0,11,10,0,0
120629,0,1,1983,0,0,0,0,0,0,0,0,16,0
120629,1,1,1983,0,0,0,0,0,0,0,0,3,0
120630,1,1,1983,11,16,19,11,26,37,22,13,8,14
120631,0,1,1983,0,20,7,12,3,14,25,12,41,26
120631,1,1,1983,0,0,0,0,0,0,0,0,0,0
120632,0,1,1983,0,0,0,0,0,0,0,0,16,0
120632,1,1,1983,0,0,0,0,0,0,0,0,0,0
120633,1,1,1983,0,0,0,0,9,0,0,0,0,0
120633,2,1,1983,0,0,0,0,0,0,0,0,0,0
120634,1,1,1983,0,0,0,0,0,0,0,0,0,0
120634,2,1,1983,0,0,0,0,0,0,21,0,0,0
120635,1,1,1983,22,6,7,25,6,18,11,0,7,32
120635,2,1,1983,0,0,0,0,0,0,0,0,0,0
120636,1,1,1983,0,0,0,0,0,0,0,0,0,0
120636,2,1,1983,0,14,0,0,0,0,11,6,0,15
120637,1,1,1983,21,7,20,16,17,24,31,14,10,16
120638,1,1,1983,14,0,0,0,24,0,11,0,23,0
120639,1,1,1983,0,0,0,0,0,0,0,0,0,0
120639,2,1,1983,0,0,0,9,0,0,0,0,0,0
120640,1,1,1983,4,0,17,0,0,0,0,0,0,0
120640,2,1,1983,0,0,0,0,0,0,0,0,0,0
120641,0,1,1983,0,16,0,0,0,0,0,0,0,0
120641,1,1,1983,12,22,10,15,39,15,12,15,21,21
120642,0,1,1983,0,0,0,0,0,0,0,0,0,0
120642,0,2,1983,0,0,0,0,0,0,0,0,0,0
120642,1,1,1983,0,0,0,0,0,0,0,0,0,0
120643,1,1,1983,0,0,0,0,0,0,0,0,0,0
120643,2,1,1983,0,0,0,0,0,0,0,0,0,11
120644,1,2,1983,15,11,20,34,20,31,13,0,10,9
120645,1,1,1983,10,9,8,11,11,18,13,31,0,16
120645,2,1,1983,17,18,0,23,22,22,0,18,24,10
120646,1,1,1983,19,13,17,10,14,6,25,16,25,26
120647,1,1,1983,0,0,0,0,0,0,0,0,0,0
120647,2,1,1983,0,0,0,0,0,0,0,0,15,0
120648,1,1,1983,17,10,17,13,21,23,9,22,27,20
120648,2,1,1983,13,10,10,19,24,0,14,3,8,16
120649,1,1,1983,0,27,16,29,10,16,0,22,11,4
120649,2,1,1983,0,0,0,0,0,0,15,10,0,0
120650,1,1,1983,0,0,26,0,15,0,0,0,0,0
120650,2,1,1983,0,0,0,14,0,0,0,0,0,0
120651,1,1,1983,0,0,0,0,0,0,0,0,0,0
120651,2,1,1983,0,0,0,0,0,0,0,0,0,0
120652,0,1,1983,20,0,0,0,0,0,25,0,18,0
120652,1,1,1983,0,0,9,0,0,0,0,0,0,0
120653,1,1,1983,0,0,14,22,8,19,5,21,10,17
120653,2,1,1983,0,0,0,0,0,20,0,0,19,0
120654,1,1,1983,0,0,0,8,0,0,0,0,0,0
120655,0,1,1983,19,17,16,9,16,13,34,25,50,17
120655,1,1,1983,6,6,6,6,6,6,6,6,6,6
120656,1,1,1983,0,0,0,0,0,0,0,0,0,0
120656,2,1,1983,0,0,0,0,0,0,0,0,0,0
120656,3,1,1983,0,0,0,0,0,0,0,0,0,0
120657,1,1,1983,0,0,0,0,0,0,0,0,0,0
120658,1,1,1983,19,15,37,18,14,21,11,10,18,20
120659,1,1,1983,0,0,0,0,0,0,0,0,0,0
120659,2,1,1983,0,0,0,0,0,0,0,0,0,0
120660,0,1,1983,0,0,28,10,14,19,11,0,0,0
120660,1,1,1983,20,20,20,20,20,20,20,20,20,20
120661,1,1,1983,10,4,2,17,9,22,22,23,19,20
120661,2,1,1983,0,0,8,0,0,0,0,0,0,17
120662,0,1,1983,0,0,0,0,0,11,13,0,0,0
120662,1,1,1983,0,0,0,6,0,0,0,0,0,0
120663,1,1,1983,15,14,4,2,12,0,26,0,18,19
120663,2,1,1983,0,0,0,0,0,0,0,0,0,0
120663,3,1,1983,0,0,0,0,0,0,0,0,0,0
120664,1,1,1983,22,10,11,7,44,22,15,15,40,15
120665,0,1,1983,23,0,6,0,21,22,16,13,34,15
120665,1,1,1983,0,0,0,23,0,0,0,0,0,0
120666,1,1,1983,26,0,0,0,17,21,0,0,0,0
120667,1,1,1983,10,20,12,3,23,19,10,0,0,0
120667,2,1,1983,22,23,21,28,19,14,9,15,16,21
120668,1,1,1983,9,9,17,27,10,7,19,15,9,15
120669,1,1,1983,6,6,6,6,6,6,6,6,6,6
120670,0,1,1983,25,0,13,11,26,0,0,14,13,6
120670,1,1,1983,0,0,12,0,0,0,0,0,0,16
120671,1,1,1983,13,13,13,13,13,13,13,13,13,13
120671,2,1,1983,0,0,0,0,0,0,0,0,0,0
120672,1,1,1983,21,23,35,27,16,35,8,6,16,22
120672,2,1,1983,9,32,24,30,6,24,16,17,10,7
120673,1,1,1983,15,0,0,0,0,6,0,0,0,0
120673,2,1,1983,0,0,17,0,35,0,0,0,0,0
120674,0,1,1983,10,30,8,43,25,17,20,34,23,35
120674,1,1,1983,13,20,15,20,6,12,9,8,13,16
120675,1,1,1983,0,0,0,10,0,0,0,0,0,0
120675,2,1,1983,0,9,0,7,0,0,0,0,0,0
120676,0,1,1983,12,30,18,11,15,25,43,19,22,38
120676,1,1,1983,0,0,0,0,0,0,0,7,0,0
120677,1,1,1983,8,0,11,27,18,27,36,6,7,17
120678,1,1,1983,0,0,15,0,0,0,0,0,0,0
120679,1,1,1983,0,0,0,0,0,0,0,0,0,0
120680,1,1,1983,5,12,8,5,54,0,0,5,20,0
120681,1,1,1983,0,0,0,0,0,0,0,0,0,0
120681,2,1,1983,0,0,0,0,8,13,0,0,15,0
120682,1,1,1983,16,17,15,23,9,10,21,13,0,15
120683,1,1,1983,0,19,21,0,0,20,13,0,10,0
120683,2,1,1983,0,0,27,0,41,0,0,0,0,0
120684,1,1,1983,27,11,0,0,10,10,15,25,11,0
120684,2,1,1983,5,5,0,13,20,21,6,0,0,3
120685,1,1,1983,21,26,32,14,23,17,5,9,35,19
120686,1,1,1983,0,0,0,0,0,0,0,0,0,0
120686,2,1,1983,0,0,0,0,0,0,0,0,0,0
120687,1,1,1983,6,0,0,0,0,0,0,0,0,0
120687,2,1,1983,0,0,0,0,0,0,0,16,0,0
120687,3,1,1983,0,0,0,0,0,0,0,0,0,0
120688,0,1,1983,31,14,23,22,22,11,34,11,10,2
120688,1,1,1983,12,11,15,3,8,13,6,8,11,0
120689,1,1,1983,6,0,9,22,23,34,22,19,20,12
120690,0,1,1983,0,0,0,0,0,0,0,0,0,0
120690,1,1,1983,0,0,0,0,0,0,0,0,0,0
120690,2,1,1983,11,0,5,4,15,4,4,12,0,0
120691,1,1,1983,6,18,27,9,21,23,0,10,15,21
120693,1,1,1983,0,0,14,0,0,0,0,0,0,0
120693,2,1,1983,0,0,0,0,0,0,0,0,0,0
120693,3,1,1983,22,22,22,22,22,22,22,22,22,22
120694,1,1,1983,14,27,22,0,16,14,11,23,10,18
120695,1,1,1983,0,0,0,0,0,0,0,0,0,0
120696,1,1,1983,0,0,0,0,0,0,0,0,0,0
120696,2,1,1983,0,0,0,26,0,0,0,0,0,0
120697,1,1,1983,11,19,0,0,0,23,14,0,19,11
120698,1,1,1983,0,0,0,0,0,11,0,0,0,0
120698,2,1,1983,0,0,0,0,0,0,0,0,0,0
120698,3,1,1983,0,0,7,0,0,0,0,0,0,0
120698,4,1,1983,0,0,0,0,0,0,0,0,0,0
120700,1,1,1983,0,0,12,0,28,33,6,0,0,17
120702,0,1,1983,0,0,0,0,0,0,13,9,0,0
120702,1,1,1983,0,0,0,0,0,0,0,0,0,0
120703,1,1,1983,14,0,0,0,0,0,0,0,0,14
120703,2,1,1983,0,0,0,35,0,0,15,0,15,0
120704,1,1,1983,30,9,4,14,16,9,17,18,6,25
120704,2,1,1983,0,0,0,0,0,0,0,0,0,0
120705,0,1,1983,18,18,18,18,18,18,18,18,18,18
120705,1,1,1983,0,11,0,0,0,0,0,0,19,0
120706,1,1,1983,0,11,13,5,26,15,0,19,23,0
120707,0,1,1983,28,12,7,16,19,42,18,32,15,14
120707,1,1,1983,0,0,0,0,0,0,0,0,0,0
120708,0,1,1983,14,17,14,13,11,17,10,16,13,8
120708,1,1,1983,0,0,0,0,0,0,0,0,0,9
120709,1,1,1983,0,19,14,29,17,9,12,6,3,0
120709,2,1,1983,12,32,0,16,32,18,3,5,0,25
120710,0,1,1983,11,10,0,0,16,24,16,8,17,0
120711,0,1,1983,0,9,0,0,0,43,0,0,23,0
120711,1,1,1983,0,0,0,0,0,0,0,0,0,0
120712,0,1,1983,0,0,0,0,0,0,0,0,0,0
120712,1,1,1983,0,0,0,0,0,0,0,0,0,0
120713,0,1,1983,0,0,0,0,0,0,0,0,0,0
120713,1,1,1983,0,0,0,0,0,0,0,0,0,0
120714,1,1,1983,17,0,20,21,10,20,26,9,11,17
120715,1,1,1983,20,20,16,22,19,42,15,27,23,16
120716,1,1,1983,0,0,0,0,0,0,0,0,0,0
120716,2,1,1983,18,0,0,0,0,0,0,0,0,0
120717,1,1,1983,0,0,0,0,0,0,0,0,0,0
120718,1,1,1983,0,0,0,10,0,21,9,17,0,0
120719,1,1,1983,0,20,11,4,5,26,24,11,30,19
120720,0,1,1983,5,0,12,13,27,0,0,0,0,0
120720,1,1,1983,24,15,14,5,24,10,19,28,0,18
120721,0,1,1983,0,15,35,0,28,16,0,0,0,28
120721,1,1,1983,13,27,18,12,11,20,21,16,26,8
120722,1,1,1983,0,0,0,0,0,0,0,0,0,0
120722,2,1,1983,26,7,8,6,25,2,10,20,4,21
120723,1,1,1983,25,13,32,18,13,24,20,22,43,16
120724,1,1,1983,0,0,12,16,11,0,0,3,0,0
120724,2,1,1983,0,0,0,0,0,0,0,0,0,0
120725,0,1,1983,0,0,0,0,0,0,0,0,0,0
120725,1,1,1983,0,0,0,0,0,0,0,0,0,0
120726,1,1,1983,0,0,0,0,0,0,0,0,0,0
120726,2,1,1983,0,0,0,0,0,0,0,0,0,0
120727,1,1,1983,0,0,0,2,21,9,0,0,0,0
120727,2,1,1983,0,0,0,0,0,0,0,0,0,0
120730,1,1,1983,17,12,15,15,17,10,16,7,22,21
120731,1,1,1983,0,0,0,0,15,0,0,0,0,0
120732,0,1,1983,0,36,0,0,0,0,6,0,0,27
120732,1,1,1983,0,0,0,0,0,0,0,0,0,0
120733,1,1,1983,0,10,0,0,0,0,0,0,18,0
120733,2,1,1983,0,10,0,6,20,0,11,0,4,0
120734,1,1,1983,15,6,18,11,16,21,14,28,11,20
120735,1,1,1983,0,0,0,0,0,0,0,4,0,0
120735,2,1,1983,0,0,7,0,0,0,0,0,0,0
120736,1,1,1983,18,13,15,21,7,13,3,18,11,12
120736,2,1,1983,0,0,0,0,0,0,0,0,0,0
120737,1,1,1983,0,27,7,0,0,0,33,21,0,0
120738,0,1,1983,0,0,0,0,0,0,0,32,13,0
120738,1,1,1983,0,0,0,0,0,0,23,0,0,0
120739,1,1,1983,0,0,5,0,0,0,0,0,0,0
120739,2,1,1983,0,0,0,0,0,0,0,0,0,0
120740,1,1,1983,19,0,8,18,16,13,22,3,12,10
120740,2,1,1983,0,23,0,0,0,0,0,0,0,14
120741,1,1,1983,15,0,11,25,16,28,4,8,15,22
120741,2,1,1983,0,0,0,0,0,0,0,44,0,0
120742,1,1,1983,0,0,0,0,0,0,0,0,0,0
120742,2,1,1983,0,0,0,0,0,0,0,0,0,0
120743,0,1,1983,0,36,24,0,0,12,0,19,6,18
120743,1,1,1983,0,0,0,0,0,0,0,0,0,0
120744,1,1,1983,0,0,0,0,0,0,0,0,0,0
120744,2,1,1983,0,0,0,0,0,0,0,0,0,0
120745,1,1,1983,0,0,0,0,0,0,0,0,0,0
120745,2,1,1983,15,0,0,14,0,0,0,0,10,5
120746,1,1,1983,0,0,0,0,0,0,0,0,0,0
120746,2,1,1983,23,0,0,0,18,0,0,0,0,0
120747,1,1,1983,34,30,19,23,18,25,24,18,15,26
120748,0,1,1983,12,22,19,15,9,27,19,16,35,14
120748,1,1,1983,0,0,0,0,0,0,0,0,16,0
120749,1,1,1983,18,0,11,17,18,7,12,6,9,18
120749,2,1,1983,0,0,0,0,0,16,0,0,0,0
120750,1,1,1983,30,14,0,10,0,0,0,0,0,21
120750,2,1,1983,0,0,0,0,0,0,0,0,0,0
120750,3,1,1983,0,0,0,0,0,0,0,0,0,0
120751,1,1,1983,12,18,20,40,12,29,0,14,16,27
120752,1,1,1983,15,14,20,34,0,21,23,27,8,12
120752,2,1,1983,11,18,15,18,8,19,16,13,9,10
120753,1,1,1983,14,12,11,8,23,0,11,14,19,0
120753,2,1,1983,25,12,10,0,11,12,15,12,0,13
120754,1,1,1983,19,14,11,4,9,18,15,12,8,5
120754,2,1,1983,0,0,0,0,0,0,0,0,21,22
120755,1,1,1983,14,24,0,16,26,3,11,12,11,28
120756,1,1,1983,0,0,0,0,0,0,0,0,0,0
120756,2,1,1983,29,13,28,7,22,28,10,5,0,11
120757,1,1,1983,18,11,35,27,21,21,12,13,14,29
120758,0,1,1983,15,21,31,13,29,15,37,10,19,5
120758,1,1,1983,14,20,12,4,10,20,23,4,32,17
120759,0,1,1983,0,0,0,0,0,0,0,0,14,28
120759,1,1,1983,0,0,0,0,0,0,0,0,0,0
120760,1,1,1983,16,36,22,8,20,19,10,18,31,23
120760,2,1,1983,28,15,13,18,10,19,17,17,7,17
120761,1,1,1983,20,13,0,0,5,16,24,12,5,18
120761,2,1,1983,0,0,0,0,8,0,0,0,0,0
120762,1,1,1983,30,32,21,15,6,21,9,28,18,17
120762,2,1,1983,0,0,0,0,0,0,0,0,0,0
120763,1,1,1983,17,0,23,20,17,15,26,14,17,21
120764,1,1,1983,14,12,21,0,14,7,7,36,11,22
120765,1,1,1983,0,21,0,10,0,0,0,8,4,0
120766,0,1,1983,27,24,34,16,5,26,11,4,17,29
120766,1,1,1983,0,0,0,0,0,0,0,0,14,0
120767,1,1,1983,29,28,14,24,20,12,24,27,28,14
120768,1,1,1983,0,23,0,0,0,0,0,21,0,0
120768,2,1,1983,0,0,0,0,0,0,0,0,0,0
120769,1,1,1983,15,0,13,0,10,0,15,0,0,0
120771,1,1,1983,14,10,0,0,8,9,0,0,19,0
120773,1,1,1983,0,15,10,10,8,9,0,12,12,4
120773,2,1,1983,0,0,0,0,0,0,0,0,0,0
120775,1,1,1983,0,0,0,0,0,0,0,0,0,0
120775,2,1,1983,0,0,0,0,0,0,0,0,0,0
120776,0,1,1983,19,18,15,5,12,7,10,23,0,9
120776,1,1,1983,10,0,0,28,20,23,19,20,14,22
120777,1,1,1983,11,13,0,10,11,20,15,5,19,20
120780,1,1,1983,0,0,0,0,0,0,0,0,0,0
120780,2,1,1983,0,0,0,0,0,0,0,0,0,0
120781,1,1,1983,0,25,16,14,30,0,3,27,12,16
120781,2,1,1983,8,0,0,0,23,0,0,0,0,0
120782,1,4,1983,39,11,20,13,18,32,22,16,24,9
120783,1,1,1983,0,0,0,0,0,0,0,0,0,0
120783,2,1,1983,17,24,19,20,23,17,28,18,11,23
120784,1,1,1983,0,0,0,26,0,0,14,0,0,0
120784,2,1,1983,6,0,8,9,16,20,6,20,0,2
120785,1,1,1983,33,0,13,17,0,0,14,8,0,22
120785,2,1,1983,0,0,0,0,0,0,0,0,0,0
120786,1,1,1983,31,19,8,0,16,17,13,14,0,20
120787,0,1,1983,0,0,0,0,0,0,0,0,0,0
120787,1,1,1983,0,0,0,12,0,0,0,0,0,0
120788,0,1,1983,22,22,0,14,11,12,37,29,41,0
120788,1,1,1983,8,19,13,24,17,10,23,14,9,11
120789,1,1,1983,0,0,0,18,0,0,0,0,0,0
120790,1,1,1983,0,0,0,0,0,5,0,0,0,0
120790,2,1,1983,0,0,0,0,0,0,0,0,0,0
120791,1,1,1983,0,0,0,0,0,0,22,0,0,0
120792,1,1,1983,0,0,0,0,0,0,0,0,0,0
120792,2,1,1983,0,0,0,0,0,0,0,0,0,0
120793,1,1,1983,0,0,26,0,19,17,8,0,21,0
120794,1,1,1983,8,10,22,7,17,24,20,17,9,17
120795,1,1,1983,17,0,12,11,15,15,6,0,15,28
120795,2,1,1983,0,0,0,0,0,0,0,0,0,0
120796,0,1,1983,5,5,22,19,13,26,31,23,23,35
120796,1,1,1983,15,0,13,22,19,17,12,24,6,26
120797,1,1,1983,20,21,23,10,10,23,14,15,24,20
120797,2,1,1983,0,0,0,0,0,0,0,0,0,0
120798,1,1,1983,9,8,10,5,9,25,20,18,22,23
120798,2,1,1983,0,0,0,10,0,0,0,0,0,0
120799,1,1,1983,16,27,21,5,7,12,23,0,13,0
120800,1,1,1983,0,0,0,0,0,0,0,0,0,0
120800,2,1,1983,9,0,0,0,0,0,0,0,0,0
120801,1,1,1983,0,0,26,0,0,0,8,0,0,0
120802,1,1,1983,18,17,23,20,18,14,22,27,13,7
120803,1,1,1983,0,0,0,0,0,0,9,0,0,0
120804,1,1,1983,0,27,29,16,15,0,25,0,22,30
120805,1,1,1983,18,15,6,12,23,18,18,18,20,35
120806,1,1,1983,23,0,4,9,8,2,6,12,0,12
120806,2,1,1983,0,0,2,0,26,0,0,5,0,0
120807,1,1,1983,29,44,7,10,16,6,31,25,6,25
120808,0,1,1983,21,29,19,18,23,41,18,12,10,9
120808,1,1,1983,0,0,0,0,0,0,28,0,0,0
120809,1,1,1983,12,14,2,0,2,0,0,11,0,10
120810,0,1,1983,0,0,0,0,0,0,0,0,0,0
120810,1,1,1983,0,0,0,0,0,0,0,0,0,0
120811,1,1,1983,21,9,4,35,11,26,18,23,9,9
120812,1,1,1983,26,26,26,26,26,26,26,26,26,26
120812,2,1,1983,2,2,2,2,2,2,2,2,2,2
120813,1,1,1983,3,11,5,18,0,0,0,4,14,25
120813,2,1,1983,13,0,15,15,28,0,8,22,15,11
120814,1,1,1983,0,0,0,0,0,0,0,0,0,0
120814,2,1,1983,0,0,0,0,0,0,0,0,0,0
120815,1,1,1983,0,6,9,10,4,6,13,2,33,22
120815,2,1,1983,0,0,9,0,0,0,0,0,0,0
120816,0,1,1983,0,27,22,0,17,0,0,0,39,17
120816,1,1,1983,17,22,27,11,15,14,18,17,14,15
120817,0,1,1983,0,0,0,23,0,0,0,0,0,0
120817,1,1,1983,0,0,0,8,18,0,0,0,0,0
120818,1,1,1983,0,0,0,25,0,0,0,0,0,0
120818,2,1,1983,0,0,0,0,0,0,0,0,0,0
120819,1,1,1983,17,15,17,14,14,25,22,14,12,29
120819,2,1,1983,0,0,0,0,0,0,0,0,0,10
120820,1,1,1983,0,0,0,0,0,20,0,0,0,0
120820,2,1,1983,0,0,0,0,0,0,0,0,0,0
120820,3,1,1983,0,0,0,0,0,0,0,0,0,0
120821,1,1,1983,8,17,0,27,17,17,23,16,10,14
120821,2,1,1983,0,0,0,0,0,0,0,0,0,0