ST_CASE,VEH_NO,PER_NO,YEAR,P1,P2,P3,P4,P5,P6,P7,P8,P9,P10
121843,0,1,1983,0,16,21,29,16,35,8,21,30,24
121843,1,1,1983,16,14,10,24,20,29,0,8,10,15
121844,1,1,1983,0,0,8,0,0,0,0,0,0,0
121844,2,1,1983,0,0,0,0,0,0,0,0,6,0
121844,3,1,1983,0,0,0,0,0,0,0,0,0,0
121845,1,1,1983,0,0,0,0,0,0,0,0,0,0
121845,2,1,1983,0,0,0,0,0,0,0,0,0,0
121846,0,1,1983,0,0,0,0,0,0,40,34,0,0
121846,1,1,1983,0,0,0,0,0,0,0,0,0,0
121847,1,1,1983,22,22,9,18,32,14,42,11,9,15
121847,2,1,1983,0,0,0,0,0,0,0,5,16,0
121848,1,1,1983,34,19,41,11,14,19,28,33,9,0
121849,1,1,1983,0,0,0,0,0,0,0,0,0,0
121849,2,1,1983,0,0,0,0,0,0,0,0,0,0
121850,1,1,1983,9,30,25,20,9,24,14,11,11,20
121850,2,1,1983,0,0,0,0,0,0,0,0,0,0
121850,3,1,1983,0,0,31,0,10,16,26,0,14,18
121851,1,1,1983,0,12,0,0,0,0,11,0,11,21
121851,2,1,1983,0,0,0,0,0,0,0,0,0,0
121852,0,1,1983,0,0,0,0,0,0,0,0,0,0
121852,1,1,1983,0,0,0,0,0,0,0,0,0,0
121853,1,1,1983,23,19,16,21,16,45,13,17,10,19
121854,1,1,1983,0,0,0,0,0,0,0,0,0,0
121854,2,1,1983,0,0,0,0,0,0,0,0,0,0
121855,0,1,1983,0,0,0,0,0,0,0,0,0,0
121855,1,1,1983,0,0,0,0,0,0,0,0,0,0
121856,1,1,1983,24,12,15,32,27,14,29,22,16,23
121857,0,1,1983,16,23,23,20,8,15,21,26,9,26
121857,1,1,1983,0,0,0,0,0,0,0,0,0,0
121858,0,1,1983,0,0,0,0,0,0,0,0,0,0
121858,0,2,1983,0,0,0,0,0,0,0,0,0,0
121858,1,1,1983,4,9,0,11,0,9,7,10,7,0
121859,0,1,1983,0,0,0,0,0,0,0,0,0,0
121859,1,1,1983,0,0,0,0,0,0,0,0,0,0
121860,1,1,1983,18,15,17,23,15,21,11,20,23,14
121861,0,1,1983,30,0,0,0,0,0,20,0,0,0
121861,1,1,1983,0,0,0,0,0,0,0,0,0,0
121862,0,1,1983,8,25,14,27,17,29,0,18,20,20
121862,1,1,1983,12,12,12,12,12,12,12,12,12,12
121863,1,1,1983,33,20,29,20,13,0,7,15,25,5
121864,1,1,1983,17,14,11,16,6,12,11,0,3,25
121864,2,1,1983,0,10,13,0,0,21,0,22,0,14
121864,3,1,1983,0,0,0,0,0,0,0,0,0,0
121865,0,1,1983,0,0,0,0,0,0,0,0,0,0
121865,1,1,1983,0,0,0,0,0,0,0,0,0,0
121866,1,1,1983,0,0,0,0,0,0,0,0,0,25
121867,1,1,1983,19,10,19,0,0,14,7,11,0,0
121867,2,1,1983,11,0,0,0,0,0,0,0,0,0
121867,3,1,1983,0,0,0,0,0,0,0,0,0,0
121868,1,1,1983,24,23,34,7,0,0,0,0,9,0
121869,1,1,1983,14,0,0,10,10,18,0,0,0,0
121869,2,1,1983,0,0,0,0,0,0,0,0,0,0
121870,0,1,1983,22,41,0,0,0,9,0,0,0,0
121870,1,1,1983,35,23,4,24,34,31,28,22,11,8
121871,1,1,1983,20,9,18,16,0,17,20,6,23,0
121872,1,1,1983,15,0,11,0,10,30,0,0,0,8
121872,2,1,1983,6,0,0,0,0,0,0,0,0,0
121873,0,1,1983,0,0,0,0,0,0,0,0,0,0
121873,1,1,1983,0,0,0,0,0,0,0,0,0,0
121874,1,1,1983,0,0,0,0,0,0,0,0,0,0
121874,2,1,1983,0,0,0,0,0,0,0,0,0,0
121875,1,1,1983,12,30,3,0,0,19,12,0,3,6
121875,2,1,1983,12,7,8,19,9,14,18,15,11,16
121876,0,1,1983,0,0,0,19,0,0,0,0,0,0
121876,1,1,1983,0,26,0,13,0,0,0,0,0,0
121877,1,1,1983,2,20,3,11,8,11,2,6,11,9
121877,2,1,1983,0,0,15,0,0,0,0,0,0,0
121878,0,1,1983,0,0,0,0,0,0,0,0,0,9
121878,1,1,1983,21,14,6,19,30,13,12,18,23,15
121879,1,1,1983,7,6,17,5,0,14,13,9,9,13
121879,2,1,1983,0,0,0,0,0,0,0,0,0,0
121879,3,1,1983,15,0,0,0,0,0,0,0,24,0
121880,0,1,1983,0,0,0,0,0,0,0,0,0,0
121880,1,1,1983,0,0,0,0,0,0,0,0,0,0
121881,0,1,1983,30,0,15,0,6,23,27,4,18,5
121881,1,1,1983,2,10,22,24,14,11,20,20,9,12
121882,1,1,1983,0,0,0,0,0,0,0,0,0,0
121882,2,1,1983,0,0,0,0,9,0,0,0,0,0
121883,1,1,1983,10,4,11,4,7,24,15,2,0,16
121884,1,1,1983,6,18,27,7,0,23,0,25,12,27
121885,0,1,1983,0,0,0,0,0,0,0,0,0,0
121885,1,1,1983,0,0,0,0,0,0,0,0,0,0
121886,1,1,1983,5,0,0,0,0,11,0,14,0,5
121886,2,1,1983,0,0,0,0,0,0,0,0,0,0
121887,1,1,1983,15,0,0,48,0,0,0,0,0,0
121887,2,1,1983,0,0,0,0,0,0,0,0,0,14
121888,0,1,1983,0,0,0,0,0,0,0,0,0,0
121888,1,1,1983,0,0,0,0,0,0,0,0,0,0
121889,0,1,1983,22,8,18,29,27,29,17,16,40,15
121889,1,1,1983,0,0,0,0,0,0,0,0,0,0
121890,1,1,1983,12,28,32,16,13,17,17,26,32,11
121891,1,1,1983,21,23,32,12,20,5,26,19,5,26
121892,1,1,1983,14,0,12,12,17,10,19,0,0,0
121893,1,1,1983,24,15,24,26,14,14,17,25,34,26
121894,1,1,1983,17,17,17,17,17,17,17,17,17,17
121894,2,1,1983,0,0,0,0,8,0,6,0,0,0
121895,1,1,1983,19,19,22,10,18,16,12,17,6,29
121896,1,1,1983,32,32,32,32,32,32,32,32,32,32
121897,1,1,1983,0,0,0,0,3,0,0,0,0,0
121898,0,1,1983,0,0,0,0,0,0,0,0,0,0
121898,0,2,1983,4,0,0,0,15,0,0,0,0,0
121898,1,1,1983,10,15,28,14,10,15,12,25,18,23
121899,1,1,1983,18,18,21,5,11,14,16,14,8,16
121899,2,1,1983,0,0,0,0,0,0,0,0,0,0
121900,1,1,1983,0,0,0,0,0,0,0,0,0,0
121900,2,1,1983,0,0,0,0,0,0,0,0,0,0
121901,1,1,1983,0,0,0,0,16,0,13,0,0,0
121901,2,1,1983,7,14,28,7,15,30,23,19,12,11
121902,1,1,1983,6,0,0,0,0,0,0,0,0,0
121902,2,1,1983,0,0,0,24,0,0,0,18,20,24
121903,1,1,1983,15,28,17,23,16,27,16,0,29,29
121903,2,1,1983,0,0,21,0,0,0,0,0,0,0
121904,1,1,1983,0,0,0,0,0,0,0,0,0,0
121904,2,1,1983,0,0,16,0,0,0,0,0,29,30
121905,1,1,1983,0,0,0,0,0,0,0,0,0,0
121905,2,1,1983,0,0,0,0,0,0,0,0,0,0
121906,1,1,1983,0,20,12,17,30,7,0,27,19,7
121906,2,1,1983,0,18,0,0,0,0,0,14,0,13
121907,0,1,1983,31,22,7,21,45,13,33,10,31,23
121907,1,1,1983,14,14,14,14,14,14,14,14,14,14
121908,1,1,1983,0,0,0,0,0,13,24,5,0,13
121908,2,1,1983,0,0,0,0,0,0,0,0,0,0
121909,1,1,1983,0,0,0,0,0,0,0,0,9,0
121909,2,1,1983,0,0,0,0,0,0,0,0,0,0
121909,3,1,1983,0,0,0,0,0,0,0,0,15,0
121910,1,1,1983,17,6,7,6,24,3,17,30,21,22
121911,1,1,1983,13,9,11,14,13,12,34,21,10,13
121911,2,1,1983,8,5,16,37,19,16,16,12,12,17
121911,3,1,1983,0,0,0,0,0,0,0,0,0,0
121912,1,1,1983,0,0,0,0,0,0,0,0,0,0
121912,2,1,1983,4,0,7,9,7,11,0,6,0,0
121913,1,1,1983,0,6,22,18,13,16,18,31,18,16
121914,1,1,1983,0,0,0,0,0,0,15,0,0,0
121914,2,1,1983,0,0,0,0,0,0,0,0,0,0
121915,1,1,1983,13,19,23,24,12,35,35,14,32,20
121916,0,1,1983,20,48,29,0,18,0,25,14,21,12
121916,1,1,1983,0,0,0,13,11,0,0,18,0,0
121917,1,1,1983,0,7,0,17,9,0,0,0,0,11
121917,2,1,1983,0,0,0,0,0,0,0,0,0,0
121918,1,1,1983,4,30,9,25,7,26,18,18,23,8
121919,1,1,1983,0,0,0,0,0,0,0,0,0,0
121919,2,1,1983,0,0,0,0,0,0,0,0,0,0
121920,1,1,1983,0,0,0,0,0,0,0,0,0,0
121920,2,1,1983,0,0,0,0,17,0,0,0,0,0
121921,1,1,1983,0,0,0,0,0,0,0,0,0,0
121922,1,1,1983,28,16,3,29,19,3,14,13,13,8
121922,2,1,1983,0,0,0,0,0,0,0,0,0,0
121923,1,1,1983,20,23,33,29,19,2,27,13,11,17
121924,1,1,1983,0,0,0,0,20,0,0,0,0,30
121925,1,1,1983,0,4,0,0,20,0,0,0,0,0
121925,2,1,1983,9,9,9,9,9,9,9,9,9,9
121926,1,1,1983,16,16,23,0,9,0,0,11,0,0
121926,2,1,1983,12,15,4,19,19,12,16,16,20,14
121927,0,1,1983,14,39,8,30,31,18,11,13,20,17
121927,0,2,1983,26,19,26,33,23,16,35,10,33,16
121927,1,1,1983,0,0,0,0,0,0,0,0,0,0
121928,0,1,1983,0,0,0,0,0,0,0,0,0,0
121928,1,1,1983,0,0,0,0,0,0,0,0,0,0
121929,1,1,1983,20,17,16,28,27,35,0,17,14,23
121930,0,1,1983,0,0,0,0,0,0,0,0,0,0
121930,1,1,1983,0,0,0,0,0,0,0,0,0,0
121931,1,1,1983,0,0,0,0,0,0,0,0,0,0
121931,2,1,1983,0,0,0,0,0,0,0,0,0,0
121932,0,1,1983,18,0,0,0,0,0,14,0,0,0
121932,1,1,1983,12,10,22,20,23,13,6,0,9,9
121933,1,1,1983,0,0,0,0,0,0,0,0,0,0
121933,2,1,1983,0,0,0,0,0,0,0,0,0,0
121933,3,1,1983,0,0,0,0,0,0,0,0,0,0
121934,1,1,1983,15,0,0,0,0,15,21,0,0,0
121934,2,1,1983,0,0,0,0,0,0,0,0,0,0
121935,0,1,1983,0,0,19,8,14,0,13,16,19,0
121935,1,1,1983,9,0,5,15,8,12,21,3,23,17
121936,1,1,1983,0,0,0,0,19,0,0,0,11,0
121936,2,1,1983,0,0,0,0,0,0,0,0,0,0
121937,0,1,1983,0,0,0,0,0,0,0,0,0,0
121937,1,1,1983,0,0,0,0,0,0,0,0,0,0
121938,1,1,1983,0,0,0,27,0,19,0,15,0,0
121939,0,1,1983,19,17,0,0,13,25,16,3,31,0
121939,0,2,1983,11,9,25,0,9,40,34,15,0,10
121939,1,1,1983,13,13,13,13,13,13,13,13,13,13
121940,0,1,1983,23,15,12,9,26,31,22,18,12,29
121940,1,1,1983,0,0,0,0,16,0,0,0,0,0
121940,2,1,1983,0,0,0,0,12,0,0,0,0,0
121941,1,1,1983,0,0,22,0,0,0,10,0,0,0
121941,2,1,1983,0,0,0,0,0,0,0,0,0,0
121942,0,1,1983,0,0,0,0,0,16,0,0,32,0
121942,1,1,1983,0,0,0,0,0,0,0,0,0,0
121943,1,1,1983,15,7,11,9,17,11,10,14,26,18
121944,1,1,1983,0,0,0,0,0,0,0,0,0,0
121944,2,1,1983,0,0,0,0,0,0,0,0,0,0
121944,3,1,1983,0,0,0,0,0,0,0,0,0,0
121945,0,1,1983,0,0,0,0,0,0,0,0,0,0
121945,1,1,1983,0,0,0,0,0,0,0,0,0,0
121946,0,1,1983,0,0,0,23,8,14,7,0,0,0
121946,1,1,1983,20,20,20,20,20,20,20,20,20,20
121947,0,1,1983,10,12,0,0,0,0,0,0,0,0
121947,0,2,1983,0,26,0,13,21,0,0,8,18,0
121947,1,1,1983,8,31,30,29,17,22,15,14,19,6
121948,1,1,1983,0,0,0,0,0,0,0,0,0,0
121948,2,1,1983,0,0,0,0,0,0,0,0,0,0
121949,0,1,1983,0,0,32,13,0,0,0,0,0,0
121949,1,1,1983,0,3,0,0,34,0,0,0,21,12
121950,1,1,1983,0,0,0,0,0,0,0,0,0,0
121950,2,1,1983,0,0,0,0,0,0,0,0,0,0
121950,3,1,1983,9,0,5,0,0,9,6,20,16,11
121951,1,1,1983,0,0,0,0,0,0,0,0,0,0
121951,2,1,1983,0,0,0,0,0,0,0,0,0,0
121952,1,1,1983,22,0,15,13,18,30,23,22,7,11
121953,1,1,1983,0,0,0,0,0,0,0,0,0,0
121953,2,1,1983,0,0,0,0,0,0,0,0,0,0
121954,1,1,1983,18,16,4,13,15,19,19,14,9,9
121955,1,1,1983,23,22,14,16,26,9,10,11,0,20
121955,2,1,1983,0,15,0,0,0,0,31,0,4,0
121956,0,1,1983,0,0,0,0,0,0,0,0,0,0
121956,1,1,1983,0,0,0,0,0,10,0,0,0,0
121957,0,1,1983,45,0,0,16,14,0,40,0,25,0
121957,1,1,1983,0,0,0,0,0,0,0,0,0,11
121958,0,1,1983,0,26,17,0,0,0,0,0,0,16
121958,1,1,1983,0,0,0,0,0,0,0,0,0,0
121959,1,1,1983,0,0,0,0,0,0,0,22,0,0
121959,2,1,1983,0,0,0,16,0,0,0,10,0,0
121960,1,1,1983,0,0,0,0,0,0,0,0,0,0
121960,2,1,1983,0,0,0,0,0,0,0,0,0,0
121961,1,1,1983,23,20,0,0,0,0,0,0,0,0
121962,0,1,1983,19,15,0,0,0,0,0,19,0,0
121962,1,1,1983,0,0,0,0,0,0,0,0,0,0
121962,2,1,1983,17,0,0,0,0,0,0,0,0,0
121962,3,1,1983,0,0,0,0,0,0,17,0,0,0
121963,1,1,1983,22,25,16,23,19,33,15,20,6,9
121964,0,1,1983,0,17,0,0,22,21,0,0,10,0
121964,0,2,1983,0,0,0,25,21,13,25,15,15,0
121964,1,1,1983,0,0,0,0,0,0,0,0,14,0
121965,0,1,1983,0,0,0,0,0,0,14,0,0,0
121965,1,1,1983,46,0,0,22,0,0,0,12,12,15
121966,0,1,1983,0,0,0,0,4,0,9,0,0,11
121966,0,2,1983,11,0,0,26,26,0,13,0,13,14
121966,1,1,1983,6,11,3,0,22,4,17,6,9,11
121967,1,1,1983,0,0,0,0,0,0,0,0,0,0
121967,2,1,1983,10,10,11,17,11,17,10,0,11,12
121968,1,1,1983,0,0,0,23,0,25,0,6,36,17
121969,1,1,1983,16,28,17,0,0,25,18,22,0,0
121970,0,1,1983,0,0,0,0,0,0,0,0,0,0
121970,1,1,1983,0,0,0,26,0,0,0,0,0,0
121971,1,1,1983,0,22,8,0,0,0,28,10,18,0
121972,1,1,1983,0,0,0,0,0,0,0,0,0,0
121972,2,1,1983,0,0,0,0,0,0,0,0,0,0
121972,3,1,1983,0,0,0,0,0,0,0,0,0,0
121973,1,1,1983,0,0,0,0,0,0,0,15,0,0
121973,2,1,1983,0,0,0,0,0,0,0,0,0,0
121974,1,1,1983,0,0,0,0,0,0,0,0,0,0
121974,2,1,1983,0,0,24,0,0,0,0,0,0,0
121974,3,1,1983,0,0,0,0,0,0,0,0,0,0
121974,4,1,1983,0,0,0,0,0,0,0,0,0,0
121975,1,1,1983,20,12,11,10,5,19,7,23,12,14
121976,1,1,1983,0,8,0,0,0,0,18,0,0,0
121977,1,1,1983,0,0,0,0,0,0,0,0,0,0
121977,2,1,1983,0,0,0,0,0,0,0,0,0,0
121978,1,1,1983,0,0,0,0,0,0,0,0,0,0
121978,2,1,1983,0,0,0,0,3,0,0,0,0,0
121979,1,1,1983,0,0,0,0,0,0,0,0,0,0
121979,2,1,1983,0,0,0,0,0,0,0,0,0,0
121980,0,1,1983,16,0,0,24,49,0,13,0,0,0
121980,1,1,1983,0,0,0,0,0,0,0,0,0,0
121981,1,1,1983,0,28,8,2,16,6,0,31,21,11
121982,1,1,1983,20,20,20,20,20,20,20,20,20,20
121983,1,1,1983,8,10,11,25,0,7,22,20,29,0
121984,0,1,1983,0,0,44,0,0,0,0,0,0,18
121984,1,1,1983,0,0,0,0,0,0,0,0,0,0
121985,1,1,1983,22,34,22,21,13,7,25,16,17,34
121986,0,1,1983,0,0,6,0,0,3,0,22,12,0
121986,1,1,1983,0,6,0,0,0,0,0,0,12,19
121987,1,1,1983,0,24,0,0,13,0,0,0,0,0
121987,2,1,1983,11,11,13,21,17,13,12,14,21,15
121988,1,1,1983,13,12,18,25,24,19,12,17,10,7
121989,0,1,1983,0,0,23,0,0,0,56,0,0,0
121989,1,1,1983,37,23,23,26,15,7,14,0,6,20
121990,1,1,1983,0,0,13,0,0,0,0,0,0,10
121990,2,1,1983,0,0,0,0,5,0,0,0,0,0
121991,1,1,1983,0,0,0,0,0,0,0,0,0,0
121991,2,1,1983,0,0,0,0,0,0,0,0,0,0
121992,1,1,1983,0,0,0,0,0,0,0,0,0,0
121993,0,1,1983,15,25,21,11,15,28,26,17,10,39
121993,1,1,1983,0,0,0,0,0,0,0,0,0,0
121994,1,1,1983,14,17,6,9,21,15,8,36,0,1
121995,1,1,1983,0,0,0,0,0,0,0,0,0,0
121995,2,1,1983,0,0,0,0,0,0,0,0,0,0
121996,0,1,1983,0,0,0,0,0,0,0,0,0,0
121996,1,1,1983,0,0,0,0,0,0,0,0,5,0
121997,1,1,1983,12,17,0,6,0,19,0,0,0,0
121997,2,1,1983,21,0,0,25,0,38,0,0,0,0
121998,1,1,1983,28,20,17,25,18,41,17,18,17,26
121999,1,1,1983,15,15,15,15,15,15,15,15,15,15
122000,1,1,1983,0,0,0,0,12,29,0,41,0,0
122000,2,1,1983,0,0,0,0,0,0,0,0,15,0
122000,3,1,1983,0,0,0,0,0,0,0,0,0,0
122001,0,1,1983,0,0,0,0,0,0,0,0,0,0
122001,1,1,1983,0,0,0,0,0,0,0,0,0,0
122002,0,1,1983,0,0,0,0,0,0,0,0,0,0
122002,1,1,1983,0,0,0,0,0,0,0,0,0,0
122003,1,1,1983,6,10,0,0,0,0,0,0,0,0
122003,2,1,1983,0,13,0,0,0,4,0,0,0,0
122003,3,1,1983,0,6,0,0,15,4,13,0,0,0
122003,4,1,1983,0,0,0,0,0,13,0,0,0,0
122004,1,1,1983,0,0,0,0,0,0,0,0,0,0
122004,2,1,1983,0,0,0,0,0,0,0,0,0,0
122005,0,1,1983,0,19,0,0,16,0,0,0,0,0
122005,0,2,1983,0,8,13,21,26,22,0,18,18,8
122005,1,1,1983,26,14,14,0,18,12,5,5,14,5
122006,1,1,1983,10,0,0,0,20,0,0,17,22,0
122006,2,1,1983,0,0,0,22,0,0,0,0,0,0
122007,1,1,1983,0,0,0,0,0,8,0,0,0,0
122008,0,1,1983,0,0,0,0,5,5,0,0,0,0
122008,1,1,1983,0,0,0,0,0,0,0,0,0,0
122009,1,1,1983,21,18,19,18,21,15,0,14,16,21
122009,2,1,1983,0,15,0,0,0,0,46,9,16,0
122010,0,1,1983,7,15,0,0,0,0,0,18,0,0
122010,1,1,1983,0,5,0,0,0,0,0,0,0,0
122011,0,1,1983,0,0,11,0,0,0,0,0,0,0
122011,1,1,1983,0,24,0,0,0,0,0,0,0,0
122012,0,1,1983,9,29,25,26,4,12,26,11,16,20
122012,0,2,1983,0,20,0,19,26,14,7,25,0,25
122012,1,1,1983,0,0,0,0,0,0,0,0,0,18
122013,1,1,1983,13,42,17,9,0,15,22,20,10,28
122013,2,1,1983,0,0,0,0,0,0,0,0,0,0
122014,1,1,1983,23,16,12,14,7,3,13,23,21,12
122015,1,1,1983,15,0,0,11,6,0,0,0,0,0
122015,2,1,1983,0,6,0,0,9,0,0,0,4,0
122016,1,1,1983,0,0,0,0,0,0,0,0,0,0
122016,2,1,1983,0,0,0,0,0,0,0,0,0,0
122017,1,1,1983,0,0,0,0,0,17,0,0,0,0
122017,2,1,1983,0,0,0,0,0,0,0,0,0,0
122018,1,1,1983,8,12,23,9,11,7,14,19,14,13
122019,0,1,1983,0,0,0,0,16,0,0,0,0,0
122019,0,2,1983,14,40,21,18,0,30,19,21,29,0
122019,1,1,1983,0,0,0,19,0,0,0,0,0,0
122020,1,1,1983,17,0,0,0,0,0,0,0,0,0
122020,2,1,1983,0,0,13,0,0,0,0,0,0,0
122021,1,1,1983,0,0,0,0,0,0,0,0,0,0
122021,2,1,1983,0,0,0,0,0,0,0,0,0,0
122021,3,1,1983,0,0,0,0,0,0,0,0,0,0
122022,1,1,1983,0,0,0,0,0,0,0,0,0,0
122022,2,1,1983,0,0,0,0,0,0,0,0,0,0
122023,0,1,1983,8,14,14,27,20,14,12,5,22,0
122023,1,1,1983,9,9,9,9,9,9,9,9,9,9
122024,1,1,1983,0,0,16,9,0,0,13,0,0,0
122025,1,1,1983,0,0,0,0,0,0,0,0,0,0
122025,2,1,1983,0,0,0,0,0,0,0,0,0,0
122026,1,1,1983,20,38,9,28,4,8,14,8,17,35
122026,2,1,1983,0,0,0,0,0,0,0,0,0,0
122027,1,1,1983,0,0,0,0,0,0,0,0,14,0
122027,2,1,1983,0,0,0,9,0,0,0,0,0,0
122028,0,1,1983,0,15,0,0,0,0,0,0,0,0
122028,1,1,1983,0,0,0,0,22,0,0,0,0,0
122029,1,1,1983,15,2,12,0,0,7,18,13,0,11
122029,2,1,1983,0,0,0,0,0,0,0,0,0,0
122030,1,1,1983,16,0,21,0,0,0,5,0,7,13
122030,2,1,1983,0,0,4,0,0,0,0,0,7,0
122030,3,1,1983,0,0,0,0,0,20,0,0,0,7
122031,1,1,1983,0,0,20,0,0,0,0,17,0,0
122031,2,1,1983,15,25,23,0,23,3,0,12,20,11
122032,0,1,1983,11,13,17,22,30,19,0,14,0,12
122032,1,1,1983,0,0,0,0,0,0,0,0,0,0
122033,1,1,1983,3,0,0,5,0,0,0,6,0,8
122034,1,1,1983,16,17,22,13,12,19,16,11,27,28
122035,1,1,1983,0,0,0,0,0,0,0,0,0,0
122036,1,1,1983,12,4,14,19,16,18,34,11,10,10
122037,0,1,1983,0,0,0,0,0,0,0,0,0,0
122037,1,1,1983,0,0,0,0,0,0,0,0,0,0
122038,0,1,1983,39,0,0,36,0,0,0,0,27,0
122038,1,1,1983,0,18,0,0,0,0,0,11,0,0
122039,0,1,1983,0,0,0,0,24,0,19,0,0,20
122039,1,1,1983,0,0,0,0,0,24,0,0,0,0
122040,1,1,1983,0,0,0,0,0,0,0,0,0,11
122041,1,1,1983,27,33,10,14,22,30,19,14,27,27
122042,0,1,1983,0,0,0,0,0,0,0,0,0,0
122042,1,1,1983,0,0,0,0,0,0,0,0,0,0
122043,0,1,1983,0,0,0,0,0,0,0,0,0,21
122043,1,1,1983,0,0,0,0,0,0,0,0,0,0
122044,1,1,1983,19,0,0,0,0,14,24,0,19,39
122045,1,1,1983,0,0,30,0,0,0,0,0,0,0
122046,1,1,1983,0,0,0,0,0,0,0,0,0,0
122047,1,1,1983,0,0,0,0,25,0,0,0,6,0
122048,1,1,1983,0,0,0,0,0,0,0,0,0,0
122048,2,1,1983,0,0,0,0,0,24,0,0,11,0
122049,1,1,1983,0,0,0,0,0,0,0,0,0,0
122049,2,1,1983,0,0,0,0,0,0,0,0,0,0
122050,1,1,1983,0,0,0,0,0,0,0,0,0,26
122050,2,1,1983,0,0,0,0,0,0,0,0,0,0
122050,3,1,1983,0,0,0,0,0,0,0,36,0,0
122051,1,1,1983,0,0,0,0,0,0,15,0,0,0
122052,1,1,1983,0,0,24,0,19,0,19,0,8,0
122053,1,1,1983,20,17,14,2,6,25,14,27,13,16
122053,2,1,1983,12,0,0,0,0,4,0,0,15,0
122054,1,1,1983,11,15,5,9,28,0,15,6,30,18
122054,2,1,1983,1,0,0,0,0,32,18,15,0,0
122055,0,1,1983,0,0,0,0,0,2,10,0,12,7
122055,0,2,1983,14,13,0,12,0,2,0,6,0,0
122055,1,1,1983,6,25,0,11,15,14,8,25,19,8
122056,1,1,1983,0,0,0,0,0,0,0,0,0,0
122056,2,1,1983,21,0,0,0,0,0,0,0,0,0
122057,0,1,1983,0,13,22,0,21,0,16,19,33,0
122057,1,1,1983,0,0,0,23,0,0,0,0,0,0
122058,0,1,1983,23,7,0,24,29,31,0,25,10,29
122058,1,1,1983,20,12,26,12,24,22,18,30,26,21
122059,0,1,1983,0,18,21,0,0,0,16,0,0,2
122059,1,1,1983,7,10,20,32,19,0,10,15,13,35
122060,1,1,1983,0,0,0,0,0,0,0,0,0,11
122060,2,1,1983,0,0,0,0,0,0,0,10,0,10
122061,1,1,1983,21,4,26,6,23,11,6,20,16,15
122062,1,1,1983,0,0,0,22,9,6,16,0,21,15
122063,1,1,1983,0,0,0,0,0,0,0,0,0,0
122063,2,1,1983,0,0,0,0,0,0,0,0,0,0
122063,3,1,1983,0,0,0,0,0,0,0,0,0,0
122063,4,1,1983,0,0,0,0,0,0,0,0,0,0
122064,0,1,1983,0,0,0,0,0,0,0,0,0,0
122064,1,1,1983,0,0,0,0,0,0,0,0,0,0
122065,1,1,1983,4,26,24,32,19,22,24,35,12,33
122066,1,1,1983,0,0,2,0,0,0,0,0,0,0
122066,2,1,1983,0,0,0,0,0,0,0,0,0,0
122067,1,1,1983,0,16,11,10,6,9,21,21,13,4
122067,2,1,1983,13,10,18,0,9,8,14,17,14,12
122068,1,1,1983,0,0,0,0,0,0,0,0,0,0
122068,2,1,1983,0,0,0,0,0,2,0,0,0,0
122069,0,1,1983,40,30,26,35,0,29,0,0,30,0
122069,1,1,1983,0,0,0,0,0,0,0,0,0,0
122070,1,1,1983,0,0,0,0,0,0,0,0,0,0
122070,2,1,1983,0,0,0,0,0,0,0,0,0,0
122071,1,1,1983,0,0,0,0,0,0,0,0,0,0
122071,2,1,1983,0,0,0,0,0,0,0,0,0,0
122072,1,1,1983,0,0,0,0,0,0,0,0,0,0
122072,2,1,1983,0,0,0,0,0,0,0,0,0,0
122072,3,1,1983,0,0,0,0,0,0,0,0,0,0
122073,0,1,1983,23,26,0,25,35,18,18,40,13,23
122073,1,1,1983,0,16,15,13,10,12,13,17,22,14
122074,1,1,1983,0,0,0,0,0,0,20,14,0,0
122074,2,1,1983,0,0,0,0,0,0,0,0,0,0
122075,1,1,1983,0,0,0,0,0,0,0,0,0,0
122075,2,1,1983,0,0,0,0,0,0,0,0,0,0
122076,0,1,1983,0,0,18,0,0,3,0,0,0,0
122076,1,1,1983,15,24,15,21,18,24,11,0,21,0
122077,0,1,1983,0,0,4,0,0,17,17,0,0,23
122077,1,1,1983,0,0,0,0,0,0,0,0,5,0
122078,0,1,1983,0,0,0,0,0,0,0,0,0,16
122078,1,1,1983,0,0,0,0,0,17,17,0,4,0
122078,2,1,1983,0,0,0,0,0,0,0,0,0,0
122079,1,1,1983,9,0,0,0,0,0,0,0,0,0
122079,2,1,1983,7,7,7,7,7,7,7,7,7,7
122079,3,1,1983,0,0,0,0,29,0,0,0,0,0
122080,0,1,1983,21,26,30,5,19,4,4,39,10,20
122080,1,1,1983,0,0,0,0,0,0,9,0,18,17
122081,0,1,1983,0,0,0,0,0,0,0,0,0,0
122081,1,1,1983,16,0,0,0,0,0,0,0,0,0
122082,1,1,1983,24,0,0,0,0,0,0,15,0,0
122082,2,1,1983,0,0,0,0,0,0,0,0,0,0
122083,1,1,1983,21,15,8,29,23,26,15,10,26,27
122084,1,1,1983,0,0,0,0,0,0,0,0,0,0
122084,2,1,1983,0,0,0,0,0,0,0,0,0,0
122084,3,1,1983,0,0,0,0,0,0,0,11,0,0
122085,1,1,1983,7,0,0,0,20,26,0,0,0,0
122085,2,1,1983,6,0,14,0,7,9,22,14,8,8
122086,0,1,1983,0,0,0,0,42,0,10,0,0,0
122086,1,1,1983,0,0,0,0,0,0,0,0,0,0
122087,1,1,1983,8,9,22,13,14,17,15,5,30,16
122087,2,1,1983,7,0,0,0,5,0,0,0,0,0
122088,0,1,1983,26,0,0,0,40,0,0,0,0,26
122088,1,1,1983,0,0,0,0,0,8,0,0,0,0
122089,1,1,1983,0,14,13,0,0,23,0,0,18,0
122090,1,3,1983,36,31,15,7,19,22,17,2,21,9
122091,1,1,1983,0,0,0,0,0,0,0,0,0,8