ST_CASE,VEH_NO,PER_NO,YEAR,P1,P2,P3,P4,P5,P6,P7,P8,P9,P10
122091,2,1,1983,0,0,0,0,0,0,0,0,16,5
122092,1,1,1983,14,12,16,24,23,0,15,20,16,0
122093,1,1,1983,0,0,0,0,0,0,0,0,0,0
122094,1,1,1983,12,0,14,14,12,11,12,1,2,19
122094,2,1,1983,27,8,11,30,0,11,7,27,36,10
122095,1,1,1983,0,0,0,0,0,0,0,0,0,0
122095,2,1,1983,0,0,0,0,0,0,0,0,0,0
122096,1,1,1983,0,0,0,22,0,0,0,0,0,0
122097,0,1,1983,22,30,24,18,14,7,22,29,33,2
122097,1,1,1983,0,21,30,32,17,23,20,25,4,16
122098,1,1,1983,13,0,21,0,0,0,18,11,0,0
122099,1,1,1983,3,14,10,0,19,6,17,21,0,0
122099,2,1,1983,9,7,7,9,10,0,15,0,9,17
122100,0,1,1983,11,21,4,42,18,25,28,40,14,20
122100,0,2,1983,10,21,7,20,7,34,6,19,13,32
122100,1,1,1983,1,1,1,1,1,1,1,1,1,1
122101,0,1,1983,38,33,18,10,10,22,6,23,22,24
122101,1,1,1983,18,18,18,18,18,18,18,18,18,18
122102,1,1,1983,27,27,27,27,27,27,27,27,27,27
122102,2,1,1983,0,0,0,0,0,0,0,0,15,0
122103,1,1,1983,0,0,0,0,0,0,0,0,0,0
122103,2,1,1983,0,0,20,0,0,0,0,0,0,0
122104,1,1,1983,0,22,11,0,0,0,0,0,0,0
122104,2,1,1983,0,0,0,21,0,0,0,0,0,9
122105,1,1,1983,0,16,18,5,20,0,0,9,6,23
122105,2,1,1983,0,0,0,0,0,0,0,0,22,0
122106,1,1,1983,0,0,0,0,0,0,0,0,0,0
122106,2,1,1983,16,0,6,14,22,7,10,11,19,23
122107,1,1,1983,21,9,10,31,12,5,13,9,20,11
122108,1,1,1983,0,0,0,0,0,0,0,0,0,0
122108,2,1,1983,0,0,0,13,0,0,0,0,0,0
122109,1,1,1983,0,0,10,10,23,0,0,0,16,10
122109,2,1,1983,0,0,0,6,8,16,26,16,15,0
122110,0,1,1983,6,0,0,16,0,0,0,0,18,0
122110,0,2,1983,0,9,51,28,0,7,0,0,0,0
122110,1,1,1983,0,0,0,0,0,0,0,9,9,0
122111,1,1,1983,26,0,17,0,23,0,14,10,12,25
122111,2,1,1983,10,13,15,15,11,14,0,22,0,17
122112,0,1,1983,17,22,12,30,6,17,41,8,18,22
122112,1,1,1983,0,0,0,0,0,0,0,0,0,0
122113,1,1,1983,0,0,0,0,0,0,0,0,0,0
122114,1,1,1983,0,0,0,0,0,0,0,0,0,0
122114,2,1,1983,0,0,0,0,0,0,0,0,0,0
122115,1,1,1983,11,15,3,0,6,15,0,12,0,23
122116,1,1,1983,0,15,0,0,0,0,8,26,0,0
122117,1,1,1983,10,15,37,0,7,19,35,14,34,40
122118,0,1,1983,0,13,12,36,18,12,9,0,16,27
122118,1,1,1983,0,0,0,0,0,0,0,0,0,0
122119,1,1,1983,0,0,0,0,20,0,0,18,15,23
122120,1,1,1983,0,0,0,0,0,0,0,0,0,0
122120,2,1,1983,0,0,0,0,0,0,0,0,0,0
122121,1,1,1983,0,0,0,0,0,0,0,0,0,0
122121,2,1,1983,0,64,0,0,0,0,0,0,0,0
122122,1,1,1983,19,8,0,0,0,0,19,31,0,16
122123,1,1,1983,0,0,0,0,0,0,0,0,0,0
122123,2,1,1983,0,0,18,0,33,0,11,7,0,0
122124,1,1,1983,0,0,0,0,0,0,0,0,0,0
122124,2,1,1983,0,0,0,0,0,0,0,0,0,0
122125,1,1,1983,14,0,24,24,15,0,10,0,14,13
122126,1,1,1983,0,23,0,7,5,0,8,16,25,0
122127,1,1,1983,0,0,0,0,0,0,0,0,0,0
122128,1,1,1983,19,13,28,22,7,20,17,15,16,20
122129,1,1,1983,15,11,19,30,16,22,21,14,0,24
122130,1,1,1983,12,14,9,11,15,10,16,18,9,0
122130,2,1,1983,0,0,0,0,0,0,0,0,0,0
122131,0,1,1983,0,0,0,0,0,0,0,0,0,0
122131,1,1,1983,0,0,0,0,0,0,0,0,0,0
122132,1,1,1983,32,12,29,10,22,0,14,8,17,31
122132,2,1,1983,0,0,0,0,0,25,0,0,0,0
122133,1,1,1983,12,20,26,8,8,12,11,0,12,15
122133,2,1,1983,0,0,0,0,0,0,0,0,0,0
122133,3,1,1983,0,0,0,0,0,0,0,0,0,0
122134,1,1,1983,28,13,16,0,0,5,10,0,25,19
122135,0,1,1983,0,0,15,0,0,0,0,23,0,0
122135,1,1,1983,15,14,20,21,9,13,15,0,13,13
122136,1,1,1983,0,0,0,0,0,0,0,0,0,0
122136,2,1,1983,0,0,0,0,0,0,0,0,0,0
122137,1,1,1983,13,13,0,0,0,0,0,0,0,0
122138,1,1,1983,0,0,0,0,0,0,0,0,0,0
122138,2,1,1983,0,0,0,0,0,7,0,0,0,0
122139,1,1,1983,0,0,0,0,0,0,0,0,0,0
122139,2,1,1983,0,0,0,0,0,0,0,0,0,0
122140,1,1,1983,0,0,23,0,0,0,24,0,0,19
122140,2,1,1983,12,9,0,0,0,0,19,0,0,0
122141,1,1,1983,7,9,32,22,21,18,22,22,23,23
122142,1,1,1983,17,14,19,29,26,8,14,20,10,12
122143,1,1,1983,16,16,9,0,0,24,4,11,22,22
122144,1,1,1983,0,0,0,0,0,0,0,13,0,0
122144,2,1,1983,0,0,0,0,26,0,0,0,0,0
122145,0,1,1983,0,0,25,0,0,0,14,0,0,0
122145,1,1,1983,0,0,0,0,0,0,0,0,0,0
122146,0,1,1983,16,20,0,12,0,0,0,10,0,0
122146,1,1,1983,0,0,0,0,0,0,0,0,0,0
122147,1,1,1983,0,0,0,0,0,0,0,0,0,0
122147,2,1,1983,0,0,0,0,0,0,0,0,0,0
122148,0,1,1983,10,11,31,14,6,0,12,3,0,28
122148,1,1,1983,13,12,0,4,14,0,0,0,27,0
122149,1,1,1983,0,11,0,0,0,0,0,17,11,0
122149,2,1,1983,19,24,13,15,17,19,8,19,14,2
122150,1,1,1983,0,0,0,0,0,0,0,0,0,0
122150,2,1,1983,0,0,0,0,0,0,0,0,0,0
122151,1,1,1983,8,0,0,0,17,0,0,0,0,0
122152,1,1,1983,17,17,17,17,17,17,17,17,17,17
122153,0,1,1983,0,11,19,0,25,7,0,13,0,21
122153,1,1,1983,0,0,9,7,0,0,8,0,0,0
122154,1,1,1983,13,12,15,0,10,29,19,0,22,10
122155,1,1,1983,0,0,0,0,0,0,0,0,0,0
122155,2,1,1983,0,0,0,0,0,0,0,0,0,0
122156,1,1,1983,0,0,0,0,0,0,0,0,0,0
122156,2,1,1983,0,0,0,0,0,0,0,0,0,0
122157,1,1,1983,5,5,12,26,0,12,5,3,16,36
122157,2,1,1983,17,14,31,13,21,25,0,19,22,12
122158,0,1,1983,20,27,27,15,20,21,27,22,17,26
122158,1,1,1983,23,13,17,18,20,10,17,32,8,3
122159,1,1,1983,0,0,0,0,0,0,0,0,0,0
122159,2,1,1983,0,0,0,0,0,0,0,0,0,0
122160,1,1,1983,0,0,0,0,0,0,0,0,0,0
122160,2,1,1983,0,0,0,0,0,0,0,10,0,0
122161,0,1,1983,0,0,0,0,0,0,0,0,0,0
122161,1,1,1983,0,0,0,0,0,0,0,0,0,0
122162,1,1,1983,0,0,0,0,0,0,0,0,0,0
122163,1,1,1983,0,0,0,0,0,0,0,0,0,0
122163,2,1,1983,0,0,0,0,0,17,0,0,0,0
122163,3,1,1983,0,0,0,0,0,0,0,0,0,0
122164,0,1,1983,0,0,0,0,0,0,0,0,0,0
122164,1,1,1983,0,0,0,0,0,0,0,0,0,0
122165,1,1,1983,0,0,0,0,0,0,0,0,0,0
122165,2,1,1983,0,0,0,0,0,0,6,0,0,0
122165,3,1,1983,0,0,0,0,0,0,0,0,0,0
122166,1,1,1983,0,0,16,0,0,0,0,0,0,0
122166,2,1,1983,0,0,0,0,0,0,0,0,0,0
122167,0,1,1983,21,33,23,34,26,25,21,19,44,2
122167,1,1,1983,0,0,0,0,0,0,0,0,0,0
122168,1,1,1983,9,0,0,0,0,0,0,0,0,0
122168,2,1,1983,0,0,0,0,0,0,0,0,0,0
122169,1,1,1983,0,0,0,6,0,0,0,0,0,0
122169,2,1,1983,0,0,16,13,0,18,0,0,16,0
122170,1,1,1983,14,21,30,15,0,24,17,17,20,0
122171,0,1,1983,0,0,0,0,0,0,0,0,0,0
122171,0,2,1983,14,0,0,0,0,0,0,17,0,0
122171,0,3,1983,0,25,0,0,0,0,0,0,25,19
122171,1,1,1983,0,0,0,0,0,0,0,0,0,0
122172,1,1,1983,3,8,8,18,11,13,39,20,7,13
122173,1,1,1983,24,28,24,11,13,22,13,15,19,17
122174,1,1,1983,0,0,11,0,0,0,0,0,11,0
122175,0,1,1983,0,27,0,16,0,0,22,0,0,0
122175,1,1,1983,0,0,0,0,0,0,15,0,5,23
122176,0,1,1983,0,14,0,0,0,26,0,0,0,0
122176,1,1,1983,0,0,0,0,0,0,0,0,0,1
122177,1,1,1983,0,9,12,6,12,10,0,0,0,0
122177,2,1,1983,14,0,0,0,0,0,0,0,0,6
122178,1,1,1983,0,0,0,0,0,0,0,0,0,0
122178,2,1,1983,0,0,0,0,0,0,0,0,15,0
122179,0,1,1983,7,8,0,0,0,0,0,0,0,0
122179,1,1,1983,15,15,15,15,15,15,15,15,15,15
122180,1,1,1983,0,0,0,0,0,0,0,0,0,0
122180,2,1,1983,0,0,0,0,0,0,0,0,0,0
122181,1,1,1983,0,0,0,0,0,0,0,0,0,0
122181,2,1,1983,0,0,0,0,0,0,3,0,0,0
122182,1,1,1983,9,0,0,21,0,0,0,0,0,0
122183,1,1,1983,14,20,0,13,0,0,27,0,15,0
122183,2,1,1983,0,0,0,0,0,0,0,0,0,0
122184,0,1,1983,21,10,21,27,17,22,23,7,18,27
122184,1,1,1983,15,15,15,15,15,15,15,15,15,15
122185,0,1,1983,0,0,0,0,0,0,0,0,0,0
122185,1,1,1983,0,0,13,0,10,8,0,24,0,4
122186,1,1,1983,0,0,0,0,0,0,0,0,6,25
122186,2,1,1983,14,0,0,0,0,0,0,0,0,0
122186,3,1,1983,24,18,15,46,14,15,26,9,22,24
122187,0,1,1983,0,9,0,4,17,0,11,32,30,0
122187,1,1,1983,0,0,0,0,0,0,0,0,0,0
122188,1,1,1983,28,31,16,11,34,16,36,30,34,21
122189,1,1,1983,24,19,16,25,13,27,23,9,20,17
122190,1,1,1983,0,0,0,0,0,0,0,0,0,0
122190,2,1,1983,0,0,0,0,18,0,0,0,0,0
122191,0,1,1983,2,0,0,3,20,18,0,31,9,19
122191,1,1,1983,10,13,9,22,10,26,20,12,11,12
122192,0,1,1983,0,0,0,0,0,0,0,0,0,0
122192,1,1,1983,0,0,0,0,0,0,0,0,0,0
122193,0,1,1983,0,0,0,0,0,0,0,0,0,0
122193,1,1,1983,0,0,0,0,0,0,0,0,0,0
122194,0,1,1983,16,27,0,0,0,0,10,0,0,15
122194,1,1,1983,19,23,21,27,16,25,9,15,33,8
122195,1,1,1983,15,0,13,0,0,0,0,0,22,29
122196,0,1,1983,22,14,13,0,33,27,14,25,20,10
122196,1,1,1983,0,0,0,0,0,0,0,6,0,17
122197,0,1,1983,11,0,11,0,0,0,0,0,0,0
122197,1,1,1983,0,3,21,0,0,0,0,0,0,0
122198,1,1,1983,0,0,0,0,0,0,0,0,0,0
122198,2,1,1983,0,0,0,0,0,12,0,0,0,0
122199,1,1,1983,22,16,0,10,32,0,24,0,16,11
122200,1,1,1983,0,0,0,0,0,0,0,0,0,0
122200,2,1,1983,0,0,0,0,0,0,0,0,0,0
122201,1,1,1983,0,0,0,0,0,0,0,0,10,0
122201,2,1,1983,12,12,12,12,12,12,12,12,12,12
122202,1,1,1983,0,16,20,15,18,17,14,28,20,29
122203,0,1,1983,0,25,15,0,0,0,22,0,0,0
122203,1,1,1983,0,23,19,5,22,7,15,0,23,20
122204,1,1,1983,9,23,27,12,33,27,17,16,21,13
122205,1,1,1983,0,0,0,0,0,0,0,0,0,13
122206,1,1,1983,22,22,22,22,22,22,22,22,22,22
122207,0,1,1983,0,17,0,30,21,0,0,0,0,0
122207,1,1,1983,26,0,13,25,15,4,8,27,11,10
122208,1,1,1983,0,0,0,0,0,0,0,0,6,0
122208,2,1,1983,0,27,0,0,10,0,0,0,0,0
122208,3,1,1983,27,27,27,27,27,27,27,27,27,27
122209,0,1,1983,0,0,0,0,0,0,14,20,0,0
122209,1,1,1983,0,0,0,0,0,0,0,0,0,0
122210,1,1,1983,30,15,0,42,31,17,23,24,25,16
122211,1,1,1983,19,21,20,15,16,14,7,22,26,27
122212,0,1,1983,24,20,0,0,0,0,25,28,15,0
122212,1,1,1983,0,0,0,0,0,0,0,0,0,0
122213,0,1,1983,0,19,15,27,10,18,23,18,0,25
122213,1,1,1983,27,2,14,0,7,18,10,12,31,23
122214,1,1,1983,18,8,17,11,2,18,18,22,10,9
122215,1,1,1983,27,14,7,19,15,34,16,16,19,19
122216,0,1,1983,0,0,0,0,0,0,0,0,0,0
122216,1,1,1983,0,0,0,0,0,0,0,0,0,0
122217,1,1,1983,0,0,0,0,0,0,0,0,0,0
122217,2,1,1983,6,0,0,4,0,0,11,4,15,0
122218,0,1,1983,0,0,0,0,0,0,0,0,0,0
122218,1,1,1983,0,0,0,0,0,5,0,12,0,0
122219,1,1,1983,0,0,0,0,0,0,0,0,0,0
122220,1,1,1983,26,13,21,10,0,17,0,15,0,25
122221,0,1,1983,24,18,0,19,15,0,12,21,0,8
122221,1,1,1983,3,11,22,13,30,8,17,21,28,17
122222,1,1,1983,0,0,0,0,0,0,0,0,0,0
122222,2,1,1983,0,0,0,0,0,0,0,0,0,0
122223,1,1,1983,0,0,0,0,0,0,0,0,0,0
122224,1,1,1983,11,0,10,27,4,12,0,0,15,8
122224,2,1,1983,17,12,14,26,17,26,13,9,16,23
122225,1,1,1983,0,0,0,0,0,0,0,0,22,0
122225,2,1,1983,0,0,20,0,0,5,0,0,0,0
122226,1,1,1983,0,0,0,0,0,0,0,0,0,0
122226,2,1,1983,0,0,0,0,0,0,0,0,0,0
122227,0,1,1983,0,0,0,0,0,0,0,0,0,0
122227,1,1,1983,0,0,0,0,0,0,0,0,0,0
122228,1,1,1983,25,8,15,33,24,12,14,21,16,12
122229,1,1,1983,0,0,0,0,0,0,0,0,0,0
122229,2,1,1983,9,9,9,9,9,9,9,9,9,9
122230,1,1,1983,0,0,0,0,0,0,0,0,0,0
122230,2,1,1983,0,6,8,0,12,0,0,0,0,0
122231,1,1,1983,0,0,0,0,0,0,0,0,0,0
122231,2,1,1983,0,0,0,0,0,0,0,0,0,0
122232,1,1,1983,0,0,0,0,0,0,0,0,0,0
122232,2,1,1983,0,11,0,13,9,3,25,0,0,11
122233,1,1,1983,0,0,0,0,0,0,0,0,0,0
122233,2,1,1983,13,16,16,17,7,4,22,0,28,5
122234,1,1,1983,7,5,5,19,16,18,0,32,0,31
122235,0,1,1983,0,0,16,0,0,8,0,0,0,0
122235,1,1,1983,0,0,0,0,0,0,15,0,0,0
122236,1,1,1983,18,11,21,12,7,4,16,22,22,17
122237,1,1,1983,25,13,37,13,24,0,0,0,24,22
122237,2,1,1983,0,0,0,0,0,0,0,0,0,0
122237,3,1,1983,0,0,0,0,0,0,0,0,0,0
122237,4,1,1983,0,0,0,0,0,0,0,0,10,0
122238,1,1,1983,17,27,26,15,16,29,15,17,28,23
122239,1,1,1983,16,11,0,14,11,20,12,13,18,7
122239,2,1,1983,0,0,24,12,0,0,13,0,0,0
122240,1,1,1983,21,18,35,33,27,19,18,22,35,20
122241,1,1,1983,16,16,16,16,16,16,16,16,16,16
122241,2,1,1983,0,0,9,0,0,0,14,0,0,0
122242,1,1,1983,0,0,0,0,0,0,0,0,0,0
122242,2,1,1983,0,0,6,0,4,13,0,0,0,0
122243,1,1,1983,0,0,0,0,0,0,0,0,0,0
122243,2,1,1983,0,0,0,0,0,28,0,0,0,0
122244,0,1,1983,22,33,7,19,0,7,21,32,0,0
122244,1,1,1983,0,0,0,0,0,7,0,0,0,0
122245,0,1,1983,0,0,0,0,0,5,0,24,0,0
122245,1,1,1983,0,0,0,0,0,0,0,0,0,0
122246,0,1,1983,0,0,24,0,0,0,0,0,0,22
122246,1,1,1983,0,0,0,0,0,0,0,0,0,0
122247,1,1,1983,19,15,20,28,21,0,13,27,10,13
122248,0,1,1983,18,0,12,21,0,20,11,5,41,19
122248,1,1,1983,9,9,0,47,12,18,4,32,18,9
122248,2,1,1983,18,11,7,6,11,10,13,12,14,0
122249,1,1,1983,0,0,2,0,0,0,0,0,0,0
122250,0,1,1983,0,0,0,23,0,0,34,0,0,0
122250,1,1,1983,0,0,0,0,0,0,0,0,0,0
122251,0,1,1983,0,0,0,0,0,0,0,0,0,0
122251,1,1,1983,0,0,0,0,0,0,0,0,0,0
122252,1,1,1983,5,8,14,15,10,38,3,15,20,18
122252,2,1,1983,0,0,5,12,0,0,10,8,0,11
122253,1,1,1983,0,20,11,13,0,0,18,21,0,20
122253,2,1,1983,0,0,0,0,0,0,0,0,0,0
122254,1,1,1983,27,0,0,7,0,15,22,0,0,0
122255,0,1,1983,0,0,0,0,0,0,0,0,0,0
122255,1,1,1983,0,0,0,0,0,0,0,0,0,0
122256,0,1,1983,0,0,0,0,0,0,19,0,16,0
122256,1,1,1983,0,0,0,0,0,18,0,0,5,0
122257,1,1,1983,10,0,0,0,0,0,0,0,6,0
122257,2,1,1983,0,0,0,0,0,0,0,0,0,0
122258,0,1,1983,0,17,0,0,32,0,0,0,0,0
122258,1,1,1983,0,0,0,0,0,0,0,0,0,0
122259,0,1,1983,0,0,0,20,20,0,0,0,0,13
122259,1,1,1983,0,0,0,0,0,0,0,11,0,0
122260,1,1,1983,16,16,11,0,15,18,8,0,11,0
122260,2,1,1983,0,0,0,11,0,0,0,0,10,0
122261,1,1,1983,0,0,0,0,0,0,0,0,0,0
122261,2,1,1983,0,0,0,0,0,0,0,0,0,0
122262,1,1,1983,0,0,0,0,0,0,0,0,0,12
122262,2,1,1983,0,0,0,8,0,0,0,0,0,0
122263,0,1,1983,11,35,0,0,0,0,0,26,25,6
122263,1,1,1983,12,12,12,12,12,12,12,12,12,12
122264,0,1,1983,4,20,8,31,25,31,11,0,18,19
122264,1,1,1983,0,0,9,0,0,0,0,0,0,0
122265,0,1,1983,0,0,0,0,0,0,0,0,0,12
122265,1,1,1983,0,0,0,0,0,0,0,0,0,0
122266,1,1,1983,0,0,0,0,0,0,0,0,0,0
122266,2,1,1983,0,0,0,0,0,0,0,0,0,12
122267,1,1,1983,18,20,25,23,0,19,22,0,12,0
122268,0,1,1983,0,0,0,0,0,0,0,0,0,0
122268,1,1,1983,15,0,0,0,0,0,0,0,0,0
122269,1,1,1983,30,19,12,16,17,16,7,12,12,6
122269,2,1,1983,11,0,0,0,0,0,0,0,0,0
122269,3,1,1983,5,0,0,0,0,0,0,0,28,0
122270,1,1,1983,0,0,0,0,0,0,0,0,0,0
122270,2,1,1983,20,0,0,13,0,0,26,0,0,0
122271,1,1,1983,18,0,11,14,0,31,4,10,30,0
122271,2,1,1983,0,0,0,0,0,0,0,0,0,0
122272,1,1,1983,0,0,16,0,0,0,28,0,0,0
122272,2,1,1983,24,16,23,16,14,27,12,14,18,7
122273,1,1,1983,17,18,0,0,0,0,0,0,0,0
122273,2,1,1983,0,0,0,0,0,0,0,0,0,0
122274,0,1,1983,0,0,12,0,0,25,0,0,0,0
122274,1,1,1983,14,0,0,26,0,0,0,23,26,18
122275,1,1,1983,35,31,14,15,9,10,32,4,37,16
122275,2,1,1983,0,0,0,0,0,0,0,0,0,0
122276,1,1,1983,0,0,0,0,0,0,0,0,0,0
122276,2,1,1983,0,0,0,0,0,0,0,0,0,0
122276,3,1,1983,0,6,0,0,0,0,0,0,0,0
122277,0,1,1983,16,16,16,16,16,16,16,16,16,16
122277,1,1,1983,0,0,0,0,0,0,0,0,0,0
122278,0,1,1983,18,29,0,23,12,12,30,27,21,40
122278,1,1,1983,0,0,0,0,0,0,0,0,0,0
122279,1,1,1983,0,0,0,0,0,0,9,0,0,21
122280,1,1,1983,0,8,0,0,0,0,0,0,0,0
122280,2,1,1983,0,0,0,0,0,0,0,0,20,0
122281,1,1,1983,0,0,17,0,0,13,21,0,0,16
122282,1,1,1983,0,0,0,0,0,0,0,0,0,0
122282,2,1,1983,0,0,0,0,0,0,0,0,0,0
122283,0,1,1983,42,25,16,8,17,19,4,14,17,13
122283,1,1,1983,0,0,16,16,16,0,0,0,20,0
122284,1,1,1983,8,12,15,18,12,10,9,8,35,14
122284,2,1,1983,16,0,0,0,15,17,14,21,17,0
122285,0,1,1983,0,29,25,0,0,0,30,0,0,0
122285,1,1,1983,0,0,0,0,0,0,0,0,0,0
122286,0,1,1983,0,0,0,0,0,0,0,0,0,0
122286,1,1,1983,0,0,0,0,0,0,0,0,0,0
122287,1,1,1983,8,8,25,3,20,22,11,0,27,17
122287,2,1,1983,0,0,0,0,0,14,0,6,0,12
122288,0,1,1983,14,19,20,0,15,22,15,9,33,28
122288,1,1,1983,21,11,16,15,19,0,12,0,33,12
122289,1,1,1983,0,0,0,0,0,0,0,0,0,0
122289,2,1,1983,0,0,0,0,11,0,0,0,0,0
122290,1,1,1983,0,0,17,0,0,21,0,0,0,0
122291,1,1,1983,0,7,0,0,0,0,0,0,9,0
122291,2,1,1983,0,0,0,0,0,0,0,0,0,0
122292,1,1,1983,0,0,0,0,0,0,0,0,0,8
122292,2,1,1983,0,0,0,0,0,0,0,0,0,0
122293,1,1,1983,23,29,18,21,19,6,16,7,23,30
122294,1,1,1983,0,0,0,0,20,0,0,0,0,13
122295,1,1,1983,0,8,0,0,9,0,0,0,0,0
122295,2,1,1983,32,32,32,32,32,32,32,32,32,32
122296,1,1,1983,29,29,29,29,29,29,29,29,29,29
122297,0,1,1983,0,0,0,0,0,0,0,9,0,0
122297,1,1,1983,0,0,0,12,0,9,0,0,14,0
122298,1,1,1983,12,34,13,15,17,3,5,13,15,23
122299,1,1,1983,0,0,0,0,0,0,0,0,0,0
122300,1,1,1983,0,0,0,0,0,0,0,0,0,0
122300,2,1,1983,0,0,0,0,0,0,0,0,0,0
122301,1,1,1983,0,0,0,0,0,0,0,0,0,0
122301,2,1,1983,0,0,0,0,0,0,0,0,0,0
122302,1,1,1983,13,16,9,10,9,0,13,17,23,6
122302,2,1,1983,0,0,0,0,0,0,0,0,12,0
122303,0,1,1983,0,0,0,0,0,0,0,0,0,0
122303,1,1,1983,0,0,0,22,0,0,0,0,0,13
122304,1,1,1983,0,0,0,0,0,0,0,0,0,0
122304,2,1,1983,0,0,0,0,0,0,0,0,0,0
122305,1,1,1983,0,0,0,0,0,0,0,0,0,0
122305,2,1,1983,0,0,0,0,0,0,0,0,0,0
122306,1,1,1983,12,18,30,12,22,18,12,11,10,6
122306,2,1,1983,0,0,0,0,0,0,0,0,0,0
122307,0,1,1983,0,0,0,0,0,0,0,0,0,0
122307,1,1,1983,2,0,0,0,0,0,0,0,0,0
122308,1,1,1983,7,7,7,7,7,7,7,7,7,7
122308,2,1,1983,18,4,0,0,0,0,12,0,0,0
122308,3,1,1983,0,11,0,38,3,0,0,0,0,12
122309,1,1,1983,0,0,0,0,0,0,0,0,0,0
122309,2,1,1983,0,0,0,0,0,0,0,0,0,0
122310,1,1,1983,10,21,33,21,16,19,0,6,14,6
122310,2,1,1983,0,0,0,0,0,0,0,5,0,0
122311,0,1,1983,3,0,0,0,0,0,0,0,0,0
122311,1,1,1983,0,0,0,0,0,0,0,0,0,0
122312,1,1,1983,0,4,0,0,3,0,2,0,0,5
122313,0,1,1983,0,0,19,24,0,0,0,0,0,0
122313,1,1,1983,0,0,0,0,0,0,0,0,0,0
122314,1,1,1983,0,12,0,0,0,0,0,0,0,0
122314,2,1,1983,0,0,0,0,0,0,0,0,0,0
122315,1,1,1983,0,0,0,0,0,0,0,0,2,0
122315,2,1,1983,0,0,0,0,0,0,0,0,0,0
122316,0,1,1983,0,11,16,0,0,18,0,0,0,0
122316,0,2,1983,0,0,0,18,5,13,0,0,11,3
122316,1,1,1983,20,10,21,22,10,0,16,11,11,14
122317,1,1,1983,0,16,18,26,22,15,11,12,15,14
122318,1,1,1983,0,0,0,0,0,0,0,0,0,0
122318,2,1,1983,0,0,0,0,0,0,0,0,0,0
122319,1,1,1983,9,7,0,11,8,15,24,13,11,17
122319,2,1,1983,16,0,9,11,19,5,8,9,16,0
122320,0,1,1983,6,0,0,0,0,0,0,0,0,0
122320,1,1,1983,0,0,0,0,0,0,0,0,9,16
122321,0,1,1983,0,0,0,0,0,0,0,0,0,0
122321,1,1,1983,0,0,0,0,0,0,0,0,0,0
122322,1,1,1983,0,0,0,15,0,0,0,0,0,0
122323,1,1,1983,18,9,20,13,0,23,12,14,8,0
122323,2,1,1983,4,15,0,17,14,0,18,10,15,0
122324,1,1,1983,22,25,0,9,0,11,12,0,14,0
122325,1,1,1983,36,0,0,6,20,0,23,0,0,9
122325,2,1,1983,0,0,0,0,0,0,0,0,11,19
122326,1,1,1983,0,0,0,0,0,20,0,0,0,0
122327,0,1,1983,0,0,24,0,0,0,0,0,0,0
122327,1,1,1983,0,0,0,0,0,0,0,0,0,0
122328,0,1,1983,13,51,7,21,17,18,29,20,14,19
122328,1,1,1983,11,11,11,11,11,11,11,11,11,11
122329,1,1,1983,15,18,19,32,12,4,2,7,15,17
122329,2,1,1983,0,0,0,0,0,0,0,0,10,0
122330,1,1,1983,17,40,15,27,22,14,35,15,22,15
122330,2,1,1983,10,15,0,8,0,0,13,19,0,18
122331,0,1,1983,0,34,38,0,38,0,0,22,15,24
122331,1,1,1983,0,0,0,0,0,0,14,0,0,0
122332,0,1,1983,6,0,0,0,0,0,0,0,0,0
122332,1,1,1983,0,0,0,0,18,0,0,0,0,0
122333,1,1,1983,26,0,10,14,4,25,15,10,13,0
122334,0,1,1983,0,0,0,0,0,0,9,0,0,0
122334,1,1,1983,0,0,0,0,0,0,0,0,10,0
122335,1,1,1983,13,0,13,16,12,0,25,0,8,0
122336,1,1,1983,15,18,18,18,26,0,0,23,0,21
122337,0,1,1983,18,27,24,14,19,12,28,9,21,41
122337,1,1,1983,11,18,14,21,24,16,3,10,18,5
122338,0,1,1983,0,0,0,10,0,0,0,0,0,0
122338,1,1,1983,0,0,0,0,0,14,23,0,0,0
122339,1,1,1983,0,0,0,0,0,0,0,0,0,0
122339,2,1,1983,0,0,0,0,0,0,0,0,0,0
122341,1,1,1983,0,0,0,0,0,0,0,0,0,0
122341,2,1,1983,0,0,0,0,13,0,0,0,0,0
122342,0,1,1983,0,0,0,0,17,0,0,0,0,22
122342,1,1,1983,0,0,0,0,0,0,0,0,0,0
122343,1,1,1983,0,27,6,26,8,34,4,0,0,16
122344,0,1,1983,8,23,21,15,22,11,15,10,21,13
122344,1,1,1983,0,0,0,0,0,0,0,0,0,0
122345,0,1,1983,0,0,33,0,28,29,16,0,0,19
122345,1,1,1983,16,21,15,22,10,10,11,20,0,10
122346,1,1,1983,4,10,20,12,13,16,19,9,0,16
122346,2,1,1983,0,0,19,0,0,0,0,0,0,0
122347,0,1,1983,16,16,16,16,16,16,16,16,16,16
122347,1,1,1983,16,6,10,11,18,20,11,13,17,16
122348,1,1,1983,8,8,8,8,8,8,8,8,8,8
122349,1,1,1983,0,0,0,0,0,0,0,0,0,0
122349,2,1,1983,0,0,0,0,0,0,0,0,0,0
122349,3,1,1983,0,0,0,0,0,0,0,0,0,0
122350,1,1,1983,10,12,23,0,22,34,12,19,16,10
122350,2,1,1983,0,0,0,0,0,0,0,0,19,0
122350,3,1,1983,0,0,0,0,0,0,0,0,0,0
122351,1,1,1983,0,0,0,6,0,0,0,0,25,12
122352,0,1,1983,0,0,0,0,0,0,0,0,0,0
122352,1,1,1983,0,0,0,0,0,0,0,0,0,0