ST_CASE,VEH_NO,PER_NO,YEAR,P1,P2,P3,P4,P5,P6,P7,P8,P9,P10
130141,1,1,1983,5,0,0,19,0,0,0,0,0,0
130142,1,1,1983,0,0,0,0,0,0,0,0,0,0
130142,2,1,1983,0,0,0,0,0,0,0,0,0,0
130143,1,1,1983,0,0,0,0,0,0,0,0,0,0
130143,2,1,1983,0,17,18,17,21,0,20,18,0,0
130144,0,1,1983,0,13,23,17,0,0,0,7,0,18
130144,1,1,1983,10,10,10,10,10,10,10,10,10,10
130145,1,1,1983,10,8,11,23,12,7,17,13,28,22
130146,1,1,1983,0,0,0,0,0,0,0,0,18,0
130147,1,1,1983,0,0,0,0,0,0,0,25,12,0
130147,2,1,1983,0,0,0,0,0,0,0,0,0,7
130148,1,1,1983,4,4,4,4,4,4,4,4,4,4
130149,1,1,1983,17,14,18,0,0,0,0,13,0,0
130150,1,1,1983,0,0,0,0,0,0,0,0,0,0
130151,0,1,1983,29,36,0,15,19,0,0,15,0,0
130151,1,1,1983,0,0,23,0,0,0,0,0,0,0
130152,1,1,1983,24,24,24,24,24,24,24,24,24,24
130153,1,1,1983,0,0,0,0,0,7,0,6,0,0
130153,2,1,1983,0,0,0,0,0,0,0,0,0,0
130154,1,1,1983,0,0,0,0,0,0,0,0,0,0
130154,2,1,1983,0,0,0,0,0,0,0,0,0,0
130154,3,1,1983,0,0,0,0,0,0,0,0,0,0
130155,1,1,1983,0,26,18,9,16,0,34,0,0,2
130156,1,1,1983,16,19,0,0,0,0,0,13,0,0
130157,1,1,1983,0,0,0,0,0,0,0,0,0,0
130157,2,1,1983,0,0,0,0,0,0,0,0,19,0
130157,3,1,1983,0,0,0,0,0,0,8,0,0,0
130158,1,1,1983,23,23,23,23,23,23,23,23,23,23
130159,1,1,1983,0,0,0,0,0,0,0,0,0,0
130160,1,1,1983,23,0,14,9,38,18,17,26,17,15
130160,2,1,1983,0,0,11,0,0,0,0,8,0,0
130161,1,1,1983,0,0,0,0,0,0,0,0,0,0
130161,2,1,1983,0,0,0,0,0,0,0,0,0,0
130162,1,1,1983,5,5,5,5,5,5,5,5,5,5
130162,2,1,1983,0,0,0,0,0,0,0,0,0,0
130162,3,1,1983,0,0,0,0,0,0,0,0,0,0
130163,1,1,1983,1,1,1,1,1,1,1,1,1,1
130164,1,1,1983,0,0,6,0,0,0,2,0,0,0
130164,2,1,1983,24,24,24,24,24,24,24,24,24,24
130165,1,1,1983,0,0,0,0,0,0,0,0,0,0
130165,2,1,1983,0,0,0,0,0,0,0,0,0,0
130166,1,1,1983,1,1,1,1,1,1,1,1,1,1
130166,2,1,1983,0,0,0,0,0,0,0,0,0,0
130167,0,1,1983,0,0,0,0,0,0,0,0,0,0
130167,1,1,1983,0,0,0,0,0,0,20,0,0,0
130168,0,1,1983,10,10,10,10,10,10,10,10,10,10
130168,1,1,1983,0,0,0,0,0,0,0,0,0,0
130169,1,1,1983,12,12,12,12,12,12,12,12,12,12
130170,0,1,1983,59,59,59,59,59,59,59,59,59,59
130170,1,1,1983,0,0,0,0,0,0,0,0,0,0
130171,1,1,1983,26,26,26,26,26,26,26,26,26,26
130172,1,1,1983,0,0,0,0,0,0,0,0,0,0
130172,2,1,1983,0,0,0,0,0,0,0,0,0,6
130173,0,1,1983,21,19,26,0,0,26,25,17,0,49
130173,1,1,1983,0,0,0,0,0,0,0,0,0,0
130174,1,1,1983,16,16,16,16,16,16,16,16,16,16
130175,1,1,1983,0,0,0,0,0,0,0,0,0,0
130175,2,1,1983,0,0,0,0,0,0,0,0,0,0
130176,1,1,1983,3,3,3,3,3,3,3,3,3,3
130176,2,1,1983,17,0,8,26,0,0,9,0,0,0
130177,1,1,1983,0,15,0,0,0,14,12,29,28,0
130178,1,1,1983,0,0,0,0,0,0,0,0,0,0
130178,2,1,1983,0,0,0,0,0,0,0,0,0,0
130179,1,1,1983,0,0,0,0,0,0,0,0,0,0
130179,2,1,1983,0,0,0,0,0,0,0,0,0,13
130179,3,1,1983,0,0,0,0,0,0,0,0,16,0
130180,1,1,1983,7,7,7,7,7,7,7,7,7,7
130180,2,1,1983,0,0,0,0,0,0,0,0,0,0
130181,1,1,1983,27,27,27,27,27,27,27,27,27,27
130181,2,1,1983,0,14,8,10,0,0,8,25,10,17
130182,1,1,1983,16,16,16,16,16,16,16,16,16,16
130182,2,1,1983,0,0,0,0,0,0,0,0,0,0
130183,0,1,1983,2,2,2,2,2,2,2,2,2,2
130183,1,1,1983,0,0,0,0,0,0,0,0,0,0
130184,0,1,1983,0,0,0,0,0,0,0,0,0,0
130184,1,1,1983,2,2,2,2,2,2,2,2,2,2
130184,2,1,1983,0,0,0,0,0,0,0,0,0,0
130185,1,1,1983,16,16,16,16,16,16,16,16,16,16
130186,1,1,1983,0,0,0,0,0,0,0,0,0,0
130186,2,1,1983,0,0,0,0,0,16,0,15,0,16
130187,1,1,1983,24,24,24,24,24,24,24,24,24,24
130188,0,1,1983,26,26,26,26,26,26,26,26,26,26
130188,1,1,1983,0,0,0,0,0,0,0,0,0,0
130189,1,1,1983,0,0,0,0,0,0,0,0,0,0
130189,2,1,1983,0,0,0,0,0,0,0,0,0,0
130190,0,1,1983,23,23,23,23,23,23,23,23,23,23
130190,1,1,1983,0,0,0,0,0,0,0,0,0,14
130191,1,1,1983,21,21,21,21,21,21,21,21,21,21
130192,1,1,1983,0,0,0,0,0,0,0,0,0,0
130192,2,1,1983,0,0,0,0,0,0,0,0,0,0
130193,1,1,1983,24,24,24,24,24,24,24,24,24,24
130193,2,1,1983,0,0,0,0,0,0,0,0,7,0
130194,1,1,1983,25,25,25,25,25,25,25,25,25,25
130195,1,1,1983,11,11,11,11,11,11,11,11,11,11
130196,1,1,1983,0,0,0,0,0,0,0,0,0,0
130196,2,1,1983,0,0,0,0,0,0,0,2,0,0
130197,1,1,1983,17,17,17,17,17,17,17,17,17,17
130198,1,1,1983,0,0,0,0,0,0,0,0,0,0
130198,2,1,1983,0,0,0,0,0,0,0,0,0,0
130199,1,1,1983,24,24,24,24,24,24,24,24,24,24
130200,1,1,1983,14,14,14,14,14,14,14,14,14,14
130200,2,1,1983,13,13,13,13,13,13,13,13,13,13
130201,1,1,1983,16,16,16,16,16,16,16,16,16,16
130201,2,1,1983,19,19,19,19,19,19,19,19,19,19
130202,1,1,1983,0,0,0,0,0,0,0,0,0,0
130202,2,1,1983,0,0,0,0,0,0,0,0,0,0
130203,0,1,1983,0,0,0,0,0,0,0,0,0,0
130203,0,2,1983,10,0,7,0,13,0,0,0,0,20
130203,1,1,1983,0,0,0,0,0,0,0,0,0,0
130204,0,1,1983,18,18,18,18,18,18,18,18,18,18
130204,1,1,1983,0,0,0,0,0,0,0,0,0,0
130205,1,1,1983,22,22,22,22,22,22,22,22,22,22
130206,0,1,1983,17,17,17,17,17,17,17,17,17,17
130206,1,1,1983,0,0,0,0,0,0,0,0,0,0
130207,1,1,1983,30,12,0,0,22,16,16,20,14,14
130208,1,1,1983,22,0,0,0,0,0,0,58,0,0
130209,1,1,1983,16,16,16,16,16,16,16,16,16,16
130210,1,1,1983,48,26,0,17,23,0,27,0,0,0
130211,1,1,1983,0,15,13,21,20,20,0,8,0,12
130212,1,1,1983,0,0,0,13,0,0,0,0,0,0
130212,2,1,1983,0,0,0,0,0,0,0,0,0,0
130213,1,1,1983,0,0,0,0,0,0,0,0,0,0
130213,2,1,1983,0,0,0,0,0,0,0,0,0,0
130214,1,1,1983,0,0,0,0,0,0,0,0,0,0
130214,2,1,1983,0,0,0,0,0,0,0,0,0,11
130215,1,1,1983,31,31,31,31,31,31,31,31,31,31
130216,0,1,1983,0,0,0,0,0,0,0,0,0,0
130216,1,1,1983,18,0,20,14,0,0,0,0,0,0
130217,0,1,1983,0,0,0,0,0,0,0,0,0,0
130217,1,1,1983,0,0,0,0,0,0,0,0,0,0
130218,0,1,1983,0,0,0,0,0,21,0,0,0,0
130218,1,1,1983,0,0,0,0,0,0,0,0,0,0
130219,1,1,1983,23,23,23,23,23,23,23,23,23,23
130220,1,1,1983,27,27,27,27,27,27,27,27,27,27
130220,2,1,1983,0,0,0,0,0,0,0,0,0,0
130221,1,1,1983,11,11,11,11,11,11,11,11,11,11
130221,2,1,1983,3,3,3,3,3,3,3,3,3,3
130222,1,1,1983,0,0,0,0,0,0,0,0,0,0
130222,2,1,1983,0,0,0,0,0,0,0,0,0,0
130222,3,1,1983,0,0,0,0,0,0,0,0,0,0
130223,1,1,1983,0,0,19,0,0,0,0,0,0,0
130223,2,1,1983,0,0,0,8,0,0,0,0,0,0
130224,0,1,1983,2,2,2,2,2,2,2,2,2,2
130224,1,1,1983,10,26,24,11,22,18,0,17,19,20
130224,2,1,1983,0,0,0,0,0,0,12,0,0,0
130225,0,1,1983,0,0,0,0,0,0,0,0,0,0
130225,1,1,1983,0,0,0,0,0,0,0,0,0,0
130226,0,1,1983,19,19,19,19,19,19,19,19,19,19
130226,1,1,1983,0,0,0,0,0,0,0,0,0,0
130227,1,1,1983,0,0,0,0,0,0,0,0,0,0
130227,2,1,1983,0,0,0,0,0,0,0,0,0,0
130228,1,1,1983,0,0,0,0,0,0,0,0,0,0
130228,2,1,1983,0,0,0,0,0,0,0,0,0,0
130229,1,1,1983,0,0,0,0,0,0,0,0,0,0
130229,2,1,1983,0,0,0,0,0,0,0,0,0,24
130230,1,1,1983,11,0,0,0,0,0,0,0,0,0
130230,2,1,1983,0,0,0,0,0,0,0,0,0,0
130231,1,1,1983,2,2,2,2,2,2,2,2,2,2
130231,2,1,1983,0,0,0,0,0,0,0,0,0,0
130232,1,1,1983,0,0,0,0,0,0,0,0,0,0
130232,2,1,1983,0,0,0,0,0,0,0,0,0,0
130233,1,1,1983,0,0,0,0,0,0,0,0,0,0
130233,2,1,1983,0,0,0,0,11,0,0,0,0,0
130234,1,1,1983,24,24,24,24,24,24,24,24,24,24
130235,1,1,1983,0,0,0,0,0,0,0,0,0,0
130235,2,1,1983,0,0,0,0,0,0,0,0,0,0
130235,3,1,1983,0,0,0,0,0,0,0,0,0,0
130236,1,1,1983,2,2,2,2,2,2,2,2,2,2
130237,1,1,1983,6,6,6,6,6,6,6,6,6,6
130238,1,1,1983,0,0,0,0,0,0,0,0,0,0
130238,2,1,1983,0,0,0,0,0,0,0,0,0,0
130239,0,1,1983,4,4,4,4,4,4,4,4,4,4
130239,1,1,1983,4,4,4,4,4,4,4,4,4,4
130240,0,1,1983,0,0,0,0,0,0,0,0,0,0
130240,1,1,1983,8,12,0,10,14,19,14,27,0,0
130241,1,1,1983,0,0,0,0,0,0,0,0,0,0
130241,2,1,1983,20,20,20,20,20,20,20,20,20,20
130242,1,1,1983,18,18,18,18,18,18,18,18,18,18
130242,2,1,1983,0,0,0,0,0,0,0,0,0,0
130243,1,1,1983,0,0,0,0,0,0,0,0,0,0
130243,2,1,1983,0,0,0,0,0,0,0,0,0,0
130244,1,1,1983,0,0,0,0,0,0,0,0,0,0
130244,2,1,1983,0,0,0,0,0,6,0,0,0,0
130245,1,1,1983,10,10,10,10,10,10,10,10,10,10
130246,1,1,1983,0,0,0,0,0,0,0,0,0,0
130247,0,1,1983,5,5,5,5,5,5,5,5,5,5
130247,1,1,1983,27,0,7,14,0,24,16,0,5,0
130248,1,1,1983,0,0,0,0,0,0,0,0,0,0
130248,2,1,1983,0,0,0,0,0,0,0,0,0,0
130249,1,1,1983,0,0,0,0,0,0,0,0,0,0
130250,2,1,1983,0,0,0,0,0,16,0,0,0,0
130250,3,1,1983,0,0,0,0,0,0,0,0,0,0
130251,1,1,1983,11,10,15,11,11,20,3,18,14,10
130252,1,1,1983,14,14,14,14,14,14,14,14,14,14
130252,2,1,1983,0,0,0,0,0,0,0,0,0,0
130253,1,1,1983,0,0,0,0,0,0,0,0,0,0
130254,1,1,1983,18,0,0,0,0,0,0,7,0,0
130254,2,1,1983,26,26,26,26,26,26,26,26,26,26
130255,1,1,1983,0,0,0,0,0,0,0,0,0,0
130255,2,1,1983,0,0,0,0,0,0,0,0,0,0
130256,1,1,1983,3,3,3,3,3,3,3,3,3,3
130257,1,1,1983,8,8,8,8,8,8,8,8,8,8
130258,1,1,1983,0,0,0,0,0,0,0,0,0,0
130258,2,1,1983,0,0,0,0,0,0,0,0,0,0
130259,1,1,1983,18,18,18,18,18,18,18,18,18,18
130259,2,1,1983,0,0,0,0,0,0,0,0,0,0
130260,1,1,1983,6,6,6,6,6,6,6,6,6,6
130260,2,1,1983,0,0,0,0,0,0,0,0,0,0
130261,1,1,1983,0,0,0,0,0,0,0,0,0,0
130261,2,1,1983,0,0,0,0,0,0,0,0,0,0
130262,1,1,1983,31,31,31,31,31,31,31,31,31,31
130263,1,1,1983,0,0,0,0,0,0,0,0,0,0
130263,2,1,1983,20,20,20,20,20,20,20,20,20,20
130264,1,1,1983,0,0,0,0,0,0,0,0,0,0
130264,2,1,1983,7,7,7,7,7,7,7,7,7,7
130265,1,1,1983,30,30,30,30,30,30,30,30,30,30
130265,2,1,1983,0,0,0,0,0,0,0,0,0,0
130266,1,1,1983,0,0,0,0,0,0,0,0,0,0
130267,1,1,1983,0,0,0,0,0,0,0,0,0,0
130267,2,1,1983,23,10,0,5,16,0,0,13,21,38
130268,1,1,1983,0,0,0,0,0,0,0,0,0,0
130269,1,1,1983,2,2,2,2,2,2,2,2,2,2
130269,2,1,1983,0,0,0,0,0,0,0,0,0,0
130270,1,1,1983,5,5,5,5,5,5,5,5,5,5
130270,2,1,1983,0,0,0,0,0,0,0,0,0,0
130271,1,1,1983,21,9,20,25,23,30,31,15,21,13
130271,2,1,1983,0,0,0,0,0,0,0,0,0,0
130272,1,1,1983,16,16,15,21,21,10,17,8,0,14
130273,0,1,1983,37,37,37,37,37,37,37,37,37,37
130273,1,1,1983,0,0,0,0,0,0,18,0,0,0
130275,1,1,1983,0,0,0,15,0,0,0,0,0,0
130276,1,1,1983,0,0,0,0,0,0,0,0,0,0
130276,2,1,1983,3,3,3,3,3,3,3,3,3,3
130277,1,1,1983,13,13,13,13,13,13,13,13,13,13
130277,2,1,1983,9,9,9,9,9,9,9,9,9,9
130277,3,1,1983,6,6,6,6,6,6,6,6,6,6
130278,1,1,1983,0,24,0,0,16,13,29,29,14,3
130279,1,1,1983,18,18,18,18,18,18,18,18,18,18
130279,2,1,1983,0,0,17,11,19,0,9,0,0,18
130280,1,1,1983,6,6,6,6,6,6,6,6,6,6
130281,1,1,1983,26,26,26,26,26,26,26,26,26,26
130281,2,1,1983,0,16,0,0,21,0,24,0,25,34
130282,0,1,1983,37,0,22,0,0,0,0,6,14,26
130282,1,1,1983,0,0,10,0,0,0,0,39,0,0
130283,1,1,1983,0,0,0,0,0,0,0,0,0,0
130283,2,1,1983,0,0,0,0,0,0,0,0,0,0
130284,1,1,1983,2,2,2,2,2,2,2,2,2,2
130284,2,1,1983,0,0,0,0,0,0,0,0,0,0
130284,3,1,1983,0,7,0,0,0,0,0,0,0,0
130285,1,1,1983,20,20,20,20,20,20,20,20,20,20
130285,2,1,1983,0,0,16,0,0,0,0,0,0,0
130286,1,1,1983,11,11,11,11,11,11,11,11,11,11
130287,1,1,1983,1,1,1,1,1,1,1,1,1,1
130287,2,1,1983,0,0,0,0,0,0,0,0,0,0
130288,1,1,1983,30,30,30,30,30,30,30,30,30,30
130289,1,1,1983,18,18,18,18,18,18,18,18,18,18
130289,2,1,1983,0,0,0,0,0,0,0,0,0,0
130290,1,1,1983,22,22,22,22,22,22,22,22,22,22
130290,2,1,1983,17,17,17,17,17,17,17,17,17,17
130291,1,1,1983,0,0,0,0,0,0,0,0,0,0
130292,0,1,1983,0,0,0,0,0,0,0,0,0,0
130292,1,1,1983,0,0,0,0,0,0,0,0,0,0
130293,1,1,1983,14,14,14,14,14,14,14,14,14,14
130294,1,1,1983,21,21,21,21,21,21,21,21,21,21
130295,1,1,1983,0,35,0,6,0,25,0,0,0,0
130295,2,1,1983,0,0,0,0,0,0,0,0,0,0
130296,1,1,1983,7,0,0,0,0,0,7,0,0,0
130296,2,1,1983,0,0,0,0,0,0,0,0,0,0
130297,0,1,1983,0,0,0,0,0,0,0,0,0,0
130297,1,1,1983,20,0,0,14,0,0,0,0,0,0
130298,0,1,1983,0,0,0,0,0,0,0,0,0,0
130298,1,1,1983,0,0,0,0,0,0,0,0,0,0
130299,1,1,1983,0,0,0,0,0,0,0,0,0,0
130299,2,1,1983,0,0,0,0,0,0,0,0,0,0
130300,1,1,1983,13,13,13,13,13,13,13,13,13,13
130300,2,1,1983,0,0,0,0,0,0,0,0,0,0
130300,3,1,1983,0,0,0,0,0,0,0,0,0,0
130301,1,1,1983,3,3,3,3,3,3,3,3,3,3
130301,2,1,1983,0,0,0,0,0,16,0,0,0,0
130302,1,1,1983,0,0,0,0,0,0,0,0,0,0
130302,2,1,1983,0,0,0,0,0,0,0,0,0,0
130303,1,1,1983,13,13,13,13,13,13,13,13,13,13
130303,2,1,1983,0,0,0,0,0,0,0,0,0,0
130303,3,1,1983,0,0,0,0,0,0,0,0,0,0
130304,1,1,1983,15,15,15,15,15,15,15,15,15,15
130304,2,1,1983,0,0,0,0,0,0,0,0,0,0
130305,1,1,1983,0,0,0,0,0,0,0,0,0,0
130305,2,1,1983,0,0,0,0,0,0,0,0,0,0
130306,1,1,1983,18,18,18,18,18,18,18,18,18,18
130306,2,1,1983,0,0,0,0,0,0,0,0,0,0
130306,3,1,1983,0,0,0,0,0,0,0,0,0,0
130307,1,1,1983,25,24,30,26,5,23,19,29,24,33
130308,0,1,1983,27,27,27,27,27,27,27,27,27,27
130308,1,1,1983,0,0,0,0,0,0,0,0,0,0
130309,1,1,1983,24,24,24,24,24,24,24,24,24,24
130310,1,1,1983,0,0,0,0,0,0,0,0,0,0
130310,2,1,1983,0,0,0,0,0,0,0,0,0,0
130311,1,1,1983,0,0,19,0,27,32,0,0,0,15
130312,1,1,1983,7,7,7,7,7,7,7,7,7,7
130312,2,1,1983,8,8,8,8,8,8,8,8,8,8
130313,0,1,1983,0,0,0,0,0,0,0,0,0,0
130313,1,1,1983,0,0,0,0,0,0,0,0,0,0
130314,1,1,1983,0,0,0,13,0,15,21,0,0,22
130315,1,1,1983,0,0,0,0,0,0,0,0,0,0
130316,1,1,1983,0,0,0,0,0,0,0,0,0,0
130317,1,1,1983,0,0,0,0,0,0,0,0,0,0
130318,0,1,1983,14,14,14,14,14,14,14,14,14,14
130318,1,1,1983,0,0,0,0,11,0,8,0,0,0
130319,1,1,1983,39,39,39,39,39,39,39,39,39,39
130320,1,1,1983,0,0,0,0,0,0,0,0,0,0
130320,2,1,1983,25,25,25,25,25,25,25,25,25,25
130321,1,1,1983,17,17,17,17,17,17,17,17,17,17
130322,1,1,1983,10,10,10,10,10,10,10,10,10,10
130323,1,1,1983,35,35,35,35,35,35,35,35,35,35
130324,1,1,1983,0,0,0,0,0,0,0,0,0,0
130325,1,1,1983,0,0,0,0,0,0,0,0,0,0
130326,1,1,1983,0,0,0,0,0,0,0,0,0,0
130326,2,1,1983,0,0,0,0,0,0,0,0,0,0
130327,1,1,1983,0,0,0,0,0,0,0,0,0,0
130328,1,1,1983,0,0,0,0,0,0,0,0,0,0
130329,1,1,1983,40,40,40,40,40,40,40,40,40,40
130330,1,1,1983,0,0,0,0,0,0,0,0,0,0
130330,2,1,1983,0,0,0,0,0,0,0,0,13,0
130331,0,1,1983,0,0,18,21,0,0,0,0,0,0
130331,1,1,1983,0,0,0,0,0,0,0,0,0,0
130332,1,1,1983,25,25,25,25,25,25,25,25,25,25
130333,1,1,1983,0,0,0,0,0,0,0,0,0,0
130333,2,1,1983,4,4,4,4,4,4,4,4,4,4
130334,1,1,1983,0,0,0,0,0,0,0,0,0,0
130334,2,1,1983,12,0,0,0,0,0,0,0,0,0
130335,1,1,1983,0,12,29,0,0,0,5,0,0,0
130336,1,1,1983,0,0,0,0,0,0,0,0,0,0
130336,2,1,1983,0,0,0,0,0,0,0,0,0,0
130337,0,1,1983,0,0,0,0,0,0,0,0,0,0
130337,1,1,1983,20,20,20,20,20,20,20,20,20,20
130338,1,1,1983,0,0,0,0,0,0,0,21,0,0
130339,0,1,1983,0,14,0,23,0,10,0,18,0,0
130339,1,1,1983,19,0,3,8,0,0,0,0,0,0
130340,1,1,1983,0,25,18,26,0,9,19,0,5,25
130341,0,1,1983,0,7,28,21,0,7,29,0,63,24
130341,1,1,1983,13,0,33,19,0,13,32,0,17,24
130342,1,1,1983,15,29,20,8,0,21,27,6,19,29
130343,1,1,1983,0,0,0,0,0,0,0,0,0,0
130343,2,1,1983,2,2,2,2,2,2,2,2,2,2
130344,1,1,1983,0,0,0,16,0,0,0,13,0,0
130344,2,1,1983,10,10,10,10,10,10,10,10,10,10
130345,0,1,1983,0,0,0,0,0,0,0,0,0,0
130345,1,1,1983,0,0,0,0,0,0,0,0,0,0
130346,1,1,1983,0,0,0,0,0,0,0,38,0,0
130347,0,1,1983,0,0,0,0,0,0,0,0,0,0
130347,1,1,1983,0,0,0,0,0,0,0,0,19,0
130348,1,1,1983,0,0,15,0,0,0,0,0,0,0
130348,2,1,1983,0,0,0,0,0,0,0,0,0,0
130349,1,1,1983,0,0,19,0,0,0,0,0,0,0
130349,2,1,1983,0,0,0,0,0,0,0,0,0,0
130350,1,1,1983,28,14,12,3,0,0,0,10,20,0
130351,1,1,1983,0,0,0,0,0,0,0,0,0,0
130351,2,1,1983,2,2,2,2,2,2,2,2,2,2
130352,1,1,1983,18,21,20,22,18,11,18,0,15,24
130353,1,1,1983,30,30,30,30,30,30,30,30,30,30
130354,1,1,1983,0,0,0,8,4,0,0,7,9,0
130354,2,1,1983,19,19,19,19,19,19,19,19,19,19
130355,1,1,1983,33,33,33,33,33,33,33,33,33,33
130356,0,1,1983,42,42,42,42,42,42,42,42,42,42
130356,1,1,1983,13,13,13,13,13,13,13,13,13,13
130357,1,1,1983,26,26,26,26,26,26,26,26,26,26
130358,0,1,1983,0,0,0,0,0,28,0,0,0,0
130358,1,1,1983,0,0,0,0,0,0,0,0,0,0
130359,1,1,1983,0,0,0,0,0,0,0,0,0,0
130360,0,1,1983,0,7,0,0,0,0,0,0,0,0
130360,1,1,1983,8,0,0,0,0,0,0,0,0,0
130361,0,1,1983,4,0,0,35,0,11,0,0,27,15
130361,2,1,1983,0,0,0,0,0,0,0,0,0,0
130361,3,1,1983,16,43,18,21,13,11,7,24,10,19
130362,0,1,1983,15,4,37,17,37,16,18,17,19,17
130362,1,1,1983,12,13,8,44,14,7,19,13,15,9
130363,0,1,1983,0,0,0,0,0,20,0,0,0,0
130363,1,1,1983,0,0,0,0,0,0,0,0,0,0
130364,1,1,1983,0,0,11,24,16,15,11,28,29,11
130365,1,1,1983,0,0,0,0,0,0,16,0,0,0
130365,2,1,1983,0,0,0,0,0,0,0,0,0,0
130365,3,1,1983,0,0,0,0,0,0,0,0,0,0
130366,0,1,1983,0,0,0,0,0,0,0,0,0,0
130366,1,1,1983,0,0,0,0,0,0,0,21,0,0
130367,1,1,1983,0,11,0,0,9,0,0,0,0,0
130368,1,1,1983,0,0,0,0,0,0,0,0,0,0
130368,2,1,1983,0,0,0,0,0,0,0,0,0,0
130369,1,1,1983,20,17,23,0,0,0,0,15,0,0
130370,1,1,1983,0,0,0,0,0,0,0,0,0,0
130370,2,1,1983,0,0,0,0,0,0,0,0,0,0
130371,1,1,1983,0,12,11,18,22,13,0,23,14,17
130372,1,1,1983,0,0,0,0,0,0,0,0,0,0
130372,2,1,1983,20,20,20,20,20,20,20,20,20,20
130373,0,1,1983,0,0,0,0,0,0,0,0,0,0
130373,1,1,1983,0,0,0,0,0,0,0,0,0,0
130374,1,1,1983,2,2,2,2,2,2,2,2,2,2
130374,2,1,1983,22,22,22,22,22,22,22,22,22,22
130375,1,1,1983,0,0,0,0,0,0,0,0,0,0
130375,2,1,1983,0,0,20,0,0,0,0,0,0,0
130376,1,1,1983,0,0,0,0,0,0,0,0,0,0
130376,2,1,1983,25,25,25,25,25,25,25,25,25,25
130377,1,1,1983,22,0,14,0,0,0,0,19,0,0
130377,2,1,1983,18,0,0,0,0,0,26,0,0,0
130378,1,1,1983,21,21,21,21,21,21,21,21,21,21
130378,2,1,1983,0,0,0,0,0,0,0,0,0,0
130379,1,1,1983,1,1,1,1,1,1,1,1,1,1
130380,1,1,1983,0,0,0,0,0,0,0,0,0,0
130380,2,1,1983,0,0,0,0,4,0,0,0,0,0
130381,1,1,1983,0,0,16,0,0,0,5,10,0,0
130381,2,1,1983,19,19,19,19,19,19,19,19,19,19
130382,1,1,1983,13,13,13,13,13,13,13,13,13,13
130382,2,1,1983,0,0,0,0,0,0,0,0,0,0
130383,1,1,1983,0,0,0,0,0,0,0,0,0,0
130384,1,1,1983,0,0,0,0,0,0,0,0,0,0
130385,1,1,1983,0,0,0,0,0,0,0,0,0,0
130386,1,1,1983,4,4,4,4,4,4,4,4,4,4
130386,2,1,1983,0,0,0,0,0,0,0,0,0,0
130387,1,1,1983,15,15,15,15,15,15,15,15,15,15
130387,2,1,1983,0,0,0,0,0,0,0,0,0,2
130388,0,1,1983,3,3,3,3,3,3,3,3,3,3
130388,1,1,1983,17,17,17,17,17,17,17,17,17,17
130389,1,1,1983,2,2,2,2,2,2,2,2,2,2
130389,2,1,1983,18,16,0,0,21,3,0,0,0,0
130390,0,1,1983,18,0,28,0,0,0,21,21,21,14
130390,1,1,1983,0,0,0,0,17,0,0,0,0,0
130391,1,1,1983,11,0,0,0,27,0,24,5,35,0
130392,1,1,1983,0,0,0,0,0,0,0,0,0,0
130392,2,1,1983,0,0,0,0,0,0,0,0,0,0
130393,1,1,1983,0,0,0,0,0,0,0,0,0,0
130393,2,1,1983,0,0,0,0,0,0,0,0,0,0
130394,1,1,1983,0,13,0,0,0,0,0,20,0,0
130394,2,1,1983,0,0,0,0,0,0,0,0,0,0
130394,3,1,1983,0,0,0,0,0,0,9,0,0,0
130395,1,1,1983,23,23,23,23,23,23,23,23,23,23
130396,1,1,1983,0,0,0,0,0,0,0,0,0,0
130396,2,1,1983,0,0,0,0,0,0,0,0,0,0
130397,1,1,1983,0,0,0,0,0,0,0,29,0,0
130397,2,1,1983,0,0,0,0,0,0,0,0,0,0
130398,1,1,1983,0,0,0,0,0,24,0,0,0,0
130398,2,1,1983,0,0,0,0,0,0,0,0,0,0
130400,0,1,1983,12,0,0,24,10,27,34,27,17,14
130400,1,1,1983,0,17,0,0,17,14,0,0,0,24
130401,1,1,1983,0,0,0,0,0,0,0,0,0,0
130401,2,1,1983,15,11,25,20,16,21,0,14,26,15
130402,0,1,1983,22,22,22,22,22,22,22,22,22,22
130402,0,2,1983,22,22,22,22,22,22,22,22,22,22
130402,1,1,1983,3,13,24,41,24,13,24,19,18,16
130403,1,1,1983,21,21,21,21,21,21,21,21,21,21
130404,0,1,1983,0,0,0,0,0,0,0,0,0,0
130404,1,1,1983,16,16,16,16,16,16,16,16,16,16
130405,1,1,1983,0,0,0,0,0,0,0,0,0,0
130405,2,1,1983,12,12,12,12,12,12,12,12,12,12
130406,1,1,1983,0,0,0,0,0,0,0,0,0,0
130407,1,1,1983,18,18,18,18,18,18,18,18,18,18
130408,1,1,1983,0,0,0,0,0,0,0,0,0,0
130409,1,1,1983,27,27,27,27,27,27,27,27,27,27
130410,1,1,1983,0,0,0,0,0,0,0,0,0,0
130411,1,1,1983,0,0,0,0,0,0,0,0,0,0
130411,2,1,1983,0,0,0,0,0,0,0,0,0,0
130412,1,1,1983,0,0,0,0,0,0,0,0,0,0
130412,2,1,1983,22,22,22,22,22,22,22,22,22,22
130413,1,1,1983,5,5,5,5,5,5,5,5,5,5
130414,1,1,1983,21,21,21,21,21,21,21,21,21,21
130415,0,1,1983,44,44,44,44,44,44,44,44,44,44
130415,1,1,1983,9,0,0,0,0,0,0,0,0,0