ST_CASE,VEH_NO,PER_NO,YEAR,P1,P2,P3,P4,P5,P6,P7,P8,P9,P10
130416,0,1,1983,0,0,0,0,0,0,0,0,0,0
130416,1,1,1983,0,0,0,0,0,0,0,0,0,0
130417,1,1,1983,13,13,13,13,13,13,13,13,13,13
130417,2,1,1983,14,14,14,14,14,14,14,14,14,14
130418,1,1,1983,0,0,0,0,0,0,0,0,0,0
130419,1,1,1983,0,0,0,0,0,0,0,0,0,0
130419,2,1,1983,0,0,0,6,0,0,0,0,0,0
130420,1,1,1983,20,20,20,20,20,20,20,20,20,20
130420,2,1,1983,0,0,0,0,0,0,0,0,0,20
130421,0,1,1983,0,22,14,0,0,0,0,0,0,0
130421,1,1,1983,0,0,0,0,0,0,26,0,0,0
130422,1,1,1983,0,0,0,0,0,0,0,0,0,0
130422,2,1,1983,0,0,0,0,0,0,0,0,0,0
130423,1,1,1983,0,0,0,0,0,0,0,0,0,0
130424,1,1,1983,9,13,0,21,18,14,0,17,0,0
130425,1,1,1983,0,0,0,0,0,0,0,0,0,0
130425,2,1,1983,30,30,30,30,30,30,30,30,30,30
130426,1,1,1983,0,0,0,0,6,0,0,0,0,0
130426,2,1,1983,0,0,0,0,0,0,0,0,0,0
130427,1,1,1983,0,0,0,0,0,0,0,0,0,0
130427,2,1,1983,28,15,0,9,0,0,23,0,0,0
130428,1,1,1983,0,9,14,25,0,24,20,5,22,28
130429,1,1,1983,0,8,11,12,12,0,5,11,7,9
130430,1,1,1983,14,0,0,33,18,20,11,31,33,10
130431,1,1,1983,14,17,18,23,23,24,4,16,20,18
130432,0,1,1983,0,0,0,0,0,0,0,0,0,0
130432,1,1,1983,0,0,0,0,0,0,0,0,0,0
130433,1,1,1983,0,0,0,0,0,0,0,0,0,0
130434,1,1,1983,24,24,24,24,24,24,24,24,24,24
130435,1,1,1983,0,0,0,0,0,0,0,0,0,0
130435,2,1,1983,15,4,0,0,0,0,0,0,0,0
130436,1,1,1983,0,0,0,0,0,0,0,0,0,0
130436,2,1,1983,0,0,0,0,0,0,0,0,0,0
130437,1,1,1983,0,0,0,0,0,0,0,0,0,0
130437,2,1,1983,0,0,0,0,0,0,0,0,0,0
130437,3,1,1983,22,22,22,22,22,22,22,22,22,22
130437,4,1,1983,0,0,0,0,0,0,0,0,0,0
130437,5,1,1983,0,0,0,18,0,0,0,0,0,18
130437,6,1,1983,0,0,0,0,19,0,0,8,0,0
130438,1,1,1983,0,0,0,0,0,0,0,0,0,0
130438,2,1,1983,0,0,0,0,0,0,0,0,0,0
130439,1,1,1983,16,16,16,16,16,16,16,16,16,16
130439,2,1,1983,0,0,5,16,0,0,0,0,12,27
130440,1,1,1983,0,0,0,0,0,0,0,0,0,0
130441,1,1,1983,0,0,0,0,0,0,0,0,0,0
130441,2,1,1983,0,0,0,0,0,0,0,0,0,0
130441,3,1,1983,0,0,0,0,0,0,0,0,0,0
130442,1,1,1983,7,7,7,7,7,7,7,7,7,7
130443,1,1,1983,6,6,6,6,6,6,6,6,6,6
130443,2,1,1983,0,0,0,0,0,0,0,0,0,0
130444,1,1,1983,0,0,0,0,0,0,0,0,0,0
130444,2,1,1983,7,0,0,0,0,0,0,0,0,0
130445,1,1,1983,0,0,0,0,0,0,0,0,0,0
130445,2,1,1983,0,0,0,0,0,0,0,0,0,0
130446,1,1,1983,0,0,0,0,0,0,0,0,0,0
130446,2,1,1983,8,8,8,8,8,8,8,8,8,8
130447,0,1,1983,0,0,0,0,0,0,0,0,0,0
130447,1,1,1983,0,0,0,0,0,0,0,0,0,0
130448,1,1,1983,13,13,13,13,13,13,13,13,13,13
130449,1,1,1983,0,0,0,0,0,0,0,0,0,0
130449,2,1,1983,0,0,0,0,0,0,0,0,0,0
130450,1,1,1983,0,0,0,0,0,0,0,0,0,0
130450,2,1,1983,0,0,0,0,0,0,0,0,0,0
130451,1,1,1983,0,0,0,0,0,0,0,0,0,0
130451,2,1,1983,0,0,0,6,0,0,0,0,0,0
130452,1,1,1983,18,14,0,11,0,0,32,0,0,15
130453,1,1,1983,0,0,0,0,0,0,0,0,0,0
130453,2,1,1983,0,0,0,0,0,0,0,0,0,0
130454,1,1,1983,16,16,16,16,16,16,16,16,16,16
130454,2,1,1983,1,1,1,1,1,1,1,1,1,1
130455,1,1,1983,0,0,0,0,0,0,0,0,0,0
130455,2,1,1983,0,0,7,0,0,0,0,0,0,0
130456,1,1,1983,13,13,13,13,13,13,13,13,13,13
130457,1,1,1983,0,0,0,9,0,0,0,0,0,0
130457,2,1,1983,5,0,0,0,0,0,0,0,0,0
130458,0,1,1983,19,28,9,22,14,31,24,6,18,46
130458,1,1,1983,0,0,0,0,0,0,0,0,0,0
130459,1,1,1983,0,0,0,0,0,0,0,0,0,0
130459,2,1,1983,17,17,17,17,17,17,17,17,17,17
130460,1,1,1983,0,0,0,0,0,0,0,0,0,0
130461,1,1,1983,0,0,0,0,0,0,0,0,0,0
130461,2,1,1983,0,0,0,0,0,0,0,0,0,0
130462,1,1,1983,0,0,0,0,0,0,0,0,0,0
130462,2,1,1983,0,0,0,15,0,0,0,0,0,0
130463,1,1,1983,0,11,0,0,0,0,0,0,0,0
130463,2,1,1983,0,0,0,0,0,0,0,0,0,0
130463,3,1,1983,0,0,0,0,0,0,0,0,0,0
130464,1,1,1983,0,0,0,0,0,0,0,9,13,0
130465,1,1,1983,0,0,0,0,0,0,0,0,0,0
130465,2,1,1983,0,0,13,0,0,0,0,0,0,0
130466,1,1,1983,0,0,0,0,0,0,0,0,0,0
130466,2,1,1983,0,0,0,0,0,0,0,0,0,0
130467,1,1,1983,0,0,0,0,0,0,0,8,0,0
130467,2,1,1983,0,0,0,0,0,29,3,0,0,0
130468,1,1,1983,0,0,0,0,0,0,0,0,0,0
130468,2,1,1983,0,0,0,0,0,0,0,0,0,0
130469,1,1,1983,2,2,2,2,2,2,2,2,2,2
130470,1,1,1983,0,0,0,0,0,0,0,0,0,0
130470,2,1,1983,0,0,0,0,0,0,0,0,0,0
130471,1,1,1983,0,0,0,0,0,0,0,0,0,0
130472,1,1,1983,19,19,19,19,19,19,19,19,19,19
130472,2,1,1983,24,24,24,24,24,24,24,24,24,24
130473,1,1,1983,0,0,0,0,0,0,0,0,0,0
130473,2,1,1983,0,0,0,0,0,0,0,0,0,0
130474,1,1,1983,0,0,0,0,0,0,0,0,0,0
130474,2,1,1983,0,0,0,0,0,0,0,0,0,0
130475,1,1,1983,0,0,0,0,0,0,0,0,0,0
130475,2,1,1983,13,12,17,11,29,17,23,0,21,9
130476,1,1,1983,0,0,0,0,9,0,12,0,0,0
130477,1,1,1983,0,0,0,0,0,0,0,0,0,0
130477,2,1,1983,31,11,18,0,0,23,14,18,0,0
130478,1,1,1983,0,0,0,0,0,0,0,0,0,0
130478,2,1,1983,0,0,0,0,0,0,0,0,0,0
130479,0,1,1983,8,8,8,8,8,8,8,8,8,8
130479,1,1,1983,0,0,15,0,13,0,0,0,4,0
130480,1,1,1983,12,12,12,12,12,12,12,12,12,12
130481,1,1,1983,15,15,15,15,15,15,15,15,15,15
130482,1,1,1983,0,0,0,0,0,0,0,0,0,0
130483,0,1,1983,13,13,13,13,13,13,13,13,13,13
130483,1,1,1983,0,0,0,0,0,0,0,0,0,0
130484,0,1,1983,0,0,0,0,0,0,0,0,0,0
130484,1,1,1983,0,0,0,0,0,0,0,0,0,8
130485,1,1,1983,0,0,0,0,0,0,0,0,0,0
130485,2,1,1983,0,0,0,0,0,0,0,0,0,0
130486,1,1,1983,13,13,13,13,13,13,13,13,13,13
130487,0,1,1983,22,22,22,22,22,22,22,22,22,22
130487,1,1,1983,0,0,0,0,0,0,0,0,0,0
130488,0,1,1983,0,0,0,0,0,0,17,0,0,0
130488,1,1,1983,0,29,0,0,0,0,0,0,0,0
130489,1,1,1983,11,10,0,0,0,11,0,0,0,12
130489,2,1,1983,32,32,32,32,32,32,32,32,32,32
130490,1,1,1983,21,21,21,21,21,21,21,21,21,21
130491,1,1,1983,0,0,0,0,0,0,0,0,0,0
130492,1,1,1983,0,0,0,0,0,0,0,0,0,0
130492,2,1,1983,0,0,0,0,0,9,0,0,0,0
130493,1,1,1983,19,19,19,19,19,19,19,19,19,19
130493,2,1,1983,18,13,9,0,9,10,16,11,15,9
130494,1,1,1983,0,0,0,0,0,0,0,0,0,0
130494,2,1,1983,10,10,10,10,10,10,10,10,10,10
130495,1,1,1983,3,3,3,3,3,3,3,3,3,3
130496,1,1,1983,4,4,4,4,4,4,4,4,4,4
130496,2,1,1983,14,0,0,0,0,0,0,23,0,0
130497,1,1,1983,0,0,0,0,0,0,0,0,0,0
130497,2,1,1983,0,0,0,0,0,0,0,0,0,0
130499,1,1,1983,0,0,0,0,0,0,0,0,0,0
130499,2,1,1983,14,0,0,0,0,0,0,0,0,0
130499,3,1,1983,0,0,0,0,0,0,0,0,0,0
130500,1,1,1983,6,0,0,0,0,0,0,0,0,0
130501,0,1,1983,0,11,13,9,0,19,0,0,10,0
130501,1,1,1983,14,0,0,0,0,0,0,0,0,0
130502,1,1,1983,0,0,19,6,7,22,16,11,0,25
130502,2,1,1983,0,0,0,0,0,4,0,0,0,0
130503,1,1,1983,0,0,0,0,0,0,0,0,0,0
130503,2,1,1983,0,0,0,0,13,0,0,0,0,0
130504,1,1,1983,24,24,24,24,24,24,24,24,24,24
130505,0,1,1983,29,29,29,29,29,29,29,29,29,29
130505,1,1,1983,0,0,0,0,0,0,0,0,0,0
130506,1,1,1983,0,20,0,0,0,0,0,0,0,0
130507,1,1,1983,0,0,0,0,0,0,0,0,0,0
130508,1,1,1983,0,0,0,0,0,0,0,0,0,0
130509,1,1,1983,19,19,19,19,19,19,19,19,19,19
130510,1,1,1983,0,0,0,0,0,0,0,0,0,0
130511,1,1,1983,0,0,0,0,0,0,0,0,0,0
130511,2,1,1983,0,0,0,0,6,0,0,0,0,0
130512,1,1,1983,9,14,19,0,17,5,0,32,18,0
130513,1,1,1983,12,12,12,12,12,12,12,12,12,12
130513,2,1,1983,0,0,0,0,0,0,0,0,0,0
130514,0,1,1983,0,0,0,0,0,0,0,0,0,0
130514,1,1,1983,0,0,0,0,0,0,0,0,0,0
130514,2,1,1983,0,0,0,0,0,0,0,0,0,0
130515,1,1,1983,0,0,0,0,0,0,0,0,0,0
130515,2,1,1983,27,27,27,27,27,27,27,27,27,27
130516,1,1,1983,12,12,12,12,12,12,12,12,12,12
130517,0,1,1983,0,0,0,0,0,0,0,0,0,0
130517,1,1,1983,0,0,0,0,0,0,0,0,0,0
130518,1,1,1983,11,11,11,11,11,11,11,11,11,11
130519,0,1,1983,39,39,39,39,39,39,39,39,39,39
130519,1,1,1983,0,15,0,0,0,0,13,0,4,0
130520,1,1,1983,24,24,24,24,24,24,24,24,24,24
130521,1,1,1983,11,11,0,0,7,0,19,14,0,14
130522,1,1,1983,13,0,0,0,12,0,0,0,0,0
130523,0,1,1983,0,0,0,0,0,0,0,0,0,0
130523,1,1,1983,0,0,0,0,0,0,0,0,0,0
130524,1,1,1983,9,0,0,0,0,0,0,20,0,0
130525,1,1,1983,0,0,0,0,0,0,0,0,0,0
130525,2,1,1983,0,0,0,0,0,0,0,0,0,0
130526,1,1,1983,0,20,0,20,16,19,0,17,16,15
130527,1,1,1983,31,31,31,31,31,31,31,31,31,31
130528,1,1,1983,18,15,23,21,27,17,17,0,8,0
130529,1,1,1983,0,0,0,0,0,0,0,0,0,0
130530,1,1,1983,0,0,0,0,0,0,0,0,0,0
130530,2,1,1983,0,0,0,0,0,0,0,0,0,0
130531,1,1,1983,0,0,0,0,0,0,8,0,0,0
130531,2,1,1983,0,0,0,11,0,0,0,0,0,0
130532,1,1,1983,0,0,0,0,0,0,0,0,0,0
130532,2,1,1983,0,0,0,0,0,0,0,0,0,0
130533,1,1,1983,20,20,20,20,20,20,20,20,20,20
130534,1,1,1983,25,25,25,25,25,25,25,25,25,25
130535,1,1,1983,0,0,0,0,0,0,0,0,0,0
130536,1,1,1983,0,0,0,0,0,0,0,0,0,0
130537,1,1,1983,0,9,13,14,20,31,17,16,29,24
130537,2,1,1983,0,0,0,0,0,0,0,0,0,0
130538,1,1,1983,0,0,0,0,0,0,0,0,0,0
130538,2,1,1983,0,0,0,0,0,0,0,0,0,0
130539,1,1,1983,0,0,0,0,0,0,0,0,0,0
130540,1,1,1983,0,0,0,0,0,0,0,0,0,0
130540,2,1,1983,0,0,0,0,0,0,0,0,0,0
130541,1,1,1983,9,24,24,15,0,20,14,21,7,17
130542,0,1,1983,0,0,0,0,0,0,0,0,0,0
130543,0,1,1983,4,4,4,4,4,4,4,4,4,4
130543,1,1,1983,0,0,0,0,0,0,0,0,0,0
130544,1,1,1983,0,0,6,0,0,0,0,0,0,0
130544,2,1,1983,0,0,0,0,0,0,0,0,0,0
130545,0,1,1983,0,0,0,0,0,0,0,0,0,0
130545,1,1,1983,0,0,0,0,0,0,0,0,0,0
130546,1,1,1983,0,0,0,0,0,0,0,0,0,0
130547,1,1,1983,16,16,16,16,16,16,16,16,16,16
130548,0,1,1983,21,21,21,21,21,21,21,21,21,21
130548,1,1,1983,18,18,18,18,18,18,18,18,18,18
130549,1,1,1983,20,20,20,20,20,20,20,20,20,20
130549,2,1,1983,0,0,0,0,0,0,0,0,18,0
130550,1,1,1983,14,14,14,14,14,14,14,14,14,14
130551,1,1,1983,0,0,0,0,0,0,0,0,0,0
130552,0,1,1983,0,0,0,0,0,0,0,0,0,0
130552,1,1,1983,0,0,0,0,0,0,0,0,0,0
130553,0,1,1983,0,0,0,0,0,0,0,0,0,0
130554,1,1,1983,7,7,7,7,7,7,7,7,7,7
130555,1,1,1983,11,11,11,11,11,11,11,11,11,11
130556,1,1,1983,0,0,0,0,0,0,0,0,0,0
130556,2,1,1983,0,0,0,0,0,0,0,0,0,0
130557,0,1,1983,0,0,0,0,0,0,5,3,9,19
130557,1,1,1983,0,0,12,0,0,0,0,13,23,19
130558,1,1,1983,0,0,0,0,0,0,0,0,8,0
130559,1,1,1983,0,0,0,9,0,0,0,0,0,0
130559,2,1,1983,0,0,0,0,0,0,0,0,0,0
130560,1,1,1983,0,0,0,0,0,11,0,0,0,0
130560,2,1,1983,23,0,0,0,0,0,0,0,0,0
130561,1,1,1983,0,0,18,0,27,0,0,0,14,12
130562,1,1,1983,0,0,0,0,0,0,8,0,0,0
130562,2,1,1983,0,0,0,0,0,0,0,0,0,0
130563,1,1,1983,0,0,0,0,0,0,0,0,0,0
130563,2,1,1983,0,0,0,0,0,0,0,0,0,0
130564,0,1,1983,0,6,0,0,0,8,0,0,0,0
130564,1,1,1983,0,0,0,0,0,0,0,0,0,0
130565,1,1,1983,0,0,0,0,0,0,0,0,0,0
130566,1,1,1983,28,0,16,0,0,0,33,15,0,21
130567,1,1,1983,15,0,16,15,0,17,0,0,19,0
130567,2,1,1983,1,1,1,1,1,1,1,1,1,1
130568,1,1,1983,19,19,19,19,19,19,19,19,19,19
130569,1,1,1983,0,0,0,0,0,0,0,0,0,0
130569,2,1,1983,0,0,0,0,0,0,0,0,0,0
130570,1,1,1983,0,0,0,0,0,0,0,0,0,0
130570,2,1,1983,0,0,0,0,0,0,0,0,0,0
130571,1,1,1983,13,13,13,13,13,13,13,13,13,13
130572,1,1,1983,0,0,0,0,0,0,0,16,0,0
130572,2,1,1983,12,12,12,12,12,12,12,12,12,12
130573,1,1,1983,0,0,0,0,0,0,0,0,0,0
130573,2,1,1983,14,14,14,14,14,14,14,14,14,14
130574,1,1,1983,0,0,0,0,0,0,0,0,0,0
130574,2,1,1983,0,0,0,0,0,0,0,0,0,0
130575,0,1,1983,0,0,0,0,0,0,0,0,0,0
130575,1,1,1983,0,0,0,0,0,0,0,0,0,0
130576,1,1,1983,14,14,14,14,14,14,14,14,14,14
130577,1,1,1983,0,0,0,0,0,0,0,0,0,0
130577,2,1,1983,0,0,0,0,0,0,0,0,0,0
130578,1,1,1983,10,10,10,10,10,10,10,10,10,10
130579,0,1,1983,0,0,0,0,0,0,0,0,0,0
130579,1,1,1983,2,2,2,2,2,2,2,2,2,2
130580,0,1,1983,32,32,32,32,32,32,32,32,32,32
130580,1,1,1983,5,5,5,5,5,5,5,5,5,5
130581,1,1,1983,13,13,13,13,13,13,13,13,13,13
130582,1,1,1983,20,20,20,20,20,20,20,20,20,20
130583,1,1,1983,0,0,12,0,0,0,0,0,0,0
130583,2,1,1983,0,0,0,0,0,0,0,0,0,0
130583,3,1,1983,29,0,0,0,0,0,0,0,11,0
130583,4,1,1983,0,0,0,0,0,0,0,19,0,0
130584,1,1,1983,19,19,19,19,19,19,19,19,19,19
130585,1,1,1983,0,0,24,7,0,9,18,19,0,0
130585,2,1,1983,20,0,0,0,0,0,0,0,15,0
130586,1,1,1983,0,0,0,0,0,0,0,0,0,0
130586,2,1,1983,0,0,0,0,0,0,0,0,0,0
130587,1,1,1983,23,23,23,23,23,23,23,23,23,23
130588,1,1,1983,0,0,0,0,0,0,0,0,0,0
130589,1,1,1983,0,0,0,0,0,0,0,0,0,0
130589,2,1,1983,0,0,0,0,0,0,0,0,0,0
130590,1,1,1983,0,0,16,0,0,0,0,0,0,0
130590,2,1,1983,0,0,0,0,0,0,0,0,0,0
130591,1,1,1983,0,0,0,0,0,0,0,8,0,0
130591,2,1,1983,0,0,0,0,0,0,0,0,0,0
130592,1,1,1983,4,4,4,4,4,4,4,4,4,4
130593,1,1,1983,0,0,0,0,8,0,0,0,0,0
130593,2,1,1983,0,0,0,0,0,0,0,0,0,0
130594,1,1,1983,0,0,0,0,0,0,0,0,0,0
130594,2,1,1983,0,0,0,0,0,0,0,0,0,0
130595,0,1,1983,0,0,0,0,0,0,0,0,0,0
130595,1,1,1983,10,10,10,10,10,10,10,10,10,10
130595,2,1,1983,0,0,0,0,0,0,0,0,0,0
130596,1,1,1983,11,0,0,16,0,0,0,12,22,0
130596,2,1,1983,0,0,0,0,0,0,0,0,0,0
130597,1,1,1983,8,0,0,0,10,0,0,0,21,11
130598,1,1,1983,36,18,0,27,0,0,0,0,18,0
130599,1,1,1983,19,19,19,19,19,19,19,19,19,19
130599,2,1,1983,0,0,0,0,0,0,0,0,0,0
130600,1,1,1983,0,0,0,0,0,0,0,0,0,0
130601,1,1,1983,20,20,20,20,20,20,20,20,20,20
130602,0,1,1983,19,19,19,19,19,19,19,19,19,19
130602,1,1,1983,0,0,0,0,0,0,0,0,0,0
130603,1,1,1983,0,0,0,0,0,0,0,0,0,0
130603,2,1,1983,0,0,0,0,0,0,0,0,0,0
130604,1,1,1983,29,29,29,29,29,29,29,29,29,29
130605,1,1,1983,0,0,0,0,0,0,0,0,0,0
130605,2,1,1983,0,0,0,24,0,0,0,0,7,0
130606,1,1,1983,25,25,25,25,25,25,25,25,25,25
130607,1,1,1983,0,0,0,0,0,0,0,0,0,0
130607,2,1,1983,5,5,5,5,5,5,5,5,5,5
130607,3,1,1983,0,0,0,0,0,0,0,0,0,0
130607,4,1,1983,0,0,0,0,0,0,0,0,0,0
130608,0,1,1983,19,19,19,19,19,19,19,19,19,19
130608,1,1,1983,19,19,19,19,19,19,19,19,19,19
130609,1,1,1983,0,10,0,7,0,0,0,0,0,0
130609,2,1,1983,0,0,0,0,0,0,0,0,0,0
130610,1,1,1983,28,28,28,28,28,28,28,28,28,28
130611,1,1,1983,12,12,12,12,12,12,12,12,12,12
130611,2,1,1983,0,0,0,0,0,0,0,0,0,0
130612,1,1,1983,5,5,5,5,5,5,5,5,5,5
130613,1,1,1983,0,0,0,0,0,0,0,0,0,0
130614,1,1,1983,14,14,14,14,14,14,14,14,14,14
130615,1,1,1983,23,23,23,23,23,23,23,23,23,23
130616,1,1,1983,0,27,0,0,0,0,0,0,14,0
130617,1,1,1983,14,35,9,27,18,9,39,23,16,26
130618,1,1,1983,0,0,0,0,0,0,0,0,0,0
130619,1,1,1983,0,0,0,0,0,0,0,0,0,0
130619,2,1,1983,0,0,0,0,0,0,0,0,0,0
130620,1,1,1983,41,41,41,41,41,41,41,41,41,41
130621,1,1,1983,0,0,0,0,0,0,0,0,0,0
130621,2,1,1983,0,0,0,0,0,0,0,0,0,0
130622,1,1,1983,12,12,12,12,12,12,12,12,12,12
130623,1,1,1983,0,0,0,0,0,0,0,0,0,0
130624,1,1,1983,4,0,0,13,8,23,32,0,30,17
130625,0,1,1983,31,31,31,31,31,31,31,31,31,31
130625,1,1,1983,0,0,0,0,33,0,0,0,11,0
130626,1,1,1983,0,0,0,0,0,0,0,0,0,0
130627,1,1,1983,16,16,16,16,16,16,16,16,16,16
130628,1,1,1983,0,0,0,0,0,0,0,0,0,0
130629,1,1,1983,16,12,13,9,0,0,14,9,13,15
130629,2,1,1983,0,0,0,0,0,0,0,0,0,0
130630,1,1,1983,17,17,17,17,17,17,17,17,17,17
130631,1,1,1983,0,0,0,0,0,0,0,29,0,0
130631,2,1,1983,0,0,0,0,12,0,0,0,20,8
130632,1,1,1983,0,0,0,0,0,0,0,0,0,0
130632,2,1,1983,0,0,0,0,0,0,0,0,0,0
130633,1,1,1983,0,0,0,0,0,0,0,0,0,0
130634,1,1,1983,31,31,31,31,31,31,31,31,31,31
130634,2,1,1983,0,0,0,0,0,0,0,0,0,0
130635,1,1,1983,21,21,21,21,21,21,21,21,21,21
130636,1,1,1983,24,24,24,24,24,24,24,24,24,24
130637,1,1,1983,0,0,0,0,0,0,0,0,0,0
130638,1,1,1983,0,0,0,0,22,0,0,0,0,0
130638,2,1,1983,0,0,0,0,0,0,0,0,0,0
130639,1,1,1983,29,29,29,29,29,29,29,29,29,29
130640,1,1,1983,15,15,15,15,15,15,15,15,15,15
130641,1,1,1983,18,18,18,18,18,18,18,18,18,18
130642,1,1,1983,19,19,19,19,19,19,19,19,19,19
130643,1,1,1983,30,30,30,30,30,30,30,30,30,30
130643,2,1,1983,0,0,0,0,0,0,0,0,0,0
130644,1,1,1983,19,17,4,22,10,14,16,21,17,21
130645,1,1,1983,15,0,0,18,12,0,24,0,0,0
130646,1,1,1983,12,12,12,12,12,12,12,12,12,12
130647,1,1,1983,4,4,4,4,4,4,4,4,4,4
130648,0,1,1983,0,0,0,0,0,0,0,0,0,0
130648,1,1,1983,0,0,0,0,0,0,0,0,0,0
130649,1,1,1983,0,0,0,0,0,0,0,0,0,0
130649,2,1,1983,0,0,0,0,0,0,0,0,0,0
130650,1,1,1983,14,0,28,0,0,0,0,0,0,0
130651,0,1,1983,0,0,0,0,0,0,0,0,0,0
130651,1,1,1983,0,0,0,0,0,0,0,0,0,0
130652,0,1,1983,0,0,0,0,0,0,0,0,0,0
130652,1,1,1983,0,0,0,0,0,0,0,0,0,0
130653,1,1,1983,0,0,0,0,0,0,0,0,0,0
130653,2,1,1983,0,0,0,0,0,0,0,0,0,0
130653,3,1,1983,0,0,0,0,0,0,0,0,0,0
130654,1,1,1983,0,0,12,0,0,0,0,0,0,0
130655,0,1,1983,28,28,28,28,28,28,28,28,28,28
130655,1,1,1983,12,12,9,0,15,26,0,2,29,14
130656,1,1,1983,43,43,43,43,43,43,43,43,43,43
130657,1,1,1983,0,0,0,0,0,0,0,0,0,0
130657,2,1,1983,10,10,10,10,10,10,10,10,10,10
130658,1,1,1983,18,18,18,18,18,18,18,18,18,18
130659,0,1,1983,35,35,35,35,35,35,35,35,35,35
130659,1,1,1983,0,0,0,0,0,0,0,0,0,0
130660,1,1,1983,7,7,7,7,7,7,7,7,7,7
130661,1,1,1983,32,32,32,32,32,32,32,32,32,32
130662,0,1,1983,17,17,17,17,17,17,17,17,17,17
130662,1,1,1983,35,35,35,35,35,35,35,35,35,35
130663,0,1,1983,0,7,0,0,0,41,0,21,0,12
130663,1,1,1983,0,0,0,0,0,0,0,0,0,0
130664,1,1,1983,0,0,0,0,0,0,0,0,0,0
130664,2,1,1983,0,0,0,0,0,0,0,14,0,0
130665,1,1,1983,0,0,0,0,0,0,0,0,0,0
130665,2,1,1983,0,0,0,0,0,0,0,0,0,0
130666,1,1,1983,15,15,15,15,15,15,15,15,15,15
130666,2,1,1983,0,0,0,0,0,0,0,0,0,0
130667,1,1,1983,15,15,15,15,15,15,15,15,15,15
130668,1,1,1983,39,39,39,39,39,39,39,39,39,39
130669,1,1,1983,0,0,0,0,0,0,0,0,0,0
130670,1,1,1983,7,7,7,7,7,7,7,7,7,7
130670,2,1,1983,20,20,20,20,20,20,20,20,20,20
130671,1,1,1983,37,37,37,37,37,37,37,37,37,37
130672,0,1,1983,0,0,0,0,0,0,0,0,0,0
130672,1,1,1983,0,0,0,0,0,0,0,0,0,0
130673,1,1,1983,7,7,7,7,7,7,7,7,7,7
130674,1,1,1983,0,0,0,0,0,0,0,0,0,0
130675,1,1,1983,2,2,2,2,2,2,2,2,2,2
130675,2,1,1983,15,0,0,0,0,5,12,20,0,0
130676,0,1,1983,2,2,2,2,2,2,2,2,2,2
130676,1,1,1983,0,0,0,0,0,0,0,0,0,0
130677,1,1,1983,0,0,0,0,0,0,0,0,0,0
130677,2,1,1983,0,0,0,0,0,0,0,0,0,0
130678,1,1,1983,14,14,14,14,14,14,14,14,14,14
130679,1,1,1983,15,15,15,15,15,15,15,15,15,15
130680,1,1,1983,0,0,0,0,0,0,0,0,0,0
130681,1,1,1983,0,0,0,0,0,0,0,0,0,0
130681,2,1,1983,0,0,0,0,0,0,0,0,0,0
130682,1,1,1983,25,24,0,0,24,6,20,0,15,36
130683,0,1,1983,27,27,27,27,27,27,27,27,27,27
130683,1,1,1983,0,0,0,0,0,9,0,0,0,20
130684,1,1,1983,0,0,0,0,5,0,0,0,0,0
130685,1,1,1983,22,22,22,22,22,22,22,22,22,22
130686,1,1,1983,0,0,0,0,0,0,0,0,0,0
130686,2,1,1983,0,0,0,0,0,0,0,0,0,0
130687,1,1,1983,0,0,0,0,0,0,0,0,0,0
130687,2,1,1983,0,0,0,0,0,0,0,0,0,0
130688,1,1,1983,5,5,5,5,5,5,5,5,5,5
130688,2,1,1983,11,0,0,0,0,0,0,0,0,0
130689,1,1,1983,13,13,13,13,13,13,13,13,13,13
130690,1,1,1983,22,22,22,22,22,22,22,22,22,22
130691,1,1,1983,0,0,0,0,0,0,0,0,0,0
130691,2,1,1983,0,0,0,0,0,0,0,0,0,0
130691,3,1,1983,0,0,0,0,0,0,0,0,0,0
130691,4,1,1983,0,0,0,0,0,0,0,0,0,0
130692,1,1,1983,1,1,1,1,1,1,1,1,1,1
130692,2,1,1983,0,0,0,0,0,0,0,0,0,0
130693,1,1,1983,30,30,30,30,30,30,30,30,30,30
130694,1,1,1983,6,6,6,6,6,6,6,6,6,6
130695,1,1,1983,0,0,0,0,0,0,0,0,0,0
130695,2,1,1983,0,0,0,0,0,0,0,0,0,0
130696,0,1,1983,32,0,0,6,0,0,0,0,0,0
130696,1,1,1983,0,0,0,0,15,0,0,0,0,0
130697,1,1,1983,28,28,28,28,28,28,28,28,28,28
130698,1,1,1983,13,13,13,13,13,13,13,13,13,13
130699,0,1,1983,12,12,12,12,12,12,12,12,12,12
130699,1,1,1983,0,0,0,0,0,6,0,0,0,0
130700,1,1,1983,17,17,17,17,17,17,17,17,17,17
130701,1,1,1983,0,0,0,0,0,0,0,0,0,0
130701,2,1,1983,0,0,0,0,0,0,0,0,0,0
130702,1,1,1983,25,25,25,25,25,25,25,25,25,25
130703,1,1,1983,0,0,0,0,0,0,0,0,0,0
130703,2,1,1983,10,10,10,10,10,10,10,10,10,10
130703,3,1,1983,0,0,0,0,0,0,0,0,0,0
130703,4,1,1983,0,0,0,0,0,0,0,0,0,0
130704,0,1,1983,0,0,0,0,0,0,0,0,0,0
130704,1,1,1983,0,0,0,0,0,0,0,0,0,0
130705,1,1,1983,12,12,12,12,12,12,12,12,12,12
130706,1,1,1983,13,20,12,9,0,19,24,0,13,0
130707,1,1,1983,13,13,13,13,13,13,13,13,13,13
130708,1,1,1983,0,0,0,0,0,0,0,0,0,0