ST_CASE,VEH_NO,PER_NO,YEAR,P1,P2,P3,P4,P5,P6,P7,P8,P9,P10
130978,2,1,1983,0,18,0,0,0,0,0,0,0,0
130979,1,1,1983,10,10,10,10,10,10,10,10,10,10
130980,1,1,1983,0,0,0,0,0,0,0,0,0,0
130980,2,1,1983,0,0,0,0,0,0,0,0,0,0
130981,1,1,1983,0,0,0,0,0,0,0,0,0,0
130981,2,1,1983,0,0,0,0,0,0,0,0,0,0
130982,1,1,1983,21,21,21,21,21,21,21,21,21,21
130983,1,1,1983,24,24,24,24,24,24,24,24,24,24
130984,1,1,1983,22,22,22,22,22,22,22,22,22,22
130984,2,1,1983,0,0,0,0,0,0,0,0,0,0
130984,3,1,1983,0,0,0,0,0,0,0,0,0,0
130985,1,1,1983,6,0,0,0,0,0,0,0,22,0
130985,2,1,1983,0,0,0,0,0,0,0,0,0,0
130986,1,1,1983,11,11,11,11,11,11,11,11,11,11
130987,1,1,1983,0,0,0,0,0,0,0,0,0,0
130987,2,1,1983,0,0,0,0,0,0,0,0,0,0
130988,1,1,1983,0,0,0,0,0,0,0,0,0,0
130989,1,1,1983,27,27,27,27,27,27,27,27,27,27
130990,1,1,1983,0,0,0,0,0,0,0,0,0,0
130990,2,1,1983,0,0,0,16,0,0,0,0,0,0
130991,0,1,1983,0,12,0,0,0,0,0,0,0,0
130991,1,1,1983,0,0,0,0,0,0,0,0,0,0
130992,1,1,1983,0,0,0,0,0,0,0,0,0,0
130992,2,1,1983,0,0,0,0,0,18,0,0,0,0
130993,1,1,1983,0,0,0,0,0,0,0,0,0,0
130993,2,1,1983,0,0,0,0,0,0,0,0,0,0
130994,1,1,1983,0,13,0,0,0,0,23,0,0,0
130994,2,1,1983,0,0,0,0,0,0,0,0,0,0
130995,0,1,1983,0,0,0,0,0,0,0,0,0,0
130995,0,2,1983,0,0,0,0,0,0,0,0,0,0
130995,1,1,1983,0,0,0,0,0,0,0,0,0,0
130996,0,1,1983,0,0,0,0,0,0,0,0,0,0
130996,1,1,1983,0,0,0,0,0,0,0,0,0,0
130997,1,1,1983,0,0,0,0,0,0,0,0,0,0
130997,2,1,1983,19,19,19,19,19,19,19,19,19,19
130998,1,1,1983,0,0,0,0,0,0,0,0,0,0
130999,1,1,1983,0,0,0,0,0,0,0,13,0,0
130999,2,1,1983,0,0,0,0,0,0,0,0,0,0
131000,1,1,1983,0,0,0,0,0,15,0,0,0,0
131000,2,1,1983,15,15,15,15,15,15,15,15,15,15
131001,1,1,1983,0,0,0,0,0,0,0,0,0,0
131001,2,1,1983,0,0,0,0,0,0,0,0,0,0
131002,1,1,1983,0,0,0,0,0,0,0,0,0,0
131002,2,1,1983,5,5,5,5,5,5,5,5,5,5
131003,1,1,1983,0,0,0,0,0,0,0,0,0,0
131004,1,1,1983,0,0,0,0,0,0,0,0,0,0
131004,2,1,1983,0,0,0,0,0,0,0,0,0,0
131005,1,1,1983,0,0,0,0,0,0,0,0,0,0
131006,1,1,1983,0,0,0,9,0,0,0,13,0,0
131006,2,1,1983,0,0,0,0,0,0,0,0,0,0
131007,1,1,1983,3,3,3,3,3,3,3,3,3,3
131008,0,1,1983,0,0,0,0,0,0,0,0,0,0
131008,1,1,1983,0,0,0,0,0,0,0,0,0,0
131009,1,1,1983,0,0,0,0,0,0,0,0,0,0
131009,2,1,1983,0,0,0,0,0,0,0,0,0,0
131010,0,1,1983,0,0,0,0,0,0,0,0,0,0
131010,1,1,1983,0,0,0,0,0,0,0,0,0,0
131011,1,1,1983,0,17,0,0,0,0,0,0,0,0
131011,2,1,1983,9,9,9,9,9,9,9,9,9,9
131012,1,1,1983,20,20,20,20,20,20,20,20,20,20
131013,1,1,1983,0,0,0,0,0,0,0,0,0,0
131013,2,1,1983,20,20,20,20,20,20,20,20,20,20
131014,1,1,1983,0,0,0,0,0,0,0,0,0,0
131014,2,1,1983,0,0,0,0,0,0,0,0,0,0
131015,1,1,1983,26,26,26,26,26,26,26,26,26,26
131016,0,1,1983,3,3,3,3,3,3,3,3,3,3
131016,1,1,1983,0,23,0,0,0,0,0,2,0,0
131017,1,1,1983,17,17,17,17,17,17,17,17,17,17
131018,1,1,1983,0,0,0,0,0,0,0,0,0,0
131018,2,1,1983,0,0,0,13,0,0,0,0,0,16
131019,0,1,1983,25,25,25,25,25,25,25,25,25,25
131019,1,1,1983,0,0,0,0,0,0,0,0,0,0
131020,1,1,1983,1,1,1,1,1,1,1,1,1,1
131021,0,1,1983,50,50,50,50,50,50,50,50,50,50
131021,1,1,1983,0,21,0,0,0,0,0,0,0,0
131022,0,1,1983,0,0,0,0,0,0,0,0,0,0
131022,1,1,1983,0,0,0,0,0,0,0,0,0,0
131023,1,1,1983,17,17,17,17,17,17,17,17,17,17
131024,1,1,1983,22,22,22,22,22,22,22,22,22,22
131025,1,1,1983,0,0,0,0,0,0,0,0,0,0
131025,2,1,1983,0,0,0,0,0,0,0,0,21,0
131026,1,1,1983,1,1,1,1,1,1,1,1,1,1
131027,0,1,1983,22,22,22,22,22,22,22,22,22,22
131027,1,1,1983,12,12,12,12,12,12,12,12,12,12
131028,1,1,1983,0,0,0,0,0,0,0,0,0,0
131028,2,1,1983,0,0,0,0,0,18,0,0,13,0
131029,1,1,1983,0,0,0,0,17,0,0,0,0,0
131029,2,1,1983,0,0,0,0,0,0,0,0,0,0
131029,3,1,1983,0,0,0,0,0,0,0,0,0,0
131029,4,1,1983,15,0,0,0,0,0,0,0,0,0
131029,5,1,1983,0,0,0,0,0,0,0,0,0,0
131030,1,1,1983,0,0,0,0,0,0,0,0,0,0
131030,2,1,1983,0,0,0,0,0,0,0,0,0,0
131031,1,1,1983,0,0,0,0,0,0,0,0,0,0
131032,1,1,1983,31,31,31,31,31,31,31,31,31,31
131033,1,1,1983,0,0,0,0,0,0,0,0,0,0
131034,0,1,1983,12,0,0,0,0,26,31,0,0,0
131034,1,1,1983,0,0,0,0,0,0,0,0,0,0
131035,1,1,1983,19,19,18,10,29,17,22,10,21,16
131036,0,1,1983,22,22,22,22,22,22,22,22,22,22
131036,1,1,1983,12,14,0,22,14,0,14,26,5,0
131037,1,1,1983,9,0,11,18,0,19,29,28,0,17
131038,1,1,1983,17,17,17,17,17,17,17,17,17,17
131039,1,1,1983,0,0,0,0,0,0,0,0,0,0
131039,2,1,1983,0,0,0,0,0,0,0,0,0,0
131039,3,1,1983,0,0,0,0,0,0,0,0,0,0
131040,1,1,1983,0,0,0,0,0,0,0,0,0,0
131040,2,1,1983,0,0,0,0,0,0,0,0,0,0
131041,0,1,1983,14,0,13,0,0,0,20,13,0,10
131041,1,1,1983,10,6,19,17,18,14,8,15,0,22
131042,1,1,1983,0,0,0,0,0,0,0,0,0,0
131042,2,1,1983,0,0,0,0,0,0,0,0,0,0
131043,0,1,1983,0,0,0,0,0,0,0,0,0,0
131043,1,1,1983,0,0,0,0,0,0,0,0,0,0
131044,1,1,1983,16,16,16,16,16,16,16,16,16,16
131044,2,1,1983,0,0,0,0,0,0,0,0,0,0
131045,1,1,1983,20,13,0,8,8,10,9,26,31,0
131046,1,1,1983,16,16,16,16,16,16,16,16,16,16
131047,1,1,1983,14,14,14,14,14,14,14,14,14,14
131047,2,1,1983,0,0,0,0,0,0,0,0,0,0
131048,1,1,1983,35,35,35,35,35,35,35,35,35,35
131049,1,1,1983,21,21,21,21,21,21,21,21,21,21
131050,1,1,1983,36,36,36,36,36,36,36,36,36,36
131050,2,1,1983,0,0,0,0,0,0,0,0,0,0
131051,1,1,1983,0,0,0,0,0,0,0,0,0,0
131051,2,1,1983,28,28,28,28,28,28,28,28,28,28
131052,1,1,1983,16,16,16,16,16,16,16,16,16,16
131053,1,1,1983,0,0,0,0,0,0,0,28,25,0
131054,1,1,1983,29,29,29,29,29,29,29,29,29,29
131055,0,1,1983,0,0,0,0,0,0,0,0,0,0
131055,1,1,1983,0,0,0,0,0,0,0,0,0,0
131056,0,1,1983,0,0,0,0,0,0,0,0,0,0
131056,1,1,1983,0,0,0,0,0,0,0,0,0,0
131056,2,1,1983,0,0,0,0,0,0,0,0,0,0
131057,1,1,1983,19,20,0,7,21,0,19,18,0,17
131058,1,1,1983,0,0,0,0,0,0,0,0,0,0
131058,2,1,1983,0,0,0,0,0,0,0,0,0,0
131059,1,1,1983,10,10,10,10,10,10,10,10,10,10
131060,1,1,1983,21,21,21,21,21,21,21,21,21,21
131061,0,1,1983,24,24,24,24,24,24,24,24,24,24
131061,1,1,1983,0,0,0,0,0,0,24,0,0,0
131062,0,1,1983,0,0,0,0,0,0,0,0,0,0
131062,1,1,1983,0,0,0,0,0,0,0,0,0,0
131063,1,1,1983,34,34,34,34,34,34,34,34,34,34
131064,0,1,1983,0,0,0,0,0,0,0,0,0,9
131064,1,1,1983,0,0,0,0,0,0,0,0,0,0
131065,1,1,1983,11,13,18,19,30,5,24,0,26,9
131066,1,1,1983,5,5,5,5,5,5,5,5,5,5
131067,1,1,1983,0,0,0,0,0,0,0,0,0,0
131067,2,1,1983,0,0,0,0,0,0,0,0,0,0
131068,1,1,1983,0,0,0,0,0,0,0,0,0,0
131068,2,1,1983,0,0,0,0,0,0,0,0,0,0
131069,0,1,1983,0,0,0,0,0,0,0,0,0,0
131069,1,1,1983,0,0,0,0,0,0,0,0,0,0
131070,1,1,1983,0,0,0,0,0,0,0,0,0,0
131070,2,1,1983,0,0,0,0,0,0,0,0,0,0
131071,1,1,1983,0,0,0,0,19,0,10,26,0,0
131071,2,1,1983,20,20,20,20,20,20,20,20,20,20
131072,1,1,1983,27,27,27,27,27,27,27,27,27,27
131072,2,1,1983,0,0,0,0,0,0,0,0,0,0
131073,1,1,1983,0,0,0,0,0,0,0,0,0,0
131074,1,1,1983,15,15,15,15,15,15,15,15,15,15
131074,2,1,1983,0,0,0,0,0,0,0,0,0,0
131075,1,1,1983,0,0,0,0,0,0,0,0,0,0
131076,0,1,1983,0,0,24,9,0,14,21,11,0,10
131076,1,1,1983,0,0,0,0,0,0,0,0,0,0
131077,1,1,1983,14,14,14,14,14,14,14,14,14,14
131078,1,1,1983,0,0,0,0,0,0,0,0,0,0
131079,0,1,1983,0,0,0,0,0,0,0,0,0,0
131079,1,1,1983,0,0,0,0,0,0,0,0,0,0
131080,1,1,1983,0,0,0,0,0,0,0,0,0,0
131080,2,1,1983,0,0,0,5,0,0,0,0,0,0
131081,1,1,1983,0,0,0,0,0,11,0,0,31,0
131082,1,1,1983,28,28,28,28,28,28,28,28,28,28
131083,1,1,1983,0,0,0,0,0,0,0,0,10,0
131084,0,1,1983,0,0,0,0,0,0,0,0,0,0
131084,0,2,1983,0,0,0,0,0,0,0,0,0,0
131084,1,1,1983,0,0,0,0,0,0,0,0,0,0
131085,0,1,1983,0,0,0,0,0,0,23,0,0,4
131085,1,1,1983,0,0,0,0,0,0,0,0,0,0
131086,1,1,1983,11,11,11,11,11,11,11,11,11,11
131087,1,1,1983,26,11,0,0,0,0,0,0,0,0
131088,1,1,1983,0,0,0,0,0,0,0,0,0,0
131088,2,1,1983,13,13,13,13,13,13,13,13,13,13
131089,1,1,1983,0,0,0,0,0,0,0,0,0,0
131089,2,1,1983,0,0,0,0,0,0,21,0,0,0
131090,1,1,1983,16,16,16,16,16,16,16,16,16,16
131091,1,1,1983,17,17,17,17,17,17,17,17,17,17
131092,1,1,1983,0,0,0,0,0,0,0,0,0,7
131092,2,1,1983,0,0,0,0,0,0,0,0,0,0
131094,1,1,1983,17,17,17,17,17,17,17,17,17,17
131095,1,1,1983,0,0,0,0,0,0,0,0,0,0
131095,2,1,1983,0,0,0,0,0,0,0,0,0,0
131096,0,1,1983,30,30,30,30,30,30,30,30,30,30
131096,1,1,1983,0,0,9,0,0,17,26,2,11,4
131097,1,1,1983,10,10,10,10,10,10,10,10,10,10
131098,0,1,1983,0,0,0,0,0,0,0,0,0,0
131098,1,1,1983,0,0,0,0,0,0,0,0,0,0
131099,1,1,1983,0,0,0,0,0,0,0,0,0,0
131099,2,1,1983,0,0,21,19,29,17,11,0,24,32
131100,0,1,1983,35,23,0,23,7,16,0,0,0,0
131100,1,1,1983,23,0,25,7,20,38,8,0,14,16
131101,1,1,1983,0,0,0,0,0,0,0,0,0,0
131102,1,1,1983,0,0,0,0,0,0,0,0,0,0
131102,2,1,1983,14,14,14,14,14,14,14,14,14,14
131103,1,1,1983,0,0,0,0,0,0,0,0,0,0
131103,2,1,1983,0,0,0,0,0,0,0,0,0,0
131104,1,1,1983,0,0,0,0,0,0,0,0,0,0
131104,2,1,1983,15,15,15,15,15,15,15,15,15,15
131105,1,1,1983,14,14,14,14,14,14,14,14,14,14
131105,2,1,1983,0,0,0,0,0,0,0,0,0,0
131106,1,1,1983,5,5,5,5,5,5,5,5,5,5
131107,1,1,1983,0,0,0,0,0,0,0,0,0,0
131107,2,1,1983,0,0,0,0,0,0,0,0,0,0
131108,1,1,1983,0,0,0,0,0,0,0,0,0,0
131109,1,1,1983,9,9,9,9,9,9,9,9,9,9
131109,2,1,1983,0,0,0,0,0,0,0,13,0,0
131110,1,1,1983,21,21,21,21,21,21,21,21,21,21
131111,1,1,1983,0,0,0,0,23,0,0,0,0,0
131111,2,1,1983,0,0,0,0,0,0,0,0,0,0
131112,0,1,1983,0,0,0,0,0,0,0,0,0,0
131112,1,1,1983,0,0,0,0,0,0,0,0,0,0
131113,1,1,1983,13,13,13,13,13,13,13,13,13,13
131114,1,1,1983,9,0,0,0,0,0,0,0,0,0
131115,1,1,1983,0,0,0,0,0,0,0,0,0,0
131115,2,1,1983,0,0,0,0,0,0,0,0,0,0
131116,1,1,1983,0,0,0,0,0,0,0,0,0,0
131116,2,1,1983,0,0,0,0,0,0,0,0,0,0
131117,1,1,1983,21,5,16,24,22,7,13,14,6,12
131118,0,1,1983,1,1,1,1,1,1,1,1,1,1
131118,1,1,1983,16,11,14,23,22,7,13,14,4,0
131119,1,1,1983,0,0,0,0,0,0,0,0,0,0
131119,2,1,1983,0,0,0,0,0,0,0,0,0,0
131120,1,1,1983,20,20,20,20,20,20,20,20,20,20
131120,2,1,1983,0,0,0,0,0,0,0,0,0,0
131121,0,1,1983,18,18,18,18,18,18,18,18,18,18
131121,1,1,1983,11,31,15,27,12,12,21,20,21,7
131122,1,1,1983,12,12,12,12,12,12,12,12,12,12
131123,1,1,1983,0,0,0,0,0,0,0,0,0,0
131123,2,1,1983,0,0,0,0,0,0,0,0,0,0
131124,1,1,1983,0,0,0,0,0,0,0,0,0,0
131124,2,1,1983,0,0,0,7,0,0,0,0,0,0
131125,1,1,1983,21,21,21,21,21,21,21,21,21,21
131126,1,1,1983,2,2,2,2,2,2,2,2,2,2
131127,0,1,1983,0,0,0,0,0,0,0,0,0,0
131127,1,1,1983,0,0,0,0,0,0,0,0,0,0
131128,1,1,1983,0,0,0,0,0,0,0,0,0,0
131128,2,1,1983,0,0,0,0,0,0,0,0,0,0
131129,1,1,1983,0,0,0,0,0,0,0,0,0,0
131129,2,1,1983,0,0,0,0,0,0,0,0,0,0
131130,1,1,1983,9,0,0,19,0,14,0,15,12,20
131131,0,1,1983,0,0,0,0,0,0,0,0,0,0
131131,1,1,1983,0,0,0,0,0,0,0,0,13,0
131132,0,1,1983,42,42,42,42,42,42,42,42,42,42
131132,1,1,1983,0,0,0,0,0,0,0,0,0,0
131133,1,1,1983,24,24,24,24,24,24,24,24,24,24
131134,1,1,1983,0,0,0,0,0,0,0,0,0,0
131134,2,1,1983,0,0,0,0,0,0,0,0,0,0
131135,1,1,1983,0,0,0,0,0,0,0,0,0,0
131135,2,1,1983,0,0,0,0,0,0,0,0,0,0
131136,1,1,1983,18,18,18,18,18,18,18,18,18,18
131137,1,1,1983,3,3,3,3,3,3,3,3,3,3
131137,2,1,1983,0,0,0,0,0,0,0,0,0,0
131138,1,1,1983,26,0,0,0,0,0,0,0,0,0
131139,0,1,1983,30,30,30,30,30,30,30,30,30,30
131139,1,1,1983,0,0,0,0,0,0,0,0,0,0
131140,1,1,1983,0,0,0,0,0,0,0,0,0,0
131141,1,1,1983,30,30,30,30,30,30,30,30,30,30
131142,1,1,1983,0,0,0,0,0,0,0,0,0,0
131143,1,1,1983,0,0,0,0,0,0,0,0,0,0
131144,1,1,1983,0,0,0,0,0,0,0,0,0,0
131144,2,1,1983,0,0,0,0,0,0,0,0,5,0
131145,1,1,1983,13,13,13,13,13,13,13,13,13,13
131146,1,1,1983,0,0,0,7,16,0,0,0,0,0
131146,2,1,1983,0,0,0,0,0,0,0,0,0,0
131147,0,1,1983,0,0,0,0,10,0,0,0,11,0
131147,1,1,1983,0,0,0,0,0,0,0,0,0,14
131148,1,1,1983,0,0,0,0,0,0,0,0,0,0
131148,2,1,1983,0,0,0,0,0,0,0,0,0,0
131149,1,1,1983,0,0,0,0,0,0,0,0,0,0
131149,2,1,1983,12,12,12,12,12,12,12,12,12,12
131150,1,1,1983,0,0,12,0,26,0,22,13,15,0
131150,2,1,1983,0,0,0,0,0,0,0,0,0,0
131151,1,1,1983,0,0,0,0,0,0,0,0,0,0
131151,2,1,1983,0,0,0,0,0,0,0,0,0,0
131152,1,1,1983,0,0,0,0,0,0,0,0,0,0
131152,2,1,1983,0,0,0,0,0,0,0,0,0,0
131152,3,1,1983,0,0,0,0,0,0,0,0,0,0
131152,4,1,1983,0,0,0,0,0,0,0,0,0,0
131153,1,1,1983,24,11,0,18,22,10,17,20,0,36
131154,1,1,1983,7,0,0,0,0,18,0,12,0,0
131154,2,1,1983,0,0,0,0,0,0,0,0,0,0
131154,3,1,1983,0,0,0,0,20,0,0,0,0,0
131155,1,1,1983,0,0,0,0,0,0,0,0,0,0
131155,2,1,1983,0,0,0,0,0,0,0,0,0,17
131156,1,1,1983,22,22,22,22,22,22,22,22,22,22
131156,2,1,1983,0,0,0,0,0,0,0,0,0,0
131157,1,1,1983,0,0,0,0,0,0,0,0,0,0
131157,2,1,1983,0,0,0,0,0,0,0,0,0,10
131157,3,1,1983,0,0,0,0,0,0,0,0,0,0
131157,4,1,1983,0,0,0,0,0,0,0,0,0,0
131158,1,1,1983,0,0,0,0,0,0,0,0,0,0
131158,2,1,1983,0,0,0,0,0,3,0,0,0,3
131159,1,1,1983,0,0,0,0,0,0,0,0,0,0
131160,0,1,1983,16,0,0,9,27,33,9,24,41,14
131160,1,1,1983,0,3,0,0,22,8,6,0,39,0
131161,0,1,1983,32,32,32,32,32,32,32,32,32,32
131161,1,1,1983,18,24,18,17,27,9,14,27,18,25
150001,0,1,1983,0,0,0,0,0,0,0,0,0,0
150001,1,1,1983,0,0,0,0,0,0,0,0,0,0
150002,0,1,1983,0,0,0,0,0,0,0,0,0,0
150002,1,1,1983,0,0,0,0,0,0,0,0,15,0
150003,1,1,1983,0,0,0,0,0,0,0,0,0,0
150004,0,1,1983,23,23,23,23,23,23,23,23,23,23
150004,1,1,1983,3,3,3,3,3,3,3,3,3,3
150005,1,1,1983,35,35,35,35,35,35,35,35,35,35
150006,1,1,1983,16,16,16,16,16,16,16,16,16,16
150007,1,1,1983,22,28,19,22,0,0,12,20,0,17
150008,1,1,1983,20,20,20,20,20,20,20,20,20,20
150008,2,1,1983,0,0,0,0,0,0,0,0,0,14
150009,1,1,1983,22,22,22,22,22,22,22,22,22,22
150009,2,1,1983,14,14,14,14,14,14,14,14,14,14
150010,1,1,1983,18,18,18,18,18,18,18,18,18,18
150011,1,1,1983,0,0,0,0,0,0,0,0,0,0
150011,2,1,1983,0,0,0,0,0,0,0,0,0,0
150012,1,1,1983,0,0,0,0,0,0,0,7,16,11
150013,1,1,1983,6,6,6,6,6,6,6,6,6,6
150014,1,1,1983,21,21,21,21,21,21,21,21,21,21
150014,2,1,1983,10,20,6,11,13,9,17,6,17,5
150015,1,1,1983,0,3,0,0,0,0,0,0,0,0
150015,2,1,1983,0,0,20,0,0,17,0,0,9,0
150016,1,1,1983,11,11,11,11,11,11,11,11,11,11
150017,1,1,1983,25,25,25,25,25,25,25,25,25,25
150018,1,1,1983,19,19,19,19,19,19,19,19,19,19
150019,1,1,1983,17,17,17,17,17,17,17,17,17,17
150019,2,1,1983,22,12,17,11,16,20,12,23,0,0
150020,1,1,1983,23,23,23,23,23,23,23,23,23,23
150021,1,1,1983,15,15,15,15,15,15,15,15,15,15
150022,1,1,1983,0,0,0,0,0,0,0,0,0,0
150022,2,1,1983,11,15,21,9,13,16,21,11,7,5
150023,0,1,1983,0,0,0,0,0,0,0,0,0,0
150023,1,1,1983,20,0,0,0,0,0,0,0,0,0
150024,1,1,1983,22,22,22,22,22,22,22,22,22,22
150024,2,1,1983,0,0,20,0,0,0,0,0,0,0
150025,0,1,1983,0,0,0,0,0,0,0,0,0,0
150025,1,1,1983,0,0,0,0,0,0,0,0,0,0
150026,1,1,1983,15,15,15,15,15,15,15,15,15,15
150027,1,1,1983,0,0,0,0,0,0,0,0,0,0
150028,0,1,1983,0,0,0,0,0,0,0,0,0,0
150028,1,1,1983,0,0,0,0,0,0,0,0,0,0
150029,0,1,1983,0,0,0,0,0,0,0,0,0,0
150029,1,1,1983,0,0,0,0,0,0,0,0,0,0
150030,1,1,1983,20,20,20,20,20,20,20,20,20,20
150031,0,1,1983,0,0,0,0,0,0,0,0,0,0
150031,1,1,1983,0,0,0,0,0,0,0,0,0,0
150032,0,1,1983,0,0,0,0,0,0,0,0,0,0
150032,1,1,1983,0,0,0,0,0,0,0,0,0,0
150033,0,1,1983,0,0,0,0,0,0,0,0,0,0
150033,1,1,1983,17,8,10,6,7,26,40,18,16,5
150034,0,1,1983,0,0,0,0,0,0,0,0,0,0
150034,1,1,1983,0,0,0,0,0,0,0,0,0,0
150035,0,1,1983,0,0,0,0,0,0,0,0,0,0
150035,1,1,1983,0,0,0,0,0,0,0,0,0,0
150036,0,1,1983,0,0,0,0,0,0,0,0,0,0
150036,1,1,1983,26,26,26,26,26,26,26,26,26,26
150036,2,1,1983,0,0,22,0,0,0,0,0,0,0
150037,1,1,1983,14,14,14,14,14,14,14,14,14,14
150038,1,1,1983,17,17,17,17,17,17,17,17,17,17
150039,1,1,1983,30,30,30,30,30,30,30,30,30,30
150040,1,1,1983,23,23,23,23,23,23,23,23,23,23
150040,2,1,1983,0,0,0,0,0,0,0,0,0,0
150041,1,1,1983,0,0,0,18,0,0,0,0,0,0
150041,2,1,1983,0,0,0,0,0,0,0,0,0,0
150042,1,1,1983,17,17,17,17,17,17,17,17,17,17
150043,1,1,1983,17,17,17,17,17,17,17,17,17,17
150043,2,1,1983,0,0,19,10,0,0,0,0,0,0
150043,3,1,1983,9,20,21,0,0,0,0,0,0,0
150044,1,1,1983,28,9,7,11,14,26,5,8,29,20
150045,0,1,1983,16,23,12,17,0,22,15,34,14,0
150045,1,1,1983,0,0,0,26,0,23,13,0,16,17
150046,1,1,1983,20,20,20,20,20,20,20,20,20,20
150047,1,1,1983,0,0,0,0,0,0,0,0,0,0
150047,2,1,1983,0,0,0,0,0,0,0,0,0,0
150047,3,1,1983,0,0,23,0,0,0,0,0,0,0
150048,1,1,1983,0,0,0,0,0,0,0,0,0,0
150048,2,1,1983,0,0,0,0,0,0,0,0,0,0
150049,1,1,1983,0,0,0,0,0,0,0,0,0,0
150050,1,1,1983,32,32,32,32,32,32,32,32,32,32
150050,2,1,1983,13,0,0,0,0,18,10,13,0,0
150051,0,1,1983,0,0,0,0,0,0,0,0,0,0
150051,0,2,1983,0,17,6,7,0,0,0,0,0,0
150051,1,1,1983,13,13,13,13,13,13,13,13,13,13
150052,1,1,1983,37,37,37,37,37,37,37,37,37,37
150053,1,1,1983,14,14,14,14,14,14,14,14,14,14
150054,1,1,1983,0,0,0,0,0,0,0,0,0,0
150054,2,1,1983,0,0,0,0,0,0,0,0,29,0
150055,1,1,1983,21,21,21,21,21,21,21,21,21,21
150056,0,1,1983,0,0,0,0,0,0,0,0,0,0
150056,1,1,1983,0,0,0,0,0,0,29,0,0,0
150057,1,1,1983,28,28,28,28,28,28,28,28,28,28
150058,1,1,1983,19,13,13,13,6,14,6,15,4,9
150058,2,1,1983,0,0,0,0,0,0,0,0,0,0
150059,1,1,1983,0,0,0,0,0,8,0,5,0,0
150060,1,1,1983,19,12,11,24,11,22,17,13,16,12
150060,2,1,1983,0,0,0,0,7,0,0,0,0,0
150061,0,1,1983,0,0,0,0,0,0,0,0,0,0
150061,1,1,1983,0,0,0,0,0,0,0,0,0,0
150062,1,1,1983,0,0,0,0,0,0,0,0,0,0
150063,0,1,1983,0,0,0,0,0,0,0,0,0,0
150064,1,1,1983,17,17,17,17,17,17,17,17,17,17
150064,2,1,1983,0,0,0,0,0,0,0,0,0,0
150065,1,1,1983,0,0,0,0,0,0,0,0,0,0
150065,2,1,1983,24,24,24,24,24,24,24,24,24,24
150066,0,1,1983,0,0,0,0,0,0,0,0,0,0
150066,1,1,1983,0,0,28,12,0,0,0,12,0,0
150067,1,1,1983,8,13,0,8,8,9,10,3,17,21
150068,0,1,1983,0,0,0,0,0,0,0,0,0,0
150068,1,1,1983,0,0,0,0,12,0,0,0,0,0
150069,1,1,1983,5,5,5,5,5,5,5,5,5,5
150070,1,1,1983,0,0,0,0,0,0,0,0,0,8
150070,2,1,1983,0,7,0,0,0,0,0,0,0,0
150070,3,1,1983,22,8,9,30,14,3,11,10,22,20
150072,1,1,1983,13,10,21,9,6,15,19,13,24,21
150073,1,1,1983,27,27,27,27,27,27,27,27,27,27
150074,1,1,1983,0,0,0,0,0,0,0,0,0,0
150075,1,1,1983,19,19,19,19,19,19,19,19,19,19
150075,2,1,1983,0,0,0,0,0,0,0,0,0,0
150076,1,1,1983,0,0,0,0,0,0,0,0,0,0
150076,2,1,1983,0,0,0,0,0,0,0,0,0,0
150077,1,1,1983,17,17,17,17,17,17,17,17,17,17
150078,1,1,1983,19,19,19,19,19,19,19,19,19,19
150079,0,1,1983,17,17,17,17,17,17,17,17,17,17
150079,1,1,1983,8,15,0,34,24,18,9,30,0,0
150080,1,1,1983,24,24,24,24,24,24,24,24,24,24
150081,1,1,1983,0,0,0,0,0,0,0,0,0,0
150081,2,1,1983,0,11,0,0,0,0,0,0,0,0
150082,1,1,1983,4,15,4,8,0,18,21,0,19,8
150083,1,1,1983,13,13,13,13,13,13,13,13,13,13
150084,0,1,1983,0,0,0,0,0,0,0,0,0,0
150084,1,1,1983,0,0,0,0,0,0,0,0,0,0
150085,1,1,1983,20,0,12,5,0,12,19,16,21,14
150085,2,1,1983,23,16,21,11,26,10,11,14,4,35
150086,1,1,1983,17,9,4,16,6,7,16,14,10,10
150087,1,1,1983,24,25,27,17,2,10,28,22,24,2
150087,2,1,1983,14,21,31,14,8,10,30,15,22,16
150088,0,1,1983,0,0,0,0,0,16,21,15,0,0
150088,1,1,1983,0,0,0,0,0,0,0,0,0,0
150089,1,1,1983,0,14,19,0,0,21,0,19,0,0
150089,2,1,1983,0,0,0,0,13,0,0,0,19,0
150090,1,1,1983,10,10,10,10,10,10,10,10,10,10
150090,2,1,1983,0,0,0,0,0,0,0,0,8,0
150091,1,1,1983,0,23,0,16,10,28,18,13,9,0
150092,1,1,1983,3,3,3,3,3,3,3,3,3,3
150092,2,1,1983,0,0,0,0,0,0,0,0,0,0
150093,1,1,1983,19,19,19,19,19,19,19,19,19,19
150094,1,1,1983,0,0,0,0,0,0,0,0,0,0
150095,1,1,1983,0,0,0,0,0,0,0,0,0,0
150095,2,1,1983,0,0,0,0,0,0,0,0,0,0
150096,1,1,1983,19,19,19,19,19,19,19,19,19,19
150098,1,1,1983,19,19,19,19,19,19,19,19,19,19
150099,1,1,1983,17,17,17,17,17,17,17,17,17,17
150100,1,1,1983,0,0,0,0,0,0,0,39,0,0