ST_CASE,VEH_NO,PER_NO,YEAR,P1,P2,P3,P4,P5,P6,P7,P8,P9,P10
150100,2,1,1983,0,0,0,0,6,8,13,0,11,0
150100,3,1,1983,3,3,3,3,3,3,3,3,3,3
150101,1,1,1983,0,0,0,0,0,0,0,0,0,0
150101,2,1,1983,0,0,0,0,0,0,0,0,0,0
150102,1,1,1983,23,23,23,23,23,23,23,23,23,23
150102,2,1,1983,0,0,0,0,0,0,0,0,0,0
150103,1,1,1983,19,19,19,19,19,19,19,19,19,19
150104,1,1,1983,23,23,23,23,23,23,23,23,23,23
150104,2,1,1983,4,13,13,8,6,7,5,13,5,18
150104,3,1,1983,0,0,0,0,0,0,0,0,0,0
150105,0,1,1983,0,0,0,0,0,0,0,0,0,0
150105,1,1,1983,0,0,0,0,0,0,0,0,0,0
150106,1,1,1983,13,13,13,13,13,13,13,13,13,13
150106,2,1,1983,8,8,8,8,8,8,8,8,8,8
150107,1,1,1983,24,24,24,24,24,24,24,24,24,24
150108,1,1,1983,0,0,0,0,0,0,0,0,0,0
150109,1,1,1983,22,22,22,22,22,22,22,22,22,22
150109,2,1,1983,15,15,10,0,17,9,8,24,25,13
150110,1,1,1983,0,11,0,0,0,0,9,0,29,3
150111,0,1,1983,0,0,0,0,0,0,0,0,0,0
150111,1,1,1983,0,0,0,20,0,0,21,0,0,0
150112,1,1,1983,14,14,14,14,14,14,14,14,14,14
150112,2,1,1983,0,0,0,0,0,0,0,0,0,0
150113,1,1,1983,26,26,26,26,26,26,26,26,26,26
150114,1,1,1983,11,11,11,11,11,11,11,11,11,11
150115,1,1,1983,17,17,17,17,17,17,17,17,17,17
150116,1,1,1983,14,14,14,14,14,14,14,14,14,14
150116,2,1,1983,0,0,0,0,0,0,0,0,0,0
150117,1,1,1983,0,0,0,0,0,0,0,0,0,0
150118,1,1,1983,0,0,0,0,0,0,0,0,0,0
150119,1,1,1983,21,21,21,21,21,21,21,21,21,21
150120,1,1,1983,9,9,9,9,9,9,9,9,9,9
150121,1,1,1983,10,10,10,10,10,10,10,10,10,10
150121,2,1,1983,0,0,0,0,0,0,0,0,0,0
150122,1,1,1983,42,42,42,42,42,42,42,42,42,42
150122,2,1,1983,4,0,9,12,18,0,0,0,0,28
150123,1,1,1983,17,17,17,17,17,17,17,17,17,17
150124,1,1,1983,10,10,10,10,10,10,10,10,10,10
150124,2,1,1983,0,12,19,0,0,0,0,11,0,0
150125,1,1,1983,14,14,14,14,14,14,14,14,14,14
150126,1,1,1983,0,10,0,0,0,0,16,0,0,0
150126,2,1,1983,0,0,0,0,28,0,0,0,0,0
150127,1,1,1983,7,7,7,7,7,7,7,7,7,7
150127,2,1,1983,0,0,0,0,0,0,0,9,0,0
150128,1,1,1983,11,11,11,11,11,11,11,11,11,11
150128,2,1,1983,0,0,0,0,0,0,0,0,0,0
150129,1,1,1983,19,6,13,12,13,11,8,15,12,9
150130,0,1,1983,0,0,0,0,0,0,0,0,0,0
150130,1,1,1983,0,0,0,0,0,0,0,0,0,36
150131,1,1,1983,19,19,19,19,19,19,19,19,19,19
150131,2,1,1983,18,18,18,18,18,18,18,18,18,18
150132,0,1,1983,11,16,18,0,27,0,0,6,0,0
150132,1,1,1983,26,26,26,26,26,26,26,26,26,26
150133,1,1,1983,0,0,0,0,0,0,0,0,0,0
150134,1,1,1983,0,0,0,0,0,0,0,0,0,0
150134,2,1,1983,0,0,0,0,0,0,0,0,0,0
150135,0,1,1983,0,0,0,0,0,0,0,0,0,0
150135,1,1,1983,5,18,18,9,34,14,21,0,21,15
160001,1,1,1983,0,0,0,0,0,0,0,0,0,0
160001,2,1,1983,3,13,0,30,12,0,15,17,0,0
160002,1,1,1983,0,0,0,0,0,0,0,0,0,0
160002,2,1,1983,0,0,0,0,0,0,0,2,0,0
160003,1,1,1983,19,39,17,0,36,31,0,13,41,1
160004,0,1,1983,0,0,0,0,0,0,0,0,0,0
160004,1,1,1983,0,0,0,0,6,0,0,0,0,0
160005,1,1,1983,0,0,0,0,0,0,0,0,0,0
160006,0,1,1983,24,0,0,8,0,0,0,24,0,32
160006,1,1,1983,0,0,0,12,0,0,0,0,30,10
160007,1,1,1983,0,0,0,0,0,0,0,0,0,0
160007,2,1,1983,0,0,0,0,0,0,0,13,0,0
160008,1,1,1983,25,25,25,25,25,25,25,25,25,25
160009,1,1,1983,0,0,0,0,0,0,0,0,0,0
160010,1,1,1983,0,0,0,0,0,0,0,0,0,0
160010,2,1,1983,0,0,0,0,0,7,0,0,0,7
160011,1,1,1983,26,21,25,16,21,5,13,25,20,20
160012,1,1,1983,1,1,1,1,1,1,1,1,1,1
160012,2,1,1983,0,0,0,0,0,0,0,0,0,0
160013,1,1,1983,0,7,19,13,17,22,16,22,17,14
160014,1,1,1983,0,0,0,0,0,0,0,0,0,0
160014,2,1,1983,0,0,0,0,0,0,0,0,0,0
160015,1,1,1983,0,0,0,0,28,0,0,12,7,0
160016,1,1,1983,0,0,0,0,0,0,0,32,0,9
160016,2,1,1983,11,19,13,16,10,21,10,16,9,25
160017,1,1,1983,8,18,35,11,0,0,0,10,11,17
160018,1,1,1983,1,1,1,1,1,1,1,1,1,1
160019,1,1,1983,14,14,14,14,14,14,14,14,14,14
160020,1,1,1983,0,0,0,0,0,0,0,0,0,0
160021,0,1,1983,36,0,24,19,39,11,18,0,12,0
160021,1,1,1983,0,0,0,0,0,0,0,0,0,0
160022,1,1,1983,0,15,27,19,0,8,0,17,24,0
160023,1,1,1983,15,15,15,15,15,15,15,15,15,15
160024,0,1,1983,0,0,0,0,0,0,0,0,0,0
160024,1,1,1983,0,0,0,0,0,0,0,0,0,0
160025,1,1,1983,13,23,12,27,9,15,13,27,10,21
160026,1,1,1983,19,19,19,19,19,19,19,19,19,19
160027,1,1,1983,8,8,8,8,8,8,8,8,8,8
160028,1,1,1983,17,17,17,17,17,17,17,17,17,17
160029,1,1,1983,0,0,0,0,0,0,0,0,0,0
160029,2,1,1983,0,0,0,0,0,0,0,0,0,0
160029,3,1,1983,0,0,0,0,12,0,0,0,0,36
160030,1,1,1983,30,26,0,0,0,24,20,0,0,0
160031,1,1,1983,0,0,0,0,0,0,0,0,0,0
160031,2,1,1983,6,20,15,19,29,8,22,12,24,25
160032,1,1,1983,31,31,31,31,31,31,31,31,31,31
160033,1,1,1983,0,0,0,0,0,0,0,0,0,0
160034,1,1,1983,19,19,19,19,19,19,19,19,19,19
160035,1,1,1983,0,0,0,0,0,0,0,0,0,0
160035,2,1,1983,16,26,34,0,0,0,29,20,18,14
160036,1,1,1983,14,14,14,14,14,14,14,14,14,14
160037,1,1,1983,23,12,17,21,13,12,9,20,13,10
160037,2,1,1983,0,0,0,0,0,0,0,0,0,0
160038,1,1,1983,15,15,15,15,15,15,15,15,15,15
160039,1,1,1983,0,0,0,21,0,0,0,0,0,0
160039,2,1,1983,0,0,0,0,43,0,0,0,0,4
160040,1,1,1983,0,0,0,18,0,0,0,0,0,0
160040,2,1,1983,0,0,0,0,0,0,0,0,0,0
160041,1,1,1983,0,0,0,0,0,0,0,0,0,0
160042,1,1,1983,0,0,0,0,0,0,0,0,0,0
160042,2,1,1983,29,0,0,0,0,0,0,0,0,0
160043,1,1,1983,22,22,22,22,22,22,22,22,22,22
160044,1,1,1983,19,0,0,0,0,0,22,11,0,0
160045,1,1,1983,2,2,2,2,2,2,2,2,2,2
160045,2,1,1983,0,0,0,0,0,0,0,0,0,0
160047,1,1,1983,0,0,0,0,11,0,0,0,0,0
160047,2,1,1983,0,0,0,0,0,0,6,0,0,0
160048,1,1,1983,0,0,0,0,0,0,9,0,12,0
160049,1,1,1983,18,11,13,26,18,22,15,13,9,22
160050,1,1,1983,0,0,0,0,0,0,0,0,0,0
160050,2,1,1983,0,0,0,0,0,0,0,0,0,0
160051,1,1,1983,19,19,9,22,18,11,21,11,15,18
160052,1,1,1983,15,15,15,15,15,15,15,15,15,15
160053,1,1,1983,20,3,26,33,13,15,20,35,25,3
160054,1,1,1983,18,18,18,18,18,18,18,18,18,18
160054,2,1,1983,0,0,0,0,0,0,0,0,0,0
160055,1,1,1983,0,0,24,10,0,31,0,0,0,6
160056,1,1,1983,30,30,30,30,30,30,30,30,30,30
160057,1,1,1983,0,0,0,0,0,11,14,0,14,0
160058,1,2,1983,0,30,0,21,0,12,9,26,18,0
160059,1,1,1983,0,9,0,0,0,0,0,0,8,0
160060,1,1,1983,0,0,0,0,0,0,0,0,0,0
160061,1,1,1983,0,0,0,0,0,10,0,6,0,0
160061,2,1,1983,31,23,8,24,30,7,7,14,15,5
160062,1,1,1983,21,16,25,15,15,22,26,17,25,15
160063,1,1,1983,4,6,0,2,2,0,0,0,19,0
160064,0,1,1983,0,0,0,0,0,0,0,0,0,0
160064,1,1,1983,0,0,0,0,0,0,0,0,0,0
160065,1,1,1983,0,0,0,0,0,0,0,0,0,0
160065,2,1,1983,0,0,0,0,0,0,0,0,0,0
160066,1,1,1983,0,0,0,0,0,0,0,0,0,0
160067,1,1,1983,8,8,8,8,8,8,8,8,8,8
160068,1,1,1983,0,0,8,0,0,0,0,0,0,0
160068,2,1,1983,0,0,0,0,9,0,21,0,0,0
160069,1,1,1983,14,20,17,19,22,39,28,29,16,0
160070,1,1,1983,0,0,0,0,0,0,0,0,0,0
160071,1,1,1983,0,0,0,0,0,0,0,0,0,0
160071,2,1,1983,0,0,0,0,0,0,0,0,0,0
160072,1,1,1983,0,0,19,0,0,0,0,0,19,0
160073,1,1,1983,0,0,0,0,0,0,0,0,0,4
160074,1,1,1983,0,0,0,0,0,0,0,0,0,0
160075,1,1,1983,0,0,0,0,0,0,0,0,0,0
160075,2,1,1983,0,0,0,0,0,0,0,0,0,0
160076,1,1,1983,23,23,23,23,23,23,23,23,23,23
160076,2,1,1983,0,20,0,0,21,17,0,0,0,0
160077,1,1,1983,0,0,0,0,0,0,0,0,0,0
160077,2,1,1983,0,0,0,0,0,0,0,0,0,0
160078,1,1,1983,23,23,23,23,23,23,23,23,23,23
160079,1,1,1983,9,24,18,32,19,23,21,18,21,26
160080,1,1,1983,23,23,23,23,23,23,23,23,23,23
160081,1,1,1983,22,22,22,22,22,22,22,22,22,22
160082,1,1,1983,0,0,0,0,0,0,0,0,0,0
160083,1,1,1983,6,10,12,11,16,45,10,30,7,13
160083,2,1,1983,1,1,1,1,1,1,1,1,1,1
160084,1,1,1983,23,23,23,23,23,23,23,23,23,23
160084,2,1,1983,0,0,0,0,0,0,0,0,0,0
160085,1,1,1983,0,0,0,0,0,0,0,0,15,0
160086,1,1,1983,12,19,18,12,13,14,7,15,17,8
160087,1,1,1983,0,0,15,0,0,9,10,0,0,0
160087,2,1,1983,0,30,0,0,0,0,0,0,0,0
160088,1,1,1983,18,18,18,18,18,18,18,18,18,18
160089,1,1,1983,0,0,0,35,0,33,0,0,30,8
160089,2,1,1983,3,3,3,3,3,3,3,3,3,3
160090,1,1,1983,0,0,0,0,0,0,0,0,0,0
160090,2,1,1983,0,0,0,0,0,0,0,0,0,0
160091,1,1,1983,0,0,0,0,0,0,0,0,0,0
160092,1,1,1983,0,0,0,0,0,0,0,0,0,0
160092,2,1,1983,0,0,0,0,0,0,0,0,0,0
160092,3,1,1983,0,0,0,0,0,0,0,0,0,0
160093,1,1,1983,0,0,0,0,12,0,0,0,17,0
160093,2,1,1983,0,0,0,0,0,0,0,0,0,0
160094,1,1,1983,0,0,0,0,0,0,0,0,0,0
160094,2,1,1983,7,0,0,0,0,0,0,24,0,17
160095,1,1,1983,20,28,27,51,0,0,18,5,16,36
160096,1,1,1983,5,6,0,17,12,26,12,23,17,16
160097,1,1,1983,20,16,28,14,0,22,17,27,0,16
160098,1,1,1983,8,12,21,26,17,18,22,8,29,5
160099,0,1,1983,0,0,0,0,0,24,28,14,39,0
160099,1,1,1983,0,0,0,10,0,39,0,0,2,0
160100,1,1,1983,17,0,16,25,0,18,0,0,19,0
160101,1,1,1983,0,0,0,0,0,0,0,0,0,0
160102,0,1,1983,0,0,0,0,2,0,0,0,26,0
160102,1,1,1983,26,15,18,0,16,35,1,11,15,26
160103,1,1,1983,34,0,0,25,0,0,0,17,0,19
160104,1,1,1983,11,11,11,11,11,11,11,11,11,11
160104,2,1,1983,5,5,5,5,5,5,5,5,5,5
160105,1,1,1983,0,0,0,0,0,0,0,0,0,0
160106,1,1,1983,21,26,29,0,28,21,10,4,28,14
160106,2,1,1983,0,0,0,0,0,0,0,0,0,0
160107,1,1,1983,0,0,0,0,0,0,0,0,0,0
160108,1,1,1983,0,0,0,0,0,0,0,0,0,0
160109,1,1,1983,18,18,18,18,18,18,18,18,18,18
160110,1,1,1983,0,0,0,0,0,0,0,0,0,0
160111,1,1,1983,0,0,0,0,0,0,0,0,0,0
160111,2,1,1983,0,10,0,0,0,0,0,0,0,0
160112,1,1,1983,18,18,18,18,18,18,18,18,18,18
160113,1,1,1983,0,0,0,0,0,15,20,0,16,0
160114,1,1,1983,23,31,12,38,14,23,28,21,24,13
160115,1,1,1983,0,0,10,0,21,19,0,0,0,18
160116,0,1,1983,0,17,0,3,0,0,0,0,0,36
160116,1,1,1983,0,0,0,0,0,0,0,0,12,10
160117,1,1,1983,0,0,0,0,0,0,0,0,0,0
160117,2,1,1983,0,0,0,0,0,0,0,0,0,0
160118,1,1,1983,14,14,14,14,14,14,14,14,14,14
160119,1,1,1983,0,0,0,0,17,0,19,25,13,0
160119,2,1,1983,0,0,0,0,0,0,0,0,0,21
160119,3,1,1983,0,0,0,0,0,0,0,0,0,0
160120,1,1,1983,14,4,9,19,16,19,21,19,7,28
160120,2,1,1983,0,0,0,12,0,0,0,0,0,0
160120,3,1,1983,0,0,8,0,20,0,8,24,0,16
160121,1,1,1983,0,0,0,0,0,0,0,0,0,0
160122,1,1,1983,0,0,0,0,18,0,0,0,0,0
160123,1,1,1983,0,19,24,0,21,36,13,0,13,24
160124,1,1,1983,18,18,18,18,18,18,18,18,18,18
160125,0,1,1983,0,0,0,0,0,0,0,0,0,0
160125,1,1,1983,0,0,0,0,0,0,0,0,0,0
160126,1,1,1983,7,7,7,7,7,7,7,7,7,7
160127,1,1,1983,0,0,0,0,0,0,0,0,0,0
160127,2,1,1983,11,11,11,11,11,11,11,11,11,11
160128,1,1,1983,23,19,19,34,15,18,18,11,20,15
160129,1,1,1983,17,17,17,17,17,17,17,17,17,17
160130,1,1,1983,0,0,0,0,0,22,0,0,0,0
160130,2,1,1983,22,0,32,19,21,35,0,0,15,17
160131,1,1,1983,7,16,12,12,0,17,14,11,18,6
160132,0,1,1983,0,0,0,0,0,0,0,0,0,0
160132,1,1,1983,0,0,0,0,0,0,0,0,0,0
160133,0,1,1983,0,0,0,0,0,0,0,0,0,0
160133,1,1,1983,0,0,0,0,0,0,0,0,0,0
160134,0,1,1983,15,37,27,31,12,11,21,21,29,22
160134,1,1,1983,25,11,13,6,6,18,26,24,13,13
160135,1,1,1983,10,11,5,10,7,5,15,7,6,6
160136,1,1,1983,8,15,29,23,0,0,8,14,19,39
160137,1,1,1983,0,0,0,0,0,0,0,0,0,0
160137,2,1,1983,0,0,0,0,0,0,0,0,0,0
160138,1,1,1983,0,0,0,0,0,0,0,0,0,0
160139,1,1,1983,0,0,0,0,0,0,0,0,0,0
160139,2,1,1983,0,0,0,0,0,0,0,0,0,0
160140,1,1,1983,0,0,0,0,0,0,0,0,0,0
160140,2,1,1983,0,0,0,0,0,0,0,0,0,0
160141,1,1,1983,0,0,0,0,0,0,0,11,4,0
160142,1,1,1983,0,29,0,0,0,0,0,0,27,13
160142,2,1,1983,0,0,0,0,0,0,0,0,0,0
160143,1,1,1983,24,24,24,24,24,24,24,24,24,24
160144,0,1,1983,0,0,0,0,0,0,0,0,0,0
160144,1,1,1983,0,3,6,0,11,0,6,0,0,0
160145,0,1,1983,0,0,0,0,0,0,0,0,0,0
160145,1,1,1983,0,0,0,0,0,0,0,0,19,0
160146,1,1,1983,0,0,0,0,0,0,0,0,0,0
160147,1,1,1983,24,24,24,24,24,24,24,24,24,24
160148,1,1,1983,0,0,0,0,0,0,0,0,0,0
160149,1,1,1983,0,0,0,0,0,0,0,0,0,0
160150,1,1,1983,7,7,7,7,7,7,7,7,7,7
160150,2,1,1983,8,0,17,13,13,28,16,19,14,11
160151,1,1,1983,0,0,0,0,0,18,0,0,0,0
160151,2,1,1983,0,0,0,0,0,0,0,0,0,0
160152,1,1,1983,0,0,0,18,0,0,0,0,0,0
160153,1,1,1983,0,0,0,0,0,0,0,12,0,7
160153,2,1,1983,13,6,10,20,23,14,15,23,23,3
160154,1,1,1983,31,31,31,31,31,31,31,31,31,31
160155,1,1,1983,0,19,32,0,33,0,0,0,17,0
160156,1,1,1983,0,0,12,0,0,0,0,6,0,0
160157,1,1,1983,35,0,2,22,15,0,42,26,19,0
160158,1,1,1983,0,0,0,0,17,0,0,0,0,0
160158,2,1,1983,0,0,0,0,0,0,0,0,0,0
160159,1,1,1983,28,20,30,22,6,28,27,25,27,23
160160,0,1,1983,0,0,0,0,0,0,0,0,0,0
160160,1,1,1983,0,0,0,13,0,0,0,0,0,0
160161,1,1,1983,0,0,0,0,0,0,0,0,0,0
160161,2,1,1983,9,0,0,0,0,0,0,0,0,0
160162,1,1,1983,0,0,10,27,0,0,0,0,0,0
160163,1,1,1983,13,13,13,13,13,13,13,13,13,13
160165,1,1,1983,0,0,0,0,0,0,0,0,0,0
160166,1,1,1983,15,23,5,15,26,25,8,28,12,7
160167,0,1,1983,0,0,0,0,0,0,0,0,0,0
160167,1,1,1983,0,0,0,0,0,0,0,0,0,0
160168,1,1,1983,0,0,0,0,0,0,0,0,0,0
160169,0,1,1983,0,0,0,22,0,0,0,0,0,0
160169,1,1,1983,24,0,0,0,0,0,0,7,0,0
160170,1,1,1983,0,13,0,16,0,20,10,0,18,15
160171,1,1,1983,0,0,0,0,0,0,0,0,0,0
160171,2,1,1983,0,0,0,0,0,0,0,0,0,0
160172,1,1,1983,0,0,0,0,0,0,0,0,0,0
160172,2,1,1983,0,0,0,0,0,0,0,0,0,0
160173,1,1,1983,0,0,0,10,0,0,0,0,0,0
160174,1,1,1983,16,23,23,9,13,19,9,22,23,13
160175,1,1,1983,0,0,0,0,0,0,0,0,0,0
160176,1,1,1983,0,0,0,0,0,0,0,0,0,0
160177,1,1,1983,0,0,0,0,0,0,0,0,0,0
160177,2,1,1983,0,0,0,0,0,0,0,0,0,0
160178,1,1,1983,0,0,12,14,29,0,13,0,0,0
160179,1,1,1983,0,19,24,14,26,13,0,10,11,16
160179,2,1,1983,0,0,0,0,9,0,0,5,0,0
160180,1,1,1983,4,0,0,0,8,18,0,29,24,0
160181,1,1,1983,16,14,18,3,4,13,24,12,28,9
160181,2,1,1983,0,17,0,0,0,0,13,18,21,0
160182,0,1,1983,0,0,0,0,0,0,0,0,0,0
160182,1,1,1983,47,5,0,0,2,0,8,0,0,0
160183,1,1,1983,14,7,15,16,11,7,10,24,16,12
160184,0,1,1983,0,0,0,0,0,16,0,0,0,0
160184,1,1,1983,0,0,0,0,0,0,0,17,0,0
160185,1,1,1983,28,28,28,28,28,28,28,28,28,28
160186,1,1,1983,0,0,0,0,0,0,0,0,0,0
160187,1,1,1983,14,42,15,16,8,0,21,43,23,12
160188,1,1,1983,0,0,0,0,0,0,0,0,0,0
160188,2,1,1983,0,0,0,0,0,0,0,0,0,0
160189,1,1,1983,15,15,15,15,15,15,15,15,15,15
160189,2,1,1983,6,12,9,22,13,33,21,8,0,11
160190,1,1,1983,21,21,21,21,21,21,21,21,21,21
160190,2,1,1983,0,0,0,0,0,0,0,0,0,0
160191,0,1,1983,29,5,37,23,15,19,35,19,28,13
160191,1,1,1983,0,0,0,0,0,0,0,3,0,0
160192,1,1,1983,8,5,0,5,0,7,15,0,0,0
160192,2,1,1983,0,0,0,0,0,0,0,0,26,0
160193,1,1,1983,0,0,0,0,0,0,0,0,0,0
160193,2,1,1983,0,0,0,0,0,0,0,0,0,0
160194,1,1,1983,10,10,10,10,10,10,10,10,10,10
160194,2,1,1983,19,19,19,19,19,19,19,19,19,19
160195,1,1,1983,28,28,28,28,28,28,28,28,28,28
160196,1,1,1983,0,0,0,0,0,0,0,0,0,0
160196,2,1,1983,0,0,0,0,0,0,0,0,0,0
160197,0,1,1983,0,0,0,0,27,0,0,19,0,0
160197,1,2,1983,0,0,0,0,11,0,0,0,0,0
160198,1,1,1983,0,0,0,0,0,31,0,0,0,0
160199,1,1,1983,0,0,0,0,0,0,0,0,0,0
160199,2,1,1983,0,0,0,0,0,0,0,0,0,0
160200,1,1,1983,17,11,22,5,8,14,10,6,14,26
160201,1,1,1983,0,0,0,0,0,0,0,0,0,0
160202,1,1,1983,26,26,26,26,26,26,26,26,26,26
160202,2,1,1983,0,0,0,0,0,0,0,0,0,0
160203,1,1,1983,20,40,10,13,14,15,22,15,25,13
160203,2,1,1983,0,0,0,0,0,0,0,0,0,0
160204,1,1,1983,6,0,0,0,13,19,0,12,12,17
160204,2,1,1983,13,16,10,9,13,27,11,15,16,14
160205,1,1,1983,0,0,0,0,0,0,0,0,0,0
160206,1,1,1983,18,18,18,18,18,18,18,18,18,18
160207,1,1,1983,0,0,0,0,14,0,0,0,0,0
160207,2,1,1983,0,0,11,0,0,0,0,0,0,0
160207,3,1,1983,0,0,0,0,0,0,0,0,0,0
160207,4,1,1983,0,15,0,0,0,0,0,0,0,0
160208,1,1,1983,0,0,0,0,0,0,0,0,0,0
160208,2,1,1983,0,0,0,0,0,0,0,0,0,0
160209,1,1,1983,15,15,15,15,15,15,15,15,15,15
160209,2,1,1983,0,6,8,23,26,9,19,10,0,17
160209,3,1,1983,0,0,0,10,0,0,0,0,0,0
160210,1,1,1983,0,0,0,0,0,0,0,0,0,0
160210,2,1,1983,15,9,22,13,4,9,9,13,12,27
160211,1,1,1983,29,29,29,29,29,29,29,29,29,29
160212,0,1,1983,0,0,14,0,0,0,0,7,0,0
160212,1,1,1983,0,0,0,0,0,0,0,0,0,0
160213,1,1,1983,0,0,0,0,0,0,0,0,0,0
160214,1,1,1983,0,0,0,0,0,0,0,0,0,0
160214,2,1,1983,0,0,0,0,0,0,0,0,0,0
160215,1,1,1983,0,0,0,0,0,0,0,0,0,0
160215,2,1,1983,0,0,0,0,0,0,0,0,0,0
160216,1,1,1983,0,0,0,25,0,0,29,0,13,0
160216,2,1,1983,0,0,16,0,0,21,0,0,0,0
160217,1,1,1983,0,0,0,0,15,0,0,0,0,0
160217,2,1,1983,0,0,0,0,0,0,0,0,0,0
160218,0,1,1983,44,39,27,21,41,24,12,22,0,20
160218,1,1,1983,0,0,0,0,0,0,0,0,0,0
160219,1,1,1983,21,0,0,0,0,0,0,0,0,0
160219,2,1,1983,0,0,7,0,27,0,0,0,4,0
160220,1,1,1983,0,6,16,16,21,0,10,13,0,9
160220,2,1,1983,0,0,0,0,0,0,0,0,0,0
160221,1,1,1983,0,0,0,18,0,0,0,0,0,0
160221,2,1,1983,0,0,0,0,0,0,0,0,0,0
160222,1,1,1983,0,0,0,0,0,0,0,0,0,0
160222,2,1,1983,0,0,0,0,0,0,0,0,0,0
160223,1,1,1983,0,0,13,0,0,0,0,0,0,0
160224,0,1,1983,0,0,0,0,0,0,0,0,0,0
160224,1,1,1983,0,0,0,0,0,0,0,0,0,0
160225,0,1,1983,0,0,0,0,0,7,0,0,0,13
160225,1,1,1983,22,10,12,22,4,11,17,22,22,28
160226,1,1,1983,0,0,0,0,0,0,0,0,0,0
160226,2,1,1983,0,26,24,19,12,26,14,0,28,13
160227,1,1,1983,0,0,0,0,0,0,0,0,0,0
160228,0,1,1983,0,0,0,0,0,0,0,0,0,0
160228,1,1,1983,0,0,0,0,0,0,0,0,0,0
160229,1,1,1983,0,0,0,0,0,0,10,0,10,0
160230,0,1,1983,34,0,9,25,0,0,30,0,24,24
160230,1,1,1983,0,0,0,0,0,0,0,17,10,0
160231,0,1,1983,0,0,0,0,0,0,0,0,0,0
160231,0,2,1983,0,0,0,0,0,0,0,0,0,0
160231,1,1,1983,0,0,0,0,0,0,0,0,0,0
160232,1,1,1983,0,0,0,0,0,0,0,0,0,0
160232,2,1,1983,0,0,0,0,0,0,0,0,0,0
160233,1,1,1983,0,0,12,0,0,0,19,0,0,0
170001,1,1,1983,29,29,29,29,29,29,29,29,29,29
170002,1,1,1983,0,0,0,0,33,0,31,0,0,0
170003,1,1,1983,0,0,0,0,10,14,0,0,0,0
170003,2,1,1983,17,17,6,19,4,20,19,23,10,5
170004,1,1,1983,29,29,29,29,29,29,29,29,29,29
170005,1,1,1983,22,22,22,22,22,22,22,22,22,22
170005,2,1,1983,0,0,0,0,0,0,0,0,0,0
170006,1,1,1983,0,0,0,0,0,12,0,0,0,0
170007,1,1,1983,0,0,0,0,0,0,0,0,0,0
170007,2,1,1983,0,0,0,0,0,0,0,0,0,0
170008,0,1,1983,0,0,0,0,0,0,0,0,0,0
170008,1,1,1983,0,0,0,0,0,0,0,0,0,0
170009,1,1,1983,0,0,0,0,0,0,0,0,0,0
170009,2,1,1983,0,0,0,0,0,0,16,0,0,0
170010,1,1,1983,0,0,0,0,0,0,0,0,0,0
170011,1,1,1983,22,22,22,22,22,22,22,22,22,22
170012,1,1,1983,0,0,0,0,0,0,0,0,0,0
170012,2,1,1983,0,0,0,0,0,0,0,0,0,0
170013,1,1,1983,0,0,0,0,20,0,0,0,0,0
170013,2,1,1983,0,0,0,0,0,0,0,0,0,0
170014,1,1,1983,0,0,0,0,0,0,0,0,0,0
170014,2,1,1983,0,0,0,0,0,0,0,0,0,0
170015,1,1,1983,26,26,26,26,26,26,26,26,26,26
170015,2,1,1983,0,0,0,0,0,0,0,0,0,0
170015,3,1,1983,0,11,0,0,0,0,0,0,0,0
170016,1,1,1983,19,19,19,19,19,19,19,19,19,19
170017,0,1,1983,19,19,19,19,19,19,19,19,19,19
170017,1,1,1983,16,0,0,0,0,0,0,0,0,0
170018,1,1,1983,0,0,0,0,0,0,0,0,0,0
170018,2,1,1983,0,0,0,0,0,0,0,0,0,0
170019,1,1,1983,12,17,13,13,23,6,11,31,28,12
170020,0,1,1983,0,0,0,0,0,0,0,0,0,0
170020,1,1,1983,0,0,0,0,0,0,0,0,0,0
170021,1,1,1983,0,0,0,0,0,0,0,0,0,0
170021,2,1,1983,0,0,0,0,0,0,0,0,0,0
170022,1,1,1983,0,0,0,0,0,0,0,0,0,0
170022,2,1,1983,0,0,0,0,0,0,0,0,0,0
170023,1,1,1983,0,0,0,0,0,0,0,0,0,0
170023,2,1,1983,0,18,0,10,0,17,0,0,0,0
170024,1,1,1983,18,18,18,18,18,18,18,18,18,18
170025,1,1,1983,0,0,0,0,0,0,0,0,0,0
170025,2,1,1983,17,0,0,0,0,0,8,0,0,0
170026,1,1,1983,31,31,31,31,31,31,31,31,31,31
170026,2,1,1983,0,0,0,0,0,0,0,0,0,0
170027,1,1,1983,21,21,21,21,21,21,21,21,21,21
170028,1,1,1983,0,0,0,0,0,0,0,0,0,0
170028,2,1,1983,0,0,0,0,0,0,0,0,21,0
170029,1,1,1983,0,0,0,0,0,0,0,0,0,0
170029,2,1,1983,0,0,0,0,0,0,0,0,0,0
170030,0,1,1983,0,0,0,0,0,0,0,0,0,0
170030,1,1,1983,0,0,0,15,0,20,0,0,0,19
170031,1,1,1983,15,15,15,15,15,15,15,15,15,15
170032,1,1,1983,0,0,0,23,0,0,0,13,0,0
170032,2,1,1983,0,0,0,25,0,0,0,0,0,17
170033,1,1,1983,0,0,0,19,26,0,0,0,0,10
170033,2,1,1983,0,0,0,0,0,0,0,0,0,0
170033,3,1,1983,0,0,0,13,0,0,0,0,0,0
170034,0,1,1983,0,0,0,0,0,0,0,0,0,0
170034,1,1,1983,4,0,0,0,0,0,0,0,0,0