ST_CASE,VEH_NO,PER_NO,YEAR,P1,P2,P3,P4,P5,P6,P7,P8,P9,P10
170035,1,1,1983,18,18,18,18,18,18,18,18,18,18
170035,2,1,1983,0,17,22,9,16,15,8,6,10,13
170036,1,1,1983,0,0,0,0,0,0,0,0,0,0
170037,1,1,1983,0,0,0,0,0,0,0,0,0,0
170038,1,1,1983,0,0,0,0,0,0,0,0,0,0
170039,0,1,1983,0,0,0,0,0,0,0,0,0,0
170039,1,1,1983,12,7,16,10,31,11,16,14,10,22
170040,1,1,1983,16,16,16,16,16,16,16,16,16,16
170042,1,1,1983,35,6,21,21,11,7,26,7,12,29
170043,1,1,1983,26,0,0,0,0,0,0,0,0,0
170044,1,1,1983,21,21,21,21,21,21,21,21,21,21
170045,1,1,1983,20,20,20,20,20,20,20,20,20,20
170046,0,1,1983,0,0,0,0,21,0,0,0,0,0
170046,1,1,1983,0,14,6,23,0,0,24,0,24,22
170047,1,1,1983,0,0,0,0,0,0,27,0,0,0
170047,2,1,1983,2,2,2,2,2,2,2,2,2,2
170047,3,1,1983,0,0,0,10,0,0,0,0,0,0
170048,1,1,1983,22,22,22,22,22,22,22,22,22,22
170048,2,1,1983,4,0,0,8,0,0,0,0,0,0
170049,0,1,1983,0,0,0,0,0,0,0,0,0,0
170049,1,1,1983,0,0,0,0,0,0,0,0,0,0
170050,1,1,1983,21,21,21,21,21,21,21,21,21,21
170050,2,1,1983,0,0,0,5,0,0,12,0,0,0
170051,1,1,1983,21,21,21,21,21,21,21,21,21,21
170052,0,1,1983,19,19,19,19,19,19,19,19,19,19
170052,1,1,1983,10,0,0,0,9,12,0,7,10,0
170053,1,1,1983,0,0,0,0,9,0,0,0,0,0
170054,1,1,1983,0,0,0,0,0,0,0,0,0,0
170054,2,1,1983,0,0,0,0,0,0,0,0,0,0
170054,3,1,1983,0,0,0,0,0,0,0,0,0,0
170055,0,1,1983,0,0,0,0,0,0,0,0,0,0
170055,1,1,1983,0,0,0,0,0,9,0,0,0,0
170056,1,1,1983,0,0,0,0,0,0,0,0,0,0
170056,2,1,1983,0,0,0,0,0,0,0,0,0,0
170057,1,1,1983,17,17,17,17,17,17,17,17,17,17
170058,1,1,1983,0,0,12,0,0,0,6,0,0,0
170059,1,1,1983,0,0,0,0,0,0,0,0,0,0
170059,2,1,1983,0,0,0,0,0,0,0,0,0,0
170060,1,1,1983,6,6,6,6,6,6,6,6,6,6
170061,1,1,1983,0,0,0,0,0,0,0,0,0,0
170062,1,1,1983,0,0,0,0,0,0,0,0,0,6
170062,2,1,1983,0,0,0,0,0,0,0,0,0,0
170062,3,1,1983,0,0,0,0,0,0,0,0,0,0
170063,0,1,1983,26,26,26,26,26,26,26,26,26,26
170063,1,1,1983,13,0,21,0,0,0,8,0,0,0
170064,1,1,1983,16,16,16,16,16,16,16,16,16,16
170064,2,1,1983,0,0,19,0,0,0,0,11,0,0
170065,1,1,1983,20,20,20,20,20,20,20,20,20,20
170066,0,1,1983,26,26,26,26,26,26,26,26,26,26
170066,1,1,1983,0,0,0,0,0,0,0,0,0,0
170067,1,1,1983,0,0,0,0,0,0,0,0,0,0
170067,2,1,1983,0,0,0,0,0,0,0,0,0,0
170068,0,1,1983,0,0,0,0,0,0,0,0,0,0
170068,1,1,1983,0,0,0,0,0,0,0,0,0,0
170069,1,1,1983,0,0,0,0,0,0,0,0,0,0
170070,2,1,1983,19,19,19,19,19,19,19,19,19,19
170071,0,1,1983,0,0,0,0,0,0,0,0,0,0
170071,1,1,1983,0,0,0,0,0,0,0,0,0,0
170072,1,1,1983,0,0,0,0,0,0,0,0,0,0
170073,1,1,1983,14,20,18,19,0,4,20,17,12,15
170073,2,1,1983,4,4,4,4,4,4,4,4,4,4
170074,0,1,1983,0,0,0,0,0,0,0,0,0,0
170074,1,1,1983,0,0,0,0,0,0,0,0,0,0
170075,1,1,1983,19,19,19,19,19,19,19,19,19,19
170075,2,1,1983,6,6,6,6,6,6,6,6,6,6
170076,1,1,1983,0,0,0,0,0,0,0,0,0,0
170076,2,1,1983,0,0,0,0,0,0,0,0,0,0
170077,1,1,1983,0,0,0,0,18,0,0,0,0,0
170078,1,1,1983,15,19,13,0,24,12,15,9,27,20
170079,0,1,1983,0,0,0,0,0,30,0,7,22,0
170079,1,1,1983,0,0,0,0,0,0,0,0,0,0
170080,1,1,1983,21,21,21,21,21,21,21,21,21,21
170081,1,1,1983,27,27,27,27,27,27,27,27,27,27
170082,1,1,1983,5,5,5,5,5,5,5,5,5,5
170083,1,1,1983,15,15,15,15,15,15,15,15,15,15
170084,1,1,1983,13,0,21,15,8,13,10,18,14,15
170084,2,1,1983,18,18,18,18,18,18,18,18,18,18
170085,0,1,1983,0,0,0,0,0,0,0,0,0,0
170085,0,2,1983,12,23,16,20,20,16,0,19,0,0
170085,1,1,1983,0,24,0,0,0,0,0,0,6,25
170086,1,1,1983,21,21,21,21,21,21,21,21,21,21
170086,2,1,1983,27,12,5,0,14,0,7,0,28,0
170087,1,1,1983,27,0,14,0,21,0,19,0,24,0
170088,1,1,1983,0,0,0,0,0,0,0,0,0,0
170089,1,1,1983,26,0,0,0,0,25,0,0,0,0
170089,2,1,1983,0,18,0,0,0,0,0,0,19,0
170090,1,1,1983,22,0,22,0,21,0,16,10,0,18
170090,2,1,1983,9,9,9,9,9,9,9,9,9,9
170091,1,1,1983,14,14,14,14,14,14,14,14,14,14
170091,2,1,1983,9,0,0,0,0,0,0,0,0,0
170092,1,1,1983,5,19,0,0,0,7,0,24,16,11
170092,2,1,1983,0,0,0,20,8,14,0,20,0,0
170093,1,1,1983,30,30,30,30,30,30,30,30,30,30
170094,0,1,1983,0,0,0,0,0,0,0,0,0,0
170094,1,1,1983,0,0,0,0,0,0,0,0,0,0
170095,1,1,1983,19,19,19,19,19,19,19,19,19,19
170095,2,1,1983,0,0,0,0,0,0,0,0,0,0
170096,0,1,1983,0,0,0,0,0,0,0,0,0,0
170096,1,1,1983,0,0,0,0,0,0,0,20,0,0
170097,1,1,1983,0,25,0,21,19,38,0,17,29,10
170098,1,1,1983,9,27,5,17,21,27,0,26,8,0
170099,0,1,1983,0,0,0,0,0,0,0,0,0,0
170099,1,1,1983,0,0,0,0,0,0,0,0,0,0
170100,1,1,1983,0,0,0,0,0,0,0,0,0,0
170100,2,1,1983,0,10,0,0,0,0,0,0,0,0
170101,0,1,1983,0,0,0,0,0,0,0,0,0,0
170102,1,1,1983,9,16,21,22,17,1,0,26,12,36
170103,1,1,1983,22,22,22,22,22,22,22,22,22,22
170103,2,1,1983,30,30,30,30,30,30,30,30,30,30
170104,1,1,1983,25,25,25,25,25,25,25,25,25,25
170105,1,1,1983,0,0,26,0,0,0,23,0,0,0
170106,1,1,1983,11,10,0,0,0,0,0,3,0,0
170106,2,1,1983,0,0,0,0,0,0,0,0,0,0
170107,1,1,1983,0,0,0,0,0,0,0,0,0,0
170108,0,1,1983,0,0,33,0,0,13,31,0,0,0
170108,0,2,1983,0,0,0,13,17,7,0,0,32,0
170108,1,1,1983,0,0,0,0,0,0,0,0,0,0
170109,1,1,1983,0,12,25,0,0,0,0,15,0,0
170110,1,1,1983,0,0,0,0,0,0,0,0,0,0
170110,2,1,1983,0,0,0,0,0,0,0,0,0,0
170110,3,1,1983,0,0,0,0,0,0,0,0,0,0
170111,0,1,1983,0,0,0,0,0,0,0,0,0,0
170111,1,1,1983,0,0,0,0,0,0,0,0,0,0
170112,1,1,1983,17,17,17,17,17,17,17,17,17,17
170112,2,1,1983,12,12,12,12,12,12,12,12,12,12
170113,1,1,1983,0,0,0,0,0,0,0,0,0,0
170113,2,1,1983,0,0,0,0,0,0,0,0,0,0
170114,1,1,1983,18,18,18,18,18,18,18,18,18,18
170115,1,1,1983,0,0,0,0,0,0,0,0,0,0
170115,2,1,1983,0,23,5,11,12,17,15,7,22,24
170115,3,1,1983,11,12,20,18,5,26,0,0,17,25
170115,4,1,1983,14,16,24,14,12,14,26,25,6,0
170116,0,1,1983,23,23,23,23,23,23,23,23,23,23
170116,1,1,1983,7,5,14,0,18,17,0,0,19,12
170117,1,1,1983,20,20,20,20,20,20,20,20,20,20
170117,2,1,1983,0,0,0,0,16,0,0,0,33,0
170118,1,1,1983,0,0,0,0,0,0,0,0,0,0
170118,2,1,1983,6,0,0,0,0,0,0,0,0,0
170119,1,1,1983,17,18,26,22,29,15,18,28,17,10
170119,2,1,1983,0,0,0,0,0,0,0,0,0,0
170120,1,1,1983,9,27,0,17,24,0,15,0,0,16
170121,0,1,1983,0,0,0,0,0,0,0,0,0,0
170121,1,1,1983,29,22,0,0,15,6,12,12,16,0
170122,1,1,1983,0,0,0,0,7,0,0,19,0,0
170122,2,1,1983,0,0,0,0,0,0,0,0,0,0
170123,1,1,1983,3,3,3,3,3,3,3,3,3,3
170123,2,1,1983,0,0,0,0,0,0,0,0,0,0
170124,1,1,1983,0,0,0,0,0,0,0,0,0,0
170124,2,1,1983,0,0,0,0,0,0,0,0,20,0
170125,1,1,1983,0,0,0,0,0,0,0,0,0,0
170125,2,1,1983,0,0,0,0,0,0,0,0,0,0
170126,1,1,1983,19,19,19,19,19,19,19,19,19,19
170126,2,1,1983,0,0,0,0,0,0,0,0,0,0
170127,1,1,1983,26,0,0,21,0,0,0,0,0,0
170127,2,1,1983,0,0,0,0,0,0,0,0,0,0
170128,1,1,1983,0,0,0,0,0,0,0,0,0,0
170129,0,1,1983,0,0,0,0,0,0,0,0,0,0
170129,0,2,1983,0,31,10,13,12,17,0,0,0,14
170129,1,1,1983,4,4,4,4,4,4,4,4,4,4
170130,0,1,1983,0,0,0,0,0,0,0,0,0,0
170130,1,1,1983,5,10,27,20,22,16,22,8,41,5
170130,2,1,1983,0,0,0,0,0,0,0,0,0,0
170131,1,1,1983,17,17,17,17,17,17,17,17,17,17
170132,1,1,1983,0,0,0,0,0,0,0,0,0,0
170133,1,1,1983,27,27,27,27,27,27,27,27,27,27
170134,1,1,1983,23,23,23,23,23,23,23,23,23,23
170135,1,1,1983,22,22,22,22,22,22,22,22,22,22
170135,2,1,1983,12,12,12,12,12,12,12,12,12,12
170136,1,1,1983,17,17,17,17,17,17,17,17,17,17
170136,2,1,1983,15,6,8,6,13,0,8,16,13,10
170136,3,1,1983,14,0,13,9,25,6,14,0,18,12
170137,1,1,1983,0,0,0,0,0,0,0,0,0,0
170138,0,1,1983,30,30,30,30,30,30,30,30,30,30
170138,1,1,1983,15,12,14,43,18,15,16,12,22,23
170139,1,1,1983,27,27,27,27,27,27,27,27,27,27
170140,1,1,1983,19,13,0,20,4,14,27,8,32,12
170141,1,1,1983,0,0,0,0,0,13,0,0,0,0
170141,2,1,1983,15,0,20,0,0,0,0,18,16,7
170142,0,1,1983,26,26,26,26,26,26,26,26,26,26
170142,1,1,1983,0,0,0,0,0,0,0,0,0,14
170143,1,1,1983,17,11,14,15,19,26,12,19,6,5
170143,2,1,1983,0,0,0,0,0,0,0,0,0,0
170144,1,1,1983,20,20,20,20,20,20,20,20,20,20
170145,0,1,1983,12,28,11,30,17,12,27,7,13,22
170145,1,1,1983,0,0,0,11,0,0,0,0,0,0
170146,1,1,1983,23,23,23,23,23,23,23,23,23,23
170147,1,1,1983,0,0,0,0,0,0,0,0,0,0
170147,2,1,1983,0,0,0,0,27,0,0,0,0,0
170148,0,1,1983,0,0,0,0,0,0,0,0,0,0
170148,1,1,1983,0,0,0,0,0,0,0,0,0,0
170149,1,1,1983,20,20,20,20,20,20,20,20,20,20
170150,0,1,1983,29,29,29,29,29,29,29,29,29,29
170150,1,1,1983,8,8,8,8,8,8,8,8,8,8
170151,1,1,1983,17,17,17,17,17,17,17,17,17,17
170152,1,1,1983,0,0,0,0,0,0,0,0,0,0
170153,0,1,1983,0,0,40,0,0,0,17,0,0,0
170153,1,1,1983,0,7,0,0,0,0,0,18,0,0
170154,1,1,1983,23,0,0,0,0,0,0,15,0,0
170155,1,1,1983,0,0,0,0,0,0,0,0,0,0
170155,2,1,1983,0,0,0,0,0,0,0,0,0,0
170156,0,1,1983,15,15,15,15,15,15,15,15,15,15
170156,1,1,1983,0,0,0,0,0,0,0,0,0,0
170157,0,1,1983,0,0,0,0,0,26,3,29,0,17
170157,1,1,1983,0,0,0,0,0,0,0,0,0,0
170158,0,1,1983,0,0,0,0,0,0,0,0,0,0
170158,1,1,1983,0,21,0,0,0,22,0,0,0,0
170159,0,1,1983,0,0,0,0,0,0,0,0,0,0
170159,1,1,1983,0,0,0,0,0,0,0,0,0,0
170160,1,1,1983,19,19,19,19,19,19,19,19,19,19
170160,2,1,1983,32,26,7,28,9,7,23,20,25,6
170161,0,1,1983,28,28,28,28,28,28,28,28,28,28
170161,1,1,1983,0,0,0,0,0,0,11,0,0,0
170162,1,1,1983,24,24,24,24,24,24,24,24,24,24
170163,1,1,1983,19,19,19,19,19,19,19,19,19,19
170163,2,1,1983,0,21,0,0,0,19,0,0,0,0
170164,1,1,1983,0,0,0,0,11,0,0,0,0,0
170164,2,1,1983,20,19,16,12,0,8,12,17,9,25
170165,1,1,1983,0,0,0,0,11,0,10,0,0,10
170165,2,1,1983,0,0,0,0,0,0,0,0,0,0
170165,3,1,1983,0,0,0,0,20,0,23,8,15,0
170166,1,1,1983,25,9,12,20,19,0,23,15,18,0
170166,2,1,1983,0,10,0,8,19,29,0,21,12,26
170167,0,1,1983,0,0,0,14,0,0,0,0,20,0
170167,0,2,1983,0,0,0,12,27,36,0,0,0,0
170167,1,1,1983,0,0,0,0,0,0,0,0,0,0
170168,1,1,1983,27,27,27,27,27,27,27,27,27,27
170169,1,1,1983,14,19,7,21,0,15,22,15,12,5
170170,1,1,1983,15,0,0,0,0,0,0,0,0,0
170170,2,1,1983,19,10,13,0,9,12,8,7,12,12
170171,1,1,1983,0,0,0,0,0,0,0,0,0,0
170171,2,1,1983,0,0,0,21,0,0,0,0,0,0
170172,1,1,1983,8,8,8,8,8,8,8,8,8,8
170173,1,1,1983,24,24,24,24,24,24,24,24,24,24
170174,1,1,1983,0,0,0,0,0,0,0,0,0,0
170174,2,1,1983,0,0,0,0,0,0,16,0,0,0
170175,1,1,1983,0,0,0,0,0,0,0,0,0,0
170175,2,1,1983,0,0,0,0,0,0,0,0,0,0
170176,1,1,1983,29,4,14,5,15,16,6,21,24,0
170176,2,1,1983,0,0,0,0,0,0,0,0,0,0
170177,0,1,1983,0,0,0,0,0,0,0,0,0,0
170177,1,1,1983,0,0,0,0,0,0,0,0,0,0
170178,1,1,1983,0,0,15,0,0,3,0,2,0,0
170178,2,1,1983,0,0,0,13,0,0,0,0,24,0
170179,1,1,1983,7,0,19,5,3,11,25,23,13,8
170180,0,1,1983,0,0,0,0,0,0,0,0,0,0
170180,1,1,1983,0,0,11,0,0,0,0,0,0,0
170181,1,1,1983,8,8,8,8,8,8,8,8,8,8
170181,2,1,1983,0,0,0,0,0,0,0,0,0,0
170182,1,1,1983,28,28,28,28,28,28,28,28,28,28
170183,1,1,1983,6,6,6,6,6,6,6,6,6,6
170184,1,1,1983,14,17,32,13,7,19,8,0,8,34
170185,1,1,1983,17,16,5,10,2,16,10,15,15,5
170185,2,1,1983,10,10,10,10,10,10,10,10,10,10
170186,1,1,1983,24,24,24,24,24,24,24,24,24,24
170187,1,1,1983,16,16,16,16,16,16,16,16,16,16
170188,1,1,1983,0,0,0,0,0,0,0,0,0,0
170188,2,1,1983,0,0,0,0,9,0,0,26,0,0
170189,1,1,1983,22,22,22,22,22,22,22,22,22,22
170190,0,1,1983,0,0,0,0,0,0,0,0,0,0
170190,1,1,1983,0,0,0,0,0,0,0,0,0,0
170191,1,1,1983,0,0,0,0,0,0,0,0,0,0
170191,2,1,1983,0,0,0,0,0,0,0,0,0,0
170192,1,1,1983,0,0,0,0,0,0,0,0,0,0
170192,2,1,1983,0,0,0,0,0,0,0,0,0,0
170192,3,1,1983,0,0,0,0,0,0,0,0,0,0
170193,0,1,1983,0,0,0,0,0,0,0,0,0,0
170193,0,2,1983,0,0,0,0,0,0,0,0,0,0
170193,1,1,1983,0,0,0,0,0,0,0,11,0,0
170194,1,1,1983,26,26,26,26,26,26,26,26,26,26
170195,1,1,1983,24,24,24,24,24,24,24,24,24,24
170196,1,1,1983,24,24,24,24,24,24,24,24,24,24
170197,1,1,1983,27,17,25,13,13,18,44,7,15,18
170197,2,1,1983,0,0,0,0,0,0,0,0,0,0
170198,1,1,1983,29,29,29,29,29,29,29,29,29,29
170199,1,1,1983,14,14,14,14,14,14,14,14,14,14
170200,1,1,1983,20,20,20,20,20,20,20,20,20,20
170200,2,1,1983,0,0,0,0,0,0,0,0,0,0
170201,0,1,1983,15,15,15,15,15,15,15,15,15,15
170201,1,1,1983,0,0,0,0,0,0,0,0,0,0
170202,1,1,1983,23,23,23,23,23,23,23,23,23,23
170203,0,1,1983,18,18,18,18,18,18,18,18,18,18
170203,1,1,1983,0,0,15,0,30,7,0,0,0,0
170204,1,1,1983,0,0,0,0,0,0,0,0,0,0
170204,2,1,1983,0,0,0,0,0,0,0,0,0,0
170205,1,1,1983,6,0,11,5,0,21,24,20,4,22
170205,2,1,1983,0,17,0,0,0,0,0,0,0,17
170206,1,1,1983,12,12,12,12,12,12,12,12,12,12
170206,2,1,1983,0,0,0,0,0,0,0,0,0,0
170207,0,1,1983,0,0,0,0,14,0,0,28,25,0
170207,1,1,1983,0,0,0,0,0,0,0,0,0,0
170208,1,1,1983,0,0,0,0,0,0,19,0,0,0
170208,2,1,1983,0,0,0,0,0,0,0,0,0,0
170209,1,1,1983,31,31,31,31,31,31,31,31,31,31
170209,2,1,1983,0,0,0,0,0,0,0,0,0,0
170210,0,1,1983,0,0,0,0,0,0,0,0,0,0
170210,1,1,1983,0,12,0,0,0,0,0,0,0,0
170211,1,1,1983,16,16,16,16,16,16,16,16,16,16
170211,2,1,1983,0,0,0,15,21,0,13,29,0,0
170212,1,1,1983,5,24,20,0,21,18,8,4,30,35
170213,0,1,1983,0,0,0,0,19,15,0,29,0,0
170213,1,1,1983,12,0,0,0,17,5,22,0,14,0
170214,1,1,1983,28,28,28,28,28,28,28,28,28,28
170214,2,1,1983,26,26,26,26,26,26,26,26,26,26
170215,1,1,1983,0,0,0,0,0,0,0,0,17,0
170215,2,1,1983,0,0,0,0,21,0,0,0,22,0
170216,1,1,1983,10,10,10,10,10,10,10,10,10,10
170217,1,1,1983,0,0,0,0,0,0,0,0,0,0
170217,2,1,1983,0,0,0,0,0,0,0,0,0,0
170218,1,1,1983,33,33,33,33,33,33,33,33,33,33
170219,1,1,1983,22,21,7,16,19,3,16,16,4,15
170219,2,1,1983,0,0,0,0,0,0,0,18,0,0
170220,1,1,1983,28,28,28,28,28,28,28,28,28,28
170220,2,1,1983,0,0,0,0,0,8,0,0,0,26
170221,0,1,1983,33,33,33,33,33,33,33,33,33,33
170221,1,1,1983,17,17,17,17,17,17,17,17,17,17
170222,1,1,1983,18,18,18,18,18,18,18,18,18,18
170223,1,1,1983,0,0,0,0,0,0,0,0,0,0
170224,1,1,1983,22,22,22,22,22,22,22,22,22,22
170225,1,1,1983,17,17,17,17,17,17,17,17,17,17
170226,1,1,1983,9,9,9,9,9,9,9,9,9,9
170227,1,1,1983,9,9,9,9,9,9,9,9,9,9
170227,2,1,1983,0,0,0,13,0,0,7,0,0,0
170228,0,1,1983,0,0,0,0,0,0,0,0,0,0
170228,1,1,1983,0,0,0,0,0,0,0,0,0,0
170229,1,1,1983,0,0,0,0,0,0,0,0,0,0
170229,2,1,1983,0,0,0,0,0,0,0,0,0,0
170230,1,1,1983,12,12,12,12,12,12,12,12,12,12
170231,1,1,1983,18,18,18,18,18,18,18,18,18,18
170231,2,1,1983,0,0,0,15,19,0,0,0,0,5
170232,1,1,1983,25,25,25,25,25,25,25,25,25,25
170232,2,1,1983,0,0,0,0,16,14,0,0,0,8
170233,1,1,1983,21,21,21,21,21,21,21,21,21,21
170234,0,1,1983,23,23,23,23,23,23,23,23,23,23
170234,1,1,1983,0,0,0,0,0,0,0,0,0,0
170235,1,1,1983,28,28,28,28,28,28,28,28,28,28
170236,1,1,1983,0,0,0,0,0,0,0,0,0,0
170237,1,1,1983,10,10,10,10,10,10,10,10,10,10
170237,2,1,1983,0,0,0,0,0,0,0,0,0,0
170238,1,1,1983,11,12,20,20,12,6,17,19,27,10
170239,1,1,1983,31,24,15,8,13,20,24,10,18,14
170239,2,1,1983,0,0,0,0,13,15,0,0,8,0
170241,1,1,1983,11,11,11,11,11,11,11,11,11,11
170242,0,1,1983,0,0,0,0,0,0,0,0,0,0
170242,1,1,1983,0,0,0,0,0,0,0,0,0,0
170243,1,1,1983,0,0,0,0,0,0,0,0,0,0
170243,2,1,1983,0,0,0,0,0,0,0,0,0,0
170243,3,1,1983,0,0,0,8,31,0,10,0,10,0
170243,4,1,1983,0,0,12,0,0,0,0,0,0,0
170244,1,1,1983,0,0,0,0,0,0,0,0,0,0
170245,0,1,1983,0,0,0,0,0,0,0,0,0,0
170245,1,1,1983,0,0,0,0,0,0,0,0,0,0
170246,1,1,1983,0,0,0,0,20,0,0,8,0,0
170246,2,1,1983,18,6,7,23,31,16,7,12,11,9
170247,1,1,1983,0,21,14,13,18,0,13,0,17,13
170248,1,1,1983,0,0,0,0,0,0,0,0,0,0
170248,2,1,1983,0,0,0,0,0,0,0,0,0,0
170249,1,1,1983,12,12,13,32,16,25,11,12,10,34
170249,2,1,1983,22,22,22,22,22,22,22,22,22,22
170250,1,1,1983,30,30,30,30,30,30,30,30,30,30
170250,2,1,1983,0,0,18,0,0,0,0,0,0,0
170251,1,1,1983,8,0,16,0,7,6,13,0,12,30
170251,2,1,1983,0,0,22,0,0,0,0,0,8,0
170252,1,1,1983,18,18,18,18,18,18,18,18,18,18
170252,2,1,1983,0,0,0,0,0,0,0,0,22,0
170253,0,1,1983,1,1,1,1,1,1,1,1,1,1
170253,1,1,1983,0,0,0,0,0,0,0,0,0,0
170254,1,1,1983,0,0,0,0,0,0,0,0,0,0
170255,1,1,1983,25,25,25,25,25,25,25,25,25,25
170257,1,1,1983,18,0,0,0,0,0,0,0,0,0
170257,2,1,1983,0,0,0,0,0,0,0,0,0,0
170258,1,1,1983,14,31,26,5,9,13,23,19,17,25
170259,1,1,1983,10,10,10,10,10,10,10,10,10,10
170259,2,1,1983,0,0,0,0,0,0,0,0,0,0
170259,3,1,1983,0,0,0,0,20,0,0,0,0,0
170260,0,1,1983,22,22,22,22,22,22,22,22,22,22
170260,1,1,1983,0,0,0,0,25,0,7,23,0,12
170261,1,1,1983,30,30,30,30,30,30,30,30,30,30
170262,0,1,1983,0,0,0,0,0,0,0,0,0,0
170262,0,2,1983,15,0,0,0,0,0,2,0,0,0
170262,1,1,1983,0,0,0,0,0,0,6,0,0,0
170263,1,1,1983,21,21,21,21,21,21,21,21,21,21
170263,2,1,1983,10,10,10,10,10,10,10,10,10,10
170264,1,1,1983,29,29,29,29,29,29,29,29,29,29
170265,0,1,1983,0,0,0,0,0,0,0,0,0,0
170265,1,1,1983,0,0,0,0,0,0,0,0,0,0
170266,0,1,1983,0,0,0,0,0,0,0,0,0,0
170266,1,1,1983,0,0,0,0,0,0,0,0,0,0
170267,1,1,1983,0,20,15,0,0,0,0,0,0,0
170267,2,1,1983,0,0,0,0,0,0,0,0,0,0
170268,1,1,1983,26,26,26,26,26,26,26,26,26,26
170269,1,1,1983,0,0,0,0,0,0,0,0,0,0
170269,2,1,1983,0,0,0,0,0,0,0,0,0,0
170270,1,1,1983,0,0,0,0,0,0,0,0,0,0
170271,0,1,1983,24,24,24,24,24,24,24,24,24,24
170271,1,1,1983,0,0,0,18,0,0,9,0,0,0
170272,0,1,1983,6,6,6,6,6,6,6,6,6,6
170272,1,1,1983,14,0,0,0,0,0,3,0,0,0
170273,1,1,1983,37,37,37,37,37,37,37,37,37,37
170274,0,1,1983,0,0,0,0,0,0,0,0,0,0
170274,1,1,1983,0,0,0,0,0,0,0,0,0,0
170275,1,1,1983,24,24,24,24,24,24,24,24,24,24
170275,2,1,1983,0,0,0,0,0,0,0,0,0,0
170276,1,1,1983,13,13,13,13,13,13,13,13,13,13
170276,2,1,1983,0,0,0,0,0,0,0,0,0,0
170277,1,1,1983,15,15,15,15,15,15,15,15,15,15
170278,1,1,1983,36,36,36,36,36,36,36,36,36,36
170279,1,1,1983,0,0,0,0,0,0,0,0,0,0
170279,2,1,1983,0,0,0,0,0,0,0,0,0,0
170280,1,1,1983,0,0,0,0,0,0,0,0,0,0
170281,1,1,1983,0,0,0,0,0,0,0,0,0,0
170282,1,1,1983,5,5,5,5,5,5,5,5,5,5
170283,1,1,1983,0,0,0,0,0,0,0,0,0,0
170284,1,1,1983,0,0,0,0,0,0,0,0,0,0
170284,2,1,1983,0,0,0,0,0,0,0,0,0,0
170285,1,1,1983,25,25,25,25,25,25,25,25,25,25
170285,2,1,1983,0,0,0,0,0,0,0,0,0,13
170285,3,1,1983,0,0,0,0,0,0,0,0,0,0
170286,0,1,1983,21,0,0,0,0,0,0,0,0,0
170286,1,1,1983,0,0,0,0,0,0,0,0,0,0
170287,1,1,1983,0,0,0,0,0,0,0,0,0,0
170288,0,1,1983,0,0,0,0,0,0,0,0,0,0
170288,1,1,1983,25,0,0,0,0,0,0,0,0,0
170289,1,1,1983,0,0,0,0,16,0,0,0,0,0
170289,2,1,1983,0,0,0,0,0,0,0,0,0,0
170289,3,1,1983,0,0,0,0,0,0,0,0,0,0
170290,1,1,1983,21,21,21,21,21,21,21,21,21,21
170291,1,1,1983,0,0,0,0,0,0,0,0,0,0
170291,2,1,1983,0,0,0,0,0,0,0,0,0,0
170292,0,1,1983,27,27,27,27,27,27,27,27,27,27
170292,1,1,1983,14,26,11,23,8,21,0,20,13,16
170293,0,1,1983,0,0,0,0,0,0,0,0,0,0
170293,0,2,1983,5,30,28,17,22,15,26,21,21,19
170293,0,3,1983,22,31,47,22,22,8,33,15,16,0
170293,1,1,1983,18,10,13,0,14,12,19,5,8,12
170294,1,1,1983,5,27,12,25,14,10,21,15,6,16
170295,1,1,1983,0,0,0,0,0,0,0,0,0,0
170295,2,1,1983,18,0,0,35,0,0,0,21,0,0
170296,0,1,1983,0,0,0,33,7,0,28,14,13,0
170296,1,1,1983,0,0,0,0,0,0,0,0,0,0
170297,1,1,1983,0,0,0,0,0,0,0,0,0,0
170297,2,1,1983,0,0,0,0,0,0,0,0,0,0
170298,1,1,1983,15,7,7,3,6,13,15,9,9,21
170299,1,1,1983,0,0,0,7,15,0,0,0,0,0
170299,2,1,1983,7,7,7,7,7,7,7,7,7,7
170300,1,1,1983,0,0,0,0,0,0,0,0,0,0
170300,2,1,1983,0,0,0,0,0,0,0,0,5,0
170301,0,1,1983,0,0,0,0,0,0,0,0,0,0
170301,1,1,1983,0,0,0,0,0,0,0,0,0,0
170302,1,1,1983,9,9,9,9,9,9,9,9,9,9
170302,2,1,1983,0,0,0,0,0,0,0,0,0,21
170303,1,1,1983,0,0,0,0,0,0,0,0,0,0
170303,2,1,1983,0,0,0,0,0,0,0,0,0,0
170304,1,1,1983,0,0,0,0,0,0,0,0,0,0
170304,2,1,1983,0,6,0,0,12,14,0,0,0,0
170305,1,1,1983,0,0,0,0,0,0,0,0,0,0
170306,0,1,1983,0,0,0,0,0,0,0,0,0,0
170306,1,1,1983,0,9,17,12,9,0,0,20,0,22