ST_CASE,VEH_NO,PER_NO,YEAR,P1,P2,P3,P4,P5,P6,P7,P8,P9,P10
170307,1,1,1983,0,0,0,0,0,0,0,0,0,0
170307,2,1,1983,0,0,0,0,0,0,0,0,0,0
170308,1,1,1983,25,25,25,25,25,25,25,25,25,25
170309,1,1,1983,16,16,16,16,16,16,16,16,16,16
170309,2,1,1983,0,0,0,0,0,0,0,0,0,0
170310,1,1,1983,12,12,12,12,12,12,12,12,12,12
170310,2,1,1983,0,0,0,0,0,0,0,0,0,0
170310,3,1,1983,0,0,0,0,0,0,0,0,0,0
170311,0,1,1983,17,17,17,17,17,17,17,17,17,17
170311,1,1,1983,0,0,0,0,0,0,0,0,0,0
170312,1,1,1983,0,0,0,0,0,0,0,0,0,0
170312,2,1,1983,0,0,0,0,0,0,0,0,0,0
170313,1,1,1983,16,13,25,16,40,0,11,0,0,0
170314,0,1,1983,0,0,0,0,0,0,0,0,0,0
170314,1,1,1983,0,0,0,0,0,0,0,0,0,0
170315,0,1,1983,0,0,0,0,0,0,0,0,0,0
170315,1,1,1983,10,0,0,0,0,0,0,0,0,1
170316,1,1,1983,14,14,14,14,14,14,14,14,14,14
170316,2,1,1983,0,0,19,0,0,0,0,0,0,0
170317,1,1,1983,0,0,0,0,0,0,0,0,0,0
170318,1,1,1983,14,30,20,9,16,9,17,15,3,28
170319,1,1,1983,15,15,15,15,15,15,15,15,15,15
170319,2,1,1983,17,17,17,17,17,17,17,17,17,17
170320,0,1,1983,27,27,27,27,27,27,27,27,27,27
170320,1,1,1983,0,0,0,0,0,0,0,0,0,0
170321,1,1,1983,12,8,9,0,28,12,16,14,32,37
170321,2,1,1983,18,18,18,18,18,18,18,18,18,18
170322,1,1,1983,19,19,19,19,19,19,19,19,19,19
170322,2,1,1983,0,0,0,0,0,0,0,0,0,21
170323,1,1,1983,27,10,22,0,28,15,4,18,19,16
170324,1,1,1983,23,23,23,23,23,23,23,23,23,23
170325,1,1,1983,25,25,25,25,25,25,25,25,25,25
170326,1,1,1983,23,23,23,23,23,23,23,23,23,23
170326,2,1,1983,10,7,0,0,0,0,0,0,0,0
170327,0,1,1983,0,0,0,0,0,0,0,0,0,0
170327,1,1,1983,0,0,0,0,0,0,0,0,0,0
170329,0,1,1983,34,34,34,34,34,34,34,34,34,34
170329,1,1,1983,0,8,18,16,38,10,6,0,10,15
170329,2,1,1983,13,0,9,0,20,16,4,0,19,3
170330,1,1,1983,0,0,0,0,0,0,0,0,0,0
170331,1,1,1983,0,0,0,0,0,0,0,0,0,0
170331,2,1,1983,0,0,0,0,0,0,0,0,0,0
170331,3,1,1983,0,0,0,0,0,0,0,0,0,0
170331,4,1,1983,0,0,0,0,0,0,0,0,0,0
170332,1,1,1983,20,20,20,20,20,20,20,20,20,20
170333,1,1,1983,0,0,0,0,0,0,0,0,0,26
170333,2,1,1983,0,0,0,0,0,0,7,0,0,0
170334,1,1,1983,0,0,0,0,0,0,0,0,0,0
170334,2,1,1983,0,0,0,0,0,0,0,0,0,0
170335,1,1,1983,0,0,0,0,21,0,0,0,0,0
170335,2,1,1983,0,0,0,0,0,0,0,0,0,0
170336,1,1,1983,0,0,0,0,0,0,0,0,0,0
170337,1,1,1983,0,0,0,0,0,0,0,0,0,0
170337,2,1,1983,6,0,0,0,9,0,0,0,0,0
170338,1,1,1983,20,20,20,20,20,20,20,20,20,20
170338,2,1,1983,16,0,0,0,0,0,0,0,0,0
170339,1,1,1983,6,6,6,6,6,6,6,6,6,6
170340,1,1,1983,25,25,25,25,25,25,25,25,25,25
170341,1,1,1983,19,19,19,19,19,19,19,19,19,19
170341,2,1,1983,0,0,21,0,0,0,0,8,0,0
170342,1,1,1983,0,0,0,0,0,0,0,0,0,0
170342,2,1,1983,0,0,0,12,0,0,0,0,0,0
170343,1,1,1983,12,12,12,12,12,12,12,12,12,12
170344,0,1,1983,32,32,32,32,32,32,32,32,32,32
170344,1,1,1983,22,5,9,30,17,6,22,13,27,22
170344,2,1,1983,22,3,16,11,32,31,13,12,14,12
170345,1,1,1983,15,0,0,0,0,0,0,0,0,12
170345,2,1,1983,0,0,0,0,14,0,0,0,0,0
170346,1,1,1983,18,9,11,6,17,34,0,23,0,32
170347,0,1,1983,33,33,33,33,33,33,33,33,33,33
170347,1,1,1983,0,10,0,36,0,0,0,13,12,0
170348,1,1,1983,13,13,13,13,13,13,13,13,13,13
170348,2,1,1983,0,0,0,0,0,0,0,0,0,0
170349,0,1,1983,0,0,0,0,0,0,0,0,0,0
170349,1,1,1983,0,0,0,0,0,0,0,0,0,0
170350,1,1,1983,20,15,9,31,14,12,23,13,15,15
170351,1,1,1983,35,35,35,35,35,35,35,35,35,35
170352,0,1,1983,0,42,27,15,23,7,0,0,0,0
170352,1,1,1983,9,27,20,6,21,5,17,3,8,25
170353,1,1,1983,15,15,15,15,15,15,15,15,15,15
170353,2,1,1983,0,0,0,0,0,0,0,0,0,3
170354,1,1,1983,18,18,18,18,18,18,18,18,18,18
170354,2,1,1983,0,0,0,0,0,0,0,0,0,0
170355,1,1,1983,0,0,0,0,0,0,0,0,0,0
170355,2,1,1983,0,0,0,0,0,0,0,0,0,0
170356,1,1,1983,0,24,0,0,0,0,26,0,0,0
170357,1,1,1983,17,17,17,17,17,17,17,17,17,17
170357,2,1,1983,0,0,0,0,0,0,0,0,0,0
170358,1,1,1983,19,19,19,19,19,19,19,19,19,19
170358,2,1,1983,0,0,0,0,0,0,0,0,0,0
170359,1,1,1983,0,0,0,0,0,0,0,0,0,0
170359,2,1,1983,0,0,0,0,0,0,0,0,0,0
170360,1,1,1983,0,0,0,0,0,0,0,0,0,0
170362,1,1,1983,11,2,29,0,0,0,0,0,34,0
170363,1,1,1983,10,10,10,10,10,10,10,10,10,10
170363,2,1,1983,0,16,0,0,9,0,0,0,0,0
170364,1,1,1983,0,0,0,0,0,0,0,0,0,0
170364,2,1,1983,0,0,0,0,0,0,0,0,0,0
170365,1,1,1983,23,23,23,23,23,23,23,23,23,23
170366,1,1,1983,0,0,0,15,0,0,0,0,0,0
170366,2,1,1983,0,0,0,0,0,0,0,0,0,10
170367,1,1,1983,25,26,15,10,29,20,19,18,16,19
170368,1,1,1983,18,18,18,18,18,18,18,18,18,18
170369,1,1,1983,0,0,0,0,0,0,0,0,0,0
170370,1,1,1983,14,16,9,15,14,29,20,6,0,12
170371,0,1,1983,0,0,0,0,0,0,0,0,0,0
170371,1,1,1983,0,0,0,0,0,0,0,0,0,0
170372,1,1,1983,16,16,16,16,16,16,16,16,16,16
170372,2,1,1983,0,19,12,0,19,22,6,22,0,10
170373,1,1,1983,0,0,0,0,0,0,0,0,0,0
170373,2,1,1983,0,0,0,0,0,2,0,0,13,0
170374,1,1,1983,25,25,25,25,25,25,25,25,25,25
170375,0,1,1983,0,0,0,28,19,8,0,0,0,0
170375,1,1,1983,0,15,0,0,0,0,0,14,0,0
170376,1,1,1983,0,28,10,0,0,0,17,0,0,16
170376,2,1,1983,1,1,1,1,1,1,1,1,1,1
170377,1,1,1983,0,0,0,0,26,0,0,0,0,0
170377,2,1,1983,9,0,0,0,0,0,0,0,0,0
170378,0,1,1983,14,14,14,14,14,14,14,14,14,14
170378,1,1,1983,0,0,0,0,0,8,0,0,0,0
170379,1,1,1983,0,0,0,0,0,0,0,0,0,0
170380,1,1,1983,0,0,0,0,0,0,0,0,0,0
170381,1,1,1983,0,0,0,0,0,0,0,0,0,0
170381,2,1,1983,0,0,0,0,9,0,0,0,0,0
170382,0,1,1983,0,0,0,0,0,0,0,0,0,0
170382,1,1,1983,0,0,0,0,13,0,0,0,0,0
170383,1,1,1983,0,0,0,19,0,0,0,22,13,0
170383,2,1,1983,12,9,0,0,0,12,0,0,11,0
170384,1,1,1983,0,0,0,0,0,0,0,0,0,0
170384,2,1,1983,0,0,0,0,0,0,0,0,0,0
170385,1,1,1983,23,23,23,23,23,23,23,23,23,23
170386,1,1,1983,17,26,17,17,15,13,17,17,21,0
170387,1,1,1983,15,15,15,15,15,15,15,15,15,15
170388,1,1,1983,39,39,39,39,39,39,39,39,39,39
170388,2,1,1983,0,0,0,0,0,0,0,0,0,0
170389,1,1,1983,17,17,17,17,17,17,17,17,17,17
170390,1,1,1983,15,15,15,15,15,15,15,15,15,15
170391,1,1,1983,1,1,1,1,1,1,1,1,1,1
170391,2,1,1983,0,0,0,0,0,0,0,0,0,0
170392,0,1,1983,0,0,0,0,0,0,0,0,0,0
170392,1,1,1983,0,0,5,0,10,0,11,2,0,0
170393,0,1,1983,0,0,0,0,0,0,0,0,22,0
170393,1,1,1983,0,0,0,0,0,0,0,0,0,0
170394,1,1,1983,0,0,0,0,0,0,0,0,0,0
170394,2,1,1983,0,0,0,0,0,0,0,0,0,0
170394,3,1,1983,0,0,0,0,0,0,0,0,0,0
170394,4,1,1983,0,0,0,0,0,0,0,0,0,0
170395,1,1,1983,23,23,23,23,23,23,23,23,23,23
170396,1,1,1983,0,0,0,0,0,0,0,0,0,0
170396,2,1,1983,0,0,0,0,0,15,0,0,0,0
170397,1,1,1983,16,12,24,4,17,12,15,24,25,5
170397,2,1,1983,0,0,0,0,0,0,0,0,0,0
170399,1,1,1983,15,0,9,18,0,0,8,24,0,0
170400,1,1,1983,20,20,20,20,20,20,20,20,20,20
170400,2,1,1983,18,18,18,18,18,18,18,18,18,18
170401,1,1,1983,25,0,0,0,0,0,0,0,0,25
170402,1,1,1983,0,0,0,0,0,0,0,0,0,0
170402,2,1,1983,0,0,0,0,0,0,0,0,0,0
170402,3,1,1983,0,0,0,0,0,0,0,0,0,0
170403,1,1,1983,32,32,32,32,32,32,32,32,32,32
170404,0,1,1983,0,0,0,0,0,0,0,0,0,0
170404,1,1,1983,0,0,0,0,0,0,0,0,0,0
170405,1,1,1983,21,21,21,21,21,21,21,21,21,21
170405,2,1,1983,0,0,0,0,0,0,0,0,0,0
170405,3,1,1983,0,0,0,0,0,0,0,0,0,0
170405,4,1,1983,0,0,0,0,0,0,0,0,0,0
170406,1,1,1983,23,23,23,23,23,23,23,23,23,23
170406,2,1,1983,0,0,0,0,0,0,0,0,0,0
170407,0,1,1983,0,0,0,0,0,0,0,0,0,0
170407,1,1,1983,0,0,0,0,0,0,0,0,0,0
170408,1,1,1983,18,0,11,14,6,0,11,10,4,20
170408,2,1,1983,0,0,0,24,19,0,0,0,0,0
170409,1,1,1983,13,31,14,6,5,0,11,10,16,17
170410,1,1,1983,0,29,0,0,23,18,20,6,39,16
170411,2,1,1983,0,0,0,0,0,0,0,0,0,0
170412,1,1,1983,25,25,25,25,25,25,25,25,25,25
170413,1,1,1983,0,0,0,0,0,0,0,10,0,15
170414,1,1,1983,18,18,18,18,18,18,18,18,18,18
170415,1,1,1983,0,0,0,0,0,0,0,0,0,0
170415,2,1,1983,0,0,0,0,0,0,0,0,0,0
170416,1,1,1983,23,23,23,23,23,23,23,23,23,23
170416,2,1,1983,0,0,0,10,0,0,0,0,0,0
170417,0,1,1983,29,29,29,29,29,29,29,29,29,29
170417,1,1,1983,0,0,0,0,0,0,0,0,0,24
170418,1,1,1983,25,35,10,19,14,40,27,40,14,15
170419,1,1,1983,13,13,13,13,13,13,13,13,13,13
170420,1,1,1983,21,21,21,21,21,21,21,21,21,21
170421,1,1,1983,0,0,0,0,0,0,0,0,0,0
170421,2,1,1983,0,0,0,0,0,0,0,0,0,0
170422,1,1,1983,25,25,25,25,25,25,25,25,25,25
170422,2,1,1983,0,0,0,0,0,0,0,0,12,0
170423,1,1,1983,0,0,0,0,0,0,0,0,0,0
170423,2,1,1983,0,0,0,0,0,0,0,2,0,0
170424,1,1,1983,3,9,0,0,0,5,0,29,14,0
170424,2,1,1983,0,0,0,0,0,0,0,0,0,0
170425,1,1,1983,19,19,19,19,19,19,19,19,19,19
170426,1,1,1983,12,12,12,12,12,12,12,12,12,12
170426,2,1,1983,0,0,0,0,0,0,0,0,0,0
170427,0,1,1983,0,0,0,0,0,0,0,0,0,0
170427,1,1,1983,0,4,24,0,0,0,0,0,0,0
170428,1,1,1983,15,15,15,15,15,15,15,15,15,15
170428,2,1,1983,0,0,0,0,16,0,0,9,0,38
170429,1,1,1983,0,0,0,0,0,0,0,0,0,0
170430,1,1,1983,19,0,0,14,5,8,0,0,0,0
170431,1,1,1983,24,24,24,24,24,24,24,24,24,24
170432,1,1,1983,0,0,0,0,0,0,0,0,0,0
170433,1,1,1983,17,17,17,17,17,17,17,17,17,17
170433,2,1,1983,0,0,0,0,17,0,0,0,0,0
170433,3,1,1983,9,0,0,0,16,0,2,18,12,15
170434,0,1,1983,0,0,0,0,0,0,0,0,0,0
170434,1,1,1983,0,0,0,0,0,0,0,0,0,0
170434,2,1,1983,0,0,0,0,0,0,0,0,0,0
170435,0,1,1983,19,0,0,0,0,16,0,8,0,0
170435,1,1,1983,4,24,30,28,14,0,15,9,27,0
170436,1,1,1983,27,27,27,27,27,27,27,27,27,27
170437,1,1,1983,0,0,0,0,0,0,14,0,0,0
170438,1,1,1983,0,0,0,0,0,0,0,0,0,0
170438,2,1,1983,0,0,0,0,0,0,0,0,0,0
170440,0,1,1983,9,9,9,9,9,9,9,9,9,9
170440,1,1,1983,0,18,0,16,0,13,0,0,15,0
170441,1,1,1983,0,9,0,7,0,0,11,0,4,10
170441,2,1,1983,0,0,0,0,0,0,0,0,0,0
170442,1,1,1983,23,23,23,23,23,23,23,23,23,23
170443,1,1,1983,0,0,0,0,0,0,0,0,0,0
170443,2,1,1983,0,0,0,0,0,0,0,0,0,0
170444,1,1,1983,1,1,1,1,1,1,1,1,1,1
170445,1,1,1983,25,25,25,25,25,25,25,25,25,25
170446,1,1,1983,11,19,12,13,4,17,23,5,7,16
170447,1,1,1983,13,13,13,13,13,13,13,13,13,13
170447,2,1,1983,30,0,15,0,0,0,0,0,0,0
170448,1,1,1983,16,26,22,16,14,12,17,25,24,15
170449,1,1,1983,12,16,0,0,0,18,17,6,0,16
170449,2,1,1983,0,0,0,0,0,0,0,0,0,0
170451,1,1,1983,16,16,16,16,16,16,16,16,16,16
170452,1,1,1983,31,31,31,31,31,31,31,31,31,31
170452,2,1,1983,0,0,0,0,0,0,0,0,0,0
170453,0,1,1983,0,0,0,0,0,0,0,0,0,0
170453,1,1,1983,0,0,0,0,0,0,0,0,0,0
170454,0,1,1983,0,0,0,0,0,0,0,0,0,0
170454,1,1,1983,0,0,0,0,0,0,0,0,0,0
170455,1,1,1983,10,10,10,10,10,10,10,10,10,10
170455,2,1,1983,0,0,0,0,0,0,0,0,0,0
170456,1,1,1983,1,1,1,1,1,1,1,1,1,1
170456,2,1,1983,0,0,0,0,0,0,0,0,0,10
170457,1,1,1983,0,0,0,0,0,0,0,0,0,0
170458,1,1,1983,0,0,0,0,0,0,0,0,0,0
170458,2,1,1983,0,0,0,0,0,0,0,0,0,0
170459,1,1,1983,14,16,18,20,12,25,10,26,11,22
170460,1,1,1983,4,0,10,0,0,9,0,0,0,0
170460,2,1,1983,0,0,0,0,0,0,0,0,0,0
170461,0,1,1983,0,8,0,0,0,0,0,0,0,0
170461,1,1,1983,0,0,0,0,0,0,0,0,0,0
170462,1,1,1983,0,0,0,0,0,0,0,10,0,0
170462,2,1,1983,4,4,4,4,4,4,4,4,4,4
170463,1,1,1983,19,19,19,19,19,19,19,19,19,19
170464,0,1,1983,0,0,0,0,0,0,0,0,0,0
170464,0,2,1983,18,18,10,34,10,3,27,42,17,14
170464,1,1,1983,11,20,0,17,0,0,0,7,14,0
170465,1,1,1983,0,0,4,22,4,0,0,14,11,0
170465,2,1,1983,3,18,0,13,0,0,8,0,24,0
170465,3,1,1983,19,19,19,19,19,19,19,19,19,19
170466,1,1,1983,0,0,0,0,11,0,0,0,0,0
170466,2,1,1983,0,0,0,0,0,0,0,0,0,0
170467,1,1,1983,0,15,18,0,0,24,0,0,20,0
170467,2,1,1983,7,12,19,16,10,11,0,19,0,11
170468,0,1,1983,0,0,0,0,0,0,0,0,0,0
170468,1,1,1983,0,0,0,0,0,0,0,0,0,0
170469,0,1,1983,18,18,18,18,18,18,18,18,18,18
170469,1,1,1983,17,0,0,8,12,10,17,9,0,0
170470,0,1,1983,0,0,0,0,0,0,0,0,0,0
170470,1,1,1983,13,2,4,7,12,0,15,0,22,0
170471,1,1,1983,11,16,25,17,13,11,21,22,12,28
170471,2,1,1983,19,19,19,19,19,19,19,19,19,19
170472,0,1,1983,0,0,0,23,7,0,0,26,0,0
170472,0,2,1983,23,22,0,31,0,0,0,0,5,19
170472,1,1,1983,0,0,0,0,0,0,0,0,0,0
170473,1,1,1983,0,0,0,0,0,0,0,0,0,0
170473,2,1,1983,0,0,0,0,0,0,0,0,0,0
170474,0,1,1983,27,27,27,27,27,27,27,27,27,27
170474,1,1,1983,0,0,0,0,0,0,0,0,0,0
170475,1,1,1983,0,0,0,0,0,0,0,0,0,0
170475,2,1,1983,0,0,0,0,0,0,0,0,0,0
170476,1,1,1983,0,0,0,0,0,0,0,0,0,6
170477,0,1,1983,0,0,0,0,9,0,3,23,16,0
170477,1,1,1983,0,0,0,0,0,0,0,0,0,0
170478,1,1,1983,0,0,0,0,0,0,0,0,0,0
170479,0,1,1983,0,0,0,0,0,0,18,0,0,0
170479,1,1,1983,0,0,0,0,0,0,0,0,0,0
170480,1,1,1983,0,0,0,0,0,0,0,0,0,0
170480,2,1,1983,0,0,0,0,0,0,0,0,0,0
170481,1,1,1983,20,20,20,20,20,20,20,20,20,20
170481,2,1,1983,0,0,0,0,0,0,0,0,0,0
170481,3,1,1983,0,0,14,0,20,0,0,0,0,14
170482,1,1,1983,17,17,17,17,17,17,17,17,17,17
170483,0,1,1983,25,32,30,12,24,5,13,0,23,5
170483,1,1,1983,24,19,20,0,0,0,9,15,19,0
170484,1,1,1983,0,0,0,0,0,0,0,0,0,0
170485,1,1,1983,0,0,0,0,0,0,0,0,0,0
170485,2,1,1983,0,0,0,0,0,0,0,0,0,0
170486,1,1,1983,14,14,14,14,14,14,14,14,14,14
170487,0,1,1983,0,0,0,0,0,0,0,0,0,0
170487,1,1,1983,0,0,0,0,0,0,0,0,0,0
170488,1,1,1983,10,10,10,10,10,10,10,10,10,10
170488,2,1,1983,13,13,13,13,13,13,13,13,13,13
170489,0,1,1983,0,0,0,0,0,0,0,0,0,0
170489,1,1,1983,0,0,0,0,0,0,0,0,0,0
170490,0,1,1983,0,0,0,0,0,0,0,0,0,0
170490,1,1,1983,5,0,0,0,0,21,0,0,0,0
170491,1,1,1983,9,12,28,7,17,14,21,24,6,20
170492,0,1,1983,8,8,8,8,8,8,8,8,8,8
170492,1,1,1983,0,0,0,0,0,0,0,0,0,0
170493,1,1,1983,0,0,0,0,0,0,0,0,0,0
170493,2,1,1983,0,0,0,0,0,0,0,0,0,0
170493,3,1,1983,0,10,0,0,0,0,0,0,0,0
170494,0,1,1983,46,3,55,15,36,27,21,15,14,24
170494,1,1,1983,21,0,28,0,0,0,0,0,10,0
170495,1,1,1983,25,25,25,25,25,25,25,25,25,25
170495,2,1,1983,13,15,18,20,13,10,2,12,0,0
170495,3,1,1983,0,0,0,0,5,0,0,0,23,0
170496,1,1,1983,18,18,18,18,18,18,18,18,18,18
170497,1,1,1983,0,0,0,0,0,0,0,0,0,0
170497,2,1,1983,18,0,0,0,0,0,0,0,0,0
170498,1,1,1983,0,0,0,12,0,0,0,19,10,14
170499,1,1,1983,25,25,25,25,25,25,25,25,25,25
170499,2,1,1983,0,10,0,0,0,0,0,0,0,0
170500,1,1,1983,13,13,13,13,13,13,13,13,13,13
170500,2,1,1983,0,0,0,0,0,0,0,0,0,0
170501,1,1,1983,18,18,18,18,18,18,18,18,18,18
170502,1,1,1983,14,14,14,14,14,14,14,14,14,14
170503,1,1,1983,1,1,1,1,1,1,1,1,1,1
170503,2,1,1983,0,0,0,0,0,0,0,0,0,0
170503,3,1,1983,0,0,0,0,0,0,0,0,0,0
170504,1,1,1983,0,15,17,20,29,13,17,0,0,16
170505,1,1,1983,13,13,13,13,13,13,13,13,13,13
170505,2,1,1983,20,20,20,20,20,20,20,20,20,20
170506,1,1,1983,0,25,10,25,0,0,7,0,0,7
170507,1,1,1983,18,18,18,18,18,18,18,18,18,18
170508,0,1,1983,0,0,0,0,0,0,0,0,0,0
170508,1,1,1983,0,0,0,0,0,0,0,0,0,0
170509,1,1,1983,0,0,0,0,0,0,0,0,0,0
170510,1,1,1983,0,0,0,0,0,0,0,0,0,0
170511,1,1,1983,7,7,7,7,7,7,7,7,7,7
170512,1,1,1983,11,14,13,6,15,19,17,10,9,13
170513,1,1,1983,0,0,0,0,0,0,0,0,0,0
170514,1,1,1983,0,0,0,0,0,0,0,0,0,0
170514,2,1,1983,0,0,0,0,0,0,0,0,0,0
170515,1,1,1983,0,0,0,0,0,0,0,0,0,0
170515,2,1,1983,16,16,16,16,16,16,16,16,16,16
170516,1,1,1983,1,1,1,1,1,1,1,1,1,1
170516,2,1,1983,0,0,0,0,0,0,0,0,0,0
170517,1,1,1983,12,12,12,12,12,12,12,12,12,12
170518,1,1,1983,0,0,0,0,0,0,12,0,6,11
170518,2,1,1983,0,0,0,0,0,0,20,0,0,22
170519,1,1,1983,18,18,18,18,18,18,18,18,18,18
170520,0,1,1983,41,21,24,15,24,17,13,0,14,38
170520,1,1,1983,9,16,0,0,0,0,0,21,0,0
170521,1,1,1983,39,39,39,39,39,39,39,39,39,39
170522,0,1,1983,0,0,0,0,0,0,0,0,0,0
170523,1,1,1983,11,11,11,11,11,11,11,11,11,11
170523,2,1,1983,6,0,0,0,0,0,0,0,0,17
170524,1,1,1983,0,0,0,0,0,0,0,0,0,0
170524,2,1,1983,0,0,0,0,0,0,0,0,0,0
170525,1,1,1983,0,0,0,0,0,0,0,0,0,0
170526,1,1,1983,0,0,0,0,0,0,0,0,0,0
170526,2,1,1983,0,0,0,0,0,0,0,0,0,0
170527,0,1,1983,0,0,0,0,0,0,0,0,0,0
170527,1,1,1983,0,5,0,0,0,0,0,0,0,0
170528,1,1,1983,14,14,14,14,14,14,14,14,14,14
170529,1,1,1983,16,16,16,16,16,16,16,16,16,16
170530,1,1,1983,12,12,12,12,12,12,12,12,12,12
170530,2,1,1983,0,0,0,0,0,0,0,0,0,0
170531,1,1,1983,22,22,22,22,22,22,22,22,22,22
170532,1,1,1983,0,0,0,0,0,0,0,0,0,0
170533,1,1,1983,0,0,0,0,0,0,0,0,0,0
170533,2,1,1983,0,0,0,0,0,0,22,0,2,6
170534,1,1,1983,0,0,0,0,0,0,0,0,0,0
170534,2,1,1983,0,0,0,0,0,0,0,0,0,0
170535,1,1,1983,8,0,0,8,0,0,0,10,0,0
170536,1,1,1983,0,0,0,0,0,0,0,0,0,0
170536,2,1,1983,0,0,0,0,0,0,0,0,0,0
170537,1,1,1983,15,15,15,15,15,15,15,15,15,15
170537,2,1,1983,9,9,9,9,9,9,9,9,9,9
170538,1,1,1983,12,12,12,12,12,12,12,12,12,12
170538,2,1,1983,23,21,0,15,9,9,6,11,5,11
170539,1,1,1983,17,17,17,17,17,17,17,17,17,17
170540,1,1,1983,13,13,13,13,13,13,13,13,13,13
170541,1,1,1983,24,24,24,24,24,24,24,24,24,24
170542,1,1,1983,4,4,4,4,4,4,4,4,4,4
170542,2,1,1983,0,0,0,0,0,0,0,0,0,0
170543,1,1,1983,17,17,17,17,17,17,17,17,17,17
170544,1,1,1983,2,2,2,2,2,2,2,2,2,2
170545,1,1,1983,17,17,17,17,17,17,17,17,17,17
170546,1,1,1983,0,0,0,0,0,0,0,0,0,0
170546,2,1,1983,0,0,0,0,0,0,0,0,0,0
170546,3,1,1983,0,0,0,0,0,0,0,0,0,0
170546,4,1,1983,0,0,0,0,0,0,0,0,0,0
170546,5,1,1983,0,0,8,0,0,0,0,0,9,0
170546,6,1,1983,0,0,0,23,0,0,0,0,0,0
170546,7,1,1983,0,0,27,0,15,0,42,0,0,23
170546,8,1,1983,0,0,0,0,0,0,0,0,0,0
170546,9,1,1983,15,0,0,0,0,0,0,0,0,4
170547,1,1,1983,12,22,18,16,25,18,18,26,13,0
170547,2,1,1983,0,0,19,0,0,0,0,0,0,24
170548,1,1,1983,0,0,0,0,0,0,0,0,0,0
170549,1,1,1983,27,27,27,27,27,27,27,27,27,27
170549,2,1,1983,0,0,0,19,0,0,0,0,0,0
170550,1,2,1983,6,6,6,6,6,6,6,6,6,6
170551,1,1,1983,30,30,30,30,30,30,30,30,30,30
170552,1,1,1983,0,0,0,0,0,0,0,0,0,0
170553,1,1,1983,0,0,0,0,0,0,0,8,5,0
170553,2,1,1983,0,0,0,0,0,0,0,0,0,0
170554,1,1,1983,0,0,0,0,0,0,0,0,0,0
170554,2,1,1983,0,0,0,0,0,0,0,0,0,0
170555,1,1,1983,0,0,0,0,0,0,0,0,0,0
170556,0,1,1983,0,0,0,0,0,0,0,0,0,0
170556,1,1,1983,0,0,0,0,0,0,0,0,0,0
170557,1,1,1983,8,21,0,0,0,0,0,0,0,0
170557,2,1,1983,0,0,0,0,3,0,15,0,0,0
170558,1,1,1983,0,0,0,0,0,0,17,0,6,0
170559,1,1,1983,7,14,15,20,0,14,17,13,10,17
170560,1,1,1983,0,0,0,0,0,0,0,0,0,0
170560,2,1,1983,0,0,0,0,0,15,0,0,0,0
170561,1,1,1983,0,0,0,0,0,0,23,0,0,0
170561,2,1,1983,0,0,0,0,0,0,0,0,0,0
170562,1,1,1983,0,14,0,12,14,0,18,13,0,11
170563,1,1,1983,28,28,28,28,28,28,28,28,28,28
170564,1,1,1983,25,25,25,25,25,25,25,25,25,25
170565,0,1,1983,0,0,0,0,0,0,0,0,0,0
170565,1,1,1983,0,0,0,0,0,0,0,0,0,0
170566,1,1,1983,14,19,15,22,13,13,4,3,26,25
170567,1,1,1983,0,0,13,0,0,0,0,0,0,0
170567,2,1,1983,0,0,7,13,0,8,0,13,0,12
170568,1,1,1983,0,0,0,0,0,0,0,0,0,0
170568,2,1,1983,0,8,0,8,0,12,15,2,0,0
170569,1,1,1983,0,23,14,18,8,5,14,5,12,41
170570,1,1,1983,24,24,24,24,24,24,24,24,24,24
170571,1,1,1983,0,0,0,0,0,0,0,0,0,0
170571,2,1,1983,0,0,0,0,0,0,0,0,0,0
170572,1,1,1983,14,14,14,14,14,14,14,14,14,14
170572,2,1,1983,0,0,0,0,0,0,0,0,0,0
170573,0,1,1983,0,17,0,0,23,19,0,27,0,0
170573,1,1,1983,19,9,15,0,19,11,24,6,10,22
170574,0,1,1983,0,22,0,0,0,19,0,32,0,0
170574,1,1,1983,0,0,0,0,0,0,9,0,0,0
170575,1,1,1983,1,1,1,1,1,1,1,1,1,1
170575,2,1,1983,0,0,0,0,0,0,0,0,0,0
170576,0,1,1983,18,16,26,21,16,31,27,5,27,8
170576,1,1,1983,0,0,0,0,0,0,0,0,0,0
170577,0,1,1983,0,0,0,0,0,0,0,0,0,0
170577,1,1,1983,0,0,0,0,0,0,0,0,0,0
170578,0,1,1983,0,0,0,0,0,0,0,0,0,0
170578,1,1,1983,0,0,0,0,0,0,0,0,0,0
170579,1,1,1983,0,22,0,0,9,18,0,0,0,0
170579,2,1,1983,0,13,24,5,20,8,16,17,36,9
170580,1,1,1983,19,19,19,19,19,19,19,19,19,19
170581,1,1,1983,26,26,26,26,26,26,26,26,26,26
170582,1,1,1983,12,12,12,12,12,12,12,12,12,12
170583,0,1,1983,0,0,0,0,0,0,0,0,0,0
170583,1,1,1983,0,27,8,24,0,14,9,13,0,0