ST_CASE,VEH_NO,PER_NO,YEAR,P1,P2,P3,P4,P5,P6,P7,P8,P9,P10
170584,1,2,1983,0,0,0,0,0,0,0,0,0,0
170585,1,1,1983,0,0,0,0,0,0,17,0,0,0
170586,0,1,1983,4,0,0,0,22,0,0,0,0,0
170586,1,1,1983,0,0,0,0,0,0,0,0,0,0
170587,1,1,1983,0,25,0,0,0,13,0,29,0,0
170588,1,1,1983,7,0,0,0,0,0,0,8,0,0
170588,2,1,1983,0,0,0,0,0,0,0,0,0,0
170589,0,1,1983,9,26,3,0,0,0,0,0,0,17
170589,0,2,1983,0,0,17,0,0,0,12,0,0,19
170589,1,1,1983,9,0,0,0,0,0,0,0,0,0
170590,1,1,1983,0,0,0,0,0,0,0,0,0,0
170590,2,1,1983,0,0,0,0,0,0,0,0,0,0
170591,1,1,1983,0,0,0,0,24,0,0,0,0,0
170591,2,1,1983,0,0,0,0,0,0,0,0,0,0
170591,3,1,1983,0,0,0,0,0,0,0,0,0,0
170592,0,1,1983,0,0,0,0,0,0,0,0,0,0
170592,1,1,1983,0,0,0,0,0,0,0,0,0,0
170593,1,1,1983,11,19,22,16,5,6,9,14,0,3
170593,2,1,1983,0,0,0,0,0,0,0,0,0,0
170594,1,1,1983,0,0,0,0,0,0,0,0,0,24
170595,1,1,1983,0,0,0,0,0,0,0,0,0,0
170595,2,1,1983,0,0,0,0,0,0,0,0,0,0
170596,0,1,1983,33,33,33,33,33,33,33,33,33,33
170596,1,1,1983,0,0,0,0,3,0,18,0,15,0
170597,0,1,1983,0,13,0,0,20,14,15,17,0,0
170597,1,1,1983,0,0,0,0,0,0,0,0,0,15
170598,1,1,1983,0,0,0,0,0,0,0,0,0,0
170598,2,1,1983,0,0,0,0,0,0,0,0,0,0
170599,1,1,1983,8,8,8,8,8,8,8,8,8,8
170600,1,1,1983,12,12,12,12,12,12,12,12,12,12
170601,1,1,1983,0,0,0,0,0,0,0,14,0,0
170601,2,1,1983,14,14,14,14,14,14,14,14,14,14
170602,1,1,1983,0,0,0,0,0,0,0,0,0,0
170603,1,1,1983,0,0,0,0,0,0,0,0,0,0
170604,1,1,1983,22,22,22,22,22,22,22,22,22,22
170605,1,1,1983,25,25,25,25,25,25,25,25,25,25
170605,2,1,1983,0,0,0,0,0,0,0,0,0,0
170606,0,1,1983,0,0,0,0,0,0,0,0,0,0
170606,1,1,1983,18,14,11,14,0,8,10,0,8,27
170607,1,1,1983,22,22,22,22,22,22,22,22,22,22
170608,1,1,1983,0,0,0,0,32,0,0,0,0,0
170608,2,1,1983,0,0,0,0,0,0,0,0,0,0
170608,3,1,1983,0,0,0,0,0,0,0,0,0,0
170609,0,1,1983,0,0,0,0,0,0,0,0,0,0
170609,1,1,1983,0,0,0,0,0,0,0,0,0,0
170610,1,1,1983,0,0,0,0,0,0,0,0,0,0
170611,1,1,1983,25,25,25,25,25,25,25,25,25,25
170612,1,1,1983,1,1,1,1,1,1,1,1,1,1
170612,2,1,1983,0,0,0,0,0,0,0,0,0,0
170613,1,1,1983,23,13,3,10,8,15,10,5,8,15
170613,2,1,1983,8,8,8,8,8,8,8,8,8,8
170614,1,1,1983,11,11,11,11,11,11,11,11,11,11
170615,0,1,1983,0,0,0,0,0,0,0,0,0,0
170615,1,1,1983,0,3,24,0,0,17,0,19,0,0
170616,1,1,1983,0,0,0,0,0,0,0,0,0,0
170616,2,1,1983,0,0,0,0,0,0,0,0,0,0
170617,1,1,1983,0,0,0,0,0,0,0,0,0,0
170618,1,1,1983,0,0,0,0,0,0,0,0,0,0
170618,2,1,1983,0,0,12,0,0,0,0,0,0,0
170619,1,1,1983,1,1,1,1,1,1,1,1,1,1
170620,0,1,1983,0,0,0,0,0,0,0,0,0,0
170620,1,1,1983,0,26,0,0,0,0,0,0,0,0
170621,1,1,1983,29,29,29,29,29,29,29,29,29,29
170621,2,1,1983,0,0,0,0,0,0,0,0,0,0
170622,1,1,1983,0,0,0,0,0,0,0,0,0,0
170622,2,1,1983,0,0,0,0,0,0,0,0,0,0
170623,0,1,1983,0,0,0,0,0,0,0,0,0,0
170623,1,1,1983,0,0,0,0,0,0,0,10,0,0
170624,1,1,1983,22,22,22,22,22,22,22,22,22,22
170625,1,1,1983,0,0,0,0,0,0,0,0,0,0
170626,1,1,1983,16,16,16,16,16,16,16,16,16,16
170627,1,1,1983,0,0,0,0,0,0,0,0,0,0
170628,0,1,1983,7,7,0,0,0,0,0,0,0,0
170628,1,1,1983,12,9,12,0,0,3,0,0,10,7
170629,1,1,1983,0,12,0,5,11,0,0,0,0,0
170630,1,1,1983,0,0,0,0,0,0,0,0,0,0
170630,2,1,1983,0,0,0,0,0,0,0,13,0,0
170631,1,1,1983,24,24,24,24,24,24,24,24,24,24
170632,1,1,1983,15,15,15,15,15,15,15,15,15,15
170633,1,1,1983,6,6,6,6,6,6,6,6,6,6
170634,1,1,1983,21,21,21,21,21,21,21,21,21,21
170634,2,1,1983,0,0,0,0,0,0,22,0,0,0
170635,1,1,1983,0,0,0,0,0,0,0,0,0,0
170635,2,1,1983,0,0,0,0,0,0,0,0,0,0
170636,1,1,1983,0,7,14,0,18,16,17,11,0,14
170637,1,1,1983,31,15,0,30,22,17,0,15,10,34
170638,1,1,1983,13,13,13,13,13,13,13,13,13,13
170638,2,1,1983,0,0,0,0,0,0,0,0,0,0
170638,3,1,1983,0,0,0,0,0,7,0,0,0,0
170639,0,1,1983,20,0,0,18,33,0,14,20,0,0
170639,1,1,1983,0,0,0,0,0,0,0,0,0,0
170640,0,1,1983,0,0,0,0,0,0,0,0,0,0
170640,1,1,1983,0,0,0,0,0,0,0,0,0,0
170641,1,1,1983,20,20,20,20,20,20,20,20,20,20
170642,0,1,1983,0,0,0,17,0,0,0,0,0,0
170642,1,1,1983,0,0,0,0,0,0,0,0,0,0
170643,0,1,1983,18,0,0,0,0,16,34,0,15,0
170643,0,2,1983,35,0,12,9,0,40,15,13,14,21
170643,1,1,1983,16,16,16,16,16,16,16,16,16,16
170644,1,1,1983,12,0,0,0,0,0,10,9,19,6
170645,0,1,1983,0,0,0,0,0,0,0,0,0,0
170645,0,2,1983,24,22,5,8,12,20,22,10,10,18
170645,0,5,1983,28,0,28,22,22,0,0,37,18,0
170645,1,1,1983,0,0,17,5,22,0,3,15,19,8
170646,1,1,1983,0,0,0,0,19,0,0,0,0,0
170646,2,1,1983,0,0,0,0,0,6,0,5,10,0
170647,1,1,1983,0,21,17,0,7,11,0,0,25,11
170648,1,1,1983,20,20,20,20,20,20,20,20,20,20
170649,1,1,1983,14,11,9,12,17,9,8,21,4,15
170649,2,1,1983,0,0,0,0,0,0,0,0,0,12
170650,1,1,1983,32,32,32,32,32,32,32,32,32,32
170651,1,1,1983,0,0,0,0,0,0,0,0,0,0
170652,1,1,1983,0,0,0,0,0,0,0,0,0,0
170652,2,1,1983,0,0,0,0,0,0,0,0,0,0
170653,1,1,1983,0,0,0,0,0,0,0,0,0,0
170654,1,1,1983,0,0,0,0,0,0,0,0,0,0
170654,2,1,1983,15,0,0,0,0,0,0,0,0,0
170655,1,1,1983,10,0,10,0,20,0,5,0,0,16
170656,1,1,1983,11,11,11,11,11,11,11,11,11,11
170656,2,1,1983,23,0,0,0,0,0,0,0,19,0
170657,1,1,1983,0,0,0,0,0,0,0,0,0,0
170657,2,1,1983,0,0,0,0,28,0,0,0,8,0
170658,1,1,1983,13,13,13,13,13,13,13,13,13,13
170659,1,1,1983,15,15,15,15,15,15,15,15,15,15
170659,2,1,1983,0,0,0,0,0,0,0,0,17,0
170660,1,1,1983,19,19,19,19,19,19,19,19,19,19
170661,1,1,1983,20,20,20,20,20,20,20,20,20,20
170662,1,1,1983,0,0,0,0,0,0,0,0,0,0
170662,2,1,1983,0,0,0,0,0,11,10,0,0,0
170663,1,1,1983,3,3,3,3,3,3,3,3,3,3
170664,1,1,1983,16,13,17,22,26,17,15,11,24,31
170665,1,1,1983,0,0,15,15,22,11,9,5,11,0
170666,1,1,1983,22,22,22,22,22,22,22,22,22,22
170666,2,1,1983,0,0,0,0,0,0,0,0,0,0
170667,1,1,1983,0,0,0,0,0,0,0,0,0,0
170667,2,1,1983,0,0,0,0,0,23,0,0,0,0
170668,0,1,1983,28,28,28,28,28,28,28,28,28,28
170668,1,1,1983,16,0,5,0,0,0,0,0,0,0
170669,1,1,1983,0,0,0,0,0,0,0,0,0,0
170670,1,1,1983,0,0,0,0,0,0,0,0,0,0
170670,2,1,1983,0,0,0,0,0,0,6,0,0,0
170671,1,1,1983,22,22,22,22,22,22,22,22,22,22
170671,2,1,1983,0,0,0,0,0,0,0,0,0,0
170672,1,1,1983,0,0,0,0,0,0,0,0,0,0
170672,2,1,1983,0,0,0,0,0,0,0,0,0,0
170673,0,1,1983,0,0,0,0,0,0,0,0,0,0
170673,1,1,1983,17,0,7,0,37,8,0,23,0,12
170674,1,1,1983,0,0,0,0,0,0,0,0,0,0
170675,1,1,1983,0,0,0,0,0,0,0,0,0,0
170676,1,1,1983,24,24,24,24,24,24,24,24,24,24
170677,0,1,1983,0,0,0,0,18,0,0,19,23,16
170677,1,1,1983,0,0,0,14,0,0,0,0,0,18
170678,1,1,1983,0,0,17,0,0,0,0,0,0,0
170678,2,1,1983,0,0,0,0,0,0,7,0,0,0
170679,1,1,1983,25,3,0,18,0,13,0,10,13,0
170679,2,1,1983,15,15,15,15,15,15,15,15,15,15
170680,1,1,1983,20,20,20,20,20,20,20,20,20,20
170681,1,1,1983,23,23,23,23,23,23,23,23,23,23
170682,1,1,1983,16,16,16,16,16,16,16,16,16,16
170683,1,1,1983,23,16,0,0,0,10,0,0,0,0
170684,1,1,1983,20,20,20,20,20,20,20,20,20,20
170684,2,1,1983,0,0,0,0,0,0,0,0,0,0
170685,0,1,1983,11,11,11,11,11,11,11,11,11,11
170685,1,1,1983,23,30,10,9,22,19,0,14,12,15
170686,1,1,1983,20,20,20,20,20,20,20,20,20,20
170686,2,1,1983,0,5,3,19,10,11,31,13,14,8
170687,0,1,1983,0,0,0,0,0,0,0,0,0,0
170687,1,1,1983,0,0,0,0,0,0,0,0,0,0
170688,1,1,1983,0,0,0,0,0,0,0,0,0,0
170689,1,1,1983,0,0,0,0,0,9,0,0,0,0
170689,2,1,1983,0,0,0,0,0,0,0,0,0,0
170690,1,1,1983,15,15,15,15,15,15,15,15,15,15
170691,0,1,1983,0,0,0,0,0,0,0,0,0,0
170691,1,1,1983,6,0,0,0,0,0,0,0,0,0
170693,1,1,1983,13,0,0,11,0,0,0,4,12,3
170694,0,1,1983,0,0,0,0,0,0,0,0,0,0
170694,1,1,1983,0,0,13,0,0,0,0,12,0,0
170695,0,1,1983,0,0,0,0,0,0,0,0,0,0
170695,1,1,1983,0,16,14,0,0,0,0,0,0,0
170696,1,1,1983,17,10,13,4,18,22,14,11,7,22
170697,1,1,1983,2,2,2,2,2,2,2,2,2,2
170697,2,1,1983,17,17,17,17,17,17,17,17,17,17
170698,1,1,1983,0,0,0,0,0,0,0,0,0,0
170698,2,1,1983,0,0,0,0,0,0,0,0,0,0
170699,1,1,1983,0,0,0,0,0,0,0,0,0,0
170699,2,1,1983,0,0,0,0,0,0,0,0,0,0
170700,0,1,1983,0,0,0,0,0,0,0,0,0,0
170700,1,1,1983,0,0,14,0,0,0,0,0,0,0
170701,1,1,1983,21,21,21,21,21,21,21,21,21,21
170701,2,1,1983,0,0,0,0,0,0,0,0,0,0
170702,0,1,1983,0,0,0,0,0,0,0,0,0,0
170702,1,1,1983,0,0,0,0,0,0,0,0,0,0
170703,0,1,1983,0,0,0,0,0,0,0,0,0,0
170703,1,1,1983,29,8,33,2,18,30,18,0,9,14
170704,1,1,1983,0,23,21,13,22,9,0,10,15,0
170704,2,1,1983,33,10,13,13,11,24,10,18,6,23
170705,1,1,1983,11,11,11,11,11,11,11,11,11,11
170706,0,1,1983,21,14,0,31,0,0,0,0,31,0
170706,1,1,1983,0,0,0,0,0,0,10,0,0,0
170707,1,1,1983,28,28,28,28,28,28,28,28,28,28
170708,1,1,1983,29,11,10,19,5,25,30,34,0,13
170709,1,1,1983,23,23,23,23,23,23,23,23,23,23
170710,0,1,1983,0,0,0,0,0,0,0,0,0,0
170710,1,1,1983,0,0,0,0,0,0,0,0,7,0
170711,1,1,1983,0,0,0,0,0,0,0,0,0,0
170711,2,1,1983,0,0,0,0,0,0,0,0,0,0
170712,1,1,1983,0,0,0,0,0,0,0,0,0,0
170712,2,1,1983,0,0,0,0,0,7,0,0,0,0
170713,1,1,1983,19,19,19,19,19,19,19,19,19,19
170714,1,1,1983,0,0,0,0,0,0,0,0,0,0
170715,1,1,1983,0,0,0,0,0,0,0,0,0,0
170716,1,1,1983,0,0,0,0,0,0,0,0,0,0
170718,0,1,1983,0,0,0,0,0,0,0,0,0,0
170718,1,1,1983,0,0,0,0,0,0,0,0,0,0
170719,1,1,1983,14,10,24,10,13,10,11,10,13,13
170720,1,1,1983,15,15,15,15,15,15,15,15,15,15
170720,2,1,1983,0,23,0,0,0,0,0,0,25,0
170721,1,1,1983,19,19,19,19,19,19,19,19,19,19
170722,1,1,1983,32,20,0,24,0,34,20,20,0,17
170723,0,1,1983,20,20,20,20,20,20,20,20,20,20
170723,1,1,1983,0,0,0,0,0,0,0,0,0,0
170724,0,1,1983,12,6,0,0,0,0,15,13,0,11
170724,1,1,1983,12,0,18,33,13,12,15,0,17,0
170724,2,1,1983,0,0,0,0,0,18,0,0,0,0
170725,1,1,1983,19,19,19,19,19,19,19,19,19,19
170725,2,1,1983,0,0,15,12,4,22,22,0,0,0
170726,0,1,1983,0,0,0,0,0,0,0,0,0,0
170726,0,2,1983,12,28,17,22,19,0,0,22,30,0
170726,1,1,1983,0,0,0,0,0,0,0,16,0,0
170727,1,1,1983,17,17,17,17,17,17,17,17,17,17
170727,2,1,1983,0,0,0,0,0,0,0,0,0,0
170728,1,1,1983,10,10,17,8,17,0,8,9,11,4
170729,1,1,1983,13,7,30,0,25,27,19,19,9,25
170730,0,1,1983,24,37,24,37,15,33,30,0,28,12
170730,1,1,1983,0,3,0,0,0,0,12,0,0,0
170731,1,1,1983,27,27,27,27,27,27,27,27,27,27
170732,1,1,1983,0,0,0,0,0,0,0,0,0,0
170732,2,1,1983,0,0,0,0,0,0,0,0,0,0
170733,1,1,1983,17,17,17,17,17,17,17,17,17,17
170733,2,1,1983,5,0,0,0,0,0,5,0,0,0
170734,0,1,1983,0,0,0,0,0,0,0,0,0,0
170734,1,1,1983,0,0,0,0,13,0,0,0,0,0
170735,1,1,1983,0,0,0,0,0,0,0,0,0,0
170736,1,1,1983,25,25,25,25,25,25,25,25,25,25
170737,1,1,1983,7,18,23,38,23,23,31,23,7,13
170738,1,1,1983,0,0,0,0,18,0,25,19,16,22
170739,1,1,1983,0,0,0,0,0,0,0,0,0,0
170739,2,1,1983,0,0,0,0,0,0,0,0,0,0
170740,0,1,1983,8,25,32,0,26,33,18,0,10,29
170740,0,2,1983,0,0,11,0,36,16,0,13,12,15
170740,0,3,1983,9,0,17,36,0,20,10,0,0,30
170740,0,4,1983,19,7,22,32,32,32,10,13,7,0
170740,1,1,1983,20,0,8,0,0,7,0,0,7,11
170740,2,1,1983,23,34,11,5,14,0,0,0,0,0
170741,0,1,1983,0,0,0,0,0,0,0,0,0,0
170741,0,2,1983,0,0,0,0,0,0,0,0,0,0
170741,0,3,1983,0,0,0,0,0,0,0,0,0,0
170741,1,1,1983,10,9,0,21,16,13,19,20,10,21
170742,1,1,1983,33,14,25,17,11,27,11,18,18,23
170743,1,1,1983,10,10,10,10,10,10,10,10,10,10
170743,2,1,1983,0,0,0,0,0,0,0,0,0,0
170744,1,1,1983,14,14,14,14,14,14,14,14,14,14
170744,2,1,1983,0,0,0,0,0,13,0,0,0,10
170744,3,1,1983,0,10,0,0,0,0,0,0,0,0
170745,1,1,1983,0,0,0,0,0,0,0,0,0,0
170746,0,1,1983,0,0,0,31,0,0,0,0,0,0
170746,0,2,1983,3,38,13,0,21,24,22,36,15,0
170746,1,1,1983,19,14,20,4,0,17,9,21,13,0
170747,1,1,1983,0,0,13,0,0,0,4,0,0,0
170748,1,1,1983,31,31,31,31,31,31,31,31,31,31
170749,0,1,1983,29,29,29,29,29,29,29,29,29,29
170749,1,1,1983,6,11,19,13,17,0,19,11,27,19
170750,1,1,1983,31,31,31,31,31,31,31,31,31,31
170751,1,1,1983,16,0,8,19,21,25,8,0,0,0
170752,1,1,1983,15,15,15,15,15,15,15,15,15,15
170753,1,1,1983,24,24,24,24,24,24,24,24,24,24
170754,0,1,1983,9,9,9,9,9,9,9,9,9,9
170754,1,1,1983,20,0,6,12,30,17,12,0,11,0
170755,1,1,1983,0,0,0,0,0,0,0,0,0,0
170756,0,1,1983,0,21,0,0,0,0,0,0,0,0
170756,1,1,1983,0,0,0,0,0,0,0,0,0,0
170757,1,1,1983,11,15,8,17,19,13,10,16,17,7
170758,1,1,1983,0,0,0,0,0,0,0,0,0,0
170758,2,1,1983,0,0,0,0,0,0,0,0,0,0
170759,1,1,1983,0,0,0,0,0,0,0,0,0,0
170759,2,1,1983,0,0,0,0,0,0,0,0,0,0
170760,0,1,1983,0,0,0,0,0,0,0,0,0,0
170760,0,2,1983,0,0,3,14,3,0,13,0,0,0
170760,1,1,1983,6,0,0,22,0,0,0,0,0,0
170761,1,1,1983,12,12,12,12,12,12,12,12,12,12
170762,1,1,1983,11,0,33,0,28,12,0,42,24,26
170763,0,1,1983,0,0,0,0,0,0,0,0,0,0
170763,1,1,1983,0,0,0,0,0,0,0,0,0,0
170764,1,1,1983,26,26,26,26,26,26,26,26,26,26
170764,2,1,1983,0,0,0,0,0,0,0,0,0,0
170765,1,1,1983,0,0,0,0,0,0,0,0,0,0
170765,2,1,1983,7,0,13,6,24,0,0,12,0,0
170766,1,1,1983,0,0,0,0,0,0,0,0,0,0
170767,1,1,1983,18,18,18,18,18,18,18,18,18,18
170767,2,1,1983,0,0,0,0,0,0,0,25,0,25
170768,1,1,1983,9,9,9,9,9,9,9,9,9,9
170769,1,1,1983,17,15,0,0,0,0,0,0,0,0
170769,2,1,1983,0,0,0,0,0,0,0,4,0,0
170770,0,1,1983,7,7,7,7,7,7,7,7,7,7
170770,1,1,1983,0,0,17,0,0,0,0,10,0,0
170771,1,1,1983,21,21,21,21,21,21,21,21,21,21
170772,1,1,1983,29,19,33,7,10,16,4,5,16,4
170773,0,1,1983,31,31,31,31,31,31,31,31,31,31
170773,1,1,1983,14,15,0,0,17,31,0,7,33,11
170774,1,1,1983,7,7,7,7,7,7,7,7,7,7
170774,2,1,1983,7,0,0,0,0,11,9,0,0,12
170775,1,1,1983,15,9,18,17,25,8,33,34,13,19
170775,2,1,1983,0,0,0,0,0,0,0,13,0,0
170776,0,1,1983,0,0,0,0,0,0,0,0,0,0
170776,1,1,1983,0,0,0,0,0,0,16,0,0,0
170777,1,1,1983,14,0,0,29,0,0,0,0,18,14
170778,1,1,1983,0,0,0,0,0,0,0,0,0,0
170778,2,1,1983,0,0,0,0,0,0,0,0,0,0
170779,1,1,1983,25,25,25,25,25,25,25,25,25,25
170780,1,1,1983,20,20,20,20,20,20,20,20,20,20
170781,1,1,1983,10,10,10,10,10,10,10,10,10,10
170781,2,1,1983,0,0,0,0,0,0,0,0,0,0
170782,1,1,1983,16,16,16,16,16,16,16,16,16,16
170783,0,1,1983,33,33,33,33,33,33,33,33,33,33
170783,1,1,1983,18,0,0,0,0,0,0,0,0,0
170784,1,1,1983,11,11,11,11,11,11,11,11,11,11
170784,2,1,1983,0,0,0,0,0,0,0,0,0,0
170785,1,1,1983,18,18,18,18,18,18,18,18,18,18
170786,1,1,1983,9,9,9,9,9,9,9,9,9,9
170786,2,1,1983,0,0,0,0,14,0,0,0,10,0
170787,1,1,1983,7,7,7,7,7,7,7,7,7,7
170788,1,1,1983,29,29,29,29,29,29,29,29,29,29
170789,1,1,1983,0,0,0,0,0,0,16,0,0,0
170789,2,1,1983,8,0,0,0,0,0,2,5,0,0
170790,1,1,1983,0,0,0,0,0,0,0,0,0,0
170791,1,1,1983,14,14,14,14,14,14,14,14,14,14
170791,2,1,1983,0,0,0,0,0,0,0,0,0,0
170792,1,1,1983,0,33,0,0,0,0,0,8,29,0
170793,1,1,1983,6,0,0,0,0,0,0,0,23,0
170793,2,1,1983,0,0,0,0,0,0,0,0,0,0
170794,1,1,1983,6,0,0,0,9,0,5,0,0,10
170795,1,1,1983,0,0,0,0,0,0,0,0,0,0
170795,2,1,1983,0,0,0,0,0,0,0,0,0,0
170796,1,1,1983,0,14,0,0,0,0,0,0,0,0
170796,2,1,1983,0,0,0,0,0,0,0,0,0,0
170797,1,1,1983,19,0,16,0,0,0,12,7,0,15
170797,2,1,1983,0,0,0,8,0,0,0,26,0,0
170798,1,1,1983,18,19,19,0,27,10,16,9,3,23
170798,2,1,1983,3,3,3,3,3,3,3,3,3,3
170799,1,1,1983,13,13,13,13,13,13,13,13,13,13
170799,2,1,1983,0,0,15,0,0,19,0,0,0,0
170799,3,1,1983,0,0,0,0,0,0,0,0,10,0
170800,1,1,1983,5,5,5,5,5,5,5,5,5,5
170800,2,1,1983,0,0,0,0,0,0,0,0,0,0
170800,3,1,1983,0,0,0,0,0,0,0,0,0,0
170801,1,1,1983,0,0,0,0,0,0,0,0,0,0
170802,1,1,1983,9,9,9,9,9,9,9,9,9,9
170802,2,1,1983,0,0,19,0,0,0,0,0,0,0
170803,1,1,1983,22,22,22,22,22,22,22,22,22,22
170804,1,1,1983,18,18,18,18,18,18,18,18,18,18
170805,0,1,1983,0,0,0,0,0,0,0,0,0,0
170805,1,1,1983,0,0,0,0,0,0,0,0,0,0
170806,1,1,1983,0,0,0,0,0,0,0,0,0,0
170806,2,1,1983,0,0,0,0,0,0,0,0,0,0
170807,1,1,1983,0,0,0,25,0,0,29,13,15,3
170808,1,1,1983,28,28,28,28,28,28,28,28,28,28
170809,1,1,1983,17,17,17,17,17,17,17,17,17,17
170810,0,1,1983,20,20,20,20,20,20,20,20,20,20
170810,1,1,1983,0,0,0,0,0,0,0,0,0,0
170811,1,1,1983,21,21,21,21,21,21,21,21,21,21
170811,2,1,1983,3,3,3,3,3,3,3,3,3,3
170812,1,1,1983,7,7,7,7,7,7,7,7,7,7
170813,1,1,1983,8,8,8,8,8,8,8,8,8,8
170814,1,1,1983,18,18,18,18,18,18,18,18,18,18
170815,1,1,1983,0,0,0,0,0,0,0,0,0,0
170815,2,1,1983,0,0,0,0,0,0,0,0,0,0
170816,1,1,1983,24,24,24,24,24,24,24,24,24,24
170817,1,1,1983,23,23,23,23,23,23,23,23,23,23
170818,0,1,1983,0,0,12,25,0,0,0,0,0,0
170818,1,1,1983,0,0,0,0,0,0,0,0,0,0
170818,3,1,1983,0,0,0,0,0,0,0,0,0,0
170819,1,1,1983,24,24,24,24,24,24,24,24,24,24
170819,2,1,1983,0,0,0,0,0,0,0,0,0,0
170820,1,1,1983,11,8,0,9,23,17,0,5,0,0
170820,2,1,1983,0,0,0,0,0,0,0,0,0,0
170821,1,1,1983,20,0,0,0,0,0,15,10,0,0
170821,2,1,1983,0,0,0,0,0,0,0,0,0,0
170822,0,1,1983,0,0,0,0,0,0,0,0,0,0
170822,1,1,1983,0,0,0,0,0,0,0,0,0,4
170823,0,1,1983,0,0,0,0,0,0,0,0,0,0
170823,1,1,1983,0,0,0,0,0,0,0,0,0,0
170824,1,1,1983,0,0,0,0,10,0,0,0,21,0
170825,1,1,1983,22,22,22,22,22,22,22,22,22,22
170826,1,1,1983,0,9,9,0,13,10,0,10,0,5
170827,1,1,1983,24,24,24,24,24,24,24,24,24,24
170827,2,1,1983,9,0,10,0,27,0,0,0,0,0
170828,1,1,1983,14,14,14,14,14,14,14,14,14,14
170829,1,1,1983,34,34,34,34,34,34,34,34,34,34
170830,1,1,1983,0,0,0,0,0,0,0,0,0,0
170830,2,1,1983,0,0,0,0,0,0,0,0,0,0
170831,1,1,1983,4,4,4,4,4,4,4,4,4,4
170831,2,1,1983,0,0,0,0,0,0,0,0,0,6
170832,1,1,1983,11,13,14,9,15,10,26,7,10,10
170833,0,1,1983,0,0,0,0,0,0,0,0,0,0
170833,1,1,1983,0,0,0,0,0,0,0,0,0,0
170834,0,1,1983,0,0,0,0,0,0,0,0,0,0
170834,1,1,1983,0,0,0,0,0,0,0,0,0,0
170835,1,1,1983,10,10,10,10,10,10,10,10,10,10
170836,1,1,1983,12,19,18,19,5,14,19,12,27,0
170837,0,1,1983,0,0,0,0,0,0,0,0,0,0
170837,1,1,1983,0,0,0,0,0,0,0,8,0,0
170838,1,1,1983,17,17,17,17,17,17,17,17,17,17
170839,1,1,1983,25,25,25,25,25,25,25,25,25,25
170840,1,1,1983,4,11,5,21,24,10,17,3,11,17
170840,2,1,1983,17,17,22,0,24,14,13,18,13,10
170840,3,1,1983,15,0,0,21,23,27,6,23,0,36
170840,4,1,1983,10,10,17,12,9,14,9,10,14,11
170841,1,1,1983,0,0,0,0,0,0,0,0,0,9
170841,2,1,1983,0,0,0,0,0,0,0,0,0,0
170842,0,1,1983,0,0,0,0,0,0,0,0,0,0
170842,1,1,1983,0,0,0,0,0,0,0,14,0,0
170843,1,1,1983,0,0,0,0,0,0,0,0,0,0
170844,1,1,1983,0,0,0,0,0,0,0,0,0,0
170845,0,1,1983,22,23,23,6,11,24,0,5,0,0
170845,1,1,1983,0,0,0,0,6,0,0,0,0,0
170846,0,1,1983,0,0,0,18,0,0,38,0,0,0
170846,1,1,1983,0,0,0,0,0,0,0,0,0,0
170847,0,1,1983,9,32,11,18,19,24,16,15,32,18
170847,0,2,1983,16,0,10,19,24,21,34,4,22,20
170847,0,3,1983,0,0,0,0,0,0,0,0,0,0
170847,0,4,1983,0,0,0,0,0,0,0,0,0,0
170847,1,1,1983,0,0,0,0,0,0,15,0,20,12
170848,1,1,1983,5,5,5,5,5,5,5,5,5,5
170849,1,1,1983,20,0,0,0,0,0,0,0,0,0
170849,2,1,1983,0,0,0,0,0,0,0,0,0,0
170850,1,1,1983,0,0,0,0,0,0,0,0,0,0
170851,1,1,1983,0,0,0,13,0,13,0,0,0,0
170852,0,1,1983,30,30,30,30,30,30,30,30,30,30
170852,1,1,1983,0,0,0,0,0,0,18,0,0,0
170852,2,1,1983,0,0,0,0,0,0,0,0,0,0
170853,1,1,1983,21,0,0,23,19,0,27,14,0,23
170853,2,1,1983,0,0,0,0,0,0,0,0,0,0
170854,1,1,1983,0,0,20,28,27,8,0,0,0,20
170854,2,1,1983,12,2,11,12,21,26,19,12,17,18
170855,1,1,1983,0,15,0,0,0,0,17,6,19,29
170855,2,1,1983,0,0,0,0,0,0,0,0,0,0
170856,1,1,1983,22,18,22,29,22,21,0,0,0,0
170857,1,1,1983,21,21,21,21,21,21,21,21,21,21
170857,2,1,1983,0,0,0,0,0,0,0,0,0,0
170858,1,1,1983,17,17,17,17,17,17,17,17,17,17
170859,1,1,1983,12,12,12,12,12,12,12,12,12,12
170860,1,1,1983,28,28,28,28,28,28,28,28,28,28
170861,1,1,1983,20,20,20,20,20,20,20,20,20,20
170862,0,1,1983,7,0,26,16,58,15,24,6,28,0
170862,1,1,1983,22,0,0,0,0,0,0,0,7,0
170863,1,1,1983,26,26,26,26,26,26,26,26,26,26
170864,0,1,1983,0,0,0,0,0,0,0,0,0,0
170864,1,1,1983,0,0,0,0,0,0,0,0,0,0
170865,1,1,1983,0,14,23,0,0,0,0,0,0,0
170866,1,1,1983,5,10,18,13,34,14,11,16,8,2