ST_CASE,VEH_NO,PER_NO,YEAR,P1,P2,P3,P4,P5,P6,P7,P8,P9,P10
170866,2,1,1983,16,16,16,16,16,16,16,16,16,16
170867,1,1,1983,0,0,0,0,0,0,0,0,0,0
170867,2,1,1983,0,0,0,0,0,0,0,0,0,0
170868,1,1,1983,0,0,0,0,0,0,0,10,0,0
170868,2,1,1983,0,0,0,0,0,0,0,0,0,0
170869,0,1,1983,0,0,0,0,0,0,0,0,0,0
170869,1,1,1983,0,0,0,0,6,8,0,0,0,0
170870,1,1,1983,18,18,18,18,18,18,18,18,18,18
170871,1,1,1983,28,28,28,28,28,28,28,28,28,28
170872,1,1,1983,16,20,0,19,5,0,17,19,0,11
170873,1,1,1983,14,25,23,12,20,18,22,22,23,7
170874,1,1,1983,0,0,0,0,0,0,0,0,0,0
170874,2,1,1983,0,0,0,0,0,0,0,0,0,0
170875,1,1,1983,0,0,0,0,0,4,0,0,4,0
170875,2,1,1983,0,10,0,19,19,0,0,0,0,0
170876,1,1,1983,14,14,14,14,14,14,14,14,14,14
170877,0,1,1983,0,0,0,0,0,0,0,0,0,0
170877,1,1,1983,0,0,0,0,0,0,0,0,0,0
170878,1,1,1983,0,0,0,0,0,0,0,0,0,0
170879,1,1,1983,17,17,17,17,17,17,17,17,17,17
170880,1,1,1983,21,21,21,21,21,21,21,21,21,21
170881,1,1,1983,0,0,0,0,0,0,0,0,0,0
170881,2,1,1983,0,0,0,0,0,0,0,0,0,0
170881,3,1,1983,0,0,0,0,0,0,0,0,0,0
170882,1,1,1983,17,17,17,17,17,17,17,17,17,17
170884,1,1,1983,12,12,12,12,12,12,12,12,12,12
170884,2,1,1983,0,0,0,0,0,0,0,0,0,0
170885,1,1,1983,9,9,9,9,9,9,9,9,9,9
170886,1,1,1983,26,26,26,26,26,26,26,26,26,26
170887,1,1,1983,0,0,0,0,0,0,0,0,0,0
170887,2,1,1983,0,0,0,0,0,0,0,0,0,0
170888,1,1,1983,0,0,0,0,0,0,0,0,0,0
170888,2,1,1983,0,0,0,0,0,0,0,0,0,0
170889,1,1,1983,0,0,0,0,0,0,0,0,0,0
170889,2,1,1983,0,0,0,0,18,0,0,0,0,0
170890,1,1,1983,0,0,0,0,0,0,0,0,0,0
170890,2,1,1983,0,0,0,0,0,0,0,0,0,0
170891,1,1,1983,12,11,7,9,15,10,14,17,6,11
170892,1,1,1983,15,6,22,15,6,28,13,0,24,24
170892,2,1,1983,0,0,0,0,0,0,0,0,0,0
170893,1,1,1983,15,15,15,15,15,15,15,15,15,15
170894,1,1,1983,3,3,3,3,3,3,3,3,3,3
170894,2,1,1983,8,8,8,8,8,8,8,8,8,8
170895,1,1,1983,21,21,21,21,21,21,21,21,21,21
170895,2,1,1983,0,0,0,0,0,0,30,0,0,19
170896,1,1,1983,0,0,0,0,0,0,0,0,0,11
170896,2,1,1983,14,14,14,14,14,14,14,14,14,14
170897,0,1,1983,0,22,0,0,24,0,0,0,0,0
170897,1,1,1983,0,0,0,0,0,0,0,0,0,0
170898,0,1,1983,0,0,0,0,0,0,0,0,0,0
170898,1,1,1983,17,17,17,17,17,17,17,17,17,17
170899,1,1,1983,3,3,3,3,3,3,3,3,3,3
170900,1,1,1983,13,13,13,13,13,13,13,13,13,13
170901,1,1,1983,5,5,5,5,5,5,5,5,5,5
170902,1,1,1983,0,0,0,0,0,0,0,0,0,0
170902,2,1,1983,0,0,0,0,0,0,26,0,0,0
170903,1,1,1983,32,32,32,32,32,32,32,32,32,32
170904,1,1,1983,0,0,0,4,0,0,0,0,27,20
170905,1,1,1983,25,25,25,25,25,25,25,25,25,25
170906,1,1,1983,0,0,0,0,0,0,0,0,0,0
170906,2,1,1983,0,0,0,0,0,0,20,0,0,0
170907,1,1,1983,0,0,0,0,0,0,0,0,0,0
170908,1,1,1983,0,0,0,0,0,0,0,0,0,0
170908,2,1,1983,0,0,0,0,0,0,0,0,0,0
170909,1,1,1983,24,24,24,24,24,24,24,24,24,24
170910,1,1,1983,19,19,19,19,19,19,19,19,19,19
170911,1,1,1983,19,19,19,19,19,19,19,19,19,19
170912,1,1,1983,0,0,0,0,0,0,0,0,0,0
170912,2,1,1983,0,0,0,0,0,0,0,0,0,0
170913,1,1,1983,0,23,0,0,0,0,0,0,0,0
170914,1,1,1983,16,16,16,16,16,16,16,16,16,16
170915,0,1,1983,10,10,10,10,10,10,10,10,10,10
170915,1,1,1983,0,0,0,0,24,0,29,0,0,0
170916,1,1,1983,0,6,15,0,0,5,13,0,7,12
170916,2,1,1983,14,12,0,0,19,7,30,14,19,24
170917,1,1,1983,0,0,0,0,25,6,0,0,20,22
170918,1,1,1983,16,16,16,16,16,16,16,16,16,16
170919,1,1,1983,7,24,33,22,0,0,0,24,20,26
170920,1,1,1983,13,13,13,13,13,13,13,13,13,13
170920,2,1,1983,0,0,0,0,0,0,11,0,0,32
170921,0,1,1983,0,0,0,0,0,0,0,0,0,0
170921,1,1,1983,0,0,0,0,0,0,0,0,0,0
170922,1,1,1983,4,4,4,4,4,4,4,4,4,4
170923,1,1,1983,15,15,15,15,15,15,15,15,15,15
170924,1,1,1983,14,14,14,14,14,14,14,14,14,14
170924,2,1,1983,13,13,13,13,13,13,13,13,13,13
170925,0,1,1983,14,14,14,14,14,14,14,14,14,14
170925,1,1,1983,2,2,2,2,2,2,2,2,2,2
170926,1,1,1983,0,0,0,0,0,0,0,0,0,0
170926,2,1,1983,0,0,0,0,0,0,0,0,0,0
170926,3,1,1983,0,0,0,0,0,0,0,0,0,0
170927,1,1,1983,20,20,20,20,20,20,20,20,20,20
170928,1,1,1983,0,0,0,0,0,15,0,0,0,20
170928,2,1,1983,0,0,0,0,0,0,0,0,0,0
170929,1,1,1983,0,0,0,0,0,0,0,0,0,0
170929,2,1,1983,0,0,0,0,0,0,0,0,0,0
170930,0,1,1983,0,0,0,0,0,0,0,0,0,0
170930,1,1,1983,0,0,0,0,0,0,0,0,0,0
170931,1,1,1983,0,0,0,0,0,0,0,0,0,0
170931,2,1,1983,0,0,0,0,0,0,0,0,0,0
170932,1,1,1983,0,0,0,0,0,0,0,0,0,0
170932,2,1,1983,0,0,0,0,0,0,0,0,0,0
170933,0,1,1983,0,0,0,0,0,22,0,0,0,0
170933,1,1,1983,0,0,0,0,0,0,0,0,0,0
170934,1,1,1983,17,17,17,17,17,17,17,17,17,17
170935,1,1,1983,0,0,0,0,0,0,0,0,0,0
170936,1,1,1983,18,18,18,18,18,18,18,18,18,18
170937,1,1,1983,0,0,0,0,0,0,9,0,14,0
170937,2,1,1983,0,11,0,0,0,0,0,0,0,0
170938,1,1,1983,21,8,12,7,14,14,12,22,27,18
170938,2,1,1983,0,10,0,0,19,17,0,0,0,15
170939,1,1,1983,0,0,0,0,0,0,0,0,0,0
170939,2,1,1983,0,0,0,7,0,0,0,0,20,0
170940,1,1,1983,12,12,12,12,12,12,12,12,12,12
170940,2,1,1983,0,0,14,0,0,0,0,10,0,9
170941,1,1,1983,0,0,9,0,0,0,0,0,0,0
170941,2,1,1983,0,0,0,0,0,0,0,0,0,0
170942,1,1,1983,0,0,12,0,13,0,7,0,13,0
170942,2,1,1983,10,10,10,10,10,10,10,10,10,10
170943,1,1,1983,17,22,11,0,16,0,28,23,15,12
170944,1,1,1983,30,30,30,30,30,30,30,30,30,30
170945,1,1,1983,0,0,0,0,0,0,0,0,0,0
170945,2,1,1983,0,0,0,0,0,0,0,0,0,0
170946,1,1,1983,0,0,0,0,0,0,0,0,0,0
170947,1,1,1983,0,0,0,0,0,0,0,0,0,0
170947,2,1,1983,0,0,0,0,0,0,0,0,0,0
170948,1,1,1983,0,0,0,0,0,0,0,0,0,0
170949,1,1,1983,12,12,12,12,12,12,12,12,12,12
170949,2,1,1983,0,0,0,0,0,0,0,3,0,0
170950,1,1,1983,27,27,27,27,27,27,27,27,27,27
170951,1,1,1983,0,15,0,0,0,0,0,0,10,8
170951,2,1,1983,0,0,0,0,0,0,0,0,0,0
170952,1,1,1983,18,18,18,18,18,18,18,18,18,18
170952,2,1,1983,14,0,13,0,0,0,0,0,0,0
170953,1,1,1983,8,8,8,8,8,8,8,8,8,8
170954,1,1,1983,0,0,0,0,0,0,0,0,0,0
170954,2,1,1983,0,0,21,0,0,0,0,10,0,0
170955,1,1,1983,5,5,5,5,5,5,5,5,5,5
170955,2,1,1983,18,18,18,18,18,18,18,18,18,18
170956,1,1,1983,28,28,28,28,28,28,28,28,28,28
170957,0,1,1983,19,0,0,0,14,13,0,7,0,0
170957,0,2,1983,0,0,0,0,30,17,0,12,0,0
170957,0,3,1983,12,0,0,0,0,0,15,0,0,8
170957,1,1,1983,28,16,0,0,0,11,16,0,30,0
170958,0,1,1983,24,24,24,24,24,24,24,24,24,24
170958,1,1,1983,8,8,8,8,8,8,8,8,8,8
170959,1,1,1983,18,18,18,18,18,18,18,18,18,18
170960,1,1,1983,0,0,0,0,0,0,0,0,0,0
170960,2,1,1983,0,0,0,0,0,0,0,0,0,0
170961,0,1,1983,0,0,0,19,21,0,0,0,0,33
170961,1,1,1983,0,0,0,8,13,0,9,0,0,0
170962,1,1,1983,12,12,12,12,12,12,12,12,12,12
170963,1,1,1983,0,0,25,10,0,10,0,9,24,14
170964,1,1,1983,21,20,4,16,0,7,0,21,29,17
170964,2,1,1983,4,4,4,4,4,4,4,4,4,4
170965,1,1,1983,0,0,0,0,0,0,0,0,0,0
170965,2,1,1983,0,0,0,0,0,0,0,0,0,0
170965,3,1,1983,0,0,0,0,0,0,0,0,0,0
170966,0,1,1983,0,0,0,0,0,0,0,0,0,0
170966,1,1,1983,0,0,0,0,0,0,0,0,0,0
170967,1,1,1983,0,0,0,0,0,0,4,0,0,0
170967,2,1,1983,0,0,0,0,0,0,0,0,0,0
170968,0,1,1983,19,19,19,19,19,19,19,19,19,19
170968,1,1,1983,0,14,29,16,0,0,0,0,12,0
170969,0,1,1983,0,0,0,0,0,0,0,0,0,0
170969,1,1,1983,0,0,0,0,0,0,0,0,0,0
170970,1,1,1983,15,15,15,15,15,15,15,15,15,15
170970,2,1,1983,0,0,0,0,0,0,0,0,0,0
170971,0,1,1983,25,25,25,25,25,25,25,25,25,25
170971,1,1,1983,0,0,0,0,0,0,0,0,0,0
170972,0,1,1983,29,29,29,29,29,29,29,29,29,29
170972,1,1,1983,0,0,0,0,0,0,0,0,0,8
170973,1,1,1983,0,0,0,0,0,0,0,0,0,0
170974,1,1,1983,0,10,0,11,0,0,0,0,0,0
170974,2,1,1983,3,0,0,0,0,0,0,0,0,0
170975,0,1,1983,0,0,0,0,0,0,0,0,0,0
170975,1,1,1983,0,0,0,0,0,0,0,0,0,0
170976,1,1,1983,0,0,0,0,0,0,0,0,0,0
170976,2,1,1983,0,0,0,0,0,0,0,0,0,0
170977,1,1,1983,15,15,15,15,15,15,15,15,15,15
170978,1,1,1983,10,0,0,15,0,0,0,0,0,0
170978,2,1,1983,0,13,19,0,0,16,0,18,9,15
170979,1,1,1983,0,0,0,0,0,0,0,0,0,16
170980,0,1,1983,0,0,12,9,0,13,0,0,11,31
170980,1,1,1983,30,30,30,30,30,30,30,30,30,30
170981,1,1,1983,0,17,18,0,0,0,0,0,0,0
170982,1,1,1983,0,0,0,10,8,0,18,0,0,12
170982,2,1,1983,0,0,0,0,0,8,0,0,0,0
170983,1,1,1983,23,6,18,0,11,20,27,0,17,0
170983,2,1,1983,0,0,0,0,0,10,0,0,0,0
170983,3,1,1983,0,0,0,0,0,0,0,0,0,0
170984,1,1,1983,6,6,6,6,6,6,6,6,6,6
170985,0,1,1983,0,0,0,0,0,0,0,0,0,0
170985,1,1,1983,0,0,0,0,0,0,0,0,0,0
170986,1,1,1983,0,0,0,0,0,0,0,0,0,0
170987,1,1,1983,22,22,22,22,22,22,22,22,22,22
170988,0,1,1983,28,28,28,28,28,28,28,28,28,28
170988,1,1,1983,0,0,0,0,14,0,0,0,0,0
170989,1,1,1983,0,0,0,0,0,0,0,0,0,0
170989,2,1,1983,0,0,0,0,0,0,0,0,0,0
170990,1,1,1983,0,0,0,0,0,0,0,0,0,0
170990,2,1,1983,0,0,0,0,0,0,0,0,0,0
170991,0,1,1983,0,0,0,0,0,0,0,0,0,0
170991,1,1,1983,0,0,0,0,8,0,0,0,0,0
170992,1,1,1983,0,0,0,0,0,0,0,0,0,0
170992,2,1,1983,0,0,0,0,0,0,0,0,0,0
170993,1,1,1983,0,0,11,0,0,0,0,0,0,0
170993,2,1,1983,0,0,0,0,0,0,0,0,0,0
170994,1,1,1983,0,0,0,0,11,0,0,0,0,0
170994,2,1,1983,0,0,0,0,0,0,0,0,12,0
170995,1,1,1983,5,5,5,5,5,5,5,5,5,5
170995,2,1,1983,0,0,0,0,22,15,0,0,3,0
170996,1,1,1983,23,23,23,23,23,23,23,23,23,23
170996,2,1,1983,18,13,13,0,4,20,16,0,13,0
170997,1,1,1983,7,7,7,7,7,7,7,7,7,7
170997,2,1,1983,5,5,5,5,5,5,5,5,5,5
170998,1,1,1983,0,0,0,0,0,0,0,0,0,0
170998,2,1,1983,0,0,0,0,0,0,0,0,0,0
170999,1,1,1983,0,0,0,0,0,0,0,0,0,0
170999,2,1,1983,0,0,0,0,0,0,0,0,0,0
171000,1,1,1983,21,21,21,21,21,21,21,21,21,21
171001,1,1,1983,19,19,19,19,19,19,19,19,19,19
171002,1,1,1983,0,0,0,0,0,0,0,0,0,0
171002,2,1,1983,0,0,0,0,0,0,0,0,0,0
171003,1,1,1983,0,0,0,0,0,0,0,0,0,0
171004,1,1,1983,0,0,0,0,0,0,0,0,0,0
171004,2,1,1983,0,0,0,0,0,0,0,0,0,0
171004,3,1,1983,0,0,0,9,0,0,0,0,0,0
171005,1,1,1983,0,0,0,0,0,0,0,0,0,0
171005,2,1,1983,0,0,0,0,0,0,0,0,0,0
171006,1,1,1983,0,16,0,0,0,0,0,0,0,0
171006,2,1,1983,0,0,0,0,0,0,0,0,0,0
171006,3,1,1983,0,0,0,0,0,0,0,0,0,0
171007,1,1,1983,12,12,12,12,12,12,12,12,12,12
171007,2,1,1983,0,0,0,0,0,0,0,0,0,0
171008,1,1,1983,2,2,2,2,2,2,2,2,2,2
171009,1,1,1983,0,0,0,0,0,0,0,0,0,0
171010,1,1,1983,0,0,0,0,0,0,0,0,0,0
171011,1,1,1983,0,0,0,0,0,0,0,0,0,0
171011,2,1,1983,0,0,0,0,0,0,0,0,0,0
171012,1,1,1983,18,18,18,18,18,18,18,18,18,18
171013,1,1,1983,20,20,20,20,20,20,20,20,20,20
171014,1,1,1983,0,0,0,0,0,0,0,0,0,0
171014,2,1,1983,0,0,0,0,0,0,0,0,0,0
171015,1,1,1983,0,28,0,0,0,0,0,0,0,0
171015,2,1,1983,0,0,0,0,0,0,0,0,0,0
171016,1,1,1983,6,6,6,6,6,6,6,6,6,6
171017,1,1,1983,0,0,0,0,0,0,0,0,0,0
171017,2,1,1983,0,0,0,0,0,0,0,0,0,0
171017,3,1,1983,0,0,0,0,0,0,0,0,0,0
171018,1,1,1983,0,0,0,0,0,0,0,0,30,0
171018,2,1,1983,0,0,0,0,0,0,0,0,0,0
171018,3,1,1983,0,0,0,0,0,0,0,0,0,0
171019,1,1,1983,0,0,0,0,9,0,29,8,0,0
171020,0,1,1983,21,10,23,14,14,0,29,0,11,8
171020,1,1,1983,31,14,14,20,10,0,0,16,8,9
171021,1,1,1983,25,25,25,25,25,25,25,25,25,25
171022,1,1,1983,8,8,8,8,8,8,8,8,8,8
171022,2,1,1983,29,29,29,29,29,29,29,29,29,29
171023,1,1,1983,24,24,24,24,24,24,24,24,24,24
171024,1,1,1983,0,0,0,0,0,0,0,0,0,0
171024,2,1,1983,0,0,0,0,0,0,0,0,0,0
171025,1,1,1983,0,0,0,0,0,0,0,0,0,0
171025,2,1,1983,0,0,10,0,0,0,0,0,0,0
171025,3,1,1983,0,0,0,0,0,0,0,0,0,0
171025,4,1,1983,0,0,0,0,0,0,0,0,0,0
171026,1,1,1983,0,0,0,0,0,0,0,0,0,0
171027,1,1,1983,0,0,0,0,0,0,0,0,0,0
171028,1,1,1983,0,0,0,43,24,0,0,0,0,0
171029,1,1,1983,20,20,20,20,20,20,20,20,20,20
171030,1,1,1983,20,20,20,20,20,20,20,20,20,20
171031,0,1,1983,39,39,39,39,39,39,39,39,39,39
171031,1,1,1983,0,0,0,0,0,0,0,0,0,0
171032,1,1,1983,0,0,0,0,0,0,0,0,0,0
171032,2,1,1983,0,0,4,0,0,0,0,5,0,28
171033,1,1,1983,23,23,23,23,23,23,23,23,23,23
171033,2,1,1983,0,0,0,0,0,0,0,0,0,0
171034,1,1,1983,0,0,0,0,0,0,0,0,0,0
171034,2,1,1983,0,0,0,0,0,0,0,0,0,0
171035,0,1,1983,21,21,21,21,21,21,21,21,21,21
171035,1,1,1983,0,0,0,23,0,0,0,0,0,0
171036,1,1,1983,28,28,28,28,28,28,28,28,28,28
171037,1,1,1983,16,16,16,16,16,16,16,16,16,16
171038,1,1,1983,32,32,32,32,32,32,32,32,32,32
171038,2,1,1983,7,7,7,7,7,7,7,7,7,7
171039,0,1,1983,0,0,0,0,0,0,0,0,0,0
171039,1,1,1983,0,0,0,0,0,0,0,0,0,0
171040,1,1,1983,0,0,0,0,0,0,0,0,0,0
171040,2,1,1983,0,0,0,0,0,0,0,0,0,0
171041,1,1,1983,0,0,0,0,0,0,0,0,0,0
171041,2,1,1983,21,0,0,0,0,0,0,0,0,0
171042,1,1,1983,0,0,0,0,0,0,0,0,0,0
171042,2,1,1983,0,0,0,0,0,0,0,0,0,0
171043,1,1,1983,6,6,6,6,6,6,6,6,6,6
171043,2,1,1983,0,29,32,24,0,37,16,0,23,35
171044,1,1,1983,0,0,0,0,18,0,0,0,0,0
171044,2,1,1983,0,0,3,0,15,0,7,0,0,0
171045,1,1,1983,20,20,20,20,20,20,20,20,20,20
171046,1,1,1983,16,0,29,9,23,9,21,28,7,21
171047,1,1,1983,20,18,41,5,21,10,27,3,0,10
171048,1,1,1983,35,20,31,14,0,16,18,22,14,11
171049,0,1,1983,0,0,0,0,0,0,0,0,0,0
171049,1,1,1983,0,0,0,0,0,0,0,0,0,0
171049,2,1,1983,0,0,0,0,0,0,0,0,0,0
171050,0,1,1983,16,16,16,16,16,16,16,16,16,16
171050,1,1,1983,14,10,15,30,21,0,12,28,18,15
171051,1,1,1983,20,20,20,20,20,20,20,20,20,20
171052,1,1,1983,31,31,31,31,31,31,31,31,31,31
171053,1,1,1983,17,17,17,17,17,17,17,17,17,17
171053,2,1,1983,0,0,7,0,6,9,9,4,16,15
171054,0,1,1983,11,11,11,11,11,11,11,11,11,11
171054,1,1,1983,11,11,11,11,11,11,11,11,11,11
171055,0,1,1983,0,0,0,0,0,0,0,0,0,0
171055,1,1,1983,11,11,11,11,11,11,11,11,11,11
171056,0,1,1983,0,0,0,0,0,0,0,0,0,0
171056,1,1,1983,15,0,0,0,0,0,0,0,0,0
171057,0,1,1983,0,0,0,0,0,0,0,0,0,0
171057,1,1,1983,0,22,16,3,0,8,12,20,14,16
171058,1,1,1983,0,0,0,0,0,0,0,0,0,0
171058,2,1,1983,0,0,0,0,0,0,0,0,0,0
171059,1,1,1983,0,0,0,0,0,0,0,0,0,0
171059,2,1,1983,0,0,0,0,0,0,0,0,0,0
171059,3,1,1983,0,0,0,0,0,0,0,0,0,0
171059,4,1,1983,0,0,0,0,0,0,0,0,2,0
171060,1,1,1983,0,0,0,0,0,0,0,0,0,0
171060,2,1,1983,0,0,0,0,0,0,0,0,0,0
171061,0,1,1983,26,26,26,26,26,26,26,26,26,26
171061,1,1,1983,31,0,0,16,0,0,0,16,0,12
171062,1,1,1983,0,0,0,0,0,0,0,0,0,0
171063,0,1,1983,10,10,10,10,10,10,10,10,10,10
171063,1,1,1983,0,0,0,0,0,0,0,0,0,0
171064,1,1,1983,0,0,0,22,0,0,0,0,0,0
171064,2,1,1983,0,0,0,0,0,0,0,0,0,0
171064,3,1,1983,0,0,0,0,0,0,0,0,0,0
171065,0,1,1983,6,6,6,6,6,6,6,6,6,6
171065,1,1,1983,0,25,22,23,6,14,8,22,10,10
171065,2,1,1983,0,0,0,0,0,0,0,0,0,0
171066,1,1,1983,0,0,0,0,0,0,0,0,0,0
171067,0,1,1983,0,0,0,18,0,14,0,0,32,22
171067,1,1,1983,10,0,0,5,8,13,0,0,29,0
171068,1,1,1983,0,0,0,0,0,0,0,0,0,0
171068,2,1,1983,0,0,0,0,0,0,0,0,0,0
171069,1,1,1983,16,21,11,0,10,0,33,0,0,24
171069,2,1,1983,0,0,0,0,0,0,0,0,0,0
171069,3,1,1983,0,0,0,0,0,0,0,0,8,0
171070,1,1,1983,0,13,0,0,0,0,0,0,0,0
171071,1,1,1983,0,0,0,0,0,0,0,0,0,0
171071,2,1,1983,0,0,0,0,0,0,0,0,0,0
171071,3,1,1983,0,0,0,0,0,0,0,0,0,0
171072,1,1,1983,0,0,0,0,5,0,10,16,0,0
171073,1,1,1983,0,0,0,0,0,0,0,0,0,0
171074,1,1,1983,0,0,0,0,0,0,0,0,0,0
171074,2,1,1983,11,0,0,9,26,9,0,0,0,3
171075,0,1,1983,0,0,0,0,0,0,0,0,0,0
171075,0,2,1983,20,0,0,0,0,14,7,0,0,11
171075,1,1,1983,34,26,0,15,16,32,0,20,14,0
171076,1,1,1983,22,22,22,22,22,22,22,22,22,22
171076,2,1,1983,26,26,26,26,26,26,26,26,26,26
171077,0,1,1983,0,0,0,0,0,0,0,0,0,0
171077,1,1,1983,6,26,24,3,13,17,19,19,15,22
171078,1,1,1983,0,0,0,0,0,0,0,0,0,0
171078,2,1,1983,20,20,20,20,20,20,20,20,20,20
171079,1,1,1983,14,14,14,14,14,14,14,14,14,14
171080,1,1,1983,24,24,24,24,24,24,24,24,24,24
171081,1,1,1983,11,11,11,11,11,11,11,11,11,11
171082,0,1,1983,0,0,0,0,0,0,0,0,0,0
171082,1,1,1983,0,0,0,0,0,0,0,0,0,0
171083,1,1,1983,10,4,11,9,0,0,20,12,0,13
171084,1,1,1983,0,22,11,0,0,0,0,0,17,0
171084,2,1,1983,0,0,0,0,0,0,0,0,0,0
171084,3,1,1983,0,0,0,0,0,0,0,0,0,0
171085,1,1,1983,18,18,18,18,18,18,18,18,18,18
171086,1,1,1983,0,0,0,0,0,0,0,0,0,0
171086,2,1,1983,0,0,0,0,0,0,0,0,5,0
171087,1,1,1983,15,22,14,24,20,17,28,26,9,19
171087,2,1,1983,0,0,0,0,0,0,0,0,0,0
171088,0,1,1983,0,0,0,0,0,0,0,0,0,0
171088,1,1,1983,0,0,0,0,0,0,0,0,0,0
171089,1,1,1983,0,0,0,0,0,0,0,0,0,0
171090,1,1,1983,24,14,10,12,14,19,10,25,14,11
171091,1,1,1983,9,0,0,0,0,0,0,0,0,0
171092,1,1,1983,0,0,0,0,0,0,0,0,0,0
171093,1,1,1983,11,11,11,11,11,11,11,11,11,11
171094,0,1,1983,0,0,0,0,0,0,0,0,0,11
171094,1,1,1983,0,10,19,0,3,3,0,0,11,0
171095,0,1,1983,0,0,0,0,0,0,0,0,0,0
171095,1,1,1983,0,0,0,0,0,0,0,0,0,15
171096,0,1,1983,1,1,1,1,1,1,1,1,1,1
171096,1,1,1983,0,8,10,0,0,0,0,0,0,0
171097,0,1,1983,0,0,0,0,0,0,0,0,0,0
171097,1,1,1983,0,0,0,0,0,0,0,0,0,0
171097,2,1,1983,0,0,0,0,0,0,0,0,0,0
171098,1,1,1983,26,17,20,15,19,17,14,25,16,28
171098,2,1,1983,0,0,0,0,0,0,0,0,0,24
171099,1,1,1983,12,12,12,12,12,12,12,12,12,12
171099,2,1,1983,0,0,0,0,0,0,0,0,0,0
171101,1,1,1983,31,31,31,31,31,31,31,31,31,31
171102,1,1,1983,0,0,0,13,0,0,0,0,0,0
171102,2,1,1983,0,0,0,0,0,0,0,0,0,0
171103,1,1,1983,0,0,0,0,0,0,0,0,0,0
171104,0,1,1983,0,0,0,0,0,0,0,0,0,0
171104,1,1,1983,17,7,14,4,10,18,28,14,10,3
171105,1,1,1983,0,0,0,0,0,0,0,0,0,0
171106,0,1,1983,0,0,0,19,0,0,0,0,0,0
171106,1,1,1983,0,0,0,0,0,0,0,0,0,6
171106,2,1,1983,0,0,0,0,0,0,0,0,0,0
171107,1,1,1983,21,21,21,21,21,21,21,21,21,21
171107,2,1,1983,0,0,0,0,0,0,0,0,0,0
171108,1,1,1983,0,0,0,0,0,0,0,0,0,0
171109,1,1,1983,0,0,0,0,0,0,0,0,0,0
171109,2,1,1983,0,0,0,0,0,0,0,0,0,0
171110,1,1,1983,34,34,34,34,34,34,34,34,34,34
171111,1,1,1983,0,0,0,0,0,0,0,0,0,0
171112,1,1,1983,22,22,22,22,22,22,22,22,22,22
171112,2,1,1983,1,1,1,1,1,1,1,1,1,1
171113,0,1,1983,0,0,0,0,0,0,0,0,0,0
171113,1,1,1983,5,0,11,0,0,9,8,17,0,0
171114,0,1,1983,26,26,26,26,26,26,26,26,26,26
171114,1,1,1983,12,4,17,16,19,11,32,8,11,0
171114,2,1,1983,0,0,0,0,0,0,26,0,15,0
171115,1,1,1983,0,21,0,0,0,12,0,7,0,2
171115,2,1,1983,0,0,0,0,0,0,0,8,0,0
171116,1,1,1983,14,14,14,14,14,14,14,14,14,14
171117,0,1,1983,0,0,0,0,0,0,0,0,0,0
171117,1,1,1983,0,0,0,0,0,0,16,0,0,0
171118,1,1,1983,0,0,19,20,0,0,0,0,0,8
171118,2,1,1983,0,0,0,0,0,0,0,0,27,0
171119,1,1,1983,0,0,13,0,0,0,0,0,0,0
171120,0,1,1983,13,0,19,0,0,0,22,0,0,0
171120,1,1,1983,0,0,0,0,0,0,0,12,0,0
171121,1,1,1983,0,0,0,0,0,0,0,0,0,0
171121,2,1,1983,0,0,0,0,17,0,0,0,0,0
171121,3,1,1983,18,7,13,16,14,11,9,14,9,6
171122,1,1,1983,38,19,5,13,18,0,21,12,9,12
171122,2,1,1983,0,0,15,12,0,0,11,0,0,2
171123,1,1,1983,6,13,17,16,7,16,16,9,18,17
171123,2,1,1983,7,0,16,3,14,22,10,14,23,0
171124,1,1,1983,28,28,28,28,28,28,28,28,28,28
171124,2,1,1983,0,0,0,3,0,0,0,0,0,0
171125,1,1,1983,0,0,0,0,0,0,0,0,0,0
171126,1,1,1983,4,4,4,4,4,4,4,4,4,4
171126,2,1,1983,0,0,0,0,0,0,0,0,0,0
171127,1,1,1983,0,10,0,0,0,16,9,0,0,0
171127,2,1,1983,0,0,0,0,0,0,0,0,0,0
171128,1,1,1983,0,0,21,0,17,0,0,0,0,22
171128,2,1,1983,0,0,0,0,0,0,0,0,0,0
171128,3,1,1983,0,0,0,0,0,0,0,0,0,0
171129,1,1,1983,9,9,9,9,9,9,9,9,9,9
171129,2,1,1983,0,0,0,0,0,0,0,0,0,0
171129,3,1,1983,15,0,0,0,0,0,0,12,4,0
171130,1,1,1983,21,21,21,21,21,21,21,21,21,21
171131,1,1,1983,22,22,22,22,22,22,22,22,22,22
171132,1,1,1983,4,12,11,5,18,7,19,13,17,0
171133,1,1,1983,16,16,16,16,16,16,16,16,16,16
171134,1,1,1983,0,0,0,0,0,0,0,0,0,0
171134,2,1,1983,0,0,0,0,0,0,0,0,0,0
171135,1,1,1983,7,7,7,7,7,7,7,7,7,7
171135,2,1,1983,0,0,0,0,0,0,0,0,0,19
171136,1,1,1983,16,11,11,0,0,11,0,19,0,0
171137,1,1,1983,13,13,13,13,13,13,13,13,13,13
171137,2,1,1983,14,14,14,14,14,14,14,14,14,14
171138,1,1,1983,16,16,16,16,16,16,16,16,16,16
171138,2,1,1983,0,16,0,0,0,0,0,0,0,0