ST_CASE,VEH_NO,PER_NO,YEAR,P1,P2,P3,P4,P5,P6,P7,P8,P9,P10
171139,0,1,1983,0,0,0,0,0,0,0,0,0,0
171139,1,1,1983,11,0,0,0,0,0,0,0,21,11
171140,1,1,1983,0,0,0,0,0,6,0,0,0,0
171141,0,1,1983,17,0,0,23,0,46,0,24,0,19
171141,1,1,1983,0,0,0,0,0,0,0,0,0,0
171142,1,1,1983,11,6,13,9,12,7,16,6,11,20
171142,2,1,1983,14,0,0,5,5,7,0,0,0,6
171143,1,1,1983,14,14,14,14,14,14,14,14,14,14
171144,1,1,1983,0,0,0,0,0,0,0,0,0,0
171144,2,1,1983,0,0,20,0,0,24,0,0,0,0
171145,0,1,1983,0,0,0,0,0,0,0,0,0,0
171145,1,1,1983,0,0,0,0,0,0,0,0,0,0
171146,1,1,1983,0,0,0,0,0,0,0,0,19,0
171146,2,1,1983,11,2,8,11,8,18,19,0,24,19
171147,1,1,1983,0,0,0,0,0,0,0,0,0,0
171148,1,1,1983,23,0,11,0,19,12,10,15,16,22
171149,1,1,1983,0,0,0,0,0,0,0,0,0,0
171149,2,1,1983,0,0,0,10,0,0,0,0,0,0
171150,1,1,1983,0,0,0,0,0,0,0,0,0,0
171150,2,1,1983,0,0,0,0,0,0,0,0,0,0
171151,1,1,1983,13,0,14,11,19,18,12,11,5,21
171151,2,1,1983,0,0,0,0,0,0,0,0,0,0
171152,1,1,1983,27,27,27,27,27,27,27,27,27,27
171152,2,1,1983,0,0,0,0,0,0,0,0,0,0
171153,1,1,1983,0,0,0,0,0,0,0,0,0,0
171154,1,1,1983,0,0,0,0,0,14,0,0,0,0
171155,1,1,1983,0,0,0,0,0,0,0,0,0,0
171155,2,1,1983,20,0,0,0,0,0,0,0,0,0
171156,1,1,1983,0,0,0,0,0,0,0,0,0,0
171156,2,1,1983,0,0,0,0,0,0,0,0,0,0
171157,1,1,1983,1,1,1,1,1,1,1,1,1,1
171158,1,1,1983,20,20,20,20,20,20,20,20,20,20
171158,2,1,1983,0,0,0,0,0,0,0,0,0,0
171158,3,1,1983,0,0,0,0,0,0,0,0,0,0
171158,4,1,1983,0,0,0,0,0,0,0,0,0,0
171158,5,1,1983,0,0,0,0,0,0,0,0,0,0
171158,6,1,1983,0,8,0,0,0,0,0,0,0,0
171159,1,1,1983,18,18,18,18,18,18,18,18,18,18
171160,1,1,1983,0,0,0,0,0,0,0,0,0,0
171161,1,1,1983,0,0,0,13,0,0,0,0,0,0
171161,2,1,1983,23,9,0,0,0,0,0,29,0,0
171162,1,1,1983,20,20,20,20,20,20,20,20,20,20
171163,1,1,1983,12,12,12,12,12,12,12,12,12,12
171163,2,1,1983,0,0,0,0,0,0,0,0,0,0
171164,1,1,1983,20,20,20,20,20,20,20,20,20,20
171165,1,1,1983,12,12,12,12,12,12,12,12,12,12
171165,2,1,1983,4,4,4,4,4,4,4,4,4,4
171166,1,1,1983,17,17,17,17,17,17,17,17,17,17
171167,1,1,1983,0,0,0,0,0,0,0,0,0,0
171168,1,1,1983,0,0,0,0,0,0,0,0,13,0
171168,2,1,1983,0,0,0,0,0,0,0,0,0,0
171170,0,1,1983,25,25,25,25,25,25,25,25,25,25
171170,1,1,1983,0,11,0,24,5,0,4,0,7,25
171170,2,1,1983,12,0,17,0,0,0,0,0,0,0
171171,1,1,1983,0,0,0,0,0,0,0,0,0,0
171171,2,1,1983,0,0,0,0,0,0,0,0,0,0
171172,1,1,1983,0,0,0,0,0,0,0,0,0,0
171173,1,1,1983,15,5,28,21,21,23,2,12,17,20
171174,1,1,1983,0,0,0,0,0,0,0,0,0,0
171174,2,1,1983,0,0,0,0,0,0,0,0,0,0
171175,1,1,1983,0,0,0,0,0,0,0,0,0,0
171175,2,1,1983,0,0,0,0,0,0,0,0,0,0
171176,1,1,1983,23,23,23,23,23,23,23,23,23,23
171177,1,1,1983,0,0,0,0,0,0,0,0,0,0
171177,2,1,1983,0,21,0,0,0,0,0,0,0,0
171177,3,1,1983,0,0,0,0,0,0,0,0,0,0
171178,1,1,1983,16,16,16,16,16,16,16,16,16,16
171178,2,1,1983,0,0,0,0,0,0,0,0,0,26
171179,0,1,1983,29,29,29,29,29,29,29,29,29,29
171179,1,1,1983,0,0,0,0,0,0,0,0,0,0
171180,1,1,1983,0,0,12,0,0,20,10,5,0,0
171181,1,1,1983,22,22,22,22,22,22,22,22,22,22
171182,1,1,1983,21,21,21,21,21,21,21,21,21,21
171183,1,1,1983,20,20,20,20,20,20,20,20,20,20
171184,1,1,1983,0,0,0,0,0,0,0,0,0,0
171184,2,1,1983,0,0,0,0,0,0,0,0,0,0
171185,1,1,1983,0,0,0,5,0,0,0,0,0,0
171185,2,1,1983,0,0,0,0,0,0,0,0,0,0
171186,1,1,1983,16,23,14,10,0,0,0,33,0,0
171187,0,1,1983,0,0,0,0,0,0,0,0,0,0
171187,1,1,1983,0,0,0,0,0,0,0,0,0,0
171188,1,1,1983,23,10,11,19,13,11,7,10,25,9
171188,2,1,1983,16,0,0,0,0,0,0,0,0,0
171189,1,1,1983,0,0,6,14,8,5,0,0,11,13
171189,2,1,1983,0,0,0,0,0,0,0,0,0,0
171190,0,1,1983,15,14,20,20,3,15,17,36,27,0
171190,1,1,1983,0,0,0,0,0,24,0,0,12,19
171191,0,1,1983,10,16,25,19,0,0,0,16,0,15
171191,1,1,1983,28,0,0,29,29,5,13,17,15,0
171192,1,1,1983,0,0,0,0,0,0,0,0,0,0
171193,1,1,1983,0,0,0,0,0,0,0,0,5,0
171194,1,1,1983,16,28,0,0,2,0,0,19,5,5
171194,2,1,1983,0,7,0,24,13,8,19,11,0,0
171195,1,1,1983,21,21,21,21,21,21,21,21,21,21
171196,1,1,1983,0,0,0,0,0,0,0,0,0,0
171196,2,1,1983,22,22,22,22,22,22,22,22,22,22
171197,1,1,1983,13,13,13,13,13,13,13,13,13,13
171197,2,1,1983,0,0,0,0,0,0,0,17,0,0
171198,1,1,1983,4,4,4,4,4,4,4,4,4,4
171198,2,1,1983,3,19,0,0,0,15,0,23,11,0
171199,1,1,1983,0,0,11,0,0,0,0,0,0,0
171199,2,1,1983,0,0,0,0,0,0,0,0,0,0
171200,1,1,1983,0,0,0,0,0,0,0,0,0,0
171200,2,1,1983,0,0,0,0,0,0,12,0,0,0
171201,1,1,1983,0,0,0,0,0,0,30,17,0,0
171202,0,1,1983,0,15,0,24,28,0,0,0,0,0
171202,1,1,1983,0,0,0,0,0,0,0,0,0,0
171203,1,1,1983,0,0,0,0,0,0,0,0,0,0
171204,1,1,1983,14,14,11,24,22,10,17,14,20,12
171205,1,1,1983,0,0,0,0,0,0,0,0,0,0
171205,2,1,1983,0,0,0,0,0,0,0,0,0,0
171205,3,1,1983,0,0,0,0,0,0,0,0,0,0
171206,0,1,1983,3,3,3,3,3,3,3,3,3,3
171206,1,1,1983,12,9,19,6,10,18,4,21,11,0
171207,0,1,1983,0,0,0,0,0,0,0,0,0,0
171207,1,1,1983,0,0,0,0,6,0,0,0,0,16
171208,1,1,1983,25,25,25,25,25,25,25,25,25,25
171209,0,1,1983,0,0,0,0,0,0,0,0,0,0
171209,1,1,1983,22,11,23,10,29,24,8,2,15,15
171209,2,1,1983,0,8,13,0,0,37,10,0,0,0
171209,3,1,1983,0,0,0,4,0,0,0,0,0,0
171210,1,1,1983,19,19,19,19,19,19,19,19,19,19
171210,2,1,1983,0,0,0,0,0,0,28,0,0,0
171211,1,1,1983,13,13,13,13,13,13,13,13,13,13
171211,2,1,1983,18,12,21,15,12,0,0,0,30,0
171212,0,1,1983,0,0,0,0,0,0,0,0,0,0
171212,1,1,1983,0,0,0,0,0,0,0,0,10,0
171213,0,1,1983,26,26,26,26,26,26,26,26,26,26
171213,1,1,1983,5,5,5,5,5,5,5,5,5,5
171214,1,1,1983,0,0,0,0,0,0,0,0,0,0
171215,0,1,1983,0,0,0,0,0,0,0,0,0,0
171215,1,1,1983,0,0,0,0,0,0,0,0,0,0
171215,2,1,1983,0,0,0,0,0,0,0,0,0,0
171216,0,1,1983,0,0,0,0,0,0,0,0,0,0
171216,1,1,1983,0,0,17,0,0,0,0,0,0,0
171217,1,1,1983,0,0,0,0,0,0,0,0,0,0
171218,1,1,1983,0,0,0,0,0,0,0,0,0,0
171218,2,1,1983,18,12,0,18,18,8,0,0,12,0
171218,3,1,1983,0,0,0,0,0,0,0,0,0,0
171219,1,1,1983,16,16,16,16,16,16,16,16,16,16
171220,1,1,1983,18,18,18,18,18,18,18,18,18,18
171221,1,1,1983,19,14,42,0,14,21,4,22,15,12
171222,1,1,1983,0,0,0,0,0,0,0,0,0,0
171223,1,1,1983,0,0,0,0,0,0,0,0,0,0
171223,2,1,1983,0,15,0,0,0,18,0,0,0,0
171223,3,1,1983,0,0,0,0,0,0,0,0,0,0
171224,1,1,1983,0,0,0,0,0,0,0,0,0,0
171224,2,1,1983,0,0,0,14,0,0,0,0,0,0
171225,1,1,1983,0,0,0,20,0,19,0,0,6,0
171226,0,1,1983,14,12,23,2,20,34,15,48,11,23
171226,1,1,1983,9,9,9,9,9,9,9,9,9,9
171227,1,1,1983,0,0,0,0,0,0,0,0,0,0
171228,1,1,1983,28,28,28,28,28,28,28,28,28,28
171229,1,1,1983,0,0,0,0,0,0,0,0,0,0
171229,2,1,1983,0,0,0,0,0,0,0,0,0,0
171230,0,1,1983,0,23,0,0,20,0,0,0,0,10
171230,1,1,1983,0,0,0,0,0,0,0,0,0,0
171231,1,1,1983,27,27,27,27,27,27,27,27,27,27
171231,2,1,1983,0,0,0,0,0,0,0,0,0,0
171232,1,2,1983,0,0,0,0,0,0,0,0,0,0
171233,1,1,1983,0,0,0,0,0,0,0,0,0,0
171233,2,1,1983,0,0,0,0,0,0,0,0,0,0
171234,1,1,1983,0,0,0,0,0,0,0,0,0,0
171234,2,1,1983,0,0,0,0,0,0,0,0,0,0
171235,1,1,1983,0,0,0,0,0,0,0,0,0,0
171235,2,1,1983,0,0,0,0,0,0,0,0,0,0
171235,3,1,1983,0,0,0,0,0,0,0,0,0,0
171236,1,1,1983,10,10,10,10,10,10,10,10,10,10
171236,2,1,1983,0,0,0,0,0,0,0,0,0,0
171237,0,1,1983,19,19,19,19,19,19,19,19,19,19
171237,1,1,1983,0,0,0,0,0,0,0,21,0,0
171238,1,1,1983,19,19,19,19,19,19,19,19,19,19
171239,1,1,1983,31,14,11,18,0,11,15,28,17,24
171240,1,1,1983,5,5,5,5,5,5,5,5,5,5
171241,0,1,1983,0,0,0,0,0,0,0,0,0,0
171241,1,1,1983,17,0,14,5,23,21,29,3,14,21
171242,1,1,1983,29,29,29,29,29,29,29,29,29,29
171243,1,1,1983,0,0,0,16,0,0,11,0,7,0
171243,2,1,1983,0,10,0,0,13,0,18,0,0,13
171244,1,1,1983,0,0,0,0,0,0,0,0,0,0
171244,2,1,1983,0,0,0,0,0,0,0,0,0,0
171245,1,1,1983,0,0,0,0,0,0,0,0,0,0
171245,2,1,1983,0,0,0,0,0,0,0,0,0,28
171246,1,1,1983,0,0,0,0,0,0,0,0,0,0
171246,2,1,1983,5,5,5,5,5,5,5,5,5,5
171247,1,1,1983,0,0,0,13,0,39,0,0,21,32
171247,2,1,1983,0,0,0,0,0,9,0,0,0,0
171248,1,1,1983,26,26,26,26,26,26,26,26,26,26
171248,2,1,1983,0,0,0,0,0,0,0,0,0,0
171249,1,1,1983,26,26,26,26,26,26,26,26,26,26
171250,0,1,1983,35,0,0,0,29,0,0,0,0,0
171250,1,1,1983,0,0,0,0,0,0,0,0,11,0
171251,0,1,1983,21,0,22,20,23,33,20,9,55,26
171251,1,1,1983,10,0,24,9,13,0,14,0,0,0
171252,1,1,1983,23,10,0,13,28,17,21,16,0,20
171253,1,1,1983,27,27,27,27,27,27,27,27,27,27
171254,1,1,1983,0,0,0,0,0,0,0,0,0,0
171255,1,1,1983,0,0,0,0,0,0,0,0,0,0
171255,2,1,1983,0,0,0,0,0,0,0,0,0,0
171255,3,1,1983,0,0,0,0,0,0,0,0,0,0
171256,0,1,1983,0,0,0,0,0,0,0,0,0,0
171256,1,1,1983,0,0,0,0,0,0,0,0,0,0
171257,1,1,1983,0,0,0,0,0,0,0,0,0,0
171257,2,1,1983,0,0,0,0,0,0,0,0,0,0
171258,1,1,1983,17,17,17,17,17,17,17,17,17,17
171258,2,1,1983,0,0,7,0,0,0,0,0,0,0
171259,1,1,1983,11,8,33,16,5,10,27,0,13,17
171260,1,1,1983,13,6,21,17,3,4,9,8,0,5
171261,1,1,1983,8,8,8,8,8,8,8,8,8,8
171261,2,1,1983,18,18,18,18,18,18,18,18,18,18
171262,1,1,1983,0,0,0,0,0,0,0,0,0,0
171263,1,1,1983,13,0,8,12,0,0,0,0,0,0
171263,2,1,1983,0,0,0,13,0,10,0,0,0,7
171264,0,1,1983,0,0,0,0,0,0,0,0,0,0
171264,1,1,1983,0,0,0,0,0,0,0,0,0,0
171265,1,1,1983,0,0,0,0,11,11,0,27,25,17
171266,0,1,1983,11,11,11,11,11,11,11,11,11,11
171266,1,1,1983,0,36,8,17,16,0,12,0,36,0
171267,1,1,1983,0,0,0,0,0,0,0,0,0,0
171268,1,1,1983,22,22,22,22,22,22,22,22,22,22
171268,2,1,1983,0,0,0,0,0,0,0,0,0,0
171268,3,1,1983,0,0,16,0,0,0,0,0,0,0
171269,1,1,1983,0,0,0,0,0,0,0,0,11,10
171269,2,1,1983,0,0,0,18,0,0,0,0,12,0
171270,1,1,1983,0,0,0,0,0,0,0,0,0,0
171271,1,1,1983,0,0,0,0,0,0,0,0,0,0
171271,2,1,1983,8,8,8,8,8,8,8,8,8,8
171272,0,1,1983,0,0,0,0,0,0,0,0,0,0
171272,1,1,1983,0,0,0,0,0,0,0,0,0,0
171273,1,1,1983,37,0,0,0,0,0,0,0,0,0
171273,2,1,1983,0,0,0,0,0,0,0,0,0,0
171274,1,1,1983,2,2,2,2,2,2,2,2,2,2
171274,2,1,1983,0,0,0,0,0,0,0,0,0,0
171275,1,1,1983,0,0,0,0,0,0,0,0,0,0
171275,2,1,1983,0,0,0,0,0,0,0,0,0,0
171276,1,1,1983,20,20,20,20,20,20,20,20,20,20
171276,2,1,1983,12,24,0,0,0,0,0,0,0,0
171277,1,1,1983,0,0,0,0,0,0,0,0,0,0
171277,2,1,1983,20,20,20,20,20,20,20,20,20,20
171278,1,1,1983,0,0,0,0,0,0,0,0,0,0
171278,2,1,1983,0,0,0,0,0,0,0,0,0,0
171278,3,1,1983,0,0,0,0,0,0,11,0,7,0
171279,0,1,1983,0,0,0,0,0,0,0,0,0,0
171279,1,1,1983,0,0,0,0,0,0,16,0,0,0
171280,0,1,1983,0,0,0,0,0,0,0,0,0,0
171280,1,1,1983,6,6,6,6,6,6,6,6,6,6
171281,1,1,1983,0,4,0,32,19,15,0,0,20,24
171281,2,1,1983,12,0,0,0,0,0,0,0,0,0
171282,0,1,1983,28,28,28,28,28,28,28,28,28,28
171282,1,1,1983,0,0,0,28,0,12,0,14,13,7
171283,1,1,1983,0,0,0,0,0,0,0,0,0,5
171283,2,1,1983,0,0,0,0,0,0,0,0,0,0
171284,1,1,1983,7,7,7,7,7,7,7,7,7,7
171284,2,1,1983,0,0,0,0,0,0,0,0,0,0
171284,3,1,1983,0,0,0,0,0,0,0,0,0,0
171285,1,1,1983,20,20,20,20,20,20,20,20,20,20
171286,0,1,1983,21,0,14,16,0,0,0,0,0,0
171286,1,1,1983,0,0,0,0,0,0,0,0,0,0
171287,1,1,1983,0,0,0,0,0,0,8,0,0,0
171287,2,1,1983,0,0,0,0,0,0,0,0,0,0
171288,1,1,1983,11,0,0,0,0,0,0,0,0,0
171288,2,1,1983,0,0,0,0,0,12,0,0,0,0
171289,1,1,1983,17,17,17,17,17,17,17,17,17,17
171289,2,1,1983,0,0,0,0,0,0,0,0,0,0
171290,1,1,1983,0,0,0,0,0,0,0,0,0,0
171291,1,1,1983,31,31,31,31,31,31,31,31,31,31
171291,2,1,1983,0,0,0,0,0,0,0,0,0,0
171292,1,1,1983,27,27,27,27,27,27,27,27,27,27
171293,0,1,1983,0,0,0,0,0,0,0,0,0,0
171293,1,1,1983,0,0,0,0,0,0,0,0,0,0
171294,0,1,1983,20,20,20,20,20,20,20,20,20,20
171294,1,1,1983,3,3,3,3,3,3,3,3,3,3
171295,1,1,1983,0,0,0,0,0,0,0,0,0,0
171296,1,1,1983,29,29,29,29,29,29,29,29,29,29
171297,1,1,1983,0,0,0,0,0,0,0,0,0,0
171297,2,1,1983,0,0,0,0,0,0,0,0,0,0
171297,3,1,1983,0,0,0,0,0,0,0,0,0,0
171298,0,1,1983,18,18,18,18,18,18,18,18,18,18
171298,1,1,1983,0,9,0,0,0,0,0,0,7,11
171299,0,1,1983,0,0,0,0,0,0,0,0,0,0
171299,1,1,1983,0,0,0,0,0,0,0,0,0,0
171300,1,1,1983,0,0,0,0,0,0,0,0,0,0
171301,1,1,1983,13,13,13,13,13,13,13,13,13,13
171301,2,1,1983,0,0,0,0,0,0,0,0,0,0
171301,3,1,1983,0,0,0,0,0,0,0,0,13,0
171302,1,1,1983,0,0,0,0,0,0,0,0,0,0
171302,2,1,1983,0,16,0,0,0,0,0,0,0,0
171303,0,1,1983,0,0,0,0,0,0,0,0,0,0
171303,1,1,1983,0,0,0,0,0,0,0,0,0,0
171304,1,1,1983,0,0,0,0,0,0,0,0,0,0
171304,2,1,1983,0,0,0,0,0,16,0,0,0,0
171304,3,1,1983,0,21,0,0,0,0,0,0,0,0
171305,1,1,1983,12,12,12,12,12,12,12,12,12,12
171305,2,1,1983,0,0,0,0,0,0,0,0,0,0
171306,1,1,1983,16,16,16,16,16,16,16,16,16,16
171307,1,1,1983,31,31,31,31,31,31,31,31,31,31
171308,0,1,1983,19,19,19,19,19,19,19,19,19,19
171308,1,1,1983,0,0,0,0,0,0,0,0,0,13
171309,1,1,1983,16,13,14,10,6,6,13,11,9,19
171310,1,1,1983,0,0,0,0,0,0,0,0,0,0
171311,1,1,1983,26,26,26,26,26,26,26,26,26,26
171311,2,1,1983,0,0,0,0,0,0,0,0,0,0
171311,3,1,1983,0,0,0,0,0,0,0,0,0,0
171311,4,1,1983,0,0,0,0,0,0,0,0,0,0
171312,0,1,1983,20,22,0,0,0,47,32,33,0,30
171312,1,1,1983,0,0,0,0,0,0,0,0,0,0
171313,1,1,1983,0,0,0,0,0,0,0,0,0,0
171313,2,1,1983,4,19,0,0,0,16,16,26,9,0
171314,1,1,1983,15,15,15,15,15,15,15,15,15,15
171314,2,1,1983,0,0,0,10,0,0,0,0,0,0
171315,1,1,1983,20,12,24,10,11,21,11,14,40,14
171316,1,1,1983,0,0,0,0,0,0,0,19,0,0
171316,2,1,1983,0,0,0,0,0,0,0,0,0,0
171317,1,1,1983,9,7,17,17,23,16,7,26,19,0
171318,1,1,1983,22,22,22,22,22,22,22,22,22,22
171318,2,1,1983,0,0,0,0,0,0,0,0,0,0
171319,1,1,1983,12,12,12,12,12,12,12,12,12,12
171319,2,1,1983,0,0,0,0,0,0,0,0,0,10
171320,1,1,1983,20,20,20,20,20,20,20,20,20,20
171321,1,1,1983,0,0,0,0,0,0,0,0,0,0
171322,1,1,1983,0,0,0,0,0,0,0,0,0,0
171322,2,1,1983,0,0,0,0,0,0,0,0,0,0
171323,1,1,1983,0,0,0,0,0,0,0,0,0,0
171323,2,1,1983,0,0,0,0,0,0,0,0,0,0
171324,1,1,1983,0,0,0,0,0,0,0,0,0,0
171324,2,1,1983,0,0,0,0,0,0,0,0,0,0
171325,0,1,1983,0,0,0,0,0,0,0,0,0,0
171325,1,1,1983,0,0,0,0,0,0,0,0,0,0
171326,1,1,1983,19,19,19,19,19,19,19,19,19,19
171327,0,1,1983,0,0,0,25,0,0,0,10,0,18
171327,1,1,1983,0,0,0,0,0,0,0,0,0,0
171328,0,1,1983,0,0,0,0,0,0,0,0,0,0
171328,1,1,1983,16,0,0,0,5,0,12,16,21,0
171329,1,1,1983,0,0,9,0,0,0,0,0,0,0
171330,1,1,1983,9,9,9,9,9,9,9,9,9,9
171330,2,1,1983,0,0,0,0,0,0,0,0,14,0
171331,1,1,1983,15,15,15,15,15,15,15,15,15,15
171332,1,1,1983,7,7,7,7,7,7,7,7,7,7
171333,1,1,1983,21,21,21,21,21,21,21,21,21,21
171334,1,1,1983,13,13,13,13,13,13,13,13,13,13
171334,2,1,1983,3,3,3,3,3,3,3,3,3,3
171335,1,1,1983,23,0,18,26,0,18,21,19,0,0
171336,1,1,1983,12,12,12,12,12,12,12,12,12,12
171336,2,1,1983,0,0,0,0,0,0,14,0,0,0
171337,1,1,1983,0,6,0,21,0,0,21,0,0,19
171337,2,1,1983,0,0,0,0,0,0,0,0,0,0
171338,1,1,1983,20,20,20,20,20,20,20,20,20,20
171338,2,1,1983,0,0,0,0,0,0,0,0,0,0
171339,1,1,1983,27,27,27,27,27,27,27,27,27,27
171339,2,1,1983,0,0,0,0,0,0,0,0,6,0
171340,1,1,1983,1,1,1,1,1,1,1,1,1,1
171340,2,1,1983,0,0,0,0,0,0,0,0,0,0
171341,0,1,1983,21,21,21,21,21,21,21,21,21,21
171341,1,1,1983,8,17,8,16,8,18,38,10,8,11
171342,0,1,1983,0,0,0,0,0,0,0,0,0,0
171342,1,1,1983,0,0,0,0,0,0,0,0,0,0
171342,2,1,1983,0,0,0,0,0,0,0,0,0,0
171343,1,1,1983,0,0,0,0,0,0,0,0,0,0
171344,1,1,1983,0,0,0,0,0,0,0,0,0,0
171344,2,1,1983,0,0,0,0,0,0,0,0,0,0
171345,1,1,1983,0,0,0,0,0,0,0,0,0,0
171345,2,1,1983,0,0,0,0,0,0,0,0,0,0
171346,0,1,1983,0,0,0,0,0,0,0,0,0,0
171346,1,1,1983,0,0,0,0,0,0,0,0,0,0
171347,1,1,1983,0,0,10,17,0,0,0,0,0,0
171347,2,1,1983,0,0,0,0,0,0,0,0,0,0
171348,1,1,1983,17,17,17,17,17,17,17,17,17,17
171349,1,1,1983,0,0,0,0,0,0,0,0,0,0
171349,2,1,1983,0,0,0,10,0,0,0,0,17,23
171350,0,1,1983,0,0,0,0,0,0,0,0,0,0
171350,1,1,1983,14,9,16,10,27,12,20,16,23,0
171351,2,1,1983,17,17,17,17,17,17,17,17,17,17
171351,3,1,1983,0,0,0,11,0,0,20,0,0,0
171352,0,1,1983,16,16,16,16,16,16,16,16,16,16
171352,1,1,1983,0,0,0,22,0,0,0,29,8,0
171353,1,1,1983,0,10,0,0,0,0,0,0,0,0
171353,2,1,1983,0,0,16,16,19,7,20,9,12,24
171354,0,1,1983,13,13,13,13,13,13,13,13,13,13
171354,1,1,1983,0,23,0,17,0,0,0,0,7,0
171355,1,1,1983,11,11,11,11,11,11,11,11,11,11
171356,0,1,1983,39,39,39,39,39,39,39,39,39,39
171356,1,1,1983,0,0,0,0,10,6,0,0,0,25
171357,1,1,1983,0,0,0,0,0,0,0,0,0,0
171357,2,1,1983,0,0,0,0,11,0,0,0,0,0
171358,1,1,1983,0,5,0,0,14,11,0,0,0,0
171358,2,1,1983,0,39,0,17,24,0,0,0,0,0
171359,0,1,1983,16,16,16,16,16,16,16,16,16,16
171359,1,1,1983,0,0,21,0,0,0,12,8,0,0
171360,1,1,1983,17,17,17,17,17,17,17,17,17,17
171360,2,1,1983,0,7,0,0,20,0,13,0,0,0
171361,1,1,1983,0,0,10,30,0,0,0,0,0,0
171362,1,1,1983,22,22,22,22,22,22,22,22,22,22
171363,1,1,1983,0,0,0,0,0,0,0,0,0,0
171363,2,1,1983,0,0,0,0,0,0,0,0,0,0
171364,1,1,1983,0,0,6,15,0,31,0,0,0,0
171365,1,1,1983,18,18,18,18,18,18,18,18,18,18
171365,2,1,1983,19,19,19,19,19,19,19,19,19,19
171366,1,1,1983,0,0,0,0,0,0,0,0,0,0
171366,2,1,1983,0,5,0,0,0,0,0,0,0,0
171367,0,1,1983,0,0,0,0,0,0,0,0,0,0
171367,1,1,1983,0,0,0,0,0,0,0,0,0,0
171369,1,1,1983,0,0,6,0,9,0,0,0,0,0
171370,0,1,1983,0,0,0,0,0,0,0,0,0,0
171370,1,1,1983,0,0,0,0,0,0,18,0,0,0
171371,1,1,1983,0,0,2,0,0,0,8,0,0,0
171371,2,1,1983,0,0,0,0,0,32,0,0,8,0
171372,1,1,1983,21,21,21,21,21,21,21,21,21,21
171373,1,1,1983,0,0,0,0,0,0,0,0,0,0
171373,2,1,1983,0,0,0,0,0,0,0,0,0,0
171374,1,1,1983,13,13,13,13,13,13,13,13,13,13
171374,2,1,1983,21,20,0,0,0,0,23,20,0,0
171375,0,1,1983,6,6,6,6,6,6,6,6,6,6
171375,1,1,1983,0,0,0,0,0,0,0,0,0,0
171376,0,1,1983,0,0,0,0,0,0,0,0,0,0
171376,1,1,1983,8,11,13,29,24,5,28,7,40,28
171377,1,1,1983,16,30,27,9,10,17,14,4,12,17
171378,0,1,1983,0,12,0,17,30,9,20,23,27,0
171378,1,1,1983,0,0,0,14,0,21,0,43,0,0
171378,2,1,1983,0,0,0,0,0,0,0,0,0,7
171379,1,1,1983,13,13,13,13,13,13,13,13,13,13
171380,1,1,1983,0,0,0,0,0,0,0,0,0,0
171381,1,1,1983,0,0,0,0,0,0,0,0,0,0
171381,2,1,1983,0,0,0,0,0,0,0,0,0,0
171381,3,1,1983,0,0,0,0,0,0,0,0,0,0
171382,1,1,1983,0,0,0,0,0,0,0,0,0,0
171382,2,1,1983,0,0,0,0,0,0,0,0,0,0
171383,1,1,1983,17,17,17,17,17,17,17,17,17,17
171384,1,1,1983,0,0,0,0,0,0,0,0,0,0
171384,2,1,1983,0,0,0,0,0,0,0,0,0,0
171385,1,1,1983,0,0,0,0,0,0,0,0,0,0
171386,1,1,1983,0,0,0,0,0,0,0,0,0,0
171386,2,1,1983,0,0,0,0,0,0,9,0,0,0
171387,1,1,1983,14,14,14,14,14,14,14,14,14,14
171388,1,1,1983,14,14,14,14,14,14,14,14,14,14
171389,0,1,1983,5,5,5,5,5,5,5,5,5,5
171389,1,1,1983,0,0,0,13,19,0,0,0,0,0
171390,1,1,1983,0,0,0,0,0,0,0,0,0,0
171390,2,1,1983,0,0,0,0,0,0,0,0,0,0
171391,1,1,1983,0,0,0,0,0,0,0,0,0,0
171392,1,1,1983,0,0,0,0,0,0,0,0,0,0
171392,2,1,1983,0,27,0,13,0,0,0,0,0,27
171393,1,1,1983,0,34,2,23,25,0,0,14,18,8
180001,1,1,1983,0,0,0,0,0,0,0,0,0,0
180001,2,1,1983,0,0,0,0,0,0,0,0,0,0
180002,0,1,1983,0,0,17,0,31,0,14,14,23,16
180002,1,1,1983,0,10,13,15,0,5,0,0,12,27
180003,0,1,1983,0,0,0,17,20,0,0,0,0,10
180003,1,1,1983,0,0,0,0,0,0,0,0,0,0
180004,1,1,1983,28,16,22,0,26,0,16,0,22,26
180005,1,1,1983,2,2,2,2,2,2,2,2,2,2
180005,2,1,1983,0,0,0,7,13,14,0,0,0,7
180006,1,1,1983,0,0,0,0,0,0,0,0,0,0
180006,2,1,1983,0,0,0,0,0,0,0,15,0,0
180007,1,1,1983,27,27,27,27,27,27,27,27,27,27
180007,2,1,1983,0,0,0,0,0,0,0,0,0,0
180008,1,1,1983,0,0,0,0,0,0,0,0,0,0
180008,2,1,1983,12,12,12,12,12,12,12,12,12,12
180009,1,1,1983,0,0,0,0,0,0,0,0,0,0
180010,1,1,1983,2,2,2,2,2,2,2,2,2,2
180011,1,1,1983,0,0,0,0,0,15,0,9,0,0
180011,2,1,1983,0,0,0,0,0,0,0,0,0,0
180012,1,1,1983,0,10,0,0,0,0,23,0,0,20
180013,1,1,1983,22,22,22,22,22,22,22,22,22,22
180014,1,1,1983,29,29,29,29,29,29,29,29,29,29
180015,1,1,1983,30,30,30,30,30,30,30,30,30,30
180016,1,1,1983,0,0,0,0,0,0,0,0,0,0