ST_CASE,VEH_NO,PER_NO,YEAR,P1,P2,P3,P4,P5,P6,P7,P8,P9,P10
180016,2,1,1983,0,0,0,0,0,0,0,0,0,0
180016,3,1,1983,0,0,0,17,0,0,16,0,0,0
180017,1,1,1983,0,0,0,0,0,0,0,0,0,0
180017,2,1,1983,0,19,18,23,28,0,0,7,11,8
180018,1,1,1983,14,14,14,14,14,14,14,14,14,14
180019,1,1,1983,9,0,14,24,10,0,16,4,0,12
180019,2,1,1983,9,0,17,6,0,26,0,0,15,21
180020,1,1,1983,0,0,0,0,0,0,0,0,0,0
180021,1,1,1983,0,0,0,0,0,0,0,0,0,0
180021,2,1,1983,14,0,19,0,0,0,0,0,0,0
180022,1,1,1983,17,4,20,0,0,11,6,28,0,0
180022,2,1,1983,0,0,0,0,0,0,0,10,0,0
180023,1,1,1983,0,0,0,0,0,0,0,0,17,0
180023,2,1,1983,0,0,0,0,0,0,0,0,0,0
180024,1,1,1983,18,18,18,18,18,18,18,18,18,18
180025,1,1,1983,0,0,14,0,18,25,28,25,21,0
180026,1,1,1983,0,0,0,0,0,0,0,0,0,0
180026,2,1,1983,0,0,0,0,0,0,0,0,0,0
180027,1,1,1983,21,0,0,17,8,0,0,0,22,0
180028,1,1,1983,0,0,0,11,16,0,0,0,0,0
180028,2,1,1983,12,35,13,8,0,0,0,0,20,8
180029,1,1,1983,0,0,0,0,0,0,0,0,0,0
180029,2,1,1983,12,12,12,12,12,12,12,12,12,12
180030,1,1,1983,0,0,0,0,0,0,0,0,0,0
180031,1,1,1983,0,0,0,0,0,0,0,0,0,0
180031,2,1,1983,23,0,0,6,3,0,14,0,0,35
180032,1,1,1983,0,0,0,0,0,0,0,0,0,0
180033,1,1,1983,0,0,9,0,0,0,23,0,0,7
180034,1,1,1983,0,0,0,0,0,0,0,0,0,0
180035,1,1,1983,23,23,23,23,23,23,23,23,23,23
180036,0,1,1983,0,0,0,0,0,0,0,0,10,0
180036,1,1,1983,0,0,0,0,0,0,0,0,0,0
180037,1,1,1983,6,18,15,26,0,23,12,14,10,25
180037,2,1,1983,0,0,0,0,0,0,0,0,0,0
180038,0,1,1983,0,0,0,0,0,0,0,0,0,0
180038,1,1,1983,0,0,0,0,0,0,0,0,21,0
180039,1,1,1983,28,28,28,28,28,28,28,28,28,28
180040,1,1,1983,7,13,3,10,20,16,12,20,19,18
180041,1,1,1983,19,19,19,19,19,19,19,19,19,19
180041,2,1,1983,0,0,0,0,0,0,0,0,0,0
180042,1,1,1983,15,0,0,0,0,0,0,0,16,0
180042,2,1,1983,0,0,0,0,0,0,0,0,0,0
180043,0,1,1983,0,0,0,0,0,0,0,0,27,0
180043,1,1,1983,0,0,0,0,0,0,0,0,0,0
180044,1,1,1983,2,2,2,2,2,2,2,2,2,2
180045,1,1,1983,0,0,0,0,0,0,0,0,0,0
180045,2,1,1983,0,0,0,0,0,0,0,0,37,0
180046,1,1,1983,0,0,0,0,0,0,0,0,0,0
180046,2,1,1983,0,21,0,0,0,11,0,0,0,0
180047,1,1,1983,0,0,0,0,0,0,0,0,0,0
180047,2,1,1983,0,0,0,0,0,0,0,0,0,0
180048,1,1,1983,0,0,0,0,0,0,0,0,0,0
180049,1,1,1983,0,0,0,38,17,5,0,0,0,0
180051,1,1,1983,21,21,21,21,21,21,21,21,21,21
180052,1,1,1983,12,12,12,12,12,12,12,12,12,12
180053,1,1,1983,12,0,0,0,0,0,19,13,0,12
180054,1,1,1983,29,29,29,29,29,29,29,29,29,29
180055,1,1,1983,21,21,21,21,21,21,21,21,21,21
180055,2,1,1983,0,0,0,0,0,0,0,0,0,0
180056,0,1,1983,9,0,0,0,0,0,0,0,0,0
180056,0,2,1983,0,0,0,10,0,0,0,10,0,0
180056,1,1,1983,0,0,0,0,0,0,0,0,0,0
180057,1,1,1983,0,0,0,0,0,0,0,0,0,0
180057,2,1,1983,0,0,0,0,0,0,0,0,0,0
180058,1,1,1983,18,18,18,18,18,18,18,18,18,18
180058,2,1,1983,16,16,16,16,16,16,16,16,16,16
180059,1,1,1983,21,21,21,21,21,21,21,21,21,21
180059,2,1,1983,3,0,0,0,0,10,0,13,0,0
180060,1,1,1983,0,0,15,0,0,0,0,0,0,0
180061,1,1,1983,30,30,30,30,30,30,30,30,30,30
180062,1,1,1983,0,0,6,0,0,5,0,0,15,13
180063,1,1,1983,0,0,0,0,0,0,0,0,0,0
180063,2,1,1983,0,0,0,0,0,0,0,0,0,0
180064,1,1,1983,0,0,0,0,0,0,0,0,0,0
180065,1,1,1983,29,29,29,29,29,29,29,29,29,29
180065,2,1,1983,0,0,19,0,0,0,12,0,0,36
180066,0,1,1983,15,0,0,0,0,0,0,0,16,21
180066,0,2,1983,29,0,0,11,0,0,0,0,0,19
180066,1,1,1983,5,0,0,8,0,0,0,0,0,28
180067,1,1,1983,0,0,0,0,0,0,0,0,0,0
180067,2,1,1983,0,0,0,0,0,0,0,0,0,0
180068,0,1,1983,0,23,0,22,0,0,0,0,0,0
180068,1,1,1983,0,0,0,0,0,0,0,0,0,0
180069,1,1,1983,25,25,25,25,25,25,25,25,25,25
180069,2,1,1983,0,0,0,0,0,0,0,0,0,0
180070,1,1,1983,0,0,0,0,0,0,0,0,28,0
180070,2,1,1983,0,0,0,0,0,0,0,0,0,0
180071,0,1,1983,0,0,0,0,0,0,0,0,0,0
180071,1,1,1983,0,0,0,0,0,0,0,0,0,0
180072,1,1,1983,28,28,28,28,28,28,28,28,28,28
180073,1,1,1983,0,0,0,0,0,0,0,0,0,0
180073,2,1,1983,0,0,10,0,0,0,0,0,0,0
180074,1,1,1983,25,25,25,25,25,25,25,25,25,25
180075,1,1,1983,0,0,0,0,0,0,0,0,0,0
180075,2,1,1983,0,0,0,0,0,0,0,0,0,0
180076,1,1,1983,30,13,9,33,5,20,25,21,36,18
180077,1,1,1983,15,15,15,15,15,15,15,15,15,15
180079,1,1,1983,0,0,0,0,0,0,0,0,0,0
180080,1,1,1983,0,0,0,0,0,0,0,0,0,0
180080,2,1,1983,0,0,0,0,0,0,0,0,0,0
180081,1,1,1983,17,17,17,17,17,17,17,17,17,17
180082,1,1,1983,0,38,22,12,16,20,14,11,27,0
180083,1,1,1983,0,0,0,12,0,0,0,0,0,1
180083,2,1,1983,0,0,0,0,0,0,0,0,0,0
180084,1,1,1983,0,0,0,0,0,0,0,0,0,0
180084,2,1,1983,0,0,0,0,0,0,0,0,0,0
180085,1,1,1983,0,0,0,0,0,0,0,0,8,0
180085,2,1,1983,31,0,16,0,0,0,0,0,0,0
180086,1,1,1983,22,22,22,22,22,22,22,22,22,22
180087,1,1,1983,0,0,0,0,0,0,0,0,0,0
180087,2,1,1983,0,0,0,0,0,0,0,0,0,0
180088,1,1,1983,16,16,16,16,16,16,16,16,16,16
180088,2,1,1983,0,0,0,0,0,0,0,0,0,0
180089,1,1,1983,20,20,20,20,20,20,20,20,20,20
180090,1,1,1983,0,0,14,0,0,0,0,0,0,21
180090,2,1,1983,0,0,0,0,0,0,0,0,0,0
180091,1,1,1983,0,0,0,0,0,0,0,0,0,0
180091,2,1,1983,0,0,0,0,7,0,0,0,0,0
180092,1,1,1983,0,0,0,0,0,0,0,0,0,0
180092,2,1,1983,0,0,0,0,17,0,0,0,0,0
180093,1,1,1983,0,0,0,0,0,0,0,0,0,0
180093,2,1,1983,0,0,0,0,0,0,0,0,0,3
180094,1,1,1983,27,27,27,27,27,27,27,27,27,27
180095,1,1,1983,0,0,15,0,16,0,21,0,0,0
180095,2,1,1983,0,23,0,0,0,0,0,0,0,0
180096,1,1,1983,0,0,0,0,0,0,0,0,0,0
180097,0,1,1983,0,0,0,0,0,0,0,0,0,0
180097,1,1,1983,0,0,0,0,0,0,0,0,0,0
180098,1,1,1983,11,0,17,0,34,0,0,0,13,0
180098,2,1,1983,15,15,15,15,15,15,15,15,15,15
180098,3,1,1983,0,0,0,0,0,0,19,0,0,0
180099,1,1,1983,19,19,19,19,19,19,19,19,19,19
180099,2,1,1983,0,0,0,9,0,0,0,0,0,17
180100,1,1,1983,7,35,23,39,28,21,15,23,13,21
180101,1,1,1983,0,0,0,0,0,0,0,0,0,0
180102,1,1,1983,0,0,0,0,0,0,0,0,0,0
180102,2,1,1983,0,0,0,0,0,0,0,0,0,0
180103,1,1,1983,0,0,0,0,0,0,0,0,0,0
180103,2,1,1983,0,0,0,0,0,0,0,0,0,0
180104,1,1,1983,0,0,0,0,0,17,0,0,0,0
180105,1,1,1983,0,0,0,0,0,0,0,14,0,0
180106,1,1,1983,14,14,14,14,14,14,14,14,14,14
180107,0,1,1983,24,24,24,24,24,24,24,24,24,24
180107,1,1,1983,21,21,21,21,21,21,21,21,21,21
180108,1,1,1983,0,0,31,0,0,20,0,17,0,0
180109,1,1,1983,28,28,28,28,28,28,28,28,28,28
180109,2,1,1983,22,22,22,22,22,22,22,22,22,22
180110,1,1,1983,30,30,30,30,30,30,30,30,30,30
180111,1,1,1983,26,26,26,26,26,26,26,26,26,26
180112,1,1,1983,3,3,3,3,3,3,3,3,3,3
180113,1,1,1983,0,0,0,0,0,0,0,0,0,0
180113,2,1,1983,0,0,0,0,0,0,0,0,0,34
180114,1,1,1983,0,0,0,0,0,0,0,0,0,0
180115,1,1,1983,0,0,0,0,0,0,0,0,0,0
180115,2,1,1983,0,0,18,0,12,11,20,15,15,24
180116,1,1,1983,3,3,3,3,3,3,3,3,3,3
180116,2,1,1983,16,16,16,16,16,16,16,16,16,16
180117,1,1,1983,16,0,11,23,17,17,14,32,36,27
180118,1,1,1983,0,0,0,0,0,0,0,0,0,0
180118,2,1,1983,0,0,0,0,0,0,16,0,0,0
180119,1,1,1983,0,0,0,0,0,0,0,0,0,0
180119,2,1,1983,0,0,0,0,0,0,0,0,0,0
180120,1,1,1983,0,0,14,0,29,0,0,0,13,0
180120,2,1,1983,0,0,0,0,0,0,0,0,0,0
180121,1,1,1983,0,0,0,0,9,0,0,0,12,0
180121,2,1,1983,0,3,0,13,0,0,14,0,0,13
180122,1,1,1983,25,25,25,25,25,25,25,25,25,25
180122,2,1,1983,0,0,0,0,0,0,0,0,0,0
180123,1,1,1983,0,0,0,0,0,0,0,0,0,0
180123,2,1,1983,0,0,0,0,0,0,0,0,0,0
180124,1,1,1983,21,24,8,15,14,0,20,0,6,12
180125,1,1,1983,0,0,0,0,0,0,0,5,0,0
180126,1,1,1983,0,0,0,0,0,0,20,14,0,0
180127,1,1,1983,23,23,23,23,23,23,23,23,23,23
180128,0,1,1983,0,0,0,0,0,0,0,0,0,0
180128,1,1,1983,0,0,0,0,0,0,0,0,3,0
180129,1,1,1983,27,27,27,27,27,27,27,27,27,27
180129,2,1,1983,0,0,0,0,0,0,14,0,0,0
180130,1,1,1983,0,0,0,0,0,0,0,0,0,0
180130,2,1,1983,0,0,0,0,0,0,0,0,0,0
180131,0,1,1983,25,25,25,25,25,25,25,25,25,25
180131,1,1,1983,0,0,0,0,0,0,0,0,0,0
180132,1,1,1983,10,29,16,15,9,18,24,15,26,18
180133,1,1,1983,5,5,5,5,5,5,5,5,5,5
180133,2,2,1983,0,0,0,0,0,0,0,0,0,0
180134,1,1,1983,0,0,0,0,0,0,0,0,0,0
180134,2,1,1983,6,6,6,6,6,6,6,6,6,6
180135,1,1,1983,15,15,15,15,15,15,15,15,15,15
180135,2,1,1983,0,0,0,0,0,0,0,0,0,0
180135,3,1,1983,0,0,0,0,0,0,0,0,0,0
180136,1,1,1983,0,0,0,0,0,0,0,9,0,0
180137,0,1,1983,0,0,0,0,5,0,6,0,0,0
180137,1,1,1983,0,8,0,0,0,11,0,0,0,0
180138,1,1,1983,0,0,0,0,0,0,0,0,0,0
180138,2,1,1983,0,0,0,0,0,0,0,0,0,0
180138,3,1,1983,0,0,0,0,0,0,0,0,0,0
180139,1,1,1983,36,36,36,36,36,36,36,36,36,36
180140,1,1,1983,17,17,17,17,17,17,17,17,17,17
180141,1,1,1983,17,9,0,0,0,0,0,16,0,0
180141,2,1,1983,11,0,0,0,4,3,12,0,14,11
180142,1,1,1983,0,0,0,0,0,0,0,0,0,0
180142,2,1,1983,0,0,0,0,0,20,0,0,0,0
180143,1,1,1983,0,0,0,0,0,0,0,0,0,0
180144,1,1,1983,0,0,0,0,0,0,0,0,0,0
180144,2,1,1983,0,0,0,0,0,0,0,0,0,0
180145,2,1,1983,0,0,19,17,17,0,0,23,20,0
180146,1,1,1983,0,0,0,0,0,0,0,0,0,0
180146,2,1,1983,0,0,0,0,0,0,0,0,0,0
180147,1,1,1983,23,23,23,23,23,23,23,23,23,23
180148,1,1,1983,0,0,0,0,0,0,0,0,0,0
180148,2,1,1983,0,0,0,0,0,0,0,0,0,0
180149,1,1,1983,13,13,13,13,13,13,13,13,13,13
180150,1,1,1983,0,0,0,0,0,0,0,0,0,0
180150,2,1,1983,0,0,0,0,0,0,0,0,0,0
180151,1,1,1983,18,0,20,0,23,31,23,8,27,26
180151,2,1,1983,0,0,0,0,0,0,0,0,0,0
180151,3,1,1983,30,0,0,0,0,0,0,0,0,0
180152,1,1,1983,0,28,0,25,0,0,16,24,6,27
180152,2,1,1983,10,6,19,21,0,8,14,22,6,0
180153,0,1,1983,27,0,0,8,0,0,0,0,11,0
180153,1,1,1983,16,16,16,16,16,16,16,16,16,16
180154,1,1,1983,0,0,0,0,0,0,0,0,0,0
180154,2,1,1983,0,0,0,0,0,0,0,10,0,0
180155,1,1,1983,0,0,0,0,0,0,8,5,0,29
180156,1,1,1983,26,26,26,26,26,26,26,26,26,26
180157,1,1,1983,0,0,0,23,0,12,0,0,0,0
180157,2,1,1983,0,0,0,0,0,0,0,0,0,0
180158,1,1,1983,28,0,14,18,0,18,16,14,22,16
180159,1,1,1983,19,19,19,19,19,19,19,19,19,19
180160,1,1,1983,0,0,0,0,0,0,0,0,0,0
180160,2,1,1983,0,0,0,0,0,0,0,0,0,0
180160,3,1,1983,0,0,0,0,0,0,0,0,0,0
180161,1,1,1983,10,8,0,0,17,0,0,0,12,0
180161,2,1,1983,0,0,0,0,0,13,0,0,0,0
180162,1,1,1983,10,21,12,11,20,15,28,21,19,17
180163,1,1,1983,26,26,26,26,26,26,26,26,26,26
180164,0,1,1983,40,40,40,40,40,40,40,40,40,40
180164,1,1,1983,0,0,0,0,0,0,0,0,0,0
180165,1,1,1983,29,29,29,29,29,29,29,29,29,29
180166,1,1,1983,0,0,0,8,0,7,0,0,0,0
180166,2,1,1983,0,0,0,0,10,0,0,15,0,0
180167,1,1,1983,5,5,5,5,5,5,5,5,5,5
180168,1,1,1983,0,0,0,10,14,0,0,0,0,0
180169,1,1,1983,14,16,26,13,16,14,2,12,23,7
180170,1,1,1983,21,0,14,0,0,0,7,13,9,0
180171,1,1,1983,0,0,0,0,0,0,0,0,18,0
180171,2,1,1983,0,0,0,0,0,0,0,0,0,28
180172,1,1,1983,15,0,0,21,14,0,10,14,16,0
180172,2,1,1983,11,20,0,0,0,0,13,0,17,0
180173,1,1,1983,18,18,18,18,18,18,18,18,18,18
180174,1,1,1983,0,0,0,0,0,0,0,0,0,0
180174,2,1,1983,31,31,31,31,31,31,31,31,31,31
180175,1,1,1983,15,15,15,15,15,15,15,15,15,15
180175,2,1,1983,0,0,0,0,0,0,0,0,0,0
180176,1,1,1983,0,16,22,29,18,8,0,20,0,28
180177,1,1,1983,24,24,24,24,24,24,24,24,24,24
180177,2,1,1983,0,0,0,0,0,0,0,0,0,4
180177,3,1,1983,0,0,0,0,0,0,0,0,0,16
180178,1,1,1983,0,0,4,0,0,0,0,0,0,0
180178,2,1,1983,0,0,0,0,0,0,0,0,0,0
180179,1,1,1983,0,0,0,0,0,0,0,0,0,0
180179,2,1,1983,0,0,0,0,0,0,0,0,0,0
180180,1,1,1983,4,4,4,4,4,4,4,4,4,4
180181,1,1,1983,35,8,3,0,0,0,0,11,0,8
180182,1,1,1983,15,23,9,7,12,15,29,11,1,23
180182,2,1,1983,23,10,17,10,19,8,0,0,0,0
180183,1,1,1983,0,0,0,0,0,0,0,0,0,0
180183,2,1,1983,0,0,0,0,0,0,0,0,0,11
180184,1,1,1983,0,0,0,0,0,0,0,0,0,10
180185,1,1,1983,11,11,11,11,11,11,11,11,11,11
180185,2,1,1983,20,24,0,0,0,0,0,10,0,0
180186,1,1,1983,25,25,25,25,25,25,25,25,25,25
180187,1,1,1983,9,9,9,9,9,9,9,9,9,9
180188,1,1,1983,10,10,10,10,10,10,10,10,10,10
180189,1,1,1983,0,0,0,0,0,0,0,0,0,0
180190,1,1,1983,21,21,21,21,21,21,21,21,21,21
180190,2,1,1983,0,0,0,0,0,0,0,0,0,0
180191,1,1,1983,11,11,11,11,11,11,11,11,11,11
180192,0,1,1983,0,0,0,0,0,0,0,0,0,0
180192,1,1,1983,12,12,12,12,12,12,12,12,12,12
180193,1,1,1983,0,0,0,0,0,30,0,0,0,9
180194,1,1,1983,0,0,0,0,0,13,26,24,17,0
180195,1,1,1983,17,17,17,17,17,17,17,17,17,17
180195,2,1,1983,0,0,13,0,19,15,0,0,0,0
180195,3,1,1983,0,0,0,0,0,0,0,0,0,0
180196,1,1,1983,0,0,0,0,0,0,0,0,0,0
180196,2,1,1983,25,25,25,25,25,25,25,25,25,25
180197,0,1,1983,13,0,15,0,0,8,10,0,0,0
180197,1,1,1983,0,0,15,15,0,0,0,0,0,0
180198,1,1,1983,0,0,0,0,0,0,0,23,0,0
180198,2,1,1983,0,8,19,16,0,0,8,10,0,0
180199,1,1,1983,32,32,32,32,32,32,32,32,32,32
180200,1,1,1983,17,17,17,17,17,17,17,17,17,17
180201,1,1,1983,0,0,0,0,0,0,0,0,0,0
180202,0,1,1983,0,10,0,0,0,0,0,0,0,0
180202,1,1,1983,0,0,0,0,0,0,0,0,0,0
180203,1,1,1983,0,0,0,0,0,0,0,0,0,0
180203,2,1,1983,0,0,0,0,0,0,0,0,0,0
180204,1,1,1983,0,0,0,0,0,0,0,0,0,0
180204,2,1,1983,0,0,0,0,0,0,0,0,0,0
180204,3,1,1983,0,0,0,0,0,0,0,0,0,0
180205,1,1,1983,9,9,9,9,9,9,9,9,9,9
180205,2,1,1983,0,0,0,0,0,0,0,0,0,0
180206,1,1,1983,2,2,2,2,2,2,2,2,2,2
180207,1,1,1983,25,19,2,14,0,34,19,21,18,15
180208,1,1,1983,0,0,0,0,0,0,0,0,0,0
180209,1,1,1983,0,21,23,7,18,8,14,23,13,20
180210,1,1,1983,0,10,10,0,0,0,10,0,11,0
180211,1,1,1983,0,19,20,0,0,6,12,0,34,19
180212,1,1,1983,0,0,0,0,0,0,0,0,0,0
180212,2,1,1983,0,0,0,0,0,0,0,0,0,0
180213,1,1,1983,28,28,28,28,28,28,28,28,28,28
180213,2,1,1983,0,0,0,0,0,0,0,0,0,0
180213,3,1,1983,25,0,9,0,0,0,0,0,0,17
180213,4,1,1983,0,0,0,0,0,0,0,0,0,0
180214,1,1,1983,15,15,15,15,15,15,15,15,15,15
180215,1,1,1983,12,12,12,12,12,12,12,12,12,12
180215,2,1,1983,0,0,0,10,0,0,0,0,0,0
180216,1,1,1983,0,9,0,0,0,7,0,9,0,0
180216,2,1,1983,0,0,0,0,10,0,0,0,0,0
180217,1,1,1983,0,0,0,0,0,0,0,0,0,0
180217,2,1,1983,0,0,0,0,0,0,0,0,0,0
180217,3,1,1983,0,0,0,0,0,0,0,0,0,0
180218,1,1,1983,0,0,0,0,0,0,0,0,0,0
180218,2,1,1983,7,0,0,0,0,0,0,0,0,29
180219,0,1,1983,24,0,0,0,0,0,0,0,0,0
180219,0,2,1983,0,0,0,7,0,0,0,0,0,0
180219,1,1,1983,0,0,0,0,0,0,0,0,0,0
180220,0,1,1983,0,0,0,0,0,0,0,0,0,0
180220,1,1,1983,0,0,0,0,0,0,0,0,0,0
180221,1,1,1983,0,18,0,0,0,11,0,29,17,0
180222,1,1,1983,21,17,12,12,16,27,32,0,18,0
180223,1,1,1983,0,0,0,0,0,0,0,0,0,0
180223,2,1,1983,0,0,0,0,0,0,0,0,0,0
180224,1,1,1983,17,17,17,17,17,17,17,17,17,17
180225,1,1,1983,0,0,0,0,0,0,0,0,0,0
180225,2,1,1983,0,0,0,0,0,0,0,0,0,0
180226,1,1,1983,0,0,0,0,0,0,0,0,0,0
180226,2,1,1983,0,0,9,0,22,0,0,0,0,0
180226,3,1,1983,0,0,0,0,0,0,0,0,0,0
180227,1,1,1983,0,11,25,0,10,0,0,0,0,0
180227,2,1,1983,0,0,0,0,0,2,22,14,0,0
180228,1,1,1983,0,0,0,0,0,0,0,0,0,0
180228,2,1,1983,0,0,0,0,0,0,0,0,0,0
180229,1,1,1983,16,16,16,16,16,16,16,16,16,16
180229,2,1,1983,0,0,0,0,0,0,0,0,0,0
180231,1,1,1983,0,0,0,0,0,0,0,0,0,0
180231,2,1,1983,0,0,0,0,0,0,0,0,0,0
180232,1,1,1983,0,0,0,0,0,0,0,0,0,0
180233,1,1,1983,0,0,2,15,21,0,27,0,6,16
180234,1,1,1983,0,0,0,9,0,0,0,0,0,0
180235,1,1,1983,0,0,0,0,0,0,0,0,0,0
180236,0,1,1983,0,0,0,0,0,0,0,0,0,0
180236,1,1,1983,0,0,0,0,5,0,11,0,0,0
180237,1,1,1983,0,0,0,0,0,0,0,0,0,0
180237,2,1,1983,0,0,0,0,0,0,0,0,0,0
180238,1,1,1983,24,19,16,20,8,18,15,24,19,23
180239,1,1,1983,0,0,0,0,0,0,0,0,0,0
180240,1,1,1983,10,0,20,13,18,16,32,13,13,31
180241,1,1,1983,31,25,17,33,16,27,22,24,16,8
180242,1,1,1983,20,20,20,20,20,20,20,20,20,20
180243,1,1,1983,0,0,0,0,0,0,0,0,0,0
180243,2,1,1983,0,0,14,0,0,0,22,16,0,0
180244,0,1,1983,0,0,0,0,0,0,0,0,0,0
180244,1,1,1983,0,0,0,0,0,0,0,0,0,0
180245,1,1,1983,0,0,0,0,0,0,0,0,0,0
180246,1,1,1983,0,0,0,0,0,0,0,0,0,0
180246,2,1,1983,0,0,0,0,0,0,0,0,0,0
180247,1,1,1983,0,0,0,0,0,0,0,0,0,0
180248,1,1,1983,11,10,17,21,17,14,18,20,7,4
180249,0,1,1983,0,0,0,0,0,0,0,0,0,0
180249,1,1,1983,0,0,0,0,0,0,0,0,0,0
180250,1,1,1983,27,27,27,27,27,27,27,27,27,27
180250,2,1,1983,0,0,0,0,0,0,0,0,0,0
180251,1,1,1983,0,0,0,0,0,0,0,0,0,0
180251,2,1,1983,0,0,0,0,0,0,0,0,0,0
180252,1,1,1983,8,8,8,8,8,8,8,8,8,8
180253,1,1,1983,2,2,2,2,2,2,2,2,2,2
180254,1,1,1983,18,0,11,21,20,18,0,40,21,7
180255,1,1,1983,0,0,0,0,0,0,0,0,0,0
180255,2,1,1983,0,0,0,0,0,0,0,0,0,0
180256,1,1,1983,28,28,28,28,28,28,28,28,28,28
180256,2,1,1983,0,0,0,0,0,0,0,0,0,0
180257,0,1,1983,0,0,0,0,0,0,0,0,0,0
180257,1,1,1983,0,0,0,0,0,0,0,0,0,0
180258,1,1,1983,0,0,0,0,0,0,0,0,0,0
180258,2,1,1983,0,0,0,0,0,0,0,0,0,0
180259,1,1,1983,0,8,12,0,0,0,0,21,23,6
180259,2,1,1983,0,0,4,0,47,29,24,0,0,20
180260,1,1,1983,13,26,9,15,21,14,23,10,15,22
180261,0,1,1983,0,0,0,0,0,0,0,0,0,0
180261,1,1,1983,0,0,0,0,0,0,0,0,0,0
180262,1,1,1983,15,15,15,15,15,15,15,15,15,15
180263,1,1,1983,7,20,0,23,21,0,10,0,35,0
180264,1,1,1983,18,18,18,18,18,18,18,18,18,18
180265,1,1,1983,0,0,0,0,0,0,0,0,0,0
180265,2,1,1983,0,0,0,0,0,0,0,0,0,0
180266,1,1,1983,9,9,9,9,9,9,9,9,9,9
180266,2,1,1983,0,0,10,0,0,0,0,0,5,0
180267,1,1,1983,20,20,20,20,20,20,20,20,20,20
180268,1,1,1983,0,0,0,22,0,0,0,0,0,0
180269,1,1,1983,26,0,0,9,0,0,0,0,0,0
180270,1,1,1983,15,0,29,0,13,26,10,0,0,17
180271,1,1,1983,0,0,0,0,0,0,0,0,0,0
180271,2,1,1983,0,0,0,0,0,0,0,0,0,0
180272,1,1,1983,0,0,0,0,0,0,0,0,0,0
180272,2,1,1983,0,0,0,0,0,0,0,0,0,0
180272,3,1,1983,0,0,0,0,0,0,0,0,0,0
180272,4,1,1983,0,0,0,0,0,0,0,0,0,0
180273,1,1,1983,0,0,0,0,0,0,0,0,0,0
180273,2,1,1983,0,0,0,0,0,0,0,0,0,0
180274,1,1,1983,16,16,16,16,16,16,16,16,16,16
180275,1,1,1983,29,29,29,29,29,29,29,29,29,29
180275,2,1,1983,25,25,25,25,25,25,25,25,25,25
180276,1,1,1983,0,0,0,0,0,0,0,0,0,0
180277,1,1,1983,0,0,0,0,0,0,0,0,0,7
180277,2,1,1983,0,0,0,0,0,0,0,0,0,0
180277,3,1,1983,0,0,0,0,0,0,0,2,0,0
180278,1,1,1983,18,18,18,18,18,18,18,18,18,18
180279,1,1,1983,14,14,14,14,14,14,14,14,14,14
180279,2,1,1983,0,0,0,0,0,0,0,0,0,0
180280,1,1,1983,0,0,0,0,0,0,0,0,0,0
180280,2,1,1983,0,0,0,0,0,0,0,0,0,0
180280,3,1,1983,0,0,0,0,0,0,0,0,0,0
180281,1,1,1983,9,31,8,16,21,13,7,16,22,13
180281,2,1,1983,0,0,0,0,0,0,0,0,0,0
180282,0,1,1983,0,0,0,0,0,0,0,0,0,0
180282,1,1,1983,17,17,17,17,17,17,17,17,17,17
180283,1,1,1983,22,22,22,22,22,22,22,22,22,22
180284,0,1,1983,0,0,0,0,0,0,0,0,0,0
180284,1,1,1983,0,0,0,0,0,0,0,0,0,0
180285,1,1,1983,20,20,20,20,20,20,20,20,20,20
180286,1,1,1983,21,21,21,21,21,21,21,21,21,21
180287,1,1,1983,0,22,0,16,0,0,29,0,0,15
180287,2,1,1983,17,0,0,21,18,0,34,15,0,0
180288,1,1,1983,21,21,21,21,21,21,21,21,21,21
180289,1,1,1983,18,18,18,18,18,18,18,18,18,18
180290,1,1,1983,17,12,23,24,18,11,19,7,22,15
180290,2,1,1983,0,0,0,0,0,0,0,0,0,0
180291,0,1,1983,0,0,0,0,0,0,0,0,0,0
180291,1,1,1983,0,0,0,0,0,0,0,6,0,0
180292,1,1,1983,0,0,0,0,0,0,0,0,0,0
180293,0,1,1983,0,0,0,0,0,0,0,0,0,0
180293,1,1,1983,0,0,0,0,0,0,0,0,0,0
180294,1,1,1983,0,0,0,0,0,12,0,0,8,0
180295,1,1,1983,0,0,0,0,0,0,0,0,0,0
180295,2,1,1983,0,5,0,0,0,0,0,0,0,0
180296,0,1,1983,0,0,0,0,0,0,0,0,0,0
180296,1,1,1983,0,0,0,0,0,0,0,0,0,0
180297,1,1,1983,27,27,27,27,27,27,27,27,27,27
180298,1,1,1983,17,17,17,17,17,17,17,17,17,17
180298,2,1,1983,0,0,0,0,0,0,0,0,0,0
180299,1,1,1983,9,29,15,20,15,27,23,11,18,16
180299,2,1,1983,14,8,17,23,15,20,5,15,9,7
180300,1,1,1983,23,23,23,23,23,23,23,23,23,23
180301,1,1,1983,25,25,25,25,25,25,25,25,25,25
180301,2,1,1983,0,0,0,0,0,0,0,0,0,0
180302,1,1,1983,23,23,23,23,23,23,23,23,23,23
180303,1,1,1983,0,0,0,0,0,0,0,0,0,0
180304,1,1,1983,0,0,0,0,0,0,0,0,0,0
180304,2,1,1983,0,0,0,0,0,0,0,0,0,0
180305,0,1,1983,13,13,13,13,13,13,13,13,13,13
180305,1,1,1983,5,5,5,5,5,5,5,5,5,5
180306,1,1,1983,0,0,0,0,0,0,0,0,0,0