ST_CASE,VEH_NO,PER_NO,YEAR,P1,P2,P3,P4,P5,P6,P7,P8,P9,P10
180306,2,1,1983,0,0,0,0,0,0,0,0,0,0
180307,0,1,1983,0,0,0,0,0,0,0,0,0,0
180307,1,1,1983,0,0,0,0,0,0,0,0,0,0
180308,1,1,1983,18,18,18,18,18,18,18,18,18,18
180308,2,1,1983,0,4,23,0,10,0,18,0,4,16
180309,1,1,1983,0,2,0,0,0,0,0,13,0,0
180309,2,1,1983,4,0,0,0,0,0,0,0,0,0
180310,1,1,1983,0,0,0,0,0,0,0,0,15,0
180310,2,1,1983,0,0,0,0,0,0,0,0,0,0
180311,1,1,1983,0,0,0,0,0,0,16,0,0,0
180311,2,1,1983,0,0,0,0,0,0,0,0,0,0
180312,0,1,1983,0,0,0,0,0,0,0,0,0,0
180312,1,1,1983,0,0,0,0,0,0,0,0,0,0
180313,1,1,1983,0,3,0,0,9,0,0,0,0,0
180313,2,1,1983,0,0,0,0,0,0,0,0,0,0
180314,1,1,1983,0,0,0,0,0,0,0,0,0,0
180314,2,1,1983,0,0,0,0,0,0,0,0,0,0
180315,1,1,1983,0,0,0,0,0,0,0,0,0,0
180315,2,1,1983,0,0,0,0,0,0,0,0,0,0
180316,0,1,1983,0,0,0,0,0,0,0,0,0,0
180316,1,1,1983,0,0,0,0,0,0,0,0,0,0
180318,1,1,1983,7,7,7,7,7,7,7,7,7,7
180319,0,1,1983,0,0,0,0,0,0,0,0,0,0
180319,1,1,1983,0,0,0,8,0,0,0,0,0,0
180320,1,1,1983,0,22,8,0,17,7,12,14,12,15
180321,1,1,1983,16,16,16,16,16,16,16,16,16,16
180321,2,1,1983,23,23,23,23,23,23,23,23,23,23
180322,1,1,1983,0,11,0,0,0,0,0,0,0,0
180322,2,1,1983,0,5,0,0,0,0,18,30,0,23
180323,1,1,1983,23,24,0,16,15,17,12,24,34,18
180323,2,1,1983,0,0,7,11,13,13,0,27,0,3
180323,3,1,1983,24,0,0,0,12,0,11,0,0,0
180324,0,1,1983,0,0,0,0,0,0,0,0,0,0
180324,1,1,1983,18,18,18,18,18,18,18,18,18,18
180325,1,1,1983,17,17,17,17,17,17,17,17,17,17
180325,2,1,1983,32,32,32,32,32,32,32,32,32,32
180326,1,1,1983,0,24,14,0,9,15,19,10,19,17
180327,1,1,1983,20,20,20,20,20,20,20,20,20,20
180328,1,1,1983,0,0,0,0,0,0,0,0,0,0
180328,2,1,1983,0,7,0,0,0,0,0,8,0,0
180329,1,1,1983,24,14,14,7,24,24,11,0,19,17
180330,1,1,1983,0,0,0,0,0,0,0,0,0,0
180331,1,1,1983,0,0,0,0,0,0,0,0,0,0
180332,1,1,1983,0,0,0,0,0,0,0,0,0,0
180332,2,1,1983,12,12,12,12,12,12,12,12,12,12
180333,1,1,1983,9,27,16,15,31,28,14,3,3,29
180333,2,1,1983,0,0,0,0,0,0,0,0,0,0
180334,1,1,1983,19,36,0,8,10,0,29,15,11,0
180335,1,1,1983,0,0,0,0,0,0,0,0,0,32
180336,1,1,1983,31,31,31,31,31,31,31,31,31,31
180336,2,1,1983,0,0,0,0,0,0,0,0,0,0
180337,1,1,1983,0,0,0,0,0,16,0,0,0,0
180337,2,1,1983,0,9,0,0,0,0,22,0,0,15
180338,1,1,1983,15,15,15,15,15,15,15,15,15,15
180338,2,1,1983,0,0,0,0,0,0,14,0,0,0
180339,1,1,1983,20,6,0,0,0,0,0,0,0,13
180340,1,1,1983,0,3,0,0,0,0,0,0,0,0
180340,2,1,1983,0,0,0,0,12,0,10,0,27,17
180340,3,1,1983,0,0,6,0,0,0,0,0,0,0
180341,1,1,1983,23,20,0,23,0,0,0,0,23,12
180342,0,1,1983,0,0,0,0,23,0,0,0,24,14
180342,1,1,1983,7,0,0,0,0,0,0,0,15,4
180343,1,1,1983,23,23,23,23,23,23,23,23,23,23
180344,1,1,1983,9,15,18,13,22,5,12,9,18,18
180345,1,1,1983,0,7,0,0,11,0,24,12,0,0
180346,0,1,1983,26,0,0,0,0,0,0,32,0,0
180346,1,1,1983,0,0,0,0,0,0,0,0,0,0
180347,1,1,1983,0,0,0,0,0,0,6,0,0,0
180348,0,1,1983,0,0,0,0,0,0,0,0,0,0
180348,1,1,1983,0,0,0,0,0,0,0,0,0,0
180349,1,1,1983,0,0,0,0,0,0,10,0,0,0
180349,2,1,1983,0,0,0,22,0,0,0,0,0,18
180350,1,1,1983,0,0,0,0,0,0,0,0,0,0
180350,2,1,1983,0,0,0,0,0,0,0,0,0,0
180351,1,1,1983,0,17,17,20,23,17,27,23,22,19
180352,1,1,1983,0,0,0,0,0,0,0,0,0,0
180353,0,1,1983,0,0,0,0,0,0,0,0,0,0
180353,1,1,1983,0,0,0,0,0,0,0,0,0,0
180354,1,1,1983,4,18,14,29,12,26,13,17,15,14
180354,2,1,1983,0,0,0,0,0,13,0,0,0,0
180356,1,1,1983,16,22,15,14,25,32,25,18,9,13
180357,0,1,1983,0,0,0,34,0,23,0,0,0,0
180357,1,1,1983,0,0,0,0,0,0,0,0,0,0
180357,2,1,1983,0,0,0,0,0,0,0,0,0,0
180357,3,1,1983,0,0,0,0,0,0,0,0,0,0
180358,1,1,1983,0,0,0,21,0,5,0,0,0,9
180358,2,1,1983,23,0,0,0,0,12,0,15,0,0
180359,1,1,1983,0,0,0,0,0,0,0,0,0,0
180359,2,1,1983,5,5,5,5,5,5,5,5,5,5
180360,1,1,1983,0,0,0,0,0,0,0,0,0,0
180361,1,1,1983,0,0,0,0,0,0,0,0,0,0
180361,2,1,1983,0,0,0,0,0,0,0,0,0,0
180362,1,1,1983,0,0,0,0,0,0,14,0,0,0
180362,2,1,1983,0,0,0,0,0,0,0,0,0,0
180363,1,1,1983,0,8,0,0,0,0,0,0,0,0
180364,0,1,1983,0,0,0,0,0,0,0,0,0,0
180364,1,1,1983,0,0,0,0,0,0,0,0,0,0
180365,1,1,1983,0,0,0,0,0,0,0,0,0,0
180366,1,1,1983,0,15,0,0,5,5,10,15,16,12
180366,2,1,1983,0,0,0,0,0,0,0,0,0,0
180367,0,1,1983,0,0,0,22,12,4,18,10,43,0
180367,1,1,1983,13,0,12,23,0,36,0,19,0,41
180367,2,1,1983,17,16,0,0,0,18,15,0,13,0
180368,1,1,1983,16,16,16,16,16,16,16,16,16,16
180369,0,1,1983,0,0,0,0,14,7,0,21,0,0
180369,1,1,1983,0,0,0,0,0,0,0,0,0,0
180370,1,1,1983,0,13,0,0,13,0,0,0,0,0
180371,0,1,1983,25,25,34,19,24,63,17,27,18,16
180371,1,1,1983,18,11,27,5,0,11,18,12,13,16
180372,1,1,1983,32,32,32,32,32,32,32,32,32,32
180373,1,1,1983,0,0,0,0,0,0,0,0,0,0
180374,1,1,1983,0,0,0,0,0,0,0,0,0,0
180374,2,1,1983,0,0,0,0,0,0,0,0,0,0
180374,3,1,1983,0,0,0,0,0,0,0,0,0,0
180374,4,1,1983,0,0,0,0,0,0,0,0,0,0
180374,5,1,1983,0,0,0,0,0,0,0,0,0,0
180375,1,1,1983,19,12,14,26,22,18,22,14,12,9
180375,2,1,1983,9,14,20,11,19,23,6,24,25,19
180376,1,1,1983,13,20,22,8,13,19,24,12,34,15
180377,1,1,1983,19,19,19,19,19,19,19,19,19,19
180377,2,1,1983,32,0,16,0,16,0,0,0,0,29
180378,1,1,1983,11,17,27,16,15,9,16,16,13,23
180379,1,1,1983,14,0,27,16,0,24,25,30,19,32
180380,1,1,1983,0,0,0,0,0,0,0,0,4,0
180380,2,1,1983,0,0,0,0,0,0,0,0,0,0
180381,1,1,1983,14,0,0,0,19,0,0,0,0,0
180381,2,1,1983,0,0,0,0,0,0,0,0,0,0
180383,1,1,1983,7,11,26,14,17,19,21,20,19,14
180383,2,1,1983,0,18,0,18,0,0,21,0,12,0
180384,1,1,1983,0,11,9,30,0,0,23,22,33,8
180385,1,1,1983,0,0,0,0,0,0,0,0,0,0
180385,2,1,1983,0,0,0,0,0,0,0,0,0,0
180386,1,1,1983,11,31,21,0,20,20,0,0,0,11
180387,1,1,1983,0,0,0,0,0,0,0,0,0,0
180387,2,1,1983,14,14,14,14,14,14,14,14,14,14
180388,1,1,1983,5,16,27,22,18,18,9,23,17,12
180389,1,1,1983,0,0,0,0,0,0,0,0,0,0
180389,2,1,1983,0,0,0,0,0,0,0,0,0,0
180390,1,1,1983,21,21,21,21,21,21,21,21,21,21
180391,0,1,1983,0,0,0,0,0,0,0,0,0,0
180391,1,1,1983,0,0,0,0,0,0,0,0,0,0
180392,1,1,1983,2,2,2,2,2,2,2,2,2,2
180393,1,1,1983,0,0,0,0,0,0,0,0,0,0
180393,2,1,1983,0,0,0,0,0,0,0,0,0,0
180394,1,1,1983,0,0,26,11,11,0,0,0,0,10
180395,1,1,1983,10,27,24,14,16,13,0,19,31,26
180396,1,1,1983,17,24,4,0,19,9,0,9,11,16
180396,2,1,1983,0,13,19,0,0,0,13,0,0,0
180397,0,1,1983,0,31,9,14,0,6,0,26,33,18
180397,1,1,1983,0,0,0,22,14,8,12,0,17,0
180398,1,1,1983,0,12,22,24,13,0,17,0,12,11
180399,0,1,1983,0,27,0,0,0,0,0,30,0,18
180399,1,1,1983,0,0,0,0,0,0,0,6,0,0
180399,2,1,1983,0,0,0,0,0,0,0,0,0,0
180400,1,1,1983,0,0,0,0,0,0,0,0,13,0
180400,2,1,1983,0,20,0,0,0,0,7,0,0,0
180401,1,1,1983,10,10,10,10,10,10,10,10,10,10
180402,1,1,1983,3,22,6,17,12,12,6,17,10,10
180403,1,1,1983,0,0,0,0,0,0,0,0,0,0
180403,2,1,1983,0,0,0,0,0,0,0,0,0,0
180404,1,1,1983,27,29,23,16,8,19,26,5,15,19
180405,0,1,1983,0,0,0,0,0,19,0,0,17,0
180405,1,1,1983,0,0,0,0,0,0,0,0,0,0
180406,1,1,1983,0,0,0,0,18,0,0,0,0,0
180406,2,1,1983,0,0,12,0,0,0,5,13,11,0
180407,1,1,1983,0,0,0,0,0,0,0,0,0,0
180407,2,1,1983,0,0,0,0,0,31,0,0,0,0
180408,1,1,1983,0,0,0,10,38,0,0,0,0,4
180409,1,1,1983,0,0,0,0,0,0,0,0,0,0
180410,1,1,1983,0,0,0,23,0,0,12,0,0,20
180411,1,1,1983,20,20,20,20,20,20,20,20,20,20
180411,2,1,1983,0,0,0,0,0,0,0,0,0,0
180412,1,1,1983,0,0,0,0,0,0,0,0,0,0
180412,2,1,1983,0,0,0,0,0,0,0,0,0,0
180413,1,1,1983,0,0,0,0,0,0,0,0,12,0
180413,2,1,1983,0,0,0,0,0,0,0,0,7,0
180414,1,1,1983,0,0,0,0,0,3,0,0,0,0
180414,2,1,1983,0,0,0,0,0,0,0,0,0,0
180415,0,1,1983,0,0,16,0,0,0,0,0,0,0
180415,1,1,1983,0,0,0,0,0,0,0,0,0,0
180416,1,1,1983,0,0,0,0,7,0,0,0,0,0
180416,2,1,1983,0,0,0,0,0,0,0,0,0,0
180417,1,1,1983,0,0,0,0,0,0,0,0,0,0
180417,2,1,1983,0,0,0,0,0,0,0,0,0,13
180418,1,1,1983,11,11,11,11,11,11,11,11,11,11
180419,1,1,1983,0,0,0,0,0,0,0,21,0,0
180420,1,2,1983,0,0,26,0,13,13,0,0,0,7
180420,2,1,1983,23,23,23,23,23,23,23,23,23,23
180421,1,1,1983,0,16,0,20,0,29,0,0,0,0
180422,1,1,1983,0,0,0,0,0,0,0,0,0,0
180423,1,1,1983,0,0,0,14,0,0,0,0,0,0
180423,2,1,1983,0,0,0,0,0,0,0,0,0,0
180424,1,1,1983,0,0,0,0,0,0,0,0,0,0
180424,2,1,1983,0,0,0,0,0,0,0,0,0,13
180425,0,1,1983,0,10,24,11,0,8,17,0,11,0
180425,1,1,1983,0,0,0,0,0,0,0,0,0,0
180426,1,1,1983,4,4,4,4,4,4,4,4,4,4
180426,2,1,1983,0,0,26,0,0,9,0,0,0,0
180427,1,1,1983,0,0,0,0,0,0,0,0,0,0
180427,2,1,1983,0,0,0,0,0,0,0,0,0,0
180428,1,1,1983,21,21,21,21,21,21,21,21,21,21
180429,1,1,1983,0,0,0,0,0,0,0,0,0,0
180430,1,1,1983,15,15,15,15,15,15,15,15,15,15
180431,0,1,1983,5,5,5,5,5,5,5,5,5,5
180431,1,1,1983,14,14,14,14,14,14,14,14,14,14
180432,1,1,1983,0,0,0,0,0,0,0,0,23,21
180433,1,1,1983,16,22,24,12,22,25,23,5,14,11
180434,1,1,1983,7,8,0,0,0,0,0,0,0,0
180435,1,1,1983,0,0,0,0,0,0,10,0,0,0
180435,2,1,1983,0,0,0,0,0,0,0,0,0,0
180436,1,1,1983,11,11,11,11,11,11,11,11,11,11
180437,1,1,1983,12,12,12,12,12,12,12,12,12,12
180437,2,1,1983,0,0,0,0,0,0,0,0,0,0
180438,1,1,1983,0,11,20,0,0,0,29,0,0,17
180438,2,1,1983,16,16,16,16,16,16,16,16,16,16
180439,1,1,1983,0,0,0,0,0,0,0,0,0,0
180439,2,1,1983,0,0,0,0,0,0,0,0,0,0
180440,1,1,1983,0,0,0,0,0,0,0,0,0,0
180440,2,1,1983,0,0,0,0,0,0,0,0,0,0
180441,0,1,1983,0,0,0,0,0,0,20,0,0,0
180441,1,1,1983,0,0,0,0,0,0,0,0,0,0
180442,1,1,1983,17,17,17,17,17,17,17,17,17,17
180443,1,1,1983,0,0,0,0,0,0,0,0,0,0
180443,2,1,1983,18,18,18,18,18,18,18,18,18,18
180444,1,1,1983,0,0,0,0,0,0,0,0,0,0
180444,2,1,1983,14,14,14,14,14,14,14,14,14,14
180445,1,1,1983,0,0,0,0,0,0,0,0,0,0
180446,1,1,1983,0,0,0,0,0,0,0,0,0,0
180446,2,1,1983,0,0,0,0,0,0,0,0,0,0
180447,1,1,1983,14,28,18,9,24,20,15,24,18,0
180448,1,1,1983,0,0,0,0,0,0,0,0,0,0
180448,2,1,1983,0,0,0,0,0,0,0,0,0,0
180449,1,1,1983,0,0,0,0,0,0,0,0,0,0
180449,2,1,1983,0,0,0,0,0,0,0,0,0,0
180450,1,1,1983,34,34,34,34,34,34,34,34,34,34
180451,1,1,1983,0,9,0,0,9,0,19,18,13,17
180452,1,1,1983,0,0,0,0,0,0,0,0,12,0
180452,2,1,1983,0,0,0,0,0,0,0,31,0,0
180453,1,1,1983,0,0,0,0,0,0,0,0,0,0
180454,1,1,1983,11,11,11,11,11,11,11,11,11,11
180455,1,1,1983,15,15,15,15,15,15,15,15,15,15
180456,1,1,1983,0,0,0,0,0,0,0,0,0,0
180457,1,1,1983,0,0,0,0,0,0,0,0,0,0
180457,2,1,1983,0,0,0,0,0,0,0,0,0,0
180458,1,1,1983,0,0,0,0,0,0,0,0,0,0
180459,1,1,1983,15,18,9,24,26,0,10,21,0,25
180460,1,1,1983,0,0,8,0,16,22,0,21,0,0
180461,0,1,1983,0,0,0,0,21,0,32,0,0,0
180461,1,1,1983,0,0,0,0,0,0,0,0,0,0
180462,1,1,1983,0,0,0,0,0,0,0,0,0,0
180462,2,1,1983,3,3,3,3,3,3,3,3,3,3
180463,1,1,1983,21,21,21,21,21,21,21,21,21,21
180464,1,1,1983,0,0,0,0,0,0,0,0,0,0
180465,1,1,1983,0,0,0,0,0,0,0,8,0,0
180465,2,1,1983,0,0,17,0,0,0,0,0,0,12
180466,1,1,1983,0,22,7,0,18,26,0,0,0,0
180467,0,1,1983,0,0,20,11,0,9,0,0,10,16
180467,1,1,1983,0,0,27,12,0,7,24,23,8,5
180468,1,1,1983,0,0,0,0,0,0,0,7,0,0
180468,2,1,1983,0,0,0,0,0,0,0,0,0,0
180469,1,1,1983,0,0,0,0,0,0,0,0,0,0
180469,2,1,1983,9,9,9,9,9,9,9,9,9,9
180469,3,1,1983,0,0,0,0,0,0,0,0,0,0
180470,1,1,1983,22,16,17,27,31,19,16,0,16,0
180471,1,1,1983,0,15,0,14,17,0,21,0,0,0
180472,1,1,1983,0,0,0,0,0,0,0,0,0,0
180473,1,1,1983,25,25,25,25,25,25,25,25,25,25
180474,1,1,1983,0,0,0,0,0,0,0,0,0,0
180474,2,1,1983,0,0,0,0,0,0,0,0,0,0
180475,1,1,1983,0,0,0,0,0,0,0,0,0,0
180475,2,1,1983,0,0,0,0,0,0,0,0,0,0
180476,1,1,1983,0,0,0,0,7,0,0,0,0,0
180476,2,1,1983,0,10,0,0,21,0,0,0,0,0
180477,1,1,1983,24,24,24,24,24,24,24,24,24,24
180477,2,1,1983,0,22,0,0,0,3,0,0,15,0
180478,1,1,1983,0,0,0,0,0,0,0,0,0,0
180478,2,1,1983,0,0,0,0,0,0,0,0,0,0
180478,3,1,1983,0,0,0,0,0,0,0,0,0,0
180479,1,1,1983,0,0,0,0,0,0,0,0,0,0
180479,2,1,1983,0,0,0,0,0,0,0,0,0,0
180480,1,1,1983,8,5,0,11,0,0,0,17,19,12
180481,1,1,1983,22,22,22,22,22,22,22,22,22,22
180482,1,1,1983,21,0,6,7,18,20,11,17,0,18
180483,1,1,1983,0,0,0,0,0,0,0,0,0,0
180483,2,1,1983,0,0,0,0,0,0,0,0,0,0
180483,3,1,1983,0,0,0,0,17,0,0,0,0,0
180483,4,1,1983,0,0,0,0,0,0,0,0,0,0
180484,1,1,1983,16,16,16,16,16,16,16,16,16,16
180485,1,1,1983,0,0,0,0,0,0,0,0,0,0
180485,2,1,1983,17,25,0,0,0,22,16,0,16,9
180486,1,1,1983,0,0,0,0,0,21,0,0,0,0
180486,2,1,1983,0,0,0,0,0,0,0,0,0,0
180487,1,1,1983,32,32,32,32,32,32,32,32,32,32
180488,1,1,1983,0,0,0,0,0,0,0,0,0,0
180488,2,1,1983,0,0,0,13,0,0,0,0,0,0
180489,1,1,1983,0,0,0,0,0,0,0,0,0,0
180489,2,1,1983,0,0,0,0,0,0,0,0,0,0
180490,1,1,1983,0,0,0,0,0,0,0,0,0,0
180490,2,1,1983,11,9,0,29,0,0,0,18,13,20
180491,1,1,1983,17,0,23,35,11,21,27,16,14,28
180492,1,1,1983,0,0,0,0,0,0,0,0,0,0
180493,1,1,1983,0,0,0,0,0,0,0,0,0,0
180494,1,1,1983,4,19,17,17,15,0,21,13,25,5
180495,1,1,1983,22,22,22,22,22,22,22,22,22,22
180496,1,1,1983,23,23,23,23,23,23,23,23,23,23
180497,1,1,1983,0,0,0,0,0,0,0,0,0,0
180498,1,1,1983,28,28,28,28,28,28,28,28,28,28
180499,1,1,1983,0,0,0,0,0,0,0,0,0,0
180499,2,1,1983,0,10,19,28,0,0,23,0,20,12
180499,3,1,1983,10,20,0,0,0,0,10,10,0,0
180500,1,1,1983,0,0,0,0,0,0,0,0,18,9
180500,2,1,1983,0,0,0,0,0,0,0,0,0,0
180501,1,1,1983,16,0,8,9,0,32,0,21,0,0
180502,1,1,1983,4,0,13,0,0,0,0,0,0,0
180502,2,1,1983,0,0,0,0,0,0,0,0,0,0
180503,1,1,1983,0,0,5,0,0,0,0,0,0,0
180503,2,1,1983,22,22,22,22,22,22,22,22,22,22
180504,1,1,1983,10,10,10,10,10,10,10,10,10,10
180505,0,1,1983,0,0,0,0,0,0,0,0,0,0
180505,1,1,1983,4,4,4,4,4,4,4,4,4,4
180506,1,1,1983,0,0,0,0,0,0,0,0,0,0
180507,1,1,1983,11,11,11,11,11,11,11,11,11,11
180508,0,1,1983,0,22,0,0,0,0,0,0,0,26
180508,1,1,1983,0,0,0,0,0,0,0,0,0,6
180508,2,1,1983,0,0,0,0,0,0,0,0,0,0
180509,1,1,1983,5,5,5,5,5,5,5,5,5,5
180510,1,1,1983,0,0,0,0,21,0,13,0,21,13
180511,1,1,1983,24,24,24,24,24,24,24,24,24,24
180512,1,1,1983,0,6,0,0,7,0,0,0,14,0
180512,2,1,1983,0,0,0,0,0,0,0,0,0,0
180513,1,1,1983,0,0,0,0,0,0,0,0,0,0
180513,2,1,1983,0,0,0,0,0,0,0,0,0,0
180514,1,1,1983,28,28,28,28,28,28,28,28,28,28
180515,1,1,1983,10,10,10,10,10,10,10,10,10,10
180516,0,1,1983,0,0,0,0,0,0,0,0,0,0
180516,1,1,1983,0,0,0,0,6,0,0,0,0,0
180517,1,1,1983,0,0,0,0,0,0,0,0,0,0
180517,2,1,1983,0,0,0,0,0,0,0,0,0,0
180517,3,1,1983,0,0,0,0,0,0,0,23,0,0
180518,1,1,1983,0,0,0,0,0,0,0,0,0,0
180519,1,1,1983,0,0,0,0,0,0,0,0,0,0
180520,1,1,1983,13,13,13,13,13,13,13,13,13,13
180521,1,1,1983,0,10,0,0,0,0,0,0,5,0
180521,2,1,1983,0,0,0,0,0,0,23,0,0,0
180522,0,1,1983,29,29,29,29,29,29,29,29,29,29
180522,1,1,1983,9,9,9,9,9,9,9,9,9,9
180523,1,1,1983,0,0,0,0,0,0,0,0,0,0
180523,2,1,1983,0,0,0,0,0,0,0,0,0,0
180524,1,1,1983,0,0,0,0,0,0,0,0,0,0
180524,2,1,1983,0,0,6,2,21,37,16,0,0,0
180525,0,1,1983,0,23,0,0,0,0,35,0,0,0
180525,1,1,1983,0,23,13,0,0,19,0,0,0,0
180526,1,1,1983,0,0,31,17,17,0,11,26,8,21
180527,1,1,1983,0,0,0,0,0,0,5,0,0,0
180528,1,1,1983,0,0,0,0,0,0,0,0,0,0
180529,1,1,1983,0,0,0,0,0,0,0,0,18,10
180529,2,1,1983,0,0,0,0,0,0,0,0,0,0
180530,1,1,1983,0,0,0,8,0,0,0,0,0,0
180530,2,1,1983,0,0,0,0,0,0,0,0,0,0
180531,1,1,1983,0,0,0,0,0,0,0,0,0,0
180531,2,1,1983,0,0,0,0,0,0,0,0,0,0
180532,1,1,1983,23,23,23,23,23,23,23,23,23,23
180532,2,1,1983,0,11,0,0,0,0,0,0,0,20
180532,3,1,1983,0,0,0,0,0,12,0,0,0,0
180533,1,1,1983,24,8,0,0,0,13,10,19,0,6
180534,0,1,1983,0,0,0,0,0,0,0,0,0,0
180534,0,2,1983,0,23,0,14,19,0,0,0,24,0
180534,1,1,1983,0,0,0,0,0,0,0,0,0,0
180535,1,1,1983,0,0,0,0,0,0,0,0,0,0
180536,1,1,1983,0,0,0,0,0,0,0,0,0,0
180537,1,1,1983,0,0,0,0,0,0,0,0,0,0
180537,2,1,1983,0,0,0,0,0,29,0,0,0,0
180538,0,1,1983,0,10,22,0,10,12,0,0,16,0
180538,1,1,1983,0,16,0,21,23,34,13,0,28,24
180539,1,1,1983,0,19,0,0,0,11,0,0,0,0
180540,0,1,1983,0,0,0,0,0,0,0,0,0,0
180540,1,1,1983,0,0,0,0,0,0,0,0,0,0
180541,0,1,1983,0,0,0,0,0,0,0,0,0,0
180541,1,1,1983,0,0,0,0,0,0,0,0,0,0
180542,1,1,1983,19,11,0,0,0,0,4,15,8,19
180543,1,1,1983,0,0,0,0,0,29,0,0,0,0
180543,2,1,1983,0,0,0,0,0,0,0,0,0,0
180544,1,1,1983,20,20,20,20,20,20,20,20,20,20
180544,2,1,1983,0,14,8,26,11,0,10,0,3,5
180545,0,1,1983,0,0,20,0,0,0,0,0,0,0
180545,1,1,1983,0,0,0,0,0,0,0,0,0,0
180546,1,1,1983,0,0,0,0,0,0,3,0,0,0
180546,2,1,1983,0,0,17,23,7,0,0,0,0,0
180547,1,1,1983,13,13,13,13,13,13,13,13,13,13
180547,2,1,1983,0,0,0,0,0,0,0,0,0,0
180548,1,1,1983,0,13,0,0,42,16,20,0,0,0
180549,1,1,1983,11,11,11,11,11,11,11,11,11,11
180549,2,1,1983,0,0,0,0,15,0,0,0,0,0
180550,0,1,1983,29,29,29,29,29,29,29,29,29,29
180550,1,1,1983,2,2,2,2,2,2,2,2,2,2
180551,1,1,1983,0,5,0,0,19,4,19,20,18,8
180552,0,1,1983,0,0,0,0,0,0,0,0,0,0
180552,1,1,1983,0,0,0,0,0,0,0,0,0,0
180553,1,1,1983,0,0,0,0,0,0,0,0,0,0
180553,2,1,1983,0,0,0,0,0,0,0,0,0,35
180554,0,1,1983,0,0,0,0,0,0,0,0,0,0
180554,1,1,1983,13,13,13,13,13,13,13,13,13,13
180555,1,1,1983,0,0,0,0,0,0,0,0,0,0
180555,2,1,1983,0,0,0,0,0,0,0,0,0,0
180556,1,1,1983,0,0,0,0,0,0,0,0,0,0
180556,2,1,1983,0,0,0,4,0,0,0,0,0,0
180557,1,1,1983,0,0,0,0,0,0,0,0,0,0
180558,1,1,1983,0,0,0,0,0,0,0,0,0,0
180558,2,1,1983,0,0,0,0,0,0,0,0,0,0
180559,1,1,1983,26,5,0,9,12,0,0,13,18,0
180559,2,1,1983,0,0,0,0,0,0,23,0,0,0
180560,1,1,1983,0,0,16,10,0,0,0,14,0,0
180561,1,1,1983,12,12,12,12,12,12,12,12,12,12
180561,2,1,1983,14,14,14,14,14,14,14,14,14,14
180562,1,1,1983,3,3,3,3,3,3,3,3,3,3
180562,2,1,1983,0,0,0,0,0,0,0,0,0,20
180563,1,1,1983,18,0,21,17,23,16,27,9,26,20
180564,1,1,1983,21,21,21,21,21,21,21,21,21,21
180565,1,1,1983,18,18,18,18,18,18,18,18,18,18
180567,1,1,1983,8,8,8,8,8,8,8,8,8,8
180567,2,1,1983,0,0,0,0,0,0,0,0,0,0
180568,1,1,1983,15,6,18,17,11,8,17,14,14,23
180569,0,1,1983,19,0,9,11,27,0,20,27,13,0
180569,0,2,1983,17,34,23,26,37,0,48,35,2,9
180569,1,1,1983,7,0,0,14,9,0,21,0,0,19
180570,1,1,1983,0,0,0,0,0,0,0,0,0,0
180571,1,1,1983,0,0,0,0,0,0,0,0,0,0
180571,2,1,1983,0,0,0,0,0,0,0,0,0,0
180572,1,1,1983,25,25,25,25,25,25,25,25,25,25
180572,2,1,1983,0,0,0,0,0,0,0,0,0,0
180572,3,1,1983,0,0,0,0,0,0,0,0,0,0
180572,4,1,1983,0,0,5,0,0,0,0,0,0,0
180572,5,1,1983,0,0,0,0,0,0,0,0,0,0
180573,1,1,1983,5,9,11,23,18,13,0,10,12,27
180574,1,1,1983,0,0,0,0,0,0,0,0,0,0
180575,0,1,1983,26,26,26,26,26,26,26,26,26,26
180575,1,1,1983,21,21,21,21,21,21,21,21,21,21
180576,0,1,1983,0,0,0,0,0,0,0,0,0,0
180576,1,1,1983,0,0,0,0,0,0,0,0,0,0
180577,1,1,1983,29,29,29,29,29,29,29,29,29,29
180578,1,1,1983,15,15,15,15,15,15,15,15,15,15
180579,0,1,1983,0,0,0,0,0,0,0,0,0,0
180579,1,1,1983,0,0,0,0,26,13,0,0,0,0
180580,1,1,1983,6,6,6,6,6,6,6,6,6,6
180581,1,1,1983,11,17,20,30,17,0,0,22,33,25
180582,0,1,1983,0,11,30,23,0,0,0,0,0,0
180582,1,1,1983,0,0,0,0,0,0,0,0,0,0
180583,1,1,1983,0,0,0,0,0,0,0,0,0,0
180584,1,1,1983,20,20,20,20,20,20,20,20,20,20
180585,1,1,1983,0,19,13,42,18,11,0,16,0,20
180586,1,1,1983,0,20,7,12,0,0,0,24,0,0
180587,1,1,1983,0,0,0,11,8,0,0,0,0,0
180587,2,1,1983,13,10,0,10,0,0,11,16,11,27
180588,1,1,1983,0,0,0,0,0,0,0,0,0,0
180588,2,1,1983,0,0,0,0,0,0,0,0,0,0
180589,1,1,1983,25,19,15,11,14,26,19,0,6,15
180590,0,1,1983,0,0,0,0,0,6,6,0,10,8
180590,1,1,1983,21,21,21,21,21,21,21,21,21,21
180591,1,1,1983,0,0,0,0,0,0,0,0,0,0
180591,2,1,1983,0,0,0,0,0,0,0,0,0,0
180592,1,1,1983,27,25,26,39,25,0,23,14,21,30
180593,1,1,1983,0,0,0,0,0,0,0,0,0,0
180593,2,1,1983,0,0,0,0,0,0,0,0,0,0
180594,1,1,1983,0,0,0,0,0,0,0,0,0,0
180594,2,1,1983,0,0,0,2,7,0,0,0,0,20
180595,1,1,1983,26,26,26,26,26,26,26,26,26,26