ST_CASE,VEH_NO,PER_NO,YEAR,P1,P2,P3,P4,P5,P6,P7,P8,P9,P10
180596,1,1,1983,18,18,18,18,18,18,18,18,18,18
180597,0,1,1983,30,0,0,8,0,3,0,0,0,11
180597,0,2,1983,0,16,0,15,25,0,31,16,29,38
180597,1,1,1983,16,0,13,0,0,0,0,0,20,25
180598,1,1,1983,26,13,0,0,0,0,0,0,0,0
180599,1,1,1983,0,0,0,0,0,0,0,0,0,0
180599,2,1,1983,0,0,0,0,0,0,0,0,0,0
180600,0,1,1983,0,0,0,15,0,0,11,0,0,0
180600,1,1,1983,0,0,0,0,0,0,0,0,0,0
180601,1,1,1983,0,0,0,0,0,0,0,0,0,0
180601,2,1,1983,0,0,0,0,0,0,0,0,0,0
180602,1,1,1983,0,0,0,0,0,0,0,0,0,0
180603,1,1,1983,0,0,0,0,0,0,0,0,0,0
180603,2,1,1983,0,0,0,0,0,0,0,0,0,0
180604,1,1,1983,28,28,28,28,28,28,28,28,28,28
180605,1,1,1983,23,23,23,23,23,23,23,23,23,23
180605,2,1,1983,0,0,0,0,0,0,0,0,0,0
180606,1,1,1983,16,23,14,36,15,22,15,20,13,23
180607,1,1,1983,20,20,20,20,20,20,20,20,20,20
180608,1,1,1983,20,13,13,15,9,21,4,25,10,7
180609,1,1,1983,0,0,0,0,0,0,0,0,0,0
180609,2,1,1983,0,0,0,0,0,0,0,0,0,0
180610,1,1,1983,0,0,0,0,0,0,0,0,0,0
180610,2,1,1983,0,0,0,0,0,0,0,0,0,0
180611,1,1,1983,32,14,0,15,7,0,0,17,14,12
180611,2,1,1983,0,0,10,0,0,0,0,0,0,0
180612,1,1,1983,0,0,0,0,0,0,0,0,0,0
180612,2,1,1983,0,0,0,0,0,0,0,0,0,0
180613,1,1,1983,0,0,0,0,0,0,0,0,0,0
180613,2,1,1983,30,0,27,0,0,0,0,0,0,0
180614,1,1,1983,17,17,17,17,17,17,17,17,17,17
180615,0,1,1983,27,27,27,27,27,27,27,27,27,27
180615,1,1,1983,0,0,0,0,0,0,0,0,0,0
180616,0,1,1983,0,0,35,0,0,0,0,47,0,0
180616,1,1,1983,0,0,0,0,0,0,0,0,0,0
180617,0,1,1983,0,0,0,0,0,0,0,0,0,0
180617,1,1,1983,0,0,0,0,0,0,0,0,0,0
180618,1,1,1983,0,0,0,0,0,0,0,0,0,0
180618,2,1,1983,8,8,8,8,8,8,8,8,8,8
180619,1,1,1983,0,0,0,0,0,0,0,0,0,0
180620,1,1,1983,0,0,0,0,0,0,0,0,0,0
180620,2,1,1983,0,0,0,0,0,0,0,0,0,0
180621,1,1,1983,27,27,27,27,27,27,27,27,27,27
180622,1,1,1983,0,0,0,12,5,0,0,0,0,0
180622,2,1,1983,0,0,0,0,0,0,0,0,0,0
180623,0,1,1983,0,0,0,0,0,0,0,0,0,0
180623,0,2,1983,0,0,0,9,22,0,0,0,0,0
180623,1,1,1983,7,0,0,0,0,29,0,0,0,0
180624,1,1,1983,10,10,10,10,10,10,10,10,10,10
180625,1,1,1983,0,6,0,0,0,0,0,0,0,0
180626,1,1,1983,0,0,0,0,26,0,0,0,0,0
180626,2,1,1983,0,0,0,0,0,0,0,0,0,0
180627,1,1,1983,0,0,0,0,0,0,0,0,0,0
180627,2,1,1983,5,5,5,5,5,5,5,5,5,5
180628,1,1,1983,0,11,0,0,0,9,0,5,10,17
180628,2,1,1983,0,0,0,0,0,5,13,0,0,17
180629,1,1,1983,0,0,0,0,0,0,0,0,0,0
180629,2,1,1983,0,0,0,28,23,0,25,13,0,23
180630,1,1,1983,0,0,0,0,0,0,0,0,0,0
180630,2,1,1983,0,0,0,0,0,0,0,11,12,0
180631,1,1,1983,0,0,0,0,0,0,0,0,0,0
180631,2,1,1983,0,0,0,0,0,0,0,0,0,0
180632,0,1,1983,0,0,0,0,0,0,0,0,0,0
180632,1,1,1983,0,0,0,0,0,0,0,0,0,0
180633,0,1,1983,0,19,25,0,28,0,0,0,30,0
180633,1,1,1983,17,17,17,17,17,17,17,17,17,17
180634,0,1,1983,0,0,0,0,0,0,0,0,0,0
180634,1,1,1983,0,5,0,5,36,9,15,0,0,0
180635,1,1,1983,0,0,0,0,0,0,0,0,0,0
180636,1,1,1983,0,0,0,0,0,0,0,0,0,0
180637,1,1,1983,0,0,0,0,0,0,0,0,15,0
180637,2,1,1983,0,0,0,0,0,0,0,0,0,0
180638,1,1,1983,18,18,18,18,18,18,18,18,18,18
180639,1,1,1983,21,21,21,21,21,21,21,21,21,21
180640,1,1,1983,0,0,0,11,0,0,0,0,0,0
180641,1,1,1983,17,17,17,17,17,17,17,17,17,17
180641,2,1,1983,0,5,0,0,0,0,0,23,10,0
180641,3,1,1983,0,0,0,0,0,0,0,0,0,0
180642,1,1,1983,18,18,18,18,18,18,18,18,18,18
180642,2,1,1983,0,0,0,0,0,0,0,0,0,0
180642,3,1,1983,0,0,0,0,0,0,0,0,0,0
180643,0,1,1983,0,22,16,0,0,20,15,26,0,0
180643,1,1,1983,2,2,2,2,2,2,2,2,2,2
180644,1,1,1983,11,9,20,7,27,33,15,18,0,22
180645,1,1,1983,15,15,15,15,15,15,15,15,15,15
180645,2,1,1983,0,0,0,0,8,0,4,0,13,2
180645,3,1,1983,0,0,0,0,0,0,0,0,0,0
180646,1,1,1983,32,19,31,15,4,12,19,8,29,9
180647,1,1,1983,0,0,0,0,0,0,0,0,0,0
180647,2,1,1983,0,0,0,0,0,0,0,0,0,0
180648,1,1,1983,14,14,14,14,14,14,14,14,14,14
180648,2,1,1983,0,0,0,0,0,0,0,0,0,0
180649,1,1,1983,21,21,21,21,21,21,21,21,21,21
180649,2,1,1983,0,0,0,0,14,0,0,8,0,16
180650,1,1,1983,0,11,0,0,0,21,0,22,0,0
180650,2,1,1983,0,0,0,0,0,0,0,0,0,0
180651,1,1,1983,11,11,11,11,11,11,11,11,11,11
180651,2,1,1983,0,13,13,0,0,0,0,0,0,0
180652,1,1,1983,0,0,7,0,0,0,0,0,9,0
180652,2,1,1983,1,1,1,1,1,1,1,1,1,1
180653,1,1,1983,0,0,0,0,0,0,0,0,0,0
180653,2,1,1983,0,0,0,0,0,0,0,0,0,0
180653,3,1,1983,0,0,0,0,0,0,0,0,0,0
180654,1,1,1983,0,0,26,0,0,0,0,0,0,0
180654,2,1,1983,0,0,0,0,0,0,0,0,0,0
180656,1,1,1983,31,0,0,0,0,0,0,0,0,0
180656,2,1,1983,0,0,0,0,0,0,0,0,0,0
180657,1,1,1983,0,0,0,0,0,0,2,0,9,0
180658,1,1,1983,0,0,0,0,0,0,0,0,0,0
180658,2,1,1983,7,7,7,7,7,7,7,7,7,7
180659,1,1,1983,0,0,0,0,0,11,0,0,0,0
180659,2,1,1983,11,11,11,11,11,11,11,11,11,11
180660,1,1,1983,26,26,26,26,26,26,26,26,26,26
180661,0,1,1983,22,22,22,22,22,22,22,22,22,22
180661,1,1,1983,0,0,0,0,0,0,0,0,0,0
180662,1,1,1983,0,0,0,0,0,17,0,0,0,0
180663,1,1,1983,0,0,0,0,0,0,0,0,0,0
180663,2,1,1983,0,0,0,0,0,0,0,0,0,0
180664,1,1,1983,0,0,0,0,0,0,0,0,0,0
180664,2,1,1983,0,0,0,0,0,0,0,0,0,0
180665,0,1,1983,18,18,18,18,18,18,18,18,18,18
180665,1,1,1983,17,0,7,16,0,17,14,0,25,0
180666,1,1,1983,18,18,18,18,18,18,18,18,18,18
180667,1,1,1983,17,17,17,17,17,17,17,17,17,17
180668,1,1,1983,0,17,0,0,0,0,0,0,0,0
180669,1,1,1983,20,15,7,25,0,19,23,20,0,0
180670,1,1,1983,0,0,0,0,0,0,0,0,0,0
180670,2,1,1983,0,0,0,0,0,0,0,0,0,0
180670,3,1,1983,0,0,0,0,0,0,0,0,0,0
180671,1,1,1983,0,0,0,0,0,0,0,0,0,0
180672,1,1,1983,9,7,0,26,26,18,18,0,0,0
180673,0,1,1983,11,11,11,11,11,11,11,11,11,11
180673,1,1,1983,0,0,0,0,8,0,0,0,0,0
180674,1,1,1983,18,6,8,9,17,17,21,0,19,11
180675,1,1,1983,0,5,0,0,0,15,0,0,0,0
180675,2,1,1983,0,0,0,0,0,0,0,0,0,0
180676,1,1,1983,0,0,0,0,0,0,0,0,0,0
180677,1,1,1983,14,0,15,23,19,25,17,17,13,28
180678,1,1,1983,21,21,21,21,21,21,21,21,21,21
180679,1,1,1983,5,12,10,14,17,0,12,14,0,10
180680,1,1,1983,0,0,0,0,0,0,0,0,0,0
180680,2,1,1983,0,0,0,0,0,0,0,0,7,0
180681,1,1,1983,13,13,13,13,13,13,13,13,13,13
180681,2,1,1983,0,0,0,0,0,0,0,0,0,0
180682,1,1,1983,2,2,2,2,2,2,2,2,2,2
180683,1,1,1983,10,10,10,10,10,10,10,10,10,10
180684,1,1,1983,18,18,18,18,18,18,18,18,18,18
180685,1,1,1983,0,0,0,0,0,0,11,0,0,0
180685,2,1,1983,20,20,20,20,20,20,20,20,20,20
180686,1,1,1983,0,0,0,0,0,0,0,0,0,0
180686,2,1,1983,0,0,0,10,0,0,0,0,0,0
180687,1,1,1983,0,0,0,0,0,17,0,0,0,0
180687,2,1,1983,25,25,25,25,25,25,25,25,25,25
180688,1,1,1983,0,0,0,0,0,0,0,0,0,0
180689,0,1,1983,0,0,0,0,0,0,0,0,0,0
180689,1,1,1983,0,0,0,0,0,0,0,0,0,0
180690,1,1,1983,0,0,0,0,0,0,0,0,0,0
180690,2,1,1983,0,0,0,0,0,0,0,0,0,0
180691,1,1,1983,0,0,0,0,0,0,0,0,7,0
180692,1,1,1983,24,24,24,24,24,24,24,24,24,24
180693,1,1,1983,20,20,20,20,20,20,20,20,20,20
180694,0,1,1983,0,0,13,0,28,0,25,0,0,0
180694,1,1,1983,6,20,16,15,12,12,14,30,14,15
180695,1,1,1983,33,19,28,24,0,24,19,0,22,11
180696,0,1,1983,4,4,4,4,4,4,4,4,4,4
180696,0,2,1983,0,0,0,0,0,0,0,0,0,0
180696,1,1,1983,0,0,0,0,0,0,0,0,0,0
180697,2,1,1983,12,0,0,14,6,0,0,0,3,11
180698,1,1,1983,0,0,0,0,0,0,0,0,0,0
180699,0,1,1983,0,0,0,0,0,0,0,0,0,0
180699,1,1,1983,0,0,0,0,14,0,0,0,0,0
180700,1,1,1983,0,0,0,17,0,27,16,0,24,0
180701,1,1,1983,0,0,0,0,0,0,0,0,0,8
180702,0,1,1983,15,15,15,15,15,15,15,15,15,15
180702,1,1,1983,0,0,0,0,0,0,0,0,0,0
180703,1,1,1983,0,16,4,0,0,0,12,0,0,0
180704,1,1,1983,0,11,27,22,31,24,20,0,21,0
180705,1,1,1983,0,14,0,0,0,0,0,0,0,0
180705,2,1,1983,0,26,0,0,0,0,0,21,0,13
180705,3,1,1983,0,0,0,0,0,0,0,0,0,0
180706,1,1,1983,0,0,0,0,0,0,0,0,0,0
180706,2,1,1983,0,0,0,0,0,0,0,0,0,0
180707,1,1,1983,11,11,11,11,11,11,11,11,11,11
180708,1,1,1983,29,29,29,29,29,29,29,29,29,29
180709,1,1,1983,0,0,0,4,0,0,0,0,0,0
180709,2,1,1983,0,0,0,0,0,0,0,0,0,0
180710,1,1,1983,0,0,0,0,0,11,0,0,0,0
180710,2,1,1983,0,0,0,0,0,0,0,0,0,0
180711,1,1,1983,0,0,0,0,0,0,0,0,0,0
180711,2,1,1983,0,0,0,0,0,0,0,0,0,0
180712,1,1,1983,0,0,0,0,0,0,0,0,0,0
180712,2,1,1983,0,0,0,0,0,0,0,0,0,0
180713,1,1,1983,13,0,0,0,0,0,0,0,0,0
180713,2,1,1983,17,17,17,17,17,17,17,17,17,17
180713,3,1,1983,0,0,0,0,0,0,0,0,0,0
180713,4,1,1983,0,0,0,0,0,0,0,0,0,0
180714,1,1,1983,0,0,0,0,10,0,0,0,0,0
180714,2,1,1983,0,0,0,0,0,0,0,0,0,0
180715,1,1,1983,9,10,26,0,10,19,0,10,0,21
180716,1,1,1983,11,11,20,17,7,21,17,5,7,22
180716,2,1,1983,15,13,13,17,11,9,9,20,27,9
180717,1,1,1983,19,19,19,19,19,19,19,19,19,19
180718,1,1,1983,0,11,0,0,0,0,0,0,0,0
180718,2,1,1983,0,0,0,0,0,0,0,0,7,0
180719,1,1,1983,21,21,21,21,21,21,21,21,21,21
180720,1,1,1983,0,0,0,0,0,0,0,0,0,0
180720,2,1,1983,0,0,0,0,0,0,0,36,0,0
180721,1,1,1983,0,0,0,0,9,0,0,0,0,0
180722,1,1,1983,18,18,18,18,18,18,18,18,18,18
180722,2,1,1983,7,7,7,7,7,7,7,7,7,7
180723,1,1,1983,0,0,0,0,0,0,0,0,0,0
180723,2,1,1983,0,0,0,0,0,0,0,0,0,0
180724,0,1,1983,0,0,0,0,21,0,0,0,0,0
180724,0,2,1983,18,0,0,0,0,0,0,30,0,0
180724,1,1,1983,0,0,0,0,0,0,0,0,0,0
180725,1,1,1983,0,0,0,0,0,0,0,0,0,0
180725,2,1,1983,0,0,0,0,0,0,0,0,0,0
180725,3,1,1983,0,0,0,0,0,0,0,0,0,0
180726,1,1,1983,28,28,28,28,28,28,28,28,28,28
180727,1,1,1983,0,0,17,21,0,0,0,0,26,0
180728,0,1,1983,0,0,0,0,0,0,0,0,0,0
180728,1,1,1983,0,0,0,0,0,0,0,0,0,0
180729,1,1,1983,15,15,15,15,15,15,15,15,15,15
180730,1,1,1983,0,0,0,0,0,0,0,0,0,0
180730,2,1,1983,0,0,0,0,0,0,0,0,0,0
180731,1,1,1983,0,0,0,31,19,0,21,0,20,0
180732,1,1,1983,18,18,18,18,18,18,18,18,18,18
180733,1,1,1983,0,0,0,0,0,0,0,0,0,0
180733,2,2,1983,0,0,0,0,0,0,0,0,0,0
180734,1,1,1983,0,0,0,0,0,0,0,0,0,0
180734,2,1,1983,0,0,0,0,0,0,0,6,0,0
180735,1,1,1983,0,0,0,11,0,13,0,0,0,0
180736,1,1,1983,19,15,0,0,0,0,0,20,17,0
180737,1,1,1983,10,0,0,0,0,0,0,35,34,0
180738,1,1,1983,12,12,12,12,12,12,12,12,12,12
180739,1,1,1983,29,29,29,29,29,29,29,29,29,29
180739,2,1,1983,11,0,0,0,0,25,13,0,3,0
180740,1,1,1983,20,20,20,20,20,20,20,20,20,20
180740,2,1,1983,0,0,0,0,0,0,0,0,0,0
180741,1,1,1983,22,22,22,22,22,22,22,22,22,22
180742,1,1,1983,16,16,16,16,16,16,16,16,16,16
180742,2,1,1983,0,0,0,0,0,0,0,0,0,0
180743,1,1,1983,0,0,0,0,0,0,0,0,0,0
180743,2,1,1983,0,0,0,0,0,0,0,0,0,0
180744,0,1,1983,19,19,19,19,19,19,19,19,19,19
180744,1,1,1983,0,0,0,0,0,0,0,0,0,4
180745,1,1,1983,0,0,0,0,0,0,0,0,0,0
180746,1,1,1983,0,0,0,0,0,0,0,24,0,0
180747,1,1,1983,32,32,32,32,32,32,32,32,32,32
180748,1,1,1983,0,0,0,0,0,0,0,0,0,0
180749,0,1,1983,0,0,0,0,0,0,0,0,0,0
180749,1,1,1983,20,20,20,20,20,20,20,20,20,20
180750,1,1,1983,0,0,0,0,0,0,0,0,0,0
180750,2,1,1983,0,0,0,0,0,0,0,0,0,0
180751,1,1,1983,0,0,0,0,0,0,0,0,0,0
180751,2,1,1983,0,0,0,0,0,0,0,0,0,0
180751,3,1,1983,0,13,0,0,0,0,0,0,0,0
180752,1,1,1983,24,0,19,0,21,0,0,10,21,0
180753,1,1,1983,0,0,0,0,0,0,0,0,0,0
180753,2,1,1983,10,10,10,10,10,10,10,10,10,10
180754,1,1,1983,37,0,0,0,0,0,0,0,0,0
180755,1,1,1983,24,24,24,24,24,24,24,24,24,24
180756,1,1,1983,0,0,0,0,0,0,0,0,0,0
180756,2,1,1983,0,0,0,0,0,0,0,0,0,0
180757,1,1,1983,0,0,0,0,0,0,0,0,0,0
180757,2,1,1983,0,0,0,0,0,0,0,0,0,0
180758,1,1,1983,24,17,0,9,20,25,0,5,0,0
180758,2,1,1983,0,0,0,0,0,0,0,0,0,0
180759,1,1,1983,11,11,11,11,11,11,11,11,11,11
180760,1,1,1983,0,0,0,0,0,0,9,0,19,0
180761,1,1,1983,25,25,25,25,25,25,25,25,25,25
180762,1,1,1983,15,15,15,15,15,15,15,15,15,15
180763,1,1,1983,0,0,0,0,0,0,0,0,0,0
180763,2,1,1983,0,0,0,0,0,0,0,0,0,0
180764,1,1,1983,0,28,0,0,6,18,0,20,30,20
180765,1,1,1983,0,0,0,0,0,0,0,0,0,0
180765,2,1,1983,0,0,12,0,0,0,0,0,0,0
180766,1,1,1983,0,0,0,0,0,0,0,0,0,0
180766,2,1,1983,0,0,6,0,0,0,0,0,0,0
180767,1,1,1983,0,0,0,0,0,0,0,0,0,0
180767,2,1,1983,0,0,0,0,0,0,0,0,0,0
180768,1,1,1983,0,0,0,0,0,0,0,0,0,0
180768,2,1,1983,0,0,0,0,0,0,0,0,0,0
180768,3,1,1983,0,0,0,0,0,0,0,0,0,0
180769,1,1,1983,0,0,0,0,0,0,0,0,0,0
180769,2,1,1983,0,0,0,0,0,0,0,0,0,0
180770,1,1,1983,21,7,21,4,26,10,19,24,2,8
180770,2,1,1983,16,0,0,0,0,0,0,0,0,14
180771,1,1,1983,0,0,0,0,0,0,0,0,0,0
180771,2,1,1983,0,0,0,0,0,0,0,0,0,0
180772,1,1,1983,0,0,0,0,0,0,0,0,0,0
180773,1,1,1983,48,48,48,48,48,48,48,48,48,48
180773,2,1,1983,0,0,0,0,0,0,0,0,0,0
180774,1,1,1983,0,0,0,0,0,0,0,0,0,0
180774,2,1,1983,0,0,0,0,0,11,0,0,0,0
180775,0,1,1983,0,0,0,0,0,0,0,0,13,0
180775,1,1,1983,0,0,0,0,0,0,0,0,0,0
180776,1,1,1983,23,23,23,23,23,23,23,23,23,23
180777,0,1,1983,0,0,0,0,0,0,0,0,0,0
180777,1,1,1983,0,0,0,0,0,0,0,0,0,0
180778,1,1,1983,7,0,0,14,7,22,0,15,11,13
180778,2,1,1983,0,0,0,0,0,0,0,0,0,7
180778,3,1,1983,0,0,0,20,0,0,0,0,0,0
180778,4,1,1983,0,0,0,0,0,0,0,0,0,0
180779,1,1,1983,0,12,16,14,17,8,18,11,13,25
180780,1,1,1983,35,35,35,35,35,35,35,35,35,35
180781,1,1,1983,21,21,21,21,21,21,21,21,21,21
180781,2,1,1983,0,0,0,9,0,0,0,0,0,0
180782,1,1,1983,0,0,0,0,0,0,0,0,0,0
180782,2,1,1983,0,0,0,0,0,0,0,0,0,0
180783,1,1,1983,19,19,19,19,19,19,19,19,19,19
180783,2,1,1983,0,0,0,0,0,0,0,0,0,0
180784,0,1,1983,0,50,0,0,0,0,0,0,0,0
180784,1,1,1983,0,0,0,0,0,0,0,0,0,0
180785,1,1,1983,32,32,32,32,32,32,32,32,32,32
180786,1,1,1983,25,25,25,25,25,25,25,25,25,25
180787,1,1,1983,0,0,0,0,0,0,0,0,0,0
180787,2,1,1983,0,0,0,0,0,0,0,0,0,0
180788,1,1,1983,16,0,0,0,0,0,0,0,0,0
180788,2,1,1983,0,0,0,0,0,0,0,0,0,0
180789,1,1,1983,0,0,0,0,0,0,0,0,0,0
180789,2,1,1983,0,0,0,0,0,0,0,0,22,0
180790,0,1,1983,0,0,0,0,0,0,0,0,0,0
180790,1,1,1983,0,0,0,0,0,0,0,0,0,0
180791,1,1,1983,14,14,14,14,14,14,14,14,14,14
180792,1,1,1983,4,4,4,4,4,4,4,4,4,4
180792,2,1,1983,0,0,0,0,0,0,0,0,0,0
180793,1,1,1983,11,11,11,11,11,11,11,11,11,11
180794,1,1,1983,0,0,0,0,0,0,0,0,0,8
180794,2,1,1983,0,0,0,0,0,0,0,0,0,0
180795,0,1,1983,21,0,15,30,36,0,0,33,0,0
180795,1,1,1983,18,18,18,18,18,18,18,18,18,18
180796,1,1,1983,0,0,0,0,0,0,0,0,0,0
180796,2,1,1983,0,0,0,0,0,0,0,0,0,0
180796,3,1,1983,2,14,8,0,0,0,0,0,14,0
180797,1,1,1983,0,0,0,0,0,0,0,0,0,0
180797,2,1,1983,0,0,0,0,0,0,0,0,0,0
180798,1,1,1983,0,0,11,15,14,0,13,13,0,24
180799,1,1,1983,0,0,0,0,0,0,0,0,0,0
180799,2,1,1983,0,0,0,0,0,0,0,0,0,0
180800,1,1,1983,13,13,13,13,13,13,13,13,13,13
180800,2,1,1983,1,1,1,1,1,1,1,1,1,1
180801,0,1,1983,12,12,12,12,12,12,12,12,12,12
180801,1,1,1983,0,0,15,0,0,0,20,0,0,0
180802,1,1,1983,0,0,15,0,28,0,0,0,0,0
180803,1,1,1983,0,0,0,0,0,0,0,0,0,0
180803,2,1,1983,0,0,0,0,0,0,0,0,0,0
180804,0,1,1983,11,11,11,11,11,11,11,11,11,11
180804,1,1,1983,0,0,0,0,0,0,0,0,0,0
180805,0,1,1983,0,0,0,0,0,0,0,0,0,0
180805,1,1,1983,0,0,0,0,0,0,0,4,0,0
180806,1,1,1983,0,0,0,0,0,0,0,0,0,0
180806,2,1,1983,22,0,0,0,27,0,0,0,0,22
180807,0,1,1983,0,0,0,0,0,0,0,0,0,0
180807,1,1,1983,0,0,0,20,0,18,24,0,0,9
180808,1,1,1983,24,24,24,24,24,24,24,24,24,24
180809,1,1,1983,5,5,5,5,5,5,5,5,5,5
180810,1,1,1983,23,23,23,23,23,23,23,23,23,23
180810,2,1,1983,0,0,0,0,0,0,0,0,0,0
180811,1,1,1983,0,0,0,0,0,0,0,0,0,0
180811,2,1,1983,0,0,0,0,0,0,0,0,0,0
180812,1,1,1983,0,0,0,0,0,0,0,0,0,0
180812,2,1,1983,0,0,0,0,0,0,0,0,0,0
180813,1,1,1983,0,15,0,0,19,0,0,10,0,33
180814,1,1,1983,0,0,0,0,0,0,0,0,0,0
180814,2,1,1983,0,0,0,0,0,0,0,0,0,0
180815,1,1,1983,0,0,0,0,0,0,0,0,0,0
180815,2,1,1983,0,0,0,0,0,0,0,0,0,0
180816,1,1,1983,0,0,0,0,0,0,0,0,0,0
180816,2,1,1983,0,0,0,0,0,0,0,0,0,0
180817,1,1,1983,0,0,0,0,0,0,0,0,0,0
180817,2,1,1983,0,0,0,0,0,0,0,0,0,0
180817,3,1,1983,0,0,0,0,0,0,0,0,0,0
180818,1,1,1983,16,16,16,16,16,16,16,16,16,16
180819,1,1,1983,0,0,0,0,0,0,0,0,0,0
180819,2,1,1983,0,0,0,0,0,0,0,0,0,0
180820,1,1,1983,36,0,0,12,0,0,0,0,0,0
180820,2,1,1983,0,0,0,0,0,0,0,0,0,0
180821,1,1,1983,0,0,0,0,0,0,0,0,0,0
180821,2,1,1983,0,0,0,0,0,0,0,0,0,0
180822,1,1,1983,0,0,0,0,0,0,0,0,0,0
180822,2,1,1983,0,0,0,0,0,0,0,0,0,0
180823,1,1,1983,0,0,0,8,9,0,0,0,0,0
180824,1,1,1983,0,0,0,0,0,0,0,0,0,0
180824,2,1,1983,0,0,0,0,0,0,0,0,0,0
180825,1,1,1983,0,0,0,0,0,0,0,0,0,0
180825,2,1,1983,0,0,0,0,0,0,0,0,0,0
180826,1,1,1983,0,0,0,0,0,0,0,23,0,0
180826,2,1,1983,0,0,0,0,0,0,0,0,0,0
180827,1,1,1983,0,0,0,0,0,0,0,0,0,0
180827,2,1,1983,0,0,0,0,0,0,0,0,0,0
180828,1,1,1983,0,0,15,14,0,0,0,0,7,6
180829,1,1,1983,31,31,31,31,31,31,31,31,31,31
180830,1,1,1983,0,0,0,0,0,0,0,0,0,0
180830,2,1,1983,0,0,0,0,0,0,0,0,0,0
180831,0,1,1983,0,0,0,0,0,0,0,0,0,0
180831,0,2,1983,7,0,5,0,0,17,0,0,12,0
180831,1,1,1983,0,0,0,0,0,0,0,0,0,0
180832,0,1,1983,0,0,0,0,17,0,0,0,0,0
180832,1,1,1983,0,0,0,0,0,0,0,0,0,0
180833,1,1,1983,31,31,31,31,31,31,31,31,31,31
180833,2,1,1983,0,0,0,0,0,0,0,0,0,0
180833,3,1,1983,0,0,0,0,0,0,0,0,0,0
180833,4,1,1983,0,4,0,0,0,0,0,14,0,0
180834,1,1,1983,30,30,30,30,30,30,30,30,30,30
180834,2,1,1983,0,0,0,0,0,0,0,0,0,0
180835,1,1,1983,3,0,0,0,0,0,0,16,0,0
180835,2,1,1983,0,0,0,0,0,12,0,0,0,0
180836,0,1,1983,0,33,6,17,0,13,14,0,17,0
180836,0,2,1983,0,7,16,16,0,10,0,19,24,8
180836,0,3,1983,0,7,0,35,6,6,10,36,7,0
180836,1,1,1983,13,10,10,11,27,22,8,24,22,18
180837,1,1,1983,0,0,0,0,0,0,0,0,0,0
180838,1,1,1983,0,25,18,0,13,0,23,17,0,15
180839,1,1,1983,0,0,0,0,0,0,0,0,0,0
180840,1,1,1983,5,5,5,5,5,5,5,5,5,5
180840,2,1,1983,0,0,0,0,0,0,0,0,0,0
180841,0,1,1983,14,23,0,0,11,32,0,0,10,0
180841,1,1,1983,0,0,0,0,0,0,0,0,0,0
180842,1,1,1983,17,17,17,17,17,17,17,17,17,17
180843,1,1,1983,0,0,0,0,0,0,0,0,0,0
180843,2,1,1983,0,15,0,0,0,0,0,0,0,0
180844,1,1,1983,0,8,0,0,0,0,0,0,0,0
180844,2,1,1983,0,0,0,0,0,0,0,0,0,0
180845,1,1,1983,29,29,29,29,29,29,29,29,29,29
180846,1,1,1983,17,15,0,9,19,37,0,22,0,0
180847,0,1,1983,17,17,17,17,17,17,17,17,17,17
180847,1,1,1983,0,0,0,0,0,0,0,0,0,0
180848,1,1,1983,0,0,0,0,0,0,0,0,0,0
180848,2,1,1983,2,2,2,2,2,2,2,2,2,2
180849,1,1,1983,0,0,0,0,0,0,0,0,0,0
180849,2,1,1983,0,0,0,0,0,22,0,0,0,0
180850,1,1,1983,0,0,23,14,0,0,23,0,16,0
180851,1,1,1983,0,0,0,0,0,0,0,0,0,0
180851,2,1,1983,0,0,0,0,0,0,0,0,0,0
180852,1,1,1983,23,23,23,23,23,23,23,23,23,23
180853,1,1,1983,0,0,0,0,0,0,0,0,0,0
180853,2,1,1983,0,0,0,0,0,0,0,0,0,0
180853,3,1,1983,0,0,0,0,0,0,0,0,0,0
180854,1,1,1983,25,25,25,25,25,25,25,25,25,25
180855,1,1,1983,0,0,0,0,0,0,0,0,0,0
180855,2,1,1983,0,0,0,0,0,0,26,0,33,0
180856,1,1,1983,31,26,10,17,14,9,29,23,20,0
180856,2,1,1983,11,13,0,16,27,0,0,8,7,0
180857,1,1,1983,0,0,0,0,0,0,0,0,0,0
180858,0,1,1983,0,0,0,0,0,0,0,0,0,0
180858,1,1,1983,0,0,0,0,0,0,0,0,0,0
180859,0,1,1983,10,10,10,10,10,10,10,10,10,10
180859,1,1,1983,0,0,0,0,0,0,0,0,0,0
180860,1,1,1983,0,0,0,0,0,0,0,0,0,0
180860,2,1,1983,0,0,0,0,0,0,0,0,0,0
180861,1,1,1983,0,0,0,0,0,0,0,0,0,0
180861,2,1,1983,0,0,0,0,0,0,0,0,0,0
180862,0,1,1983,49,49,49,49,49,49,49,49,49,49
180862,1,1,1983,18,18,18,18,18,18,18,18,18,18
180863,1,1,1983,0,0,0,0,0,0,0,0,0,0
180863,2,1,1983,0,0,0,0,0,0,0,0,0,0
180864,1,1,1983,0,0,0,0,0,0,0,0,0,0
180864,2,1,1983,0,0,0,0,0,0,0,0,0,0
180865,0,1,1983,0,0,0,0,0,0,0,0,0,0
180865,1,1,1983,0,0,0,0,0,0,0,0,0,0
180866,1,1,1983,0,0,0,9,0,13,0,18,0,0
180867,1,1,1983,0,0,0,0,0,0,0,0,0,0
180868,1,1,1983,19,19,19,19,19,19,19,19,19,19
180869,1,1,1983,0,0,0,0,0,0,0,0,0,0
180870,1,1,1983,0,0,0,0,0,0,0,0,0,0
180870,2,1,1983,0,0,0,0,0,0,0,0,0,0
180871,1,1,1983,0,0,0,0,0,0,0,0,0,0
180871,2,1,1983,0,0,0,0,0,0,0,0,0,0
180872,0,1,1983,0,0,0,0,0,0,0,0,0,0