ST_CASE,VEH_NO,PER_NO,YEAR,P1,P2,P3,P4,P5,P6,P7,P8,P9,P10
180872,1,1,1983,0,0,0,0,0,13,0,0,0,0
180873,1,1,1983,21,21,21,21,21,21,21,21,21,21
180874,1,1,1983,0,0,0,0,0,0,0,0,0,0
180874,2,1,1983,0,0,0,0,0,0,0,0,0,0
180875,1,1,1983,0,0,0,0,0,0,0,0,0,0
180875,2,1,1983,0,0,6,14,0,0,0,0,0,0
180876,1,1,1983,0,0,0,0,0,0,0,0,0,0
180876,2,1,1983,0,0,0,0,0,0,0,0,0,0
180877,1,1,1983,0,0,0,0,8,0,0,0,0,0
180877,2,1,1983,0,0,0,0,0,0,0,0,0,0
180878,1,1,1983,0,0,0,0,21,0,0,0,0,0
180878,2,1,1983,0,0,0,0,0,0,0,0,0,0
180879,1,1,1983,0,0,0,0,0,0,0,0,0,0
180879,2,1,1983,0,16,0,0,0,0,0,0,0,0
180880,1,1,1983,0,0,0,0,0,0,0,0,0,0
180880,2,1,1983,0,0,0,0,22,0,0,0,0,0
180881,1,1,1983,0,0,0,0,0,0,0,9,0,0
180881,2,1,1983,0,20,0,0,0,13,16,13,0,0
180882,1,1,1983,0,0,0,0,0,0,0,0,0,0
180882,2,1,1983,0,0,0,0,0,0,0,0,0,0
180883,1,1,1983,0,0,0,0,0,0,0,0,0,0
180883,2,1,1983,0,0,0,0,0,0,0,0,0,0
180884,1,1,1983,0,0,0,0,0,0,0,0,0,0
190001,1,1,1983,0,13,18,19,16,8,8,27,15,23
190002,1,1,1983,0,21,13,0,26,0,0,13,19,0
190003,1,1,1983,18,18,18,18,18,18,18,18,18,18
190004,1,1,1983,18,18,18,18,18,18,18,18,18,18
190005,0,1,1983,21,11,18,22,18,7,17,11,28,37
190005,0,2,1983,16,10,0,17,0,0,0,0,36,16
190005,0,3,1983,0,0,8,0,0,9,0,0,0,0
190005,2,1,1983,0,17,15,22,0,27,32,0,16,5
190006,1,1,1983,16,16,16,16,16,16,16,16,16,16
190007,1,1,1983,0,0,0,0,0,0,0,0,0,0
190007,2,1,1983,0,0,0,0,0,0,0,0,0,0
190008,1,1,1983,0,0,0,0,0,0,0,0,0,0
190008,2,1,1983,0,0,0,0,0,0,0,17,19,0
190009,1,1,1983,0,27,11,0,11,12,22,0,4,23
190010,1,1,1983,0,0,0,0,0,0,0,0,0,0
190011,1,1,1983,0,0,0,0,0,15,0,6,0,0
190011,2,1,1983,13,2,5,25,0,8,9,15,19,0
190012,1,1,1983,9,9,9,9,9,9,9,9,9,9
190013,1,1,1983,0,0,15,0,0,0,0,0,0,0
190013,2,1,1983,0,0,0,0,0,0,0,0,33,0
190014,1,1,1983,0,0,0,0,0,0,0,0,0,0
190014,2,1,1983,0,0,0,0,0,0,0,0,0,0
190015,1,1,1983,0,16,15,21,12,0,15,12,10,7
190016,1,1,1983,21,21,21,21,21,21,21,21,21,21
190017,1,1,1983,18,18,18,18,18,18,18,18,18,18
190018,1,1,1983,19,19,19,19,19,19,19,19,19,19
190018,2,1,1983,0,0,0,0,0,0,0,0,0,0
190019,1,1,1983,19,19,19,19,19,19,19,19,19,19
190019,2,1,1983,0,0,0,0,0,0,0,0,0,0
190020,1,1,1983,0,0,0,0,0,0,3,3,0,13
190020,2,1,1983,18,18,18,18,18,18,18,18,18,18
190021,1,1,1983,8,8,8,8,8,8,8,8,8,8
190021,2,1,1983,0,0,0,0,0,0,0,0,0,0
190022,1,1,1983,0,0,0,0,0,0,0,0,0,0
190022,2,1,1983,14,14,14,14,14,14,14,14,14,14
190023,1,1,1983,0,0,0,0,0,0,0,0,0,0
190023,2,1,1983,0,0,0,0,0,0,0,0,0,0
190024,1,1,1983,23,23,23,23,23,23,23,23,23,23
190025,1,1,1983,0,0,0,0,0,0,0,0,0,0
190025,2,1,1983,0,9,0,0,0,0,0,0,0,0
190026,0,1,1983,0,0,0,0,0,0,0,0,0,0
190027,1,1,1983,0,10,0,0,0,0,0,0,0,0
190027,2,1,1983,0,0,0,0,0,0,0,0,0,0
190028,1,1,1983,28,28,28,28,28,28,28,28,28,28
190028,2,1,1983,0,0,0,0,0,0,12,10,0,13
190029,1,1,1983,0,0,0,0,0,0,0,0,0,0
190029,2,1,1983,9,9,9,9,9,9,9,9,9,9
190030,1,1,1983,0,0,0,0,0,0,0,0,3,0
190030,2,1,1983,0,0,0,0,0,0,0,0,0,0
190031,1,1,1983,0,0,0,0,0,0,0,0,0,0
190031,2,1,1983,13,6,0,17,23,0,0,4,0,0
190032,1,1,1983,0,0,0,0,10,0,0,0,0,0
190032,2,1,1983,0,0,0,0,5,0,0,8,0,0
190033,1,1,1983,0,0,0,0,0,0,0,0,0,0
190033,2,1,1983,0,0,0,0,9,0,0,0,0,0
190034,1,1,1983,0,0,0,0,0,0,0,0,0,0
190034,2,1,1983,0,0,0,0,0,0,0,0,0,0
190035,0,1,1983,0,0,0,18,18,0,29,0,21,0
190035,1,1,1983,17,17,17,17,17,17,17,17,17,17
190036,1,1,1983,0,0,0,0,0,0,0,0,0,0
190036,2,1,1983,0,0,0,0,0,0,14,0,0,0
190037,1,1,1983,16,16,16,16,16,16,16,16,16,16
190038,1,1,1983,0,0,0,0,0,0,0,0,0,0
190038,2,1,1983,0,0,0,0,0,0,0,0,0,0
190039,1,1,1983,0,11,11,0,0,0,0,0,0,17
190039,2,1,1983,0,0,0,0,0,0,0,0,0,0
190040,1,1,1983,0,0,16,0,24,8,0,26,18,14
190041,1,1,1983,0,0,0,0,0,0,0,0,0,0
190041,2,1,1983,0,10,0,0,0,0,0,0,0,0
190041,3,1,1983,0,0,0,0,0,0,0,0,0,0
190042,1,1,1983,23,23,23,23,23,23,23,23,23,23
190043,1,1,1983,18,18,18,18,18,18,18,18,18,18
190043,2,1,1983,0,0,0,3,0,0,0,0,0,0
190044,1,1,1983,34,12,13,17,22,12,27,3,8,8
190045,1,1,1983,11,11,11,11,11,11,11,11,11,11
190046,1,1,1983,7,0,0,0,0,0,0,0,0,0
190046,2,1,1983,27,15,11,0,22,27,23,21,17,24
190047,1,1,1983,21,21,21,21,21,21,21,21,21,21
190048,1,1,1983,15,15,15,15,15,15,15,15,15,15
190049,1,1,1983,0,0,0,0,0,0,19,0,0,0
190050,1,1,1983,23,23,23,23,23,23,23,23,23,23
190051,1,2,1983,15,15,15,15,15,15,15,15,15,15
190052,1,1,1983,0,0,0,0,0,0,0,0,0,0
190052,2,1,1983,0,0,0,0,0,0,0,0,0,0
190053,1,1,1983,18,18,18,18,18,18,18,18,18,18
190054,1,1,1983,7,7,7,7,7,7,7,7,7,7
190054,2,1,1983,0,0,0,0,0,0,0,0,0,0
190055,1,1,1983,0,0,0,0,0,0,8,0,0,0
190055,2,1,1983,0,0,0,0,0,0,0,0,0,0
190056,0,1,1983,23,15,25,25,45,0,7,27,0,0
190056,1,1,1983,19,14,17,0,20,14,13,22,18,11
190057,1,1,1983,13,13,13,13,13,13,13,13,13,13
190058,1,1,1983,20,0,0,25,0,25,0,0,0,30
190059,1,1,1983,16,16,16,16,16,16,16,16,16,16
190060,1,1,1983,0,0,0,0,0,0,0,0,0,0
190060,2,1,1983,0,0,0,0,0,0,0,0,0,0
190061,1,1,1983,0,0,0,0,0,0,0,0,0,0
190061,2,1,1983,0,0,0,0,0,0,0,0,0,0
190062,1,1,1983,17,17,17,17,17,17,17,17,17,17
190063,0,1,1983,0,0,0,0,0,0,0,0,0,0
190063,1,1,1983,0,0,0,0,0,0,0,7,0,0
190064,1,1,1983,16,16,16,16,16,16,16,16,16,16
190065,1,2,1983,0,13,8,14,0,0,0,14,0,18
190066,1,1,1983,0,0,0,0,0,0,0,0,0,0
190066,2,1,1983,0,0,0,0,0,0,0,0,0,0
190067,1,1,1983,16,16,16,16,16,16,16,16,16,16
190068,1,1,1983,24,24,24,24,24,24,24,24,24,24
190069,1,1,1983,15,15,15,15,15,15,15,15,15,15
190069,2,1,1983,0,0,0,0,0,0,0,0,0,0
190070,1,1,1983,23,23,23,23,23,23,23,23,23,23
190071,1,1,1983,25,25,25,25,25,25,25,25,25,25
190072,1,1,1983,0,0,0,0,0,0,0,0,10,0
190073,1,1,1983,0,0,0,0,0,0,0,0,0,0
190073,2,1,1983,0,0,0,0,0,0,0,0,0,0
190074,1,1,1983,21,21,21,21,21,21,21,21,21,21
190075,1,1,1983,0,0,0,0,0,0,0,0,0,0
190075,2,1,1983,16,0,8,13,11,6,14,0,18,0
190076,1,1,1983,17,17,17,17,17,17,17,17,17,17
190076,2,1,1983,0,0,0,0,0,0,0,0,0,0
190077,1,1,1983,0,0,0,0,0,0,0,0,0,24
190077,2,1,1983,0,0,0,0,0,0,0,0,0,0
190077,3,1,1983,0,0,0,0,0,0,0,0,0,0
190078,0,1,1983,0,0,0,0,0,0,0,0,0,0
190078,1,1,1983,0,0,0,0,0,0,0,0,0,0
190079,1,1,1983,0,0,0,0,0,0,0,0,0,0
190079,2,1,1983,0,0,0,0,5,0,0,0,0,0
190080,1,1,1983,0,0,0,0,0,0,0,0,0,0
190080,2,1,1983,0,0,0,0,0,0,19,0,0,0
190081,1,1,1983,29,29,29,29,29,29,29,29,29,29
190082,1,1,1983,2,2,2,2,2,2,2,2,2,2
190083,1,1,1983,14,15,20,32,18,20,30,41,17,27
190084,1,1,1983,0,0,0,0,0,0,0,0,0,0
190084,2,1,1983,0,0,0,37,0,0,0,0,0,0
190085,1,1,1983,6,6,6,6,6,6,6,6,6,6
190086,1,1,1983,13,13,13,13,13,13,13,13,13,13
190087,1,1,1983,0,0,4,16,7,0,25,0,30,27
190087,2,1,1983,0,0,0,0,0,0,0,0,0,0
190088,1,1,1983,15,15,15,15,15,15,15,15,15,15
190089,0,1,1983,13,13,13,13,13,13,13,13,13,13
190089,1,1,1983,0,0,0,0,0,0,0,0,0,0
190090,1,1,1983,0,0,0,0,0,0,0,0,0,0
190090,2,1,1983,5,5,5,5,5,5,5,5,5,5
190091,1,1,1983,0,0,0,0,0,0,0,0,0,0
190091,2,1,1983,0,0,0,0,0,0,0,0,0,0
190092,1,1,1983,0,0,0,0,0,0,0,0,0,0
190092,2,1,1983,2,2,2,2,2,2,2,2,2,2
190093,1,1,1983,0,0,0,0,0,0,0,0,0,0
190093,2,1,1983,0,0,0,0,0,0,0,0,0,0
190094,1,1,1983,29,29,29,29,29,29,29,29,29,29
190095,1,1,1983,13,13,13,13,13,13,13,13,13,13
190095,2,1,1983,4,4,4,4,4,4,4,4,4,4
190096,1,1,1983,17,0,27,7,0,0,0,0,0,0
190096,2,1,1983,0,0,0,0,0,0,0,0,0,0
190097,1,1,1983,0,0,0,0,0,0,0,0,0,0
190098,0,1,1983,0,0,0,0,0,0,0,0,0,0
190098,1,1,1983,0,0,0,0,0,0,0,0,0,0
190099,1,1,1983,0,0,0,0,0,0,0,0,0,0
190099,2,1,1983,0,0,0,0,0,0,0,0,0,0
190100,1,1,1983,0,22,0,0,0,0,0,0,0,0
190100,2,1,1983,0,0,0,0,0,0,0,0,14,0
190100,3,1,1983,0,0,0,0,0,0,0,0,0,0
190101,0,1,1983,0,0,28,0,0,0,0,0,16,0
190101,1,1,1983,0,0,15,0,0,0,0,0,0,0
190102,1,1,1983,0,0,0,0,0,0,0,0,0,0
190102,2,1,1983,0,0,0,0,0,0,0,0,0,0
190103,1,1,1983,16,16,16,16,16,16,16,16,16,16
190104,1,1,1983,20,17,13,0,0,0,0,0,20,0
190105,1,1,1983,0,0,0,0,0,0,0,0,0,0
190106,0,1,1983,0,0,0,0,0,0,0,0,0,0
190106,1,1,1983,0,0,0,0,0,0,0,0,0,0
190107,1,1,1983,19,19,19,19,19,19,19,19,19,19
190107,2,1,1983,0,0,0,0,0,0,0,0,0,0
190108,1,1,1983,15,15,15,15,15,15,15,15,15,15
190109,1,1,1983,16,0,0,5,10,26,0,3,20,10
190109,2,1,1983,17,17,17,17,17,17,17,17,17,17
190110,1,1,1983,0,0,0,0,18,0,0,0,17,0
190111,1,1,1983,0,0,0,0,0,0,0,0,0,0
190111,2,1,1983,0,0,0,0,21,0,0,0,0,0
190112,1,1,1983,32,0,0,0,11,17,0,14,6,9
190113,1,1,1983,0,0,0,0,0,0,0,0,0,0
190113,2,1,1983,0,0,0,0,0,0,0,0,0,0
190114,1,1,1983,0,0,0,0,14,0,0,0,0,0
190114,2,1,1983,0,0,0,0,0,0,0,0,0,0
190115,1,1,1983,15,15,15,15,15,15,15,15,15,15
190116,1,1,1983,26,16,26,25,34,0,0,0,0,9
190116,2,1,1983,14,14,14,14,14,14,14,14,14,14
190117,0,1,1983,0,0,0,0,0,0,0,0,0,0
190118,1,1,1983,21,13,14,26,8,14,6,9,31,2
190118,2,1,1983,0,0,0,0,0,0,0,21,0,0
190119,1,1,1983,0,0,0,0,0,0,0,0,0,0
190119,2,1,1983,0,0,0,0,0,0,0,0,0,0
190120,1,1,1983,0,0,0,0,0,0,0,0,0,0
190120,2,1,1983,25,25,25,25,25,25,25,25,25,25
190121,1,1,1983,0,0,0,0,0,0,0,0,0,0
190123,1,1,1983,20,20,20,20,20,20,20,20,20,20
190124,1,1,1983,28,19,8,14,11,12,0,0,6,11
190125,1,1,1983,0,0,0,0,0,0,0,0,0,0
190125,2,1,1983,0,0,0,0,0,0,0,0,0,0
190126,1,1,1983,0,0,0,0,0,0,0,0,0,0
190126,2,1,1983,0,0,0,0,0,0,0,0,0,0
190127,2,1,1983,0,0,13,0,0,0,0,0,0,0
190128,1,1,1983,13,13,13,13,13,13,13,13,13,13
190129,1,1,1983,17,17,17,17,17,17,17,17,17,17
190129,2,1,1983,18,18,18,18,18,18,18,18,18,18
190130,1,1,1983,12,12,12,12,12,12,12,12,12,12
190130,2,1,1983,0,32,13,0,0,0,0,0,0,0
190131,1,1,1983,0,0,0,0,0,0,0,0,0,0
190131,2,1,1983,0,0,0,0,7,9,28,11,0,10
190133,1,1,1983,0,0,0,0,0,0,0,10,0,0
190133,2,1,1983,0,0,0,0,16,0,0,0,0,0
190134,1,1,1983,24,24,24,24,24,24,24,24,24,24
190135,1,1,1983,17,17,17,17,17,17,17,17,17,17
190135,2,1,1983,18,7,5,3,0,1,0,0,0,0
190136,1,1,1983,0,0,0,0,0,0,0,0,0,0
190137,1,1,1983,0,0,0,0,0,0,0,0,0,0
190137,2,1,1983,0,0,0,0,0,0,0,0,0,8
190138,1,1,1983,41,0,13,0,36,21,12,5,12,10
190139,1,1,1983,12,12,12,12,12,12,12,12,12,12
190140,1,1,1983,20,20,20,20,20,20,20,20,20,20
190140,2,1,1983,6,6,6,6,6,6,6,6,6,6
190141,1,1,1983,0,0,0,13,0,10,4,0,0,0
190142,1,1,1983,0,0,18,13,27,13,15,32,19,0
190143,1,1,1983,14,9,18,12,9,19,9,2,4,38
190143,2,1,1983,4,4,4,4,4,4,4,4,4,4
190144,1,1,1983,0,0,0,0,0,0,0,0,0,0
190144,2,1,1983,0,0,0,0,0,0,0,0,0,0
190146,1,1,1983,0,0,0,0,0,0,14,0,6,9
190147,1,1,1983,20,0,0,24,0,0,0,0,0,0
190147,2,1,1983,0,0,0,0,0,0,0,0,0,0
190148,1,1,1983,0,0,0,6,0,0,0,0,0,11
190148,2,1,1983,0,0,13,0,0,0,7,0,0,0
190149,1,1,1983,0,0,0,0,0,0,0,0,0,0
190150,0,1,1983,11,11,11,11,11,11,11,11,11,11
190150,1,1,1983,5,12,2,7,0,8,17,19,11,11
190151,1,1,1983,0,0,0,0,0,0,19,0,0,0
190151,2,1,1983,0,0,0,0,0,0,0,0,0,0
190152,1,1,1983,7,13,0,20,0,31,0,19,0,14
190152,2,1,1983,0,0,0,0,0,0,0,0,0,0
190153,1,1,1983,0,6,8,0,8,13,14,9,13,0
190153,2,1,1983,21,21,21,21,21,21,21,21,21,21
190154,1,1,1983,0,0,0,0,0,0,0,0,0,0
190154,2,1,1983,0,0,0,0,0,0,0,0,0,0
190155,1,1,1983,14,14,14,14,14,14,14,14,14,14
190156,1,1,1983,0,0,0,0,0,0,0,0,0,0
190156,2,1,1983,0,0,0,0,0,0,0,0,0,0
190157,1,1,1983,0,0,0,0,0,0,0,0,0,0
190157,2,1,1983,0,0,0,0,0,0,0,0,0,0
190158,0,1,1983,0,0,0,0,0,0,0,0,0,0
190158,1,1,1983,0,0,0,0,0,0,0,0,0,0
190159,1,1,1983,21,21,21,21,21,21,21,21,21,21
190160,1,1,1983,0,0,0,0,0,29,0,12,0,0
190161,1,1,1983,0,0,0,0,0,0,0,0,0,0
190161,2,1,1983,0,0,0,0,0,4,0,0,0,0
190162,1,1,1983,0,0,0,0,0,0,0,16,0,0
190162,2,1,1983,15,12,14,18,15,9,0,13,10,11
190163,1,1,1983,11,11,11,11,11,11,11,11,11,11
190164,1,1,1983,0,0,0,0,14,0,12,0,0,0
190164,2,1,1983,0,0,0,0,0,0,0,0,0,0
190165,1,1,1983,11,0,3,9,10,19,18,8,7,0
190166,1,1,1983,0,0,0,0,0,0,0,0,0,0
190167,1,1,1983,9,9,9,9,9,9,9,9,9,9
190168,1,1,1983,8,8,8,8,8,8,8,8,8,8
190169,1,1,1983,5,5,5,5,5,5,5,5,5,5
190169,2,1,1983,5,5,5,5,5,5,5,5,5,5
190170,1,1,1983,0,0,0,0,0,0,0,0,0,0
190170,2,1,1983,0,0,0,0,0,0,0,0,0,0
190171,1,1,1983,4,4,4,4,4,4,4,4,4,4
190172,1,1,1983,8,8,8,8,8,8,8,8,8,8
190173,1,1,1983,17,17,17,17,17,17,17,17,17,17
190174,1,1,1983,19,25,0,19,0,13,25,32,10,37
190175,1,1,1983,14,0,18,0,24,0,0,0,0,0
190176,0,1,1983,0,0,0,0,0,0,0,0,0,0
190176,1,1,1983,0,0,0,0,0,0,0,0,0,0
190177,1,1,1983,11,0,0,16,14,37,0,33,0,19
190178,1,1,1983,14,14,14,14,14,14,14,14,14,14
190179,1,1,1983,0,0,0,0,0,0,0,0,0,0
190179,2,1,1983,21,15,0,0,0,0,0,32,0,36
190180,1,1,1983,17,21,11,2,21,3,18,12,10,19
190181,1,1,1983,0,0,0,0,0,0,0,0,0,0
190181,2,1,1983,0,0,0,0,0,0,0,0,0,0
190182,1,1,1983,19,19,19,19,19,19,19,19,19,19
190183,1,1,1983,0,0,0,0,0,0,0,0,0,0
190184,1,1,1983,8,8,8,8,8,8,8,8,8,8
190185,1,1,1983,14,14,14,14,14,14,14,14,14,14
190186,1,1,1983,0,0,0,0,0,0,0,0,0,0
190187,1,1,1983,20,20,20,20,20,20,20,20,20,20
190187,2,1,1983,0,0,0,0,0,0,0,0,0,0
190188,1,1,1983,22,22,22,22,22,22,22,22,22,22
190188,2,1,1983,11,11,11,11,11,11,11,11,11,11
190189,1,1,1983,0,0,0,0,0,0,0,0,0,0
190189,2,1,1983,0,0,0,0,0,0,0,0,0,0
190190,1,1,1983,23,23,23,23,23,23,23,23,23,23
190190,2,1,1983,0,0,0,0,8,14,5,14,0,0
190191,0,1,1983,27,27,27,27,27,27,27,27,27,27
190191,1,1,1983,0,0,0,0,0,0,0,0,0,0
190192,1,1,1983,2,2,2,2,2,2,2,2,2,2
190192,2,1,1983,0,0,0,0,0,0,0,0,0,0
190193,1,1,1983,13,13,13,13,13,13,13,13,13,13
190194,1,1,1983,0,0,0,0,0,0,0,0,0,0
190194,2,1,1983,9,0,0,0,0,0,0,0,0,0
190195,0,1,1983,28,0,15,25,0,33,16,13,36,13
190195,1,1,1983,12,12,12,12,12,12,12,12,12,12
190196,1,1,1983,22,22,22,22,22,22,22,22,22,22
190198,1,1,1983,0,0,0,0,0,0,0,0,0,0
190198,2,1,1983,0,0,0,0,0,0,0,0,0,0
190198,3,1,1983,0,0,0,0,0,0,0,0,0,0
190199,1,1,1983,0,0,0,0,0,0,0,0,0,0
190199,2,1,1983,26,26,26,26,26,26,26,26,26,26
190200,1,1,1983,0,0,0,0,0,16,0,0,0,0
190202,1,1,1983,8,8,8,8,8,8,8,8,8,8
190203,1,1,1983,0,0,0,0,0,0,0,0,0,0
190203,2,1,1983,0,0,0,0,0,0,0,0,0,0
190204,1,1,1983,19,19,19,19,19,19,19,19,19,19
190205,1,1,1983,24,24,24,24,24,24,24,24,24,24
190206,1,1,1983,17,17,17,17,17,17,17,17,17,17
190207,1,1,1983,0,0,0,0,0,0,0,0,0,0
190207,2,1,1983,0,0,0,0,0,0,0,0,0,0
190208,1,1,1983,19,19,19,19,19,19,19,19,19,19
190209,1,1,1983,0,12,0,0,0,0,0,0,0,0
190209,2,1,1983,23,23,23,23,23,23,23,23,23,23
190210,1,1,1983,15,15,15,15,15,15,15,15,15,15
190211,1,1,1983,21,0,0,25,0,0,23,17,18,13
190212,1,1,1983,4,4,4,4,4,4,4,4,4,4
190212,2,1,1983,0,11,0,0,17,0,0,0,0,0
190213,1,1,1983,0,0,0,0,0,0,0,0,0,0
190213,2,1,1983,10,0,0,0,18,0,0,0,0,0
190214,1,1,1983,0,32,13,21,15,0,0,26,8,0
190215,1,1,1983,11,11,11,11,11,11,11,11,11,11
190216,0,1,1983,12,23,0,21,10,19,3,38,14,19
190216,1,1,1983,14,14,14,14,14,14,14,14,14,14
190217,1,1,1983,22,22,22,22,22,22,22,22,22,22
190218,1,1,1983,0,0,0,0,0,0,0,0,0,0
190218,2,1,1983,12,12,12,12,12,12,12,12,12,12
190219,1,1,1983,0,0,0,0,0,0,0,0,0,0
190219,2,1,1983,0,0,0,0,0,0,0,0,0,0
190220,1,1,1983,0,0,0,0,0,0,0,0,0,0
190220,2,1,1983,0,0,0,0,0,0,0,0,0,0
190221,1,1,1983,0,0,0,0,0,0,0,0,0,0
190221,2,1,1983,0,0,0,0,0,0,0,0,0,0
190222,1,1,1983,0,0,0,0,0,0,0,0,0,0
190223,1,1,1983,0,0,0,0,0,0,0,6,0,0
190223,2,1,1983,0,0,0,0,0,17,0,0,0,16
190224,1,1,1983,29,29,29,29,29,29,29,29,29,29
190225,1,1,1983,0,0,0,0,0,21,0,0,0,0
190226,1,1,1983,0,0,0,15,14,0,0,0,0,0
190227,1,1,1983,13,13,13,13,13,13,13,13,13,13
190227,2,1,1983,2,2,2,2,2,2,2,2,2,2
190228,1,1,1983,0,0,0,0,0,0,0,0,0,0
190228,2,1,1983,5,5,5,5,5,5,5,5,5,5
190229,1,1,1983,0,0,0,0,0,0,0,0,0,0
190229,2,1,1983,0,0,0,0,0,0,0,0,0,0
190230,1,1,1983,24,12,46,4,0,10,25,38,8,15
190231,1,1,1983,5,5,5,5,5,5,5,5,5,5
190232,1,1,1983,0,9,0,0,0,0,23,0,0,5
190232,2,1,1983,0,0,0,0,0,0,0,0,0,0
190233,1,1,1983,21,21,21,21,21,21,21,21,21,21
190233,2,1,1983,0,0,0,0,0,0,0,0,0,0
190234,1,1,1983,5,5,5,5,5,5,5,5,5,5
190235,1,1,1983,0,0,0,0,0,0,10,44,0,0
190235,2,1,1983,0,0,0,0,0,0,0,9,0,11
190236,1,1,1983,8,8,8,8,8,8,8,8,8,8
190236,2,1,1983,0,0,0,0,0,0,0,0,0,0
190237,1,1,1983,0,0,0,0,0,0,0,0,0,0
190237,2,1,1983,0,0,0,0,0,0,0,0,0,0
190238,1,1,1983,0,0,0,0,0,0,0,0,0,0
190238,2,1,1983,0,0,0,0,0,0,0,0,0,0
190239,1,1,1983,4,4,4,4,4,4,4,4,4,4
190240,1,1,1983,5,5,5,5,5,5,5,5,5,5
190241,1,1,1983,7,7,7,7,7,7,7,7,7,7
190242,1,1,1983,18,18,18,18,18,18,18,18,18,18
190243,1,1,1983,0,0,0,0,0,0,0,0,0,0
190243,2,1,1983,4,0,0,0,0,11,0,15,0,16
190244,1,1,1983,1,1,1,1,1,1,1,1,1,1
190245,1,1,1983,0,0,0,0,0,0,0,0,0,0
190246,1,1,1983,17,17,17,17,17,17,17,17,17,17
190246,2,1,1983,0,0,0,0,0,0,0,0,0,0
190247,1,1,1983,15,15,15,15,15,15,15,15,15,15
190248,0,1,1983,15,15,15,15,15,15,15,15,15,15
190248,1,1,1983,0,0,0,0,0,0,0,0,0,0
190249,1,1,1983,43,0,21,0,0,0,0,15,13,0
190250,1,1,1983,0,0,0,0,0,0,0,0,0,0
190250,2,1,1983,0,0,0,0,0,0,0,0,0,0
190251,1,1,1983,0,0,0,0,0,0,0,0,0,0
190251,2,1,1983,6,6,6,6,6,6,6,6,6,6
190252,1,1,1983,0,0,0,0,0,0,0,0,0,0
190252,2,1,1983,0,0,0,0,0,0,0,0,0,0
190253,1,1,1983,0,0,0,0,0,0,0,0,0,0
190253,2,1,1983,0,0,0,7,20,3,0,0,0,0
190254,1,1,1983,0,0,0,0,0,0,0,0,0,0
190254,2,1,1983,0,0,0,0,0,0,0,0,0,0
190255,1,1,1983,8,8,8,8,8,8,8,8,8,8
190256,1,1,1983,24,9,6,18,0,13,10,24,7,33
190257,1,1,1983,16,16,16,16,16,16,16,16,16,16
190257,2,1,1983,0,0,0,0,0,17,0,0,0,0
190258,1,1,1983,0,0,0,0,16,13,19,0,0,0
190259,1,1,1983,17,17,17,17,17,17,17,17,17,17
190260,1,1,1983,0,0,0,0,0,0,14,0,0,0
190261,1,1,1983,15,31,0,9,12,16,18,15,5,9
190262,1,1,1983,0,0,0,0,0,0,0,0,0,11
190263,0,1,1983,0,13,0,0,25,0,17,17,19,0
190263,1,1,1983,11,11,11,11,11,11,11,11,11,11
190264,1,1,1983,0,0,0,0,0,0,0,0,0,0
190264,2,1,1983,0,0,0,0,0,0,0,0,0,0
190265,1,1,1983,13,13,13,13,13,13,13,13,13,13
190266,1,1,1983,0,24,0,0,0,0,0,0,0,0
190266,2,1,1983,0,0,0,0,0,0,0,0,0,0
190267,1,1,1983,0,0,0,0,0,0,0,0,0,0
190267,2,1,1983,20,12,16,0,11,16,0,18,11,0
190268,1,1,1983,24,24,24,24,24,24,24,24,24,24
190268,2,1,1983,8,8,8,8,8,8,8,8,8,8
190269,1,1,1983,16,16,16,16,16,16,16,16,16,16
190270,1,1,1983,11,11,11,11,11,11,11,11,11,11
190271,1,1,1983,7,7,7,7,7,7,7,7,7,7
190272,1,1,1983,12,12,12,12,12,12,12,12,12,12
190272,2,1,1983,0,0,0,0,0,0,0,0,0,0
190274,1,1,1983,0,0,0,0,0,0,0,0,0,0
190274,2,1,1983,0,0,0,0,0,0,20,0,0,0
190274,3,1,1983,27,0,0,0,19,0,0,0,0,0
190275,1,1,1983,14,14,14,14,14,14,14,14,14,14
190276,1,1,1983,9,9,9,9,9,9,9,9,9,9
190277,1,1,1983,18,14,0,0,0,11,9,0,0,0
190278,1,1,1983,0,0,0,0,0,0,18,0,0,0
190278,2,1,1983,0,0,0,0,0,0,0,0,0,0
190279,1,1,1983,17,17,17,17,17,17,17,17,17,17
190280,0,1,1983,0,0,0,0,0,0,0,0,0,0
190280,1,1,1983,0,0,0,0,0,0,0,0,0,0
190281,1,1,1983,17,17,17,17,17,17,17,17,17,17
190282,1,1,1983,15,15,15,15,15,15,15,15,15,15
190283,1,1,1983,0,14,0,0,0,0,0,0,0,0
190283,2,1,1983,0,0,0,0,0,0,0,0,0,0
190284,1,1,1983,20,20,20,20,20,20,20,20,20,20
190285,1,1,1983,21,0,0,0,0,0,0,0,0,0
190285,2,1,1983,0,0,0,0,0,0,0,0,0,0
190286,1,1,1983,0,0,0,0,0,0,0,0,0,0
190286,2,1,1983,4,0,13,0,9,4,0,0,0,0
190287,1,1,1983,0,0,0,0,0,0,0,0,0,22
190288,1,1,1983,0,0,0,2,0,0,0,0,0,0
190288,2,1,1983,4,4,4,4,4,4,4,4,4,4
190289,1,1,1983,2,0,0,0,12,3,0,0,0,20
190290,1,1,1983,0,0,0,0,0,0,0,0,0,0