ST_CASE,VEH_NO,PER_NO,YEAR,P1,P2,P3,P4,P5,P6,P7,P8,P9,P10
210387,1,1,1983,17,17,17,17,17,17,17,17,17,17
210388,1,1,1983,15,15,15,15,15,15,15,15,15,15
210389,1,1,1983,23,23,23,23,23,23,23,23,23,23
210390,1,1,1983,18,0,18,9,4,7,9,9,18,17
210391,1,1,1983,19,5,16,9,7,21,13,10,13,15
210391,2,1,1983,0,0,0,0,0,0,0,0,0,0
210392,1,1,1983,5,5,5,5,5,5,5,5,5,5
210392,2,1,1983,0,0,0,10,0,0,0,0,0,0
210393,1,1,1983,3,3,3,3,3,3,3,3,3,3
210394,1,1,1983,19,19,19,19,19,19,19,19,19,19
210395,0,1,1983,0,0,0,0,0,0,0,0,0,0
210395,1,1,1983,0,18,0,0,0,0,0,0,0,0
210396,1,1,1983,0,4,0,17,0,0,12,0,0,20
210396,2,1,1983,24,24,24,24,24,24,24,24,24,24
210397,1,1,1983,13,13,13,13,13,13,13,13,13,13
210397,2,1,1983,0,0,0,0,0,19,0,0,24,0
210398,0,1,1983,0,0,6,0,6,0,0,0,0,26
210398,1,1,1983,0,0,0,0,21,0,0,0,0,0
210399,1,1,1983,0,0,0,0,6,0,0,0,0,0
210400,1,1,1983,15,15,15,15,15,15,15,15,15,15
210401,1,1,1983,0,0,0,0,0,0,0,0,0,0
210401,2,1,1983,0,0,0,0,0,0,0,0,0,0
210401,3,1,1983,0,0,0,0,0,0,0,10,17,0
210402,1,1,1983,24,13,18,29,19,11,18,11,10,0
210402,2,1,1983,18,18,18,18,18,18,18,18,18,18
210403,1,1,1983,14,14,14,14,14,14,14,14,14,14
210404,0,1,1983,0,0,0,0,0,0,0,0,0,0
210404,1,1,1983,0,0,0,0,0,0,0,0,0,0
210405,1,1,1983,0,0,8,12,0,0,16,0,17,0
210406,1,1,1983,0,0,0,0,0,0,0,0,0,0
210406,2,1,1983,0,0,0,0,0,0,0,0,0,6
210407,0,1,1983,8,8,8,8,8,8,8,8,8,8
210407,1,1,1983,0,7,0,0,9,0,0,17,0,0
210407,2,1,1983,0,0,0,0,0,0,0,0,0,0
210408,1,1,1983,12,8,16,18,31,31,14,21,9,5
210409,1,1,1983,9,0,0,0,0,0,0,0,0,0
210409,2,1,1983,0,0,22,0,0,0,0,0,0,0
210409,3,1,1983,0,0,0,0,0,0,0,0,0,0
210409,4,1,1983,0,0,0,0,36,0,19,0,0,0
210409,5,1,1983,0,0,0,0,0,0,0,0,0,15
210410,1,1,1983,6,6,6,6,6,6,6,6,6,6
210411,1,1,1983,0,0,0,0,0,0,0,0,0,0
210411,2,1,1983,0,0,0,0,0,0,0,0,0,0
210412,1,1,1983,10,24,5,18,11,24,12,4,10,17
210413,1,1,1983,12,0,2,3,14,0,0,0,0,0
210414,1,1,1983,4,4,4,4,4,4,4,4,4,4
210414,2,1,1983,0,0,0,0,0,0,0,0,0,0
210415,1,1,1983,0,0,0,0,0,0,0,0,0,0
210416,1,1,1983,24,24,24,24,24,24,24,24,24,24
210417,1,1,1983,0,0,0,0,0,0,0,0,0,0
210418,1,1,1983,0,0,0,0,0,0,0,0,0,0
210419,1,1,1983,0,22,14,0,16,10,20,6,19,14
210420,1,1,1983,23,20,10,0,11,23,13,23,19,14
210420,2,1,1983,0,0,0,9,10,0,0,5,0,0
210421,1,1,1983,0,0,0,0,0,0,0,0,0,0
210421,2,1,1983,0,0,0,0,0,0,8,0,0,0
210421,3,1,1983,0,0,0,0,0,0,0,0,0,0
210422,1,1,1983,0,19,0,0,0,0,0,0,0,0
210422,2,1,1983,0,0,0,0,0,0,0,0,0,0
210423,1,1,1983,20,20,20,20,20,20,20,20,20,20
210424,1,1,1983,17,17,17,17,17,17,17,17,17,17
210425,1,1,1983,0,0,0,0,0,0,0,0,0,0
210426,1,1,1983,0,0,0,0,0,0,0,0,0,0
210426,2,1,1983,0,11,0,0,0,0,0,0,0,0
210427,1,1,1983,0,0,0,0,0,0,0,12,0,0
210427,2,1,1983,0,0,8,0,0,0,0,0,0,0
210428,1,1,1983,25,25,25,25,25,25,25,25,25,25
210429,0,1,1983,0,0,0,0,0,0,0,0,0,0
210429,0,2,1983,0,0,0,0,0,11,0,5,4,0
210429,0,3,1983,0,0,0,0,8,0,0,0,0,0
210429,0,4,1983,8,0,0,10,11,32,0,0,0,0
210429,0,5,1983,0,0,0,0,20,0,0,0,0,0
210429,0,6,1983,25,0,0,5,0,0,0,9,0,0
210429,0,7,1983,0,0,0,0,0,0,0,0,0,0
210429,0,8,1983,11,0,0,0,0,21,0,0,0,0
210429,1,1,1983,30,30,30,30,30,30,30,30,30,30
210430,1,1,1983,0,0,0,0,0,0,0,0,0,0
210430,2,1,1983,0,0,0,0,0,0,0,0,0,0
210431,0,1,1983,0,0,0,0,0,0,0,0,0,0
210431,1,1,1983,0,0,0,0,0,0,0,0,0,0
210432,0,1,1983,0,0,0,0,0,0,0,0,0,0
210432,1,1,1983,0,0,10,0,0,0,0,0,8,0
210433,1,1,1983,13,0,0,0,13,11,0,16,0,16
210433,2,1,1983,0,0,0,0,0,0,0,0,0,0
210434,1,1,1983,0,0,0,0,0,0,0,0,0,0
210434,2,1,1983,0,0,0,0,0,0,0,0,0,0
210435,1,1,1983,0,0,0,0,0,0,0,0,0,0
210435,2,1,1983,0,0,0,0,0,0,0,0,0,0
210436,1,1,1983,0,0,0,0,0,0,0,0,0,0
210436,2,1,1983,0,0,0,0,0,0,0,0,0,0
210437,1,1,1983,0,0,0,0,0,0,0,7,16,0
210438,1,1,1983,13,13,13,13,13,13,13,13,13,13
210439,1,1,1983,19,19,19,19,19,19,19,19,19,19
210440,1,1,1983,25,25,25,25,25,25,25,25,25,25
210441,1,1,1983,15,15,15,15,15,15,15,15,15,15
210441,2,1,1983,0,0,0,15,20,0,0,0,19,0
210442,1,1,1983,8,8,8,8,8,8,8,8,8,8
210443,1,1,1983,23,23,23,23,23,23,23,23,23,23
210443,2,1,1983,0,0,0,0,0,0,7,0,0,0
210444,0,1,1983,51,51,51,51,51,51,51,51,51,51
210444,1,1,1983,0,0,15,0,0,0,0,0,0,0
210445,1,1,1983,0,0,0,0,0,0,0,0,0,0
210445,2,1,1983,0,0,16,0,0,0,0,0,23,0
210446,0,1,1983,22,22,22,22,22,22,22,22,22,22
210446,1,1,1983,11,11,11,11,11,11,11,11,11,11
210447,1,1,1983,20,20,20,20,20,20,20,20,20,20
210448,1,1,1983,0,0,0,0,0,0,0,0,0,0
210448,2,1,1983,0,0,0,0,0,0,0,0,0,0
210449,1,1,1983,15,30,40,29,27,29,9,11,19,29
210450,1,1,1983,6,16,35,24,29,14,14,20,41,0
210451,1,1,1983,26,26,26,26,26,26,26,26,26,26
210452,1,1,1983,0,0,0,0,0,0,0,0,0,0
210452,2,1,1983,0,0,0,0,0,0,0,0,0,0
210453,1,1,1983,16,11,18,28,33,25,35,17,0,14
210454,0,1,1983,0,0,0,0,0,0,0,0,0,0
210454,1,1,1983,0,0,0,0,0,0,0,0,0,0
210455,1,1,1983,0,0,0,0,0,0,0,0,0,0
210456,1,1,1983,0,0,0,0,0,0,0,0,0,0
210456,2,1,1983,0,0,0,0,0,0,0,0,0,0
210457,1,1,1983,31,31,31,31,31,31,31,31,31,31
210458,1,1,1983,18,18,18,18,18,18,18,18,18,18
210459,1,1,1983,0,0,0,0,0,0,0,0,0,0
210459,2,1,1983,0,0,0,0,0,0,0,0,0,0
210460,1,1,1983,0,0,0,0,0,0,0,0,0,0
210461,1,1,1983,8,8,8,8,8,8,8,8,8,8
210462,1,1,1983,0,6,0,33,0,0,19,0,33,0
210463,1,1,1983,0,0,0,0,0,0,0,0,0,0
210463,2,1,1983,18,18,18,18,18,18,18,18,18,18
210464,1,1,1983,11,34,4,10,0,11,16,29,4,7
210464,2,1,1983,0,0,0,0,0,0,0,0,0,0
210465,1,1,1983,0,0,0,0,0,0,0,0,0,0
210466,1,1,1983,0,0,0,0,0,0,0,0,0,0
210467,1,1,1983,8,29,23,15,9,22,0,29,15,31
210468,1,1,1983,0,0,0,0,0,0,0,0,0,0
210469,1,1,1983,20,10,24,13,26,0,16,0,26,14
210469,2,1,1983,0,0,0,0,0,0,0,0,0,0
210470,1,1,1983,22,22,22,22,22,22,22,22,22,22
210470,2,1,1983,0,0,14,23,0,0,0,0,0,0
210471,0,1,1983,0,0,0,0,0,0,0,0,0,0
210471,1,1,1983,0,0,0,0,0,0,0,0,0,0
210472,0,1,1983,0,0,0,0,0,0,0,0,0,0
210472,1,1,1983,0,0,0,0,0,0,0,0,0,0
210473,1,1,1983,14,0,0,11,9,0,0,0,0,0
210473,2,1,1983,26,20,0,0,0,0,0,0,0,0
210474,1,1,1983,20,20,20,20,20,20,20,20,20,20
210475,1,1,1983,0,0,0,0,0,0,0,0,0,0
210475,2,1,1983,0,0,0,0,0,0,0,0,0,0
210476,0,1,1983,0,0,0,0,0,0,0,0,0,8
210476,1,1,1983,0,0,0,0,0,0,0,0,0,0
210477,1,1,1983,0,0,0,0,23,0,0,0,0,0
210478,1,1,1983,21,21,21,21,21,21,21,21,21,21
210479,1,1,1983,9,9,9,9,9,9,9,9,9,9
210480,1,1,1983,15,15,15,15,15,15,15,15,15,15
210481,1,1,1983,13,13,13,13,13,13,13,13,13,13
210482,1,1,1983,0,6,0,0,3,0,0,0,0,0
210483,0,1,1983,0,0,0,0,0,0,0,0,0,0
210483,0,2,1983,0,0,0,0,0,0,0,0,0,0
210483,1,1,1983,0,0,0,0,9,0,0,0,0,0
210484,1,1,1983,0,0,0,0,0,0,0,0,0,0
210485,1,1,1983,18,18,18,18,18,18,18,18,18,18
210485,2,1,1983,0,10,0,0,20,0,0,0,0,0
210485,3,1,1983,0,0,0,0,0,0,0,14,0,0
210486,1,1,1983,13,13,13,13,13,13,13,13,13,13
210486,2,1,1983,0,0,0,0,0,0,0,0,0,0
210487,1,1,1983,0,0,0,0,0,0,0,0,0,0
210488,0,1,1983,24,0,0,21,0,12,8,21,0,0
210488,1,1,1983,0,0,0,0,0,0,0,0,0,0
210489,1,1,1983,14,14,14,14,14,14,14,14,14,14
210490,1,1,1983,0,9,0,0,0,0,0,0,0,0
210490,2,1,1983,0,0,0,0,0,0,0,0,0,0
210491,1,1,1983,0,0,0,0,0,0,0,0,0,0
210491,2,1,1983,0,0,0,0,0,0,0,0,0,0
210492,0,1,1983,24,24,24,24,24,24,24,24,24,24
210492,1,1,1983,5,5,5,5,5,5,5,5,5,5
210493,1,1,1983,20,20,20,20,20,20,20,20,20,20
210494,0,1,1983,0,0,0,0,0,0,0,0,0,10
210494,1,1,1983,0,0,0,0,0,0,0,0,0,0
210495,1,1,1983,0,0,0,0,0,0,0,0,0,0
210496,1,1,1983,0,0,0,0,0,0,0,0,0,0
210496,2,1,1983,0,0,0,6,0,0,0,0,14,0
210497,1,1,1983,14,8,28,19,34,19,30,0,13,21
210497,2,1,1983,0,0,0,0,0,0,0,0,0,0
210498,1,1,1983,11,11,11,11,11,11,11,11,11,11
210499,1,1,1983,19,8,5,13,16,23,36,13,32,15
210500,1,1,1983,35,35,35,35,35,35,35,35,35,35
210501,1,1,1983,18,18,18,18,18,18,18,18,18,18
210502,1,1,1983,12,12,12,12,12,12,12,12,12,12
210502,2,1,1983,0,0,0,0,0,0,0,0,0,0
210503,0,1,1983,24,24,24,24,24,24,24,24,24,24
210503,1,1,1983,10,0,0,0,0,0,0,0,0,0
210504,0,1,1983,22,0,0,0,0,0,20,0,24,0
210504,1,1,1983,0,10,17,0,0,0,0,0,0,29
210505,1,1,1983,0,28,0,0,0,0,0,0,0,0
210505,2,1,1983,0,21,0,0,0,9,0,0,0,16
210505,3,1,1983,9,9,9,9,9,9,9,9,9,9
210506,1,1,1983,0,7,0,0,0,13,0,0,0,0
210507,1,1,1983,9,9,9,9,9,9,9,9,9,9
210508,1,1,1983,12,12,12,12,12,12,12,12,12,12
210509,0,1,1983,0,0,0,0,0,0,0,0,0,0
210509,1,1,1983,0,0,0,0,0,0,0,0,0,0
210510,1,1,1983,26,26,26,26,26,26,26,26,26,26
210511,1,1,1983,13,13,13,13,13,13,13,13,13,13
210511,2,1,1983,0,0,0,0,0,0,0,0,0,0
210513,1,1,1983,13,13,13,13,13,13,13,13,13,13
210514,1,1,1983,0,0,0,0,0,0,0,0,0,0
210514,2,1,1983,0,0,0,0,0,0,0,0,8,0
210515,0,1,1983,0,0,0,0,0,0,0,0,0,0
210515,1,1,1983,0,0,0,0,0,0,0,0,0,0
210516,0,1,1983,0,0,0,0,0,0,0,0,0,0
210516,1,1,1983,0,0,0,13,0,0,0,0,21,0
210517,1,1,1983,15,0,7,11,30,13,19,17,0,14
210518,1,1,1983,29,29,29,29,29,29,29,29,29,29
210519,1,1,1983,0,0,0,0,0,0,0,0,0,0
210520,1,1,1983,0,0,0,0,0,0,0,0,0,0
210521,1,1,1983,2,9,18,15,14,31,4,22,22,13
210522,1,1,1983,16,16,16,16,16,16,16,16,16,16
210522,2,1,1983,0,0,0,0,0,0,0,0,0,0
210523,0,1,1983,0,0,0,0,0,0,0,0,0,0
210523,1,1,1983,0,0,0,0,0,0,0,0,0,0
210524,1,1,1983,23,23,17,7,11,16,20,6,19,18
210525,0,1,1983,11,20,43,0,24,28,14,0,20,12
210525,1,1,1983,12,12,12,12,12,12,12,12,12,12
210526,0,1,1983,0,0,0,0,0,0,0,0,0,0
210526,1,1,1983,0,0,0,0,0,0,0,0,0,0
210527,1,1,1983,28,28,28,28,28,28,28,28,28,28
210528,0,1,1983,25,25,25,25,25,25,25,25,25,25
210528,1,1,1983,0,0,0,0,8,0,0,0,0,0
210529,1,1,1983,6,6,6,6,6,6,6,6,6,6
210529,2,1,1983,0,0,0,0,0,0,0,0,0,0
210530,1,1,1983,0,0,0,0,0,0,0,0,0,0
210531,0,1,1983,0,0,0,0,0,0,0,0,0,0
210531,1,1,1983,0,0,0,0,0,21,0,14,0,0
210532,0,1,1983,21,21,21,21,21,21,21,21,21,21
210532,1,1,1983,0,0,0,0,0,0,0,0,0,0
210533,1,1,1983,8,8,8,8,8,8,8,8,8,8
210534,1,1,1983,0,0,0,0,0,0,0,0,0,0
210534,2,1,1983,0,0,0,0,0,0,0,6,0,0
210535,0,1,1983,0,0,0,0,0,0,0,0,0,0
210535,1,1,1983,0,0,0,0,0,0,0,0,0,0
210536,1,1,1983,0,0,0,0,0,0,0,0,0,0
210537,1,1,1983,0,0,0,0,0,12,0,0,0,0
210538,0,1,1983,24,0,4,0,0,0,0,0,0,12
210538,1,1,1983,24,0,0,20,31,42,25,0,10,0
210539,1,1,1983,0,25,19,18,0,13,0,32,0,0
210540,1,1,1983,0,0,0,0,0,0,0,0,0,0
210541,1,1,1983,0,0,0,0,0,0,0,0,0,0
210542,1,1,1983,0,0,0,0,0,0,0,0,0,0
210542,2,1,1983,0,0,0,0,0,0,0,0,0,0
210543,1,1,1983,18,18,18,18,18,18,18,18,18,18
210544,1,1,1983,18,17,28,12,15,6,17,20,8,12
210545,1,1,1983,0,0,0,0,0,0,0,0,0,0
210545,2,1,1983,0,0,0,0,0,0,0,0,0,0
210546,1,1,1983,13,15,0,16,0,11,9,8,0,0
210547,1,1,1983,17,17,17,17,17,17,17,17,17,17
210548,1,1,1983,36,29,0,0,0,0,19,0,0,16
210549,1,1,1983,11,11,11,11,11,11,11,11,11,11
210550,1,1,1983,15,15,15,15,15,15,15,15,15,15
210551,1,1,1983,0,0,0,0,0,0,0,0,0,0
210551,2,1,1983,0,0,0,0,0,0,0,0,0,0
210552,1,1,1983,0,0,0,0,0,0,0,0,0,0
210552,2,1,1983,0,0,0,0,0,0,5,0,0,0
210553,1,1,1983,0,0,0,0,0,0,0,0,0,0
210553,2,1,1983,0,0,0,0,0,12,27,0,0,0
210554,1,1,1983,0,0,0,0,0,0,0,0,0,0
210555,1,1,1983,19,0,0,0,0,0,0,0,0,0
210555,2,1,1983,12,12,12,12,12,12,12,12,12,12
210556,1,1,1983,0,9,7,10,0,0,16,9,0,18
210556,2,1,1983,0,0,0,0,0,0,0,0,0,0
210557,1,1,1983,0,0,0,0,0,0,0,0,0,15
210557,2,1,1983,0,0,0,0,0,0,0,0,0,0
210558,1,1,1983,17,17,17,17,17,17,17,17,17,17
210559,1,1,1983,0,0,0,0,0,0,0,0,25,0
210559,2,1,1983,0,0,0,0,0,0,0,0,0,0
210560,1,1,1983,24,24,24,24,24,24,24,24,24,24
210561,1,1,1983,13,13,13,13,13,13,13,13,13,13
210561,2,1,1983,0,0,0,35,0,0,0,15,0,0
210562,1,1,1983,51,0,0,0,29,0,0,0,0,0
210563,1,1,1983,21,0,0,0,0,0,0,13,17,0
210564,0,1,1983,24,21,9,21,4,15,18,17,27,39
210564,1,1,1983,0,0,0,0,0,0,0,0,0,0
210565,1,1,1983,0,0,0,0,0,0,0,0,0,0
210565,2,1,1983,0,0,0,0,0,0,0,0,0,0
210566,0,1,1983,0,0,0,0,0,0,0,0,0,0
210566,1,1,1983,0,0,0,0,0,0,0,0,0,0
210567,1,1,1983,18,18,18,18,18,18,18,18,18,18
210568,1,1,1983,18,11,28,13,24,22,15,13,8,35
210568,2,1,1983,13,13,13,13,13,13,13,13,13,13
210569,1,1,1983,0,0,0,0,0,0,0,0,0,0
210569,2,1,1983,0,0,0,12,0,0,0,0,0,0
210570,1,1,1983,0,0,0,0,0,12,0,0,0,0
210571,0,1,1983,0,0,0,0,0,0,0,0,0,0
210571,1,1,1983,0,0,0,0,0,0,0,0,0,14
210572,1,1,1983,14,2,25,7,16,14,32,10,5,13
210573,1,1,1983,12,12,12,12,12,12,12,12,12,12
210574,1,1,1983,10,11,11,12,24,21,18,9,18,9
210575,1,1,1983,0,0,0,0,0,0,0,0,0,0
210575,2,1,1983,0,0,0,0,0,0,0,0,0,0
210576,1,1,1983,24,24,24,24,24,24,24,24,24,24
210577,1,1,1983,0,0,0,0,0,0,0,0,0,0
210577,2,1,1983,0,0,0,0,0,0,0,0,0,0
210578,1,1,1983,0,0,0,0,0,0,0,0,0,0
210578,2,1,1983,0,0,0,0,0,0,0,0,0,0
210579,1,1,1983,0,0,23,16,0,0,0,0,0,0
210580,1,1,1983,0,0,0,0,0,0,0,0,0,0
210580,2,1,1983,0,0,14,0,0,0,0,0,0,0
210580,3,1,1983,0,0,0,0,0,0,0,0,0,0
210581,1,1,1983,16,16,16,16,16,16,16,16,16,16
210581,2,1,1983,0,0,0,0,0,0,0,0,0,0
210582,1,1,1983,40,40,40,40,40,40,40,40,40,40
210583,1,1,1983,14,16,0,0,0,5,18,14,20,10
210583,2,1,1983,0,0,14,9,0,0,0,0,13,0
210584,0,1,1983,0,0,0,0,0,0,0,0,0,0
210584,1,1,1983,0,0,0,0,0,0,0,0,0,0
210585,1,1,1983,10,10,10,10,10,10,10,10,10,10
210586,1,1,1983,0,0,0,0,0,0,22,0,0,0
210587,1,1,1983,7,8,18,18,24,14,15,28,12,28
210588,1,1,1983,13,13,13,13,13,13,13,13,13,13
210589,1,1,1983,0,0,0,0,0,0,0,0,0,0
210589,2,1,1983,0,0,0,0,0,0,0,0,0,0
210590,1,1,1983,0,0,0,0,0,0,0,0,0,0
210591,1,1,1983,21,21,21,21,21,21,21,21,21,21
210592,1,1,1983,0,0,0,0,0,0,0,0,0,0
210592,2,1,1983,0,0,0,0,0,0,0,0,0,0
210593,0,1,1983,5,5,5,5,5,5,5,5,5,5
210593,1,1,1983,0,0,0,0,0,0,0,0,0,0
210594,1,1,1983,0,0,0,0,0,0,0,0,0,0
210595,1,1,1983,0,0,0,0,0,0,0,0,0,0
210595,2,1,1983,0,0,0,0,0,0,0,0,0,0
210596,1,1,1983,0,0,0,0,0,0,0,0,0,0
210597,1,1,1983,17,17,17,17,17,17,17,17,17,17
210597,2,1,1983,0,0,0,0,0,0,0,0,0,0
210598,1,1,1983,0,0,0,0,0,0,0,0,0,0
210598,2,1,1983,0,0,0,0,0,0,0,0,0,0
210599,1,1,1983,18,18,18,18,18,18,18,18,18,18
210600,1,1,1983,9,14,13,21,15,23,9,10,6,11
210601,1,1,1983,0,0,0,0,8,0,0,0,18,0
210601,2,1,1983,0,0,0,0,0,0,0,0,0,0
210601,3,1,1983,0,0,0,0,8,0,0,0,0,0
210601,4,1,1983,0,0,0,0,0,10,0,0,0,0
210602,1,1,1983,0,0,0,0,0,0,0,0,0,0
210602,2,1,1983,0,0,0,0,0,0,0,0,0,0
210603,0,1,1983,0,0,0,0,0,0,0,0,0,0
210603,1,1,1983,0,0,0,0,0,0,0,0,0,0
210604,0,1,1983,0,0,0,0,0,0,0,0,0,0
210604,0,2,1983,19,0,0,23,26,17,29,14,18,0
210604,1,1,1983,14,12,13,19,9,17,13,11,15,7
210605,0,1,1983,0,0,0,0,0,0,0,0,0,0
210605,0,2,1983,0,16,12,0,20,22,0,0,0,16
210605,1,1,1983,0,0,0,0,0,0,0,0,0,0
210606,1,1,1983,10,10,10,10,10,10,10,10,10,10
210607,0,1,1983,0,0,31,38,0,0,0,8,0,0
210607,1,1,1983,0,0,0,0,0,0,0,0,0,20
210609,1,1,1983,33,33,33,33,33,33,33,33,33,33
210609,2,1,1983,0,0,0,0,0,0,0,0,0,0
210610,0,1,1983,0,0,0,0,0,0,31,0,0,0
210610,1,1,1983,0,0,0,0,15,0,0,0,0,14
210611,1,1,1983,0,0,0,0,0,0,0,0,0,0
210611,2,1,1983,0,0,0,0,0,0,0,0,0,0
210612,1,1,1983,0,0,0,0,0,0,0,0,0,0
210612,2,1,1983,0,0,0,0,0,0,0,0,0,0
210613,1,1,1983,24,16,13,11,11,22,18,15,7,12
210614,0,1,1983,0,0,0,0,0,0,0,43,0,18
210614,1,1,1983,0,0,0,0,0,0,0,0,0,0
210615,1,1,1983,18,18,18,18,18,18,18,18,18,18
210616,1,1,1983,0,0,0,6,0,0,0,0,0,0
210616,2,1,1983,0,0,0,0,0,0,0,0,0,0
210617,1,1,1983,22,22,22,22,22,22,22,22,22,22
210618,1,1,1983,22,22,22,22,22,22,22,22,22,22
210619,1,1,1983,15,15,15,15,15,15,15,15,15,15
210620,0,1,1983,25,25,25,25,25,25,25,25,25,25
210620,1,1,1983,0,0,7,0,0,0,0,0,0,0
210620,2,1,1983,0,0,5,0,0,13,0,0,0,0
210621,1,1,1983,8,0,20,0,0,24,16,0,22,17
210622,1,1,1983,0,0,0,0,0,0,0,0,0,0
210622,2,1,1983,0,15,0,0,0,0,0,0,0,0
210623,1,1,1983,21,21,21,21,21,21,21,21,21,21
210624,1,1,1983,18,18,18,18,18,18,18,18,18,18
210625,1,1,1983,0,0,0,0,0,0,0,0,0,0
210625,2,1,1983,0,0,0,0,0,0,0,0,0,0
210627,0,1,1983,0,0,0,0,0,0,0,0,0,0
210627,1,1,1983,15,15,15,15,15,15,15,15,15,15
210628,0,1,1983,18,18,18,18,18,18,18,18,18,18
210628,1,1,1983,0,8,0,0,0,0,0,0,0,0
210629,1,1,1983,0,0,0,0,0,0,0,0,0,0
210630,1,1,1983,0,0,0,0,0,0,0,0,0,0
210630,2,1,1983,0,0,0,0,0,0,0,0,0,0
210631,1,1,1983,14,14,14,14,14,14,14,14,14,14
210632,1,1,1983,0,0,0,0,0,0,0,0,0,0
210632,2,1,1983,0,0,0,0,0,0,0,0,0,0
210633,1,1,1983,0,37,0,0,0,13,19,11,12,0
210633,2,1,1983,0,0,0,10,0,0,0,0,0,0
210634,1,1,1983,14,14,14,14,14,14,14,14,14,14
210635,1,1,1983,27,27,27,27,27,27,27,27,27,27
210635,2,1,1983,0,0,0,0,0,0,0,0,0,0
210636,1,1,1983,13,13,13,13,13,13,13,13,13,13
210636,2,1,1983,0,0,0,0,0,0,0,0,9,0
210637,1,1,1983,22,22,22,22,22,22,22,22,22,22
210638,1,1,1983,21,21,21,21,21,21,21,21,21,21
210639,1,1,1983,14,14,14,14,14,14,14,14,14,14
210640,1,1,1983,0,0,0,0,0,0,0,0,0,0
210640,2,1,1983,0,0,0,0,0,0,0,0,0,0
210641,1,1,1983,3,3,3,3,3,3,3,3,3,3
210641,2,1,1983,0,0,0,0,0,0,0,0,0,0
210642,1,1,1983,0,0,0,0,0,0,0,0,0,0
210642,2,1,1983,16,16,16,16,16,16,16,16,16,16
210642,3,1,1983,0,0,0,0,0,0,0,0,0,0
210643,1,1,1983,7,20,20,0,0,0,9,0,0,0
210644,1,1,1983,22,22,22,22,22,22,22,22,22,22
210645,1,1,1983,0,13,8,22,0,0,4,0,28,7
210646,1,1,1983,0,0,0,0,0,0,0,0,0,0
210647,1,1,1983,0,0,0,0,0,0,0,0,0,0
210648,1,1,1983,28,28,28,28,28,28,28,28,28,28
210648,2,1,1983,0,0,0,0,0,0,0,0,0,0
210649,1,1,1983,0,0,0,0,0,0,0,4,0,14
210649,2,1,1983,0,0,0,0,0,0,0,0,0,0
210650,1,1,1983,23,23,23,23,23,23,23,23,23,23
210650,2,1,1983,0,0,0,0,0,0,0,0,0,0
210651,1,1,1983,0,0,0,0,0,0,0,0,0,20
210651,2,1,1983,0,12,0,0,0,0,0,0,9,0
210652,1,1,1983,25,25,25,25,25,25,25,25,25,25
210652,2,1,1983,0,0,0,0,0,0,0,0,0,22
210653,1,1,1983,19,19,19,19,19,19,19,19,19,19
210653,2,1,1983,21,21,21,21,21,21,21,21,21,21
210654,1,1,1983,0,0,0,0,0,0,0,0,0,0
210654,2,1,1983,0,0,0,0,0,0,0,0,0,0
210655,1,1,1983,0,0,0,0,0,0,0,0,0,0
210656,1,1,1983,28,28,28,28,28,28,28,28,28,28
210656,2,1,1983,0,0,0,0,0,0,0,0,0,0
210657,1,1,1983,13,0,0,0,0,17,0,0,0,0
210658,1,1,1983,0,0,0,0,0,0,0,0,0,0
210658,2,1,1983,0,0,0,0,0,0,0,0,0,0
210659,1,1,1983,0,0,10,0,0,0,0,0,0,0
210659,2,1,1983,0,0,0,0,0,0,0,0,0,0
210660,1,1,1983,20,20,20,20,20,20,20,20,20,20
210661,0,1,1983,23,23,23,23,23,23,23,23,23,23
210661,1,1,1983,0,0,0,0,0,0,0,0,0,0
210662,1,1,1983,0,0,0,0,0,0,0,0,0,0
210663,1,1,1983,22,8,0,22,0,0,17,9,20,14
210664,1,1,1983,0,0,0,0,0,0,0,0,0,0
210664,2,1,1983,0,0,0,0,0,0,0,0,0,0
210665,1,1,1983,0,0,0,0,0,0,0,0,0,0
210665,2,1,1983,0,0,0,0,0,10,0,0,0,17
210666,1,1,1983,0,0,0,0,0,0,0,7,0,0
210666,2,1,1983,0,0,0,0,0,0,0,0,0,0
210667,1,1,1983,45,45,45,45,45,45,45,45,45,45
210667,2,1,1983,13,13,13,13,13,13,13,13,13,13
210668,1,1,1983,16,16,16,16,16,16,16,16,16,16
210669,1,1,1983,15,15,15,15,15,15,15,15,15,15
210670,1,1,1983,9,9,9,9,9,9,9,9,9,9
210670,2,1,1983,0,0,0,0,0,0,0,0,0,0
210671,0,1,1983,31,22,6,12,25,17,24,17,18,8
210671,1,1,1983,0,0,0,0,0,0,6,0,13,0
210672,1,1,1983,19,32,0,30,14,16,30,18,18,26
210673,1,1,1983,0,0,0,0,0,0,0,0,0,0
210673,2,1,1983,0,0,0,0,0,0,0,0,0,0
210674,0,1,1983,0,0,0,0,0,0,0,0,0,0
210674,1,1,1983,0,0,0,0,0,0,0,0,0,0
210675,1,1,1983,0,0,6,0,0,0,0,0,7,0
210675,2,1,1983,21,21,0,0,29,9,0,0,0,0
210676,1,1,1983,0,0,0,0,0,0,0,0,0,0
210676,2,1,1983,0,0,0,0,0,0,0,0,0,0
210677,1,1,1983,0,0,0,9,0,10,4,0,9,0
210678,1,1,1983,0,0,0,0,0,0,0,0,0,0