ST_CASE,VEH_NO,PER_NO,YEAR,P1,P2,P3,P4,P5,P6,P7,P8,P9,P10
210679,0,1,1983,30,6,12,21,0,0,0,15,19,0
210679,0,2,1983,14,6,16,0,0,19,0,0,15,9
210679,0,3,1983,22,0,0,41,0,15,18,15,0,22
210679,1,1,1983,17,17,17,17,17,17,17,17,17,17
210680,1,1,1983,0,0,0,0,0,0,0,0,0,0
210681,1,1,1983,0,11,0,0,0,0,0,0,9,0
210682,1,1,1983,0,0,0,0,0,0,0,0,0,0
210682,2,1,1983,0,0,0,0,0,0,8,0,0,0
210683,1,1,1983,0,0,0,0,0,0,19,0,0,0
210683,2,1,1983,0,0,0,0,0,0,0,0,0,0
210683,3,1,1983,0,0,0,0,0,0,0,0,0,0
210683,4,1,1983,0,0,0,0,0,0,0,0,20,0
210684,1,1,1983,10,20,12,14,15,21,19,19,17,21
210685,1,1,1983,10,12,18,14,18,21,10,8,15,14
210686,1,1,1983,12,14,20,17,17,0,22,26,30,17
210686,2,1,1983,0,0,0,0,0,0,0,0,0,0
210687,1,1,1983,0,0,0,0,0,0,0,0,0,15
210687,2,1,1983,21,30,21,7,0,0,0,0,0,0
210688,1,1,1983,0,0,0,0,0,0,0,0,0,0
210688,2,1,1983,0,0,0,0,0,0,0,0,0,0
210689,1,1,1983,0,0,0,0,0,0,0,0,0,0
210690,1,1,1983,0,0,0,0,0,0,0,0,0,0
210690,2,1,1983,0,18,0,0,0,0,0,0,0,0
210691,1,1,1983,0,0,0,14,0,0,0,0,0,0
210692,1,1,1983,4,17,17,17,16,24,31,8,18,18
210693,1,1,1983,0,0,0,0,0,0,0,0,0,0
210693,2,1,1983,0,0,0,0,0,0,0,0,0,0
210694,1,1,1983,28,0,22,8,13,16,34,0,19,14
210695,1,1,1983,8,0,0,0,0,0,22,0,0,0
210696,1,1,1983,0,0,12,14,0,0,0,15,0,0
210697,1,1,1983,0,0,14,0,0,0,0,0,0,0
210697,2,1,1983,34,21,0,0,18,7,13,20,18,16
210698,1,1,1983,28,0,0,0,0,0,0,0,0,0
210699,1,1,1983,11,11,11,11,11,11,11,11,11,11
210700,1,1,1983,0,13,0,0,0,5,0,12,0,0
210701,0,1,1983,2,33,8,26,28,16,15,6,32,17
210701,1,1,1983,22,15,16,22,30,20,26,15,24,17
220001,1,1,1983,9,17,22,11,16,16,15,14,16,11
220002,1,1,1983,9,17,18,0,28,27,12,16,21,24
220002,2,1,1983,0,0,0,0,0,0,0,0,0,0
220003,0,1,1983,0,0,0,0,0,0,0,0,0,0
220003,1,1,1983,0,0,0,0,0,0,0,0,0,0
220004,0,1,1983,0,0,0,0,0,0,0,0,0,0
220004,1,1,1983,0,0,0,0,0,0,0,19,0,0
220005,1,1,1983,0,0,0,0,0,0,0,0,0,0
220005,2,1,1983,0,0,0,0,0,0,0,0,0,0
220005,3,1,1983,0,0,0,0,0,0,0,0,0,0
220006,0,1,1983,0,0,0,0,0,0,0,0,0,0
220006,1,1,1983,0,0,0,0,0,0,0,0,0,0
220007,0,1,1983,0,0,0,0,0,0,0,0,0,0
220007,1,1,1983,0,0,0,17,0,0,0,0,0,0
220008,1,1,1983,0,0,0,0,0,0,0,0,0,0
220008,2,1,1983,0,0,9,0,0,0,0,0,0,0
220009,1,1,1983,0,0,0,0,0,0,0,0,0,0
220009,2,1,1983,0,0,0,0,0,0,0,0,0,0
220010,1,1,1983,12,12,12,12,12,12,12,12,12,12
220011,1,1,1983,0,22,0,0,13,0,0,0,0,0
220012,1,1,1983,0,0,0,0,0,0,0,0,0,0
220012,2,1,1983,0,11,0,0,0,11,2,9,3,5
220013,1,1,1983,20,16,10,17,21,8,15,11,18,24
220014,0,1,1983,19,19,19,19,19,19,19,19,19,19
220014,1,1,1983,3,0,0,0,24,0,0,0,0,18
220015,1,1,1983,0,0,0,9,0,0,0,0,0,0
220015,2,1,1983,0,0,0,0,0,0,0,0,0,8
220016,0,1,1983,14,14,14,14,14,14,14,14,14,14
220016,1,1,1983,0,15,0,0,15,0,0,0,0,0
220017,1,1,1983,25,19,3,20,14,11,8,8,10,8
220018,0,1,1983,4,4,4,4,4,4,4,4,4,4
220018,1,1,1983,0,0,0,0,0,0,0,0,0,0
220019,1,1,1983,0,0,0,0,0,0,0,8,0,0
220020,1,1,1983,0,0,0,0,0,0,0,0,0,0
220020,2,1,1983,0,0,0,0,0,0,0,0,0,0
220021,0,1,1983,0,0,0,0,0,15,0,18,0,38
220021,1,1,1983,8,19,7,17,17,13,18,22,16,0
220022,1,1,1983,0,0,0,0,0,0,0,0,0,0
220023,1,1,1983,20,0,0,0,18,0,0,0,0,0
220023,2,1,1983,0,0,0,18,0,0,0,19,0,24
220024,1,1,1983,26,22,34,20,30,23,13,0,0,0
220024,2,1,1983,0,0,0,0,0,0,0,10,0,0
220025,1,1,1983,0,0,0,0,0,0,0,0,0,0
220025,2,1,1983,0,0,0,0,0,0,0,0,0,0
220026,0,1,1983,0,0,0,16,0,0,0,0,0,0
220026,1,1,1983,21,21,21,21,21,21,21,21,21,21
220027,1,1,1983,14,28,29,14,19,19,20,46,32,20
220028,0,1,1983,17,0,0,0,0,0,19,13,21,0
220028,1,1,1983,0,0,0,0,8,0,0,0,0,11
220029,1,1,1983,0,33,9,0,23,0,13,0,0,0
220030,1,1,1983,0,0,0,0,0,0,0,0,0,0
220030,2,1,1983,0,0,0,0,0,0,0,0,0,0
220031,1,1,1983,0,0,0,0,0,0,0,0,0,0
220031,2,1,1983,0,0,0,0,0,0,0,0,0,0
220032,1,1,1983,28,35,0,0,8,8,14,0,13,0
220032,2,1,1983,13,0,0,0,14,0,0,0,0,0
220033,1,1,1983,12,12,11,9,10,16,0,12,26,11
220033,2,1,1983,0,15,0,11,0,0,0,13,0,0
220034,1,1,1983,16,25,11,9,27,8,18,13,10,20
220034,2,1,1983,0,0,0,0,0,0,0,0,0,0
220035,1,1,1983,9,9,9,9,9,9,9,9,9,9
220036,0,1,1983,0,0,0,15,0,0,0,0,0,0
220036,1,1,1983,0,0,0,0,0,0,0,0,0,0
220037,1,1,1983,0,0,0,0,0,22,0,14,0,17
220037,2,1,1983,0,0,0,0,0,0,9,0,0,0
220038,0,1,1983,0,0,0,0,0,0,0,0,0,0
220038,1,1,1983,0,0,0,0,0,0,0,0,0,0
220039,1,1,1983,0,0,0,0,0,0,0,0,0,0
220039,2,1,1983,0,0,0,0,0,0,0,0,0,0
220039,3,1,1983,0,0,0,0,0,0,0,0,0,0
220040,1,1,1983,13,3,11,14,17,11,14,25,25,13
220041,0,1,1983,0,12,0,0,0,0,0,0,11,0
220041,0,2,1983,0,0,0,0,0,0,0,0,0,0
220041,1,1,1983,0,0,0,0,0,0,0,0,0,0
220042,1,1,1983,0,27,24,19,7,14,4,22,28,11
220042,2,1,1983,9,0,17,29,9,1,14,26,18,19
220043,1,1,1983,0,18,0,0,0,0,24,26,12,16
220043,2,1,1983,0,0,0,0,0,28,0,0,0,0
220044,0,1,1983,34,34,34,34,34,34,34,34,34,34
220044,1,1,1983,0,0,0,0,0,0,0,0,0,0
220045,1,1,1983,0,0,0,0,0,0,0,0,18,18
220046,1,1,1983,0,0,0,18,0,0,0,0,10,0
220047,1,1,1983,0,0,0,24,32,0,0,0,0,0
220047,2,1,1983,0,0,0,0,0,0,0,0,0,0
220048,1,1,1983,17,14,11,17,20,25,0,11,10,17
220050,1,1,1983,0,0,0,36,10,23,5,0,0,5
220050,2,1,1983,0,0,0,0,0,0,0,0,0,0
220051,1,1,1983,16,9,8,0,10,22,32,8,7,10
220051,2,1,1983,20,17,7,14,10,36,12,15,18,8
220051,3,1,1983,7,7,7,7,7,7,7,7,7,7
220052,0,1,1983,5,23,21,16,23,2,42,18,30,0
220052,1,1,1983,2,2,2,2,2,2,2,2,2,2
220053,1,1,1983,15,0,22,14,16,0,0,0,17,29
220054,1,1,1983,8,8,8,8,8,8,8,8,8,8
220054,2,1,1983,0,0,0,6,0,0,9,0,0,0
220055,1,1,1983,20,0,14,0,12,6,19,0,43,0
220056,1,1,1983,0,0,0,0,0,0,0,0,0,0
220056,2,1,1983,25,25,25,25,25,25,25,25,25,25
220057,1,1,1983,18,0,0,0,14,3,0,0,15,0
220057,2,1,1983,18,0,16,0,0,0,24,0,13,22
220058,0,1,1983,0,18,0,0,0,0,0,0,14,0
220058,1,1,1983,0,0,0,0,0,0,0,0,0,0
220059,1,1,1983,0,0,0,0,0,0,0,0,0,0
220059,2,1,1983,18,18,18,18,18,18,18,18,18,18
220060,1,1,1983,0,0,4,0,7,0,0,0,17,0
220061,1,1,1983,19,19,19,19,19,19,19,19,19,19
220062,0,1,1983,37,36,7,12,6,0,11,16,19,30
220062,1,1,1983,6,6,6,6,6,6,6,6,6,6
220063,0,1,1983,8,17,21,23,0,31,14,14,6,25
220063,1,1,1983,0,0,0,0,0,0,0,0,0,0
220064,1,1,1983,22,11,0,10,19,26,0,15,29,0
220065,1,1,1983,22,29,27,0,0,0,12,0,0,22
220066,1,1,1983,31,12,21,16,16,0,24,19,20,30
220067,1,1,1983,0,0,0,32,21,0,0,0,0,5
220068,1,1,1983,14,14,14,14,14,14,14,14,14,14
220068,2,1,1983,0,0,0,0,12,0,0,0,0,0
220069,1,1,1983,19,19,19,19,19,19,19,19,19,19
220070,1,1,1983,0,11,0,19,18,11,19,20,0,20
220071,1,1,1983,2,2,2,2,2,2,2,2,2,2
220071,2,1,1983,0,0,0,0,0,0,0,0,0,0
220072,1,1,1983,21,12,0,0,0,7,20,13,0,17
220072,2,1,1983,20,0,0,13,0,23,0,17,21,28
220073,0,1,1983,14,26,14,14,28,38,17,11,31,12
220073,1,1,1983,0,0,0,0,0,0,0,0,0,0
220074,1,1,1983,10,16,20,24,0,38,15,32,38,18
220075,1,1,1983,30,19,33,22,5,0,30,13,0,18
220076,0,1,1983,0,0,0,0,0,0,0,0,0,0
220076,1,1,1983,0,0,0,0,0,0,0,0,0,0
220077,1,1,1983,0,0,0,0,0,0,0,0,0,0
220077,2,1,1983,0,0,0,0,0,0,0,0,0,0
220077,3,1,1983,0,0,0,0,0,0,0,0,0,0
220078,1,1,1983,5,5,5,5,5,5,5,5,5,5
220079,0,1,1983,0,0,0,0,0,0,0,0,0,0
220079,1,1,1983,0,0,0,0,0,0,0,0,0,0
220080,0,1,1983,0,0,0,0,0,0,0,0,0,0
220080,1,1,1983,6,7,9,18,12,11,33,3,12,20
220081,1,1,1983,19,5,16,7,9,0,6,17,6,17
220081,2,1,1983,31,31,31,31,31,31,31,31,31,31
220082,1,1,1983,17,22,15,11,21,14,20,9,8,3
220083,1,1,1983,19,0,15,35,0,14,0,29,0,0
220083,2,1,1983,0,0,0,0,0,0,0,0,0,0
220084,1,1,1983,7,7,7,7,7,7,7,7,7,7
220084,2,1,1983,0,0,0,0,0,0,0,0,0,0
220085,1,1,1983,0,0,11,0,0,0,0,0,0,0
220086,1,1,1983,26,17,28,0,15,9,23,23,18,27
220087,1,1,1983,18,4,0,15,17,9,32,21,16,32
220088,1,1,1983,11,11,11,11,11,11,11,11,11,11
220088,2,1,1983,0,0,0,0,0,0,0,0,0,0
220088,3,1,1983,1,1,1,1,1,1,1,1,1,1
220089,1,1,1983,18,20,27,3,24,25,10,10,17,13
220090,1,1,1983,0,0,0,0,0,0,1,0,0,0
220090,2,1,1983,0,0,0,0,0,0,0,0,0,0
220091,1,1,1983,0,13,0,10,14,0,0,14,16,0
220091,2,1,1983,14,0,0,0,0,0,0,0,0,30
220092,1,1,1983,0,0,0,0,0,0,0,0,0,0
220092,2,1,1983,29,22,24,18,22,27,0,16,25,34
220093,1,1,1983,15,0,20,15,10,20,7,11,18,8
220094,1,1,1983,24,15,22,8,36,20,7,27,11,9
220095,1,1,1983,0,0,0,0,0,0,0,0,0,29
220095,2,1,1983,0,0,0,0,0,0,0,0,0,0
220096,1,1,1983,35,27,38,25,22,24,24,30,20,0
220096,2,1,1983,21,0,0,0,24,20,0,0,0,10
220097,0,1,1983,0,0,0,0,0,0,0,22,0,28
220097,1,1,1983,0,0,0,0,0,0,0,0,0,0
220098,1,1,1983,20,19,13,27,21,22,17,3,23,22
220099,1,1,1983,0,0,0,0,0,0,0,0,0,0
220099,2,1,1983,0,28,0,0,0,0,0,0,0,13
220099,3,1,1983,0,0,0,0,0,0,0,0,0,0
220100,0,1,1983,0,0,0,0,0,0,0,0,0,0
220100,1,1,1983,2,2,2,2,2,2,2,2,2,2
220101,1,1,1983,18,9,8,16,20,11,16,14,20,28
220102,1,1,1983,27,27,27,27,27,27,27,27,27,27
220103,1,1,1983,22,18,21,9,7,2,11,7,22,36
220103,2,1,1983,0,13,0,0,4,9,10,0,0,0
220104,0,1,1983,0,0,0,0,0,34,0,8,0,0
220104,1,1,1983,0,0,0,0,0,0,0,0,0,0
220105,1,1,1983,0,0,30,0,0,0,0,0,0,0
220105,2,1,1983,0,0,0,0,20,0,0,0,0,0
220106,1,1,1983,0,22,18,0,0,22,0,0,0,0
220106,2,1,1983,0,0,0,0,0,0,0,0,0,0
220107,1,1,1983,0,0,0,0,0,0,0,0,0,0
220107,2,1,1983,0,0,0,0,0,0,0,0,0,0
220108,1,1,1983,0,0,0,2,0,0,0,0,0,0
220109,0,1,1983,12,10,25,0,0,15,11,16,11,25
220109,0,2,1983,21,26,23,30,29,11,16,8,11,15
220109,1,1,1983,13,13,13,13,13,13,13,13,13,13
220110,0,1,1983,0,0,0,0,0,0,14,0,0,0
220110,1,1,1983,0,0,0,0,0,0,0,0,0,0
220111,1,1,1983,0,0,0,0,0,0,0,0,0,0
220111,2,1,1983,23,0,0,23,0,0,0,0,0,0
220112,1,1,1983,4,0,17,7,19,20,19,4,15,11
220113,1,1,1983,0,0,0,0,0,0,0,0,0,0
220113,2,1,1983,0,0,0,0,0,0,0,0,0,0
220114,0,1,1983,0,0,25,0,16,30,0,24,10,0
220114,1,1,1983,0,0,0,0,0,0,0,0,0,0
220114,2,1,1983,0,0,0,0,0,0,0,0,0,0
220115,1,1,1983,0,0,0,0,0,0,0,0,0,0
220116,1,1,1983,5,16,0,6,8,17,0,19,21,0
220116,2,1,1983,5,0,16,5,10,0,8,0,19,8
220117,1,1,1983,15,15,15,15,15,15,15,15,15,15
220118,1,1,1983,5,0,0,12,9,0,0,0,14,31
220118,2,1,1983,12,17,13,0,0,0,0,8,15,12
220119,0,1,1983,0,0,0,0,0,0,0,0,0,0
220119,1,1,1983,0,0,6,0,0,0,0,0,0,0
220120,1,1,1983,0,23,0,0,25,0,19,0,13,0
220121,1,1,1983,24,14,25,19,8,31,16,17,33,16
220122,0,1,1983,0,0,0,0,0,0,0,0,0,0
220122,1,1,1983,1,1,1,1,1,1,1,1,1,1
220123,0,1,1983,0,0,0,0,0,0,0,0,0,0
220123,1,1,1983,0,0,0,0,0,0,0,0,0,0
220124,1,1,1983,0,26,0,0,0,0,0,0,0,0
220124,2,1,1983,0,0,0,0,0,0,0,0,0,0
220125,1,1,1983,0,24,23,23,12,25,19,15,25,0
220125,2,1,1983,17,8,13,13,0,0,19,0,10,15
220126,1,1,1983,0,0,0,0,0,0,0,0,0,0
220126,2,1,1983,11,11,11,11,11,11,11,11,11,11
220127,1,1,1983,0,0,5,0,16,0,5,0,0,0
220128,1,1,1983,0,0,0,0,0,0,15,0,0,0
220128,2,1,1983,0,0,17,0,0,0,0,0,0,0
220129,0,1,1983,8,0,0,23,35,3,13,26,0,0
220129,1,1,1983,29,16,0,12,17,32,8,22,7,0
220130,1,1,1983,0,16,10,14,13,14,0,0,13,10
220131,0,1,1983,21,21,21,21,21,21,21,21,21,21
220131,1,1,1983,0,0,0,0,0,0,0,16,0,0
220132,0,1,1983,0,0,0,0,0,0,0,0,0,0
220132,1,1,1983,0,0,0,0,0,0,0,0,0,0
220133,1,1,1983,0,0,11,0,12,13,0,0,0,0
220133,2,1,1983,0,0,0,0,0,0,0,0,0,0
220134,1,1,1983,29,15,0,7,0,32,16,16,0,0
220134,2,1,1983,0,0,0,0,0,0,0,0,0,0
220135,1,1,1983,11,8,29,10,19,15,21,12,15,8
220135,2,1,1983,6,4,6,14,12,7,9,7,22,17
220135,3,1,1983,0,4,22,27,0,0,0,0,0,0
220136,1,1,1983,0,0,0,0,0,0,3,0,0,0
220136,2,1,1983,0,0,0,0,0,0,0,0,0,0
220137,1,1,1983,0,0,13,0,0,0,0,0,23,0
220137,2,1,1983,0,0,0,0,0,0,0,0,0,0
220138,1,1,1983,0,25,0,0,0,0,0,0,0,0
220138,2,1,1983,0,0,0,0,0,0,0,0,0,0
220139,0,1,1983,33,30,14,17,0,18,0,21,27,22
220139,1,1,1983,0,0,0,0,0,0,0,0,0,0
220140,1,1,1983,0,0,0,0,0,0,0,0,0,0
220140,2,1,1983,2,2,2,2,2,2,2,2,2,2
220140,3,1,1983,2,2,2,2,2,2,2,2,2,2
220140,4,1,1983,0,0,0,0,0,0,0,0,0,0
220141,1,1,1983,13,0,0,0,12,12,0,20,0,0
220142,1,1,1983,0,0,0,0,0,0,0,0,0,0
220142,2,1,1983,0,0,0,0,0,0,0,0,0,0
220143,1,1,1983,0,0,0,0,0,0,0,0,0,16
220143,2,1,1983,9,9,9,9,9,9,9,9,9,9
220144,1,1,1983,15,9,18,0,26,25,14,47,22,38
220145,1,1,1983,0,0,0,0,0,0,0,0,0,0
220145,2,1,1983,0,0,0,0,0,0,0,0,0,0
220146,1,1,1983,28,14,23,19,31,32,17,27,23,10
220147,1,1,1983,0,0,0,0,0,0,0,0,0,0
220147,2,1,1983,0,0,0,0,0,0,0,0,0,0
220148,1,1,1983,7,10,0,13,11,21,15,15,4,17
220148,2,1,1983,21,23,21,11,17,15,29,0,7,14
220149,1,1,1983,15,14,5,9,13,20,0,15,11,7
220149,2,1,1983,0,0,0,9,0,0,0,0,0,0
220150,1,1,1983,19,4,26,17,6,0,0,23,27,13
220150,2,1,1983,0,0,0,0,0,0,0,0,0,0
220151,1,1,1983,12,30,0,15,19,12,8,9,4,19
220152,1,1,1983,20,20,20,20,20,20,20,20,20,20
220153,1,1,1983,10,34,29,43,24,0,30,32,12,15
220154,1,1,1983,0,0,0,0,0,0,0,0,0,0
220154,2,1,1983,0,0,0,0,0,0,0,0,0,0
220155,0,1,1983,0,0,0,0,0,0,0,0,0,0
220155,1,1,1983,0,0,0,0,0,0,0,12,0,0
220156,0,1,1983,0,0,0,24,0,0,0,0,0,0
220156,1,1,1983,0,11,0,0,18,0,10,16,14,12
220157,1,1,1983,0,14,0,21,0,0,0,9,38,21
220157,2,1,1983,5,16,0,0,0,0,0,0,0,0
220158,1,1,1983,0,0,0,0,31,0,0,0,0,0
220158,2,1,1983,0,0,0,0,0,0,0,0,0,0
220159,1,1,1983,11,10,11,21,12,18,12,5,20,20
220160,1,1,1983,10,6,0,5,0,4,0,14,0,29
220160,2,1,1983,10,3,7,10,0,0,0,10,0,0
220161,1,1,1983,17,33,0,19,23,21,8,20,12,25
220162,0,1,1983,30,9,0,0,55,18,0,13,28,20
220162,1,1,1983,13,13,13,13,13,13,13,13,13,13
220163,1,1,1983,24,17,17,25,7,24,13,12,26,19
220164,1,1,1983,11,11,11,11,11,11,11,11,11,11
220165,1,1,1983,4,4,4,4,4,4,4,4,4,4
220165,2,1,1983,0,0,16,0,0,0,0,0,0,0
220165,3,1,1983,1,1,1,1,1,1,1,1,1,1
220165,4,1,1983,0,0,0,0,22,0,0,0,0,0
220165,5,1,1983,1,1,1,1,1,1,1,1,1,1
220166,1,1,1983,20,38,16,14,11,9,23,22,18,39
220167,1,1,1983,0,17,11,0,0,13,0,9,0,23
220167,2,1,1983,21,21,21,21,21,21,21,21,21,21
220168,1,1,1983,16,17,20,18,20,3,20,14,0,0
220168,2,1,1983,0,0,10,25,9,38,7,11,0,0
220169,0,1,1983,0,0,0,0,0,0,0,0,0,0
220169,1,1,1983,0,0,0,0,0,0,0,0,0,0
220170,1,1,1983,0,0,0,0,0,0,0,0,0,0
220170,2,1,1983,0,0,0,0,0,0,0,0,0,0
220170,3,1,1983,0,0,0,0,0,0,0,0,0,0
220171,1,1,1983,11,11,7,9,16,23,15,9,0,24
220171,2,1,1983,1,1,1,1,1,1,1,1,1,1
220172,1,1,1983,0,0,0,0,12,24,0,0,0,0
220172,2,1,1983,2,2,2,2,2,2,2,2,2,2
220173,1,1,1983,16,16,16,16,16,16,16,16,16,16
220174,1,1,1983,13,9,14,6,10,15,20,0,6,20
220174,2,1,1983,16,9,0,6,0,0,15,0,12,0
220174,3,1,1983,0,0,0,0,0,0,0,0,0,0
220174,4,1,1983,0,15,0,0,0,0,0,0,0,0
220175,0,1,1983,0,0,0,0,0,0,0,0,0,0
220175,1,1,1983,0,0,0,0,0,0,0,0,0,0
220176,1,1,1983,0,0,0,0,0,0,0,1,26,0
220177,1,1,1983,0,0,0,0,0,0,0,17,0,0
220178,1,1,1983,0,22,0,3,0,0,3,13,5,0
220179,1,1,1983,35,28,26,19,17,0,20,27,21,14
220180,0,1,1983,0,0,0,0,0,31,0,0,0,0
220180,1,1,1983,0,0,0,0,0,0,0,0,0,0
220181,0,1,1983,0,0,0,0,0,0,0,0,0,0
220181,1,1,1983,0,22,0,0,0,0,0,22,0,0
220182,1,1,1983,0,0,0,0,0,0,0,0,0,0
220183,1,1,1983,0,14,0,0,17,17,0,6,9,9
220184,1,1,1983,36,23,25,12,22,9,20,12,14,15
220185,1,1,1983,11,11,11,11,11,11,11,11,11,11
220185,2,1,1983,0,0,0,0,0,0,0,0,0,0
220186,1,1,1983,0,0,0,0,0,7,9,14,0,0
220186,2,1,1983,0,0,0,0,0,0,0,0,0,0
220187,1,1,1983,22,22,22,22,22,22,22,22,22,22
220187,2,1,1983,0,0,0,0,12,0,0,20,0,0
220188,1,1,1983,0,0,18,22,0,17,0,0,24,19
220189,1,1,1983,4,4,4,4,4,4,4,4,4,4
220190,0,1,1983,0,0,0,0,0,0,0,0,0,0
220190,1,1,1983,0,0,0,0,0,0,0,0,0,0
220191,1,1,1983,0,0,0,0,0,0,0,0,0,0
220191,2,1,1983,0,0,0,0,0,0,0,0,0,0
220192,1,1,1983,39,13,29,0,4,13,6,11,22,13
220193,1,1,1983,16,16,16,16,16,16,16,16,16,16
220194,0,1,1983,28,28,28,28,28,28,28,28,28,28
220194,1,1,1983,0,0,0,0,0,0,0,0,0,0
220195,1,1,1983,27,27,24,29,36,15,28,32,0,22
220196,1,1,1983,0,0,0,0,0,0,0,0,0,0
220196,2,1,1983,0,0,0,0,0,0,0,0,0,0
220197,0,1,1983,0,0,0,18,0,0,0,0,0,0
220197,1,1,1983,0,0,0,0,0,0,0,0,0,0
220198,0,1,1983,11,11,11,11,11,11,11,11,11,11
220198,1,1,1983,11,11,11,11,11,11,11,11,11,11
220198,2,1,1983,0,0,0,0,0,0,0,0,0,0
220199,1,1,1983,0,12,0,14,10,6,0,0,12,12
220200,1,1,1983,19,19,19,19,19,19,19,19,19,19
220201,1,1,1983,0,0,3,0,0,0,0,2,0,0
220201,2,1,1983,21,17,0,14,18,0,0,0,0,0
220202,1,1,1983,0,0,0,0,0,0,0,0,0,0
220202,2,1,1983,0,0,0,0,0,0,0,0,0,0
220203,1,1,1983,9,9,9,9,9,9,9,9,9,9
220203,2,1,1983,9,9,9,9,9,9,9,9,9,9
220204,1,1,1983,11,11,11,11,11,11,11,11,11,11
220205,1,1,1983,15,20,0,0,12,0,9,0,14,11
220205,2,1,1983,0,0,0,12,29,13,35,12,11,0
220206,0,1,1983,0,29,0,5,0,0,0,0,0,0
220206,1,1,1983,11,15,25,43,0,37,21,0,10,2
220207,1,1,1983,0,25,14,14,22,0,11,14,10,18
220208,1,1,1983,16,0,0,12,11,0,11,9,10,0
220208,2,1,1983,0,0,0,0,0,0,0,0,0,0
220209,1,1,1983,0,0,0,0,0,0,0,0,0,0
220209,2,1,1983,0,0,12,0,0,0,0,0,0,0
220209,3,1,1983,0,0,0,0,0,0,0,0,0,0
220210,0,1,1983,0,0,0,0,3,0,0,0,0,0
220210,1,1,1983,0,0,0,0,0,0,0,0,0,0
220211,1,1,1983,0,0,0,0,0,0,31,0,0,11
220211,2,1,1983,0,0,0,0,0,2,10,0,0,0
220212,1,1,1983,0,0,0,0,0,0,0,0,0,0
220212,2,1,1983,18,18,18,18,18,18,18,18,18,18
220213,1,1,1983,0,0,0,0,0,0,0,10,14,0
220213,2,1,1983,22,11,0,0,0,0,7,0,0,0
220214,1,1,1983,18,18,18,18,18,18,18,18,18,18
220215,1,1,1983,0,0,0,0,0,0,0,0,0,0
220216,1,1,1983,24,28,13,0,15,18,29,0,0,38
220217,1,1,1983,24,17,14,23,17,0,35,32,21,16
220218,1,1,1983,21,12,27,32,16,26,29,0,13,20
220219,1,1,1983,13,13,13,13,13,13,13,13,13,13
220219,2,1,1983,0,0,0,0,0,0,0,0,0,0
220220,1,1,1983,0,0,0,0,0,0,0,0,0,0
220220,2,1,1983,0,0,0,0,0,0,0,0,0,0
220220,3,1,1983,0,0,0,0,0,0,0,0,0,0
220221,1,1,1983,0,0,0,0,0,0,0,0,0,0
220221,2,1,1983,0,0,0,0,0,0,0,0,0,0
220222,0,1,1983,18,0,40,6,37,0,0,0,0,0
220222,1,1,1983,0,7,0,0,0,0,0,0,0,0
220223,1,1,1983,0,0,0,0,0,0,0,0,0,0
220223,2,1,1983,0,0,0,0,0,0,0,0,0,0
220224,1,1,1983,9,0,0,0,9,0,0,32,12,0
220225,1,1,1983,19,19,19,19,19,19,19,19,19,19
220226,1,1,1983,0,0,0,16,0,0,0,0,0,0
220226,2,1,1983,0,0,0,0,0,0,0,0,0,19
220227,0,1,1983,0,0,0,0,0,0,0,0,0,0
220227,1,1,1983,0,0,0,0,0,0,0,0,0,0
220228,1,1,1983,0,0,0,0,0,0,0,0,0,0
220228,2,1,1983,0,0,0,0,0,0,0,0,0,0
220228,3,1,1983,21,21,21,21,21,21,21,21,21,21
220229,1,1,1983,0,0,0,0,0,28,0,0,17,0
220229,2,1,1983,0,0,0,0,25,20,0,22,0,16
220230,0,1,1983,0,0,0,0,0,0,0,0,0,0
220230,1,1,1983,0,0,0,0,0,0,0,0,0,0
220231,1,1,1983,0,28,17,0,0,0,9,23,0,0
220232,1,1,1983,0,2,29,11,0,30,17,14,0,13
220233,1,1,1983,0,0,0,0,0,0,0,0,0,0
220233,2,1,1983,11,0,0,7,0,18,0,23,0,15
220234,1,1,1983,0,0,0,0,0,0,0,0,0,0
220234,2,1,1983,0,0,0,0,0,0,0,0,20,0
220235,1,1,1983,0,0,0,0,0,0,0,0,0,0
220235,2,1,1983,0,0,0,0,0,0,0,0,0,0
220236,1,1,1983,0,0,0,0,0,0,0,0,0,0
220237,1,1,1983,0,0,0,0,0,0,0,0,0,0
220237,2,1,1983,0,0,16,27,0,0,0,0,0,0
220238,0,1,1983,0,13,0,32,22,19,11,20,13,31
220238,1,1,1983,8,5,7,0,27,7,6,6,19,0
220238,2,1,1983,13,0,0,17,0,0,0,0,0,38
220239,1,1,1983,23,7,22,21,0,6,16,20,0,14
220239,2,1,1983,23,14,16,0,20,0,17,23,0,26
220240,0,1,1983,25,25,25,25,25,25,25,25,25,25
220240,1,1,1983,0,0,0,0,0,0,0,0,0,0
220241,1,1,1983,20,0,32,35,0,32,0,17,10,0
220242,1,1,1983,4,4,4,4,4,4,4,4,4,4
220243,1,1,1983,0,0,0,0,0,0,0,0,0,0
220244,1,1,1983,0,0,0,0,0,0,0,0,0,0
220244,2,1,1983,0,0,0,0,0,0,0,0,0,0
220244,3,1,1983,0,0,0,0,11,0,0,0,0,0
220245,1,1,1983,2,2,2,2,2,2,2,2,2,2
220245,2,1,1983,0,0,0,0,0,0,0,0,19,0
220246,1,1,1983,0,0,0,0,0,13,10,0,0,4
220246,2,1,1983,0,0,0,0,0,0,0,0,0,0