ST_CASE,VEH_NO,PER_NO,YEAR,P1,P2,P3,P4,P5,P6,P7,P8,P9,P10
220247,1,1,1983,0,9,0,0,0,0,0,0,8,0
220247,2,1,1983,0,0,0,0,0,0,0,0,0,0
220248,0,1,1983,7,0,14,0,20,0,0,0,0,0
220248,1,1,1983,0,0,0,12,2,0,0,0,0,0
220249,1,1,1983,0,0,0,0,0,0,0,0,21,0
220249,2,1,1983,0,0,0,0,0,0,0,0,0,0
220250,1,1,1983,11,31,15,0,0,13,17,34,12,27
220251,1,1,1983,23,15,12,0,7,15,0,24,0,0
220252,0,1,1983,0,0,0,0,0,0,0,0,0,0
220252,1,1,1983,0,0,0,0,0,0,0,0,0,0
220253,0,1,1983,24,50,0,24,0,0,19,24,0,0
220253,1,1,1983,0,0,0,0,0,0,0,0,0,0
220254,1,1,1983,0,6,0,0,11,0,0,0,0,0
220254,2,1,1983,0,0,0,0,0,0,0,10,0,0
220255,1,1,1983,12,21,0,4,14,10,19,18,20,12
220256,1,1,1983,15,12,15,0,13,9,19,5,25,27
220256,2,1,1983,0,0,0,0,0,0,0,0,0,0
220257,2,1,1983,0,0,0,0,0,0,0,0,0,0
220258,1,1,1983,0,8,0,12,0,0,0,0,0,0
220258,2,1,1983,0,0,0,29,47,21,0,0,0,0
220259,1,1,1983,25,25,25,25,25,25,25,25,25,25
220260,1,1,1983,0,0,10,21,0,0,0,0,0,0
220261,1,1,1983,19,19,19,19,19,19,19,19,19,19
220262,1,1,1983,17,29,12,16,16,24,17,12,19,28
220263,0,1,1983,0,0,0,0,0,23,0,0,0,6
220263,0,2,1983,0,2,0,0,0,7,0,0,3,0
220263,1,1,1983,20,20,20,20,20,20,20,20,20,20
220264,1,1,1983,0,0,0,0,0,0,0,0,0,0
220264,2,1,1983,0,0,0,0,0,8,0,0,0,0
220265,1,1,1983,10,9,0,0,0,0,0,3,0,20
220265,2,1,1983,0,0,0,0,0,0,0,0,0,0
220266,1,1,1983,20,6,28,23,16,17,0,0,22,19
220267,1,1,1983,0,0,0,0,0,0,0,0,0,0
220267,2,1,1983,0,0,0,0,0,0,0,0,0,0
220268,0,1,1983,0,0,25,25,27,0,0,23,0,0
220268,1,1,1983,0,0,0,0,0,0,0,0,0,19
220269,1,1,1983,16,11,0,26,0,0,0,20,21,0
220269,2,1,1983,0,0,0,0,0,0,0,0,0,0
220270,0,1,1983,16,30,21,7,10,19,19,25,20,0
220270,1,1,1983,0,0,0,0,0,0,0,0,0,0
220270,2,1,1983,0,0,0,0,0,0,0,0,0,0
220271,1,1,1983,0,0,0,0,0,0,0,0,0,0
220272,1,1,1983,0,21,12,17,21,25,10,14,0,0
220273,0,1,1983,0,0,0,0,0,0,0,0,0,0
220273,1,1,1983,0,0,0,0,0,0,0,0,0,0
220274,1,1,1983,0,0,0,13,19,0,0,0,0,0
220275,1,1,1983,27,0,0,0,27,0,10,0,0,0
220275,2,1,1983,0,0,0,0,0,0,0,0,0,0
220276,1,1,1983,12,23,15,14,5,12,8,17,19,16
220276,2,1,1983,0,13,0,0,0,0,0,0,0,13
220277,0,1,1983,0,0,0,0,0,0,0,0,0,0
220277,1,1,1983,0,0,0,0,0,0,0,0,0,0
220278,1,1,1983,0,0,0,3,0,0,11,22,0,0
220279,1,1,1983,0,0,0,0,0,0,0,0,0,0
220279,2,1,1983,0,0,0,0,0,0,0,0,0,0
220280,1,1,1983,0,0,0,0,0,0,0,0,0,0
220280,2,1,1983,0,0,0,0,0,0,0,0,0,2
220281,1,1,1983,25,25,25,25,25,25,25,25,25,25
220282,0,1,1983,0,0,0,0,0,0,0,0,0,0
220282,0,2,1983,0,0,0,0,0,0,0,0,0,0
220282,1,1,1983,12,12,12,12,12,12,12,12,12,12
220283,1,1,1983,0,0,0,0,0,0,0,0,0,0
220283,2,1,1983,0,0,0,0,0,0,0,0,0,0
220284,1,1,1983,14,7,10,9,0,21,18,0,12,10
220284,2,1,1983,0,0,0,0,0,0,0,0,0,0
220285,1,1,1983,22,0,12,3,10,7,18,19,16,0
220286,1,1,1983,14,20,20,8,10,13,19,19,24,21
220287,1,1,1983,22,18,29,17,22,11,12,19,32,7
220288,1,1,1983,0,28,22,12,19,0,0,0,0,0
220289,1,1,1983,0,20,13,35,0,13,0,0,31,0
220290,1,1,1983,17,0,0,0,26,0,0,0,5,13
220291,1,1,1983,29,18,16,14,19,27,6,0,15,26
220292,1,1,1983,15,18,0,16,16,12,23,0,0,0
220293,1,1,1983,6,6,6,6,6,6,6,6,6,6
220293,2,1,1983,0,8,0,0,0,0,11,0,0,0
220294,1,1,1983,0,0,0,0,0,0,0,0,0,0
220294,2,1,1983,0,0,0,0,0,0,0,0,0,0
220295,0,1,1983,0,0,0,0,0,0,0,0,0,0
220295,1,1,1983,0,0,0,0,0,0,0,26,0,0
220296,1,1,1983,0,17,8,11,26,13,16,15,9,19
220297,1,1,1983,13,0,19,18,21,28,13,0,24,0
220298,1,1,1983,0,0,0,0,4,0,0,0,0,0
220298,2,1,1983,0,0,0,0,0,0,0,0,0,0
220299,1,1,1983,0,0,0,0,14,0,0,8,17,0
220299,2,1,1983,3,3,3,3,3,3,3,3,3,3
220300,1,1,1983,0,40,23,5,0,0,10,0,22,0
220301,1,1,1983,5,5,5,5,5,5,5,5,5,5
220302,1,1,1983,21,11,28,16,15,15,12,8,13,21
220303,1,1,1983,0,0,10,0,0,0,0,0,0,0
220304,1,1,1983,0,18,0,0,0,0,0,0,0,0
220305,1,1,1983,14,14,14,14,14,14,14,14,14,14
220306,0,1,1983,0,0,7,0,0,0,0,0,0,0
220306,0,2,1983,0,0,0,0,0,0,0,0,0,0
220306,0,3,1983,0,0,0,0,0,0,0,0,0,0
220306,0,4,1983,0,0,0,0,0,0,0,0,0,0
220306,1,1,1983,0,0,0,0,0,0,0,0,0,0
220307,1,1,1983,25,25,25,25,25,25,25,25,25,25
220307,2,1,1983,0,0,0,0,0,0,0,0,0,0
220308,1,1,1983,6,6,6,6,6,6,6,6,6,6
220309,1,1,1983,0,0,0,0,0,0,3,0,0,0
220310,1,1,1983,0,0,0,0,0,0,0,0,0,0
220311,1,1,1983,0,0,0,0,0,0,0,0,0,0
220312,1,1,1983,4,4,4,4,4,4,4,4,4,4
220312,2,1,1983,0,0,0,0,16,0,0,0,0,0
220313,1,1,1983,0,0,0,0,21,18,0,0,0,13
220314,1,1,1983,25,6,0,24,15,24,23,24,17,13
220315,0,1,1983,23,0,27,0,30,0,13,14,23,0
220315,1,1,1983,0,0,0,0,0,0,0,19,0,0
220316,1,1,1983,6,6,6,6,6,6,6,6,6,6
220317,0,1,1983,0,37,27,0,16,32,0,0,0,15
220317,1,1,1983,0,0,0,0,0,0,0,0,0,0
220318,1,1,1983,18,12,31,16,23,9,10,11,11,0
220319,1,1,1983,0,0,0,0,0,0,0,0,0,0
220319,2,1,1983,0,0,0,0,0,0,0,0,0,0
220319,3,1,1983,0,0,0,0,0,0,0,0,0,0
220319,4,1,1983,0,0,0,0,0,19,0,0,0,0
220320,1,1,1983,21,21,21,21,21,21,21,21,21,21
220321,1,1,1983,0,18,20,8,0,0,0,0,0,0
220321,2,1,1983,0,0,0,0,32,0,0,0,0,0
220322,1,1,1983,8,0,19,20,21,11,20,18,13,17
220322,2,1,1983,0,0,0,0,0,0,0,16,0,0
220323,0,1,1983,0,0,0,0,0,13,13,0,0,0
220323,1,1,1983,29,21,18,33,33,20,10,43,20,14
220324,1,1,1983,21,0,16,18,0,0,0,0,12,17
220325,1,1,1983,9,9,9,9,9,9,9,9,9,9
220325,2,1,1983,19,18,0,3,0,0,0,4,25,18
220326,0,1,1983,0,0,0,0,0,0,0,0,0,0
220326,1,1,1983,0,0,0,0,0,0,0,0,0,0
220327,0,1,1983,3,3,3,3,3,3,3,3,3,3
220327,1,1,1983,0,0,0,0,0,0,0,0,0,0
220328,1,1,1983,0,0,0,0,0,0,0,0,0,0
220329,0,1,1983,0,0,0,18,13,12,0,13,17,0
220329,1,1,1983,0,0,0,0,0,0,0,0,0,0
220330,1,1,1983,0,0,4,0,0,0,0,0,0,0
220330,2,1,1983,0,0,0,0,0,0,0,0,0,0
220331,0,1,1983,25,25,25,25,25,25,25,25,25,25
220331,1,1,1983,0,24,0,0,0,0,31,0,0,0
220331,2,1,1983,0,0,0,0,0,0,0,0,0,0
220331,3,1,1983,0,8,0,0,0,0,0,0,0,0
220332,1,1,1983,0,0,0,0,0,0,0,0,0,0
220332,2,1,1983,27,0,0,0,0,0,0,0,0,0
220333,1,1,1983,15,15,15,15,15,15,15,15,15,15
220334,1,1,1983,0,18,0,0,0,16,0,0,0,0
220335,1,1,1983,24,11,7,0,17,20,0,17,17,9
220335,2,1,1983,0,0,0,0,0,0,0,0,0,0
220336,0,1,1983,26,26,26,26,26,26,26,26,26,26
220336,1,1,1983,0,0,0,0,0,0,0,0,0,0
220337,1,1,1983,18,3,0,0,0,20,8,17,13,0
220338,1,1,1983,0,0,0,0,0,0,0,0,0,0
220339,1,1,1983,0,0,0,0,0,0,0,0,0,0
220339,2,1,1983,28,25,10,0,0,0,0,4,0,0
220340,1,1,1983,0,0,0,0,0,0,0,0,0,19
220340,2,1,1983,0,0,0,0,0,0,0,0,0,0
220341,1,1,1983,9,0,0,0,29,0,0,0,0,0
220342,1,1,1983,0,0,0,0,0,0,0,0,0,0
220342,2,1,1983,0,0,0,0,0,0,0,0,0,0
220344,1,1,1983,16,16,16,16,16,16,16,16,16,16
220346,1,1,1983,20,34,21,32,18,26,15,15,31,18
220347,1,1,1983,18,27,23,29,21,30,27,26,12,26
220348,1,1,1983,21,21,21,21,21,21,21,21,21,21
220349,0,1,1983,29,29,29,29,29,29,29,29,29,29
220349,1,1,1983,8,8,8,8,8,8,8,8,8,8
220350,1,1,1983,24,18,5,12,15,0,21,5,9,4
220350,2,1,1983,8,8,7,13,11,11,0,5,13,5
220351,1,1,1983,24,0,0,0,0,7,18,14,0,0
220351,2,1,1983,0,13,0,0,0,0,17,0,0,0
220352,1,1,1983,0,20,16,0,0,0,11,7,0,7
220352,2,1,1983,9,10,10,27,25,16,0,17,12,21
220353,1,1,1983,0,0,0,0,0,0,0,0,0,0
220353,2,1,1983,0,0,0,0,0,0,0,0,0,0
220354,0,1,1983,22,44,13,16,21,13,22,12,41,19
220354,1,1,1983,23,26,13,21,14,14,21,11,20,12
220355,1,1,1983,18,9,0,28,17,17,24,18,0,7
220355,2,1,1983,0,0,0,0,0,0,26,15,0,0
220356,1,1,1983,11,30,21,0,17,10,7,21,0,13
220356,2,1,1983,0,0,0,0,24,0,0,8,10,0
220357,1,1,1983,0,0,0,0,0,0,30,0,0,0
220357,2,1,1983,0,0,0,0,0,31,0,0,0,0
220358,1,1,1983,0,0,0,0,0,0,0,0,0,0
220358,2,1,1983,1,1,1,1,1,1,1,1,1,1
220359,1,1,1983,13,13,22,19,0,20,29,11,0,23
220360,1,1,1983,0,0,0,24,0,0,23,16,0,0
220360,2,1,1983,20,9,0,22,24,0,0,0,0,27
220361,1,1,1983,24,24,24,24,24,24,24,24,24,24
220362,1,1,1983,27,0,0,0,0,0,25,0,0,0
220362,2,1,1983,0,0,0,0,0,0,18,0,0,0
220363,1,1,1983,0,0,6,0,0,0,19,0,0,0
220364,1,1,1983,0,0,0,0,0,0,0,0,0,0
220364,2,1,1983,15,16,0,22,0,0,35,19,14,17
220365,0,1,1983,0,0,0,0,0,0,0,0,0,0
220365,1,1,1983,0,0,0,0,0,0,0,0,0,0
220366,1,1,1983,5,3,19,8,12,15,16,0,27,0
220367,1,1,1983,0,23,18,13,65,16,17,6,23,22
220368,1,1,1983,0,0,0,0,0,0,0,8,0,0
220368,2,1,1983,10,13,10,11,0,19,0,0,10,16
220369,1,1,1983,0,0,0,0,0,0,0,0,0,0
220369,2,1,1983,0,0,0,0,0,0,0,0,0,0
220370,1,1,1983,0,21,0,0,18,13,27,25,31,21
220371,0,1,1983,0,18,8,11,11,0,0,26,0,12
220371,1,1,1983,14,14,14,14,14,14,14,14,14,14
220372,1,1,1983,0,0,0,0,0,0,0,0,0,0
220372,2,1,1983,17,17,0,23,37,0,25,0,0,13
220373,1,1,1983,9,9,9,9,9,9,9,9,9,9
220373,2,1,1983,0,0,0,0,0,0,0,0,0,0
220374,1,1,1983,15,16,0,16,0,0,7,0,0,0
220375,1,1,1983,9,16,6,9,13,19,24,0,12,17
220375,2,1,1983,0,18,0,19,6,11,13,0,0,0
220376,0,1,1983,0,0,0,7,23,7,20,29,29,26
220376,0,2,1983,34,23,14,23,14,14,0,29,0,36
220376,1,1,1983,0,0,0,0,0,0,0,0,0,0
220377,1,1,1983,0,0,0,0,0,0,0,0,0,0
220377,2,1,1983,0,0,0,0,0,0,0,0,0,0
220378,1,1,1983,24,14,0,25,0,0,0,12,0,0
220378,2,1,1983,0,0,0,0,0,0,0,0,0,0
220379,1,1,1983,16,16,0,23,13,6,21,13,6,12
220379,2,1,1983,0,0,0,0,6,0,0,0,0,0
220380,1,1,1983,34,23,0,17,7,0,11,6,0,26
220381,1,1,1983,0,0,0,0,0,0,0,14,0,0
220381,2,1,1983,0,0,0,0,0,0,0,0,0,0
220381,3,1,1983,19,26,0,0,0,0,0,10,0,5
220382,1,1,1983,2,2,2,2,2,2,2,2,2,2
220383,1,1,1983,25,20,20,0,34,15,25,0,27,6
220384,0,1,1983,0,0,0,0,0,0,0,0,0,0
220384,1,1,1983,0,0,0,0,0,17,0,0,0,0
220385,1,1,1983,17,18,22,11,18,15,13,24,15,20
220386,1,1,1983,0,0,0,0,0,0,0,0,0,0
220386,2,1,1983,0,0,0,0,0,0,0,0,0,0
220386,3,1,1983,0,0,0,14,0,0,0,0,0,0
220387,1,1,1983,28,28,28,28,28,28,28,28,28,28
220388,1,1,1983,0,0,21,11,16,17,19,0,18,0
220388,2,1,1983,12,0,0,0,0,19,17,0,0,31
220389,1,1,1983,0,11,15,25,21,21,13,0,25,13
220390,1,1,1983,20,21,0,13,22,17,6,17,0,9
220391,0,1,1983,8,37,23,18,18,0,22,25,3,0
220391,1,1,1983,0,0,0,0,0,15,0,20,0,0
220392,1,1,1983,0,0,0,0,0,0,0,0,8,6
220392,2,1,1983,20,0,0,0,0,10,0,4,0,0
220393,0,1,1983,34,20,22,16,12,0,11,14,0,26
220393,1,1,1983,0,0,0,0,0,0,0,0,0,0
220394,1,1,1983,0,0,6,0,0,0,0,0,0,0
220394,2,1,1983,0,0,0,0,0,0,0,0,0,0
220395,1,1,1983,0,13,15,15,14,0,12,0,0,0
220396,1,1,1983,0,26,0,0,0,6,15,0,0,0
220396,2,1,1983,0,0,0,0,0,0,0,0,4,0
220397,1,1,1983,0,0,0,14,0,0,10,0,0,0
220398,0,1,1983,33,13,0,30,21,26,0,0,0,0
220398,0,2,1983,0,0,0,0,0,0,0,0,0,0
220398,1,1,1983,0,0,0,0,0,0,0,0,0,0
220399,1,1,1983,21,10,14,0,0,21,0,6,0,18
220400,1,1,1983,0,0,0,15,0,17,0,38,26,10
220401,1,1,1983,20,27,28,23,7,20,28,6,11,18
220402,1,1,1983,21,8,22,27,15,19,30,21,17,0
220403,1,1,1983,0,0,0,17,0,0,0,0,5,0
220403,2,1,1983,0,0,16,0,0,0,5,0,0,15
220404,1,1,1983,0,0,0,0,0,0,0,0,0,0
220404,2,1,1983,0,0,0,0,0,0,0,0,0,0
220405,1,1,1983,0,9,0,33,18,31,40,19,0,43
220405,2,1,1983,0,0,0,0,0,0,0,0,0,0
220406,1,1,1983,10,0,16,0,18,0,12,9,7,7
220407,1,1,1983,0,0,17,0,0,11,0,28,0,12
220408,1,1,1983,14,24,22,10,14,35,13,17,22,21
220409,1,1,1983,0,0,0,0,0,0,3,0,0,0
220409,2,1,1983,0,0,0,0,0,0,12,8,13,4
220410,0,1,1983,0,0,0,0,0,0,0,0,26,0
220410,1,1,1983,0,0,0,0,0,0,0,0,0,0
220411,1,1,1983,0,0,0,0,0,0,0,0,0,0
220411,2,1,1983,0,19,0,0,18,0,0,0,14,0
220412,1,1,1983,20,0,17,0,5,15,10,11,0,6
220413,0,1,1983,0,0,0,0,0,0,0,0,0,0
220413,1,1,1983,0,0,0,0,0,0,0,0,0,0
220414,1,1,1983,20,16,19,6,13,13,13,11,20,14
220415,1,1,1983,0,17,12,24,24,29,13,19,38,13
220415,2,1,1983,0,0,0,0,0,0,0,0,0,0
220416,1,1,1983,0,0,0,0,0,0,0,0,0,0
220416,2,1,1983,9,0,0,0,0,0,0,0,0,0
220417,1,1,1983,0,0,0,0,0,0,0,0,0,0
220417,2,1,1983,0,0,0,0,0,0,0,0,0,0
220418,0,1,1983,0,0,0,0,0,0,0,0,0,0
220418,1,1,1983,0,0,0,0,0,0,0,0,0,0
220419,1,1,1983,31,24,17,20,18,15,17,14,19,13
220420,1,1,1983,0,0,0,0,0,0,0,0,0,0
220421,1,1,1983,19,19,15,16,23,17,9,15,25,14
220422,1,1,1983,0,0,0,0,0,0,0,0,16,0
220422,2,1,1983,0,0,0,0,0,0,0,0,0,0
220422,3,1,1983,0,0,0,0,10,0,0,0,0,14
220423,0,1,1983,0,0,0,0,30,24,0,0,0,0
220423,0,2,1983,0,0,0,26,0,29,0,30,0,0
220423,1,1,1983,14,14,14,14,14,14,14,14,14,14
220424,0,1,1983,0,0,0,0,0,0,0,0,0,0
220424,1,1,1983,0,0,0,0,0,0,0,0,0,0
220425,1,1,1983,23,23,23,23,23,23,23,23,23,23
220425,2,1,1983,0,0,0,0,0,0,0,0,0,0
220426,1,1,1983,14,13,9,13,17,20,25,0,16,15
220426,2,1,1983,0,0,0,0,0,0,0,0,0,0
220427,1,1,1983,29,13,15,19,8,8,0,18,7,21
220427,2,1,1983,0,0,9,0,0,0,0,0,15,0
220428,1,1,1983,7,9,21,26,38,18,26,18,12,29
220429,1,1,1983,20,20,14,0,18,12,27,8,8,33
220430,1,1,1983,15,13,0,0,14,0,0,18,0,17
220431,1,1,1983,16,16,16,16,16,16,16,16,16,16
220432,1,1,1983,0,0,0,35,0,10,14,0,0,0
220432,2,1,1983,0,0,0,0,0,0,0,0,0,0
220433,0,1,1983,14,0,6,12,0,0,0,0,0,0
220433,1,1,1983,0,0,0,10,0,0,0,0,0,0
220434,1,1,1983,0,0,0,0,0,0,0,0,0,0
220434,2,1,1983,0,0,0,0,0,0,0,0,0,0
220435,1,1,1983,0,0,0,0,0,0,0,22,0,0
220436,0,1,1983,22,22,22,22,22,22,22,22,22,22
220436,1,1,1983,14,14,14,14,14,14,14,14,14,14
220437,0,1,1983,21,0,27,9,54,0,0,25,15,20
220437,1,1,1983,0,12,0,0,0,5,19,26,12,15
220438,1,1,1983,0,0,0,0,0,0,9,0,0,0
220438,2,1,1983,0,0,0,0,0,0,0,0,0,0
220439,1,1,1983,13,13,18,11,18,9,0,19,17,26
220439,2,1,1983,0,0,0,0,0,0,0,0,0,0
220440,1,1,1983,10,0,19,12,0,0,26,0,16,8
220440,2,1,1983,1,1,1,1,1,1,1,1,1,1
220441,1,1,1983,0,0,0,0,0,3,0,0,0,0
220442,1,1,1983,0,0,0,0,0,0,0,0,0,0
220442,2,1,1983,0,25,28,0,21,11,0,17,18,0
220443,1,1,1983,0,0,0,0,0,0,0,0,0,0
220443,2,1,1983,0,0,0,0,0,0,0,0,0,0
220444,1,1,1983,27,9,24,21,13,25,19,8,22,25
220445,1,1,1983,16,0,0,21,19,25,3,20,19,15
220445,2,1,1983,0,0,0,0,0,0,0,0,0,0
220446,1,1,1983,19,5,15,0,0,0,7,0,29,17
220447,1,1,1983,23,11,16,10,12,0,6,15,0,23
220448,1,1,1983,15,0,0,0,0,12,0,19,0,0
220448,2,1,1983,12,20,11,27,18,15,14,17,22,22
220449,1,1,1983,0,0,0,0,0,0,0,0,0,0
220450,1,1,1983,15,15,15,15,15,15,15,15,15,15
220451,1,1,1983,23,18,11,21,8,29,25,20,11,11
220451,2,1,1983,8,14,17,0,19,0,8,0,0,0
220452,0,1,1983,5,5,5,5,5,5,5,5,5,5
220452,1,1,1983,3,3,3,3,3,3,3,3,3,3
220453,1,1,1983,0,0,0,0,0,0,0,0,0,0
220454,1,1,1983,0,0,0,0,12,6,0,0,17,14
220454,2,1,1983,0,0,0,0,0,0,0,0,0,0
220455,1,1,1983,0,0,0,0,0,0,0,0,0,0
220455,2,1,1983,0,0,0,0,0,0,0,0,0,0
220456,1,1,1983,2,2,2,2,2,2,2,2,2,2
220457,1,1,1983,19,19,19,19,19,19,19,19,19,19
220458,1,1,1983,9,15,14,0,0,0,0,0,0,0
220458,2,1,1983,14,14,14,14,14,14,14,14,14,14
220459,1,1,1983,0,0,0,0,0,0,0,0,0,0
220460,1,1,1983,0,0,0,0,0,0,0,0,0,0
220460,2,1,1983,0,0,0,0,0,0,0,0,0,0
220461,1,1,1983,0,0,0,0,0,0,0,0,0,0
220461,2,1,1983,0,0,0,0,0,0,0,0,0,0
220461,3,1,1983,0,7,0,6,20,0,0,0,0,0
220462,1,1,1983,0,0,0,0,0,0,0,0,0,0
220462,2,1,1983,25,8,0,13,0,11,10,0,10,0
220463,1,1,1983,0,0,0,0,20,0,0,0,0,0
220464,1,1,1983,22,10,24,28,13,16,0,0,0,24
220465,1,1,1983,0,0,0,0,0,0,0,0,3,0
220465,2,1,1983,0,0,0,0,0,0,0,0,0,0
220466,1,1,1983,0,14,13,16,16,25,24,16,15,0
220467,1,1,1983,0,0,0,0,0,0,0,0,0,0
220467,2,1,1983,10,10,10,10,10,10,10,10,10,10
220469,0,1,1983,27,0,0,26,0,14,27,0,18,27
220469,0,2,1983,48,16,0,0,0,34,28,18,16,0
220469,1,1,1983,0,0,0,20,0,0,0,0,0,0
220469,2,1,1983,0,0,0,0,0,0,0,0,0,0
220470,0,1,1983,0,0,0,18,0,5,33,17,20,0
220470,1,1,1983,0,0,0,0,14,0,0,18,0,11
220471,1,1,1983,0,0,0,0,0,0,0,0,0,0
220471,2,1,1983,0,0,0,0,0,9,0,0,0,0
220472,1,1,1983,0,17,25,23,6,4,0,9,0,8
220473,1,1,1983,18,15,5,14,8,16,10,6,11,19
220473,2,1,1983,0,0,0,0,0,0,0,0,0,0
220474,0,1,1983,16,13,15,12,17,22,0,14,19,3
220474,1,1,1983,21,17,16,16,18,48,21,13,14,11
220475,1,1,1983,18,0,24,15,17,22,0,26,35,0
220476,1,1,1983,11,16,0,0,0,0,16,5,0,0
220476,2,1,1983,1,1,1,1,1,1,1,1,1,1
220477,1,1,1983,0,11,39,5,20,0,7,25,12,15
220478,1,1,1983,0,0,22,0,0,0,0,0,0,0
220478,2,1,1983,0,0,17,11,21,19,21,21,29,0
220479,1,1,1983,20,27,16,32,22,7,25,14,9,22
220480,0,1,1983,0,0,0,0,0,0,0,0,0,0
220480,1,1,1983,0,0,0,0,0,0,0,0,0,0
220481,1,1,1983,0,0,0,0,0,0,0,0,0,0
220481,2,1,1983,4,0,0,0,0,0,0,0,0,0
220482,1,1,1983,35,0,20,16,0,25,15,22,22,0
220483,1,1,1983,0,0,0,0,0,0,0,0,0,0
220484,0,1,1983,24,0,0,0,2,6,0,0,0,0
220484,1,1,1983,17,17,17,17,17,17,17,17,17,17
220485,1,1,1983,27,27,27,27,27,27,27,27,27,27
220486,0,1,1983,0,0,0,0,0,0,0,0,0,0
220486,1,1,1983,0,0,0,0,0,0,0,0,0,0
220487,1,1,1983,25,25,25,25,25,25,25,25,25,25
220488,0,1,1983,0,0,0,0,0,0,0,0,0,0
220488,1,1,1983,0,0,0,0,0,0,0,0,0,0
220489,1,1,1983,0,0,0,16,16,0,0,0,27,11
220490,1,1,1983,9,0,12,14,9,21,0,0,10,20
220490,2,1,1983,0,16,12,0,12,0,0,0,0,0
220491,1,1,1983,12,19,0,12,12,10,9,10,0,0
220492,0,1,1983,28,28,28,28,28,28,28,28,28,28
220492,1,1,1983,12,12,12,12,12,12,12,12,12,12
220493,1,1,1983,6,13,18,0,9,28,15,0,9,25
220493,2,1,1983,0,8,0,0,0,9,0,0,0,0
220493,3,1,1983,0,0,15,32,0,16,0,0,20,0
220494,1,1,1983,9,28,23,30,20,12,0,15,28,19
220495,1,1,1983,0,0,0,0,0,8,0,0,22,0
220496,1,1,1983,0,0,0,0,12,0,0,0,0,0
220496,2,1,1983,0,0,0,0,0,0,0,0,0,0
220497,1,1,1983,20,16,14,23,24,16,17,22,17,0
220498,1,1,1983,37,23,21,24,22,25,0,18,17,13
220499,1,1,1983,0,0,0,0,0,0,0,0,0,0
220499,2,1,1983,0,0,0,0,0,0,0,0,0,0
220500,0,1,1983,0,0,0,0,0,0,0,0,0,0
220500,1,1,1983,2,2,2,2,2,2,2,2,2,2
220501,1,1,1983,11,11,11,11,11,11,11,11,11,11
220501,2,1,1983,13,13,13,13,13,13,13,13,13,13
220501,3,1,1983,0,0,0,0,0,0,0,0,0,0
220502,1,1,1983,0,0,0,0,0,0,0,0,8,21
220504,1,1,1983,0,0,0,0,0,0,0,0,0,0
220504,2,1,1983,0,7,0,0,0,0,5,0,0,0
220505,0,1,1983,0,16,11,4,0,0,0,0,14,0
220505,1,1,1983,12,0,12,0,24,24,15,12,0,7
220506,1,1,1983,11,9,0,0,0,0,0,0,0,0
220506,2,1,1983,0,0,0,0,0,0,0,0,0,0
220508,1,1,1983,8,8,8,8,8,8,8,8,8,8
220508,2,1,1983,0,0,0,0,0,0,0,0,0,0
220509,1,1,1983,35,21,18,13,0,19,23,28,25,0
220510,1,1,1983,0,18,0,0,0,0,0,16,12,9
220510,2,1,1983,0,0,0,0,0,0,0,0,0,0
220511,1,1,1983,0,11,0,0,0,0,0,0,0,0
220511,2,1,1983,0,0,0,0,0,0,0,0,0,0
220512,1,1,1983,14,14,14,14,14,14,14,14,14,14
220512,2,1,1983,0,0,0,0,0,0,0,0,0,0
220513,0,1,1983,0,0,0,0,0,0,0,0,0,0
220513,1,1,1983,0,0,0,0,0,0,0,0,0,0
220514,0,1,1983,0,0,0,0,9,0,0,0,0,0
220514,1,1,1983,0,0,0,0,0,25,0,8,0,0
220515,1,1,1983,0,0,0,0,0,0,0,0,0,0
220516,1,1,1983,7,13,25,19,43,21,20,10,15,13
220517,1,1,1983,21,8,11,5,17,22,6,18,10,29
220518,1,1,1983,23,14,19,14,22,36,13,16,8,15
220519,1,1,1983,16,15,25,18,0,0,19,5,23,0
220520,1,1,1983,19,19,19,19,19,19,19,19,19,19
220520,2,1,1983,0,0,0,0,0,0,25,0,0,0
220521,1,1,1983,0,0,0,0,0,0,0,0,0,0
220521,2,1,1983,0,0,0,0,0,0,13,0,0,9
220522,0,1,1983,0,23,0,21,14,18,0,18,5,22
220522,1,1,1983,0,0,0,21,0,13,23,10,15,0
220523,1,1,1983,23,19,17,21,31,17,0,10,15,23
220524,1,1,1983,4,8,23,26,4,16,14,9,22,8
220524,2,1,1983,0,0,0,0,0,3,20,0,16,0
220525,1,1,1983,0,0,0,0,0,0,0,0,0,0
220525,2,1,1983,0,0,0,0,0,0,0,0,0,0
220526,1,1,1983,12,8,26,4,20,18,19,13,17,23
220527,1,1,1983,17,13,28,20,13,0,24,17,31,0
220528,1,1,1983,17,0,20,25,12,20,17,14,25,25
220529,1,1,1983,0,0,0,0,0,22,0,0,0,21
220529,2,1,1983,0,0,0,0,0,0,0,0,0,0
220530,1,1,1983,0,0,0,0,0,0,0,0,0,0
220530,2,1,1983,0,0,0,0,0,0,0,0,0,0
220531,0,1,1983,0,10,0,0,0,0,0,0,0,0
220531,1,1,1983,0,0,0,0,0,0,0,0,0,0
220532,0,1,1983,0,0,0,0,0,0,0,0,0,0
220532,1,1,1983,0,0,0,0,0,0,0,0,0,0
220533,1,1,1983,25,0,14,0,11,0,6,0,8,0