ST_CASE,VEH_NO,PER_NO,YEAR,P1,P2,P3,P4,P5,P6,P7,P8,P9,P10
220533,2,1,1983,0,0,0,0,0,0,0,0,0,0
220534,1,1,1983,5,6,0,0,0,0,0,0,0,0
220534,2,1,1983,0,0,0,0,0,0,0,0,0,0
220535,1,1,1983,0,0,0,0,0,0,0,0,0,0
220535,2,1,1983,0,0,0,0,0,0,0,34,20,24
220536,1,1,1983,0,0,0,0,5,0,0,0,0,0
220536,2,1,1983,9,0,0,0,11,0,11,0,0,0
220537,1,1,1983,0,0,0,0,0,0,0,0,0,0
220538,1,1,1983,0,0,0,0,0,0,0,0,0,0
220538,2,1,1983,0,0,0,0,0,0,0,0,0,0
220539,1,1,1983,0,0,0,0,0,0,0,0,0,21
220539,2,1,1983,0,0,0,0,0,0,0,0,0,0
220540,1,1,1983,29,34,16,26,28,23,13,27,0,20
220541,1,1,1983,0,24,24,27,0,14,6,17,0,15
220541,2,1,1983,0,25,0,0,0,0,0,0,0,6
220542,1,1,1983,17,26,21,35,0,6,0,0,8,0
220542,2,1,1983,0,0,0,0,0,0,0,0,0,0
220543,1,1,1983,30,13,0,17,0,16,17,25,22,20
220543,2,1,1983,0,0,0,0,0,0,0,0,0,0
220544,0,1,1983,14,0,0,0,14,19,0,0,28,0
220544,1,1,1983,0,0,0,0,0,0,0,0,0,0
220545,1,1,1983,11,31,10,5,14,2,11,16,12,12
220546,0,1,1983,0,15,4,0,0,0,0,22,0,10
220546,1,1,1983,0,0,0,0,0,0,0,0,0,0
220547,1,1,1983,0,0,26,0,0,0,0,0,0,0
220548,1,1,1983,25,25,25,25,25,25,25,25,25,25
220548,2,1,1983,0,0,23,0,0,0,0,0,0,0
220548,3,1,1983,0,0,0,0,0,0,0,0,2,0
220549,1,1,1983,12,12,12,12,12,12,12,12,12,12
220550,1,1,1983,31,0,0,0,30,17,25,0,0,15
220551,1,1,1983,22,0,0,0,0,0,0,0,0,0
220552,0,1,1983,32,0,15,20,30,39,18,15,36,0
220552,1,1,1983,0,0,0,0,0,0,0,0,0,0
220553,1,1,1983,19,32,30,13,22,19,4,11,21,0
220554,0,1,1983,0,0,0,0,0,0,0,0,0,0
220554,1,1,1983,0,0,0,0,0,0,0,0,0,0
220555,1,1,1983,14,14,14,14,14,14,14,14,14,14
220555,2,1,1983,0,0,0,0,0,0,0,0,0,0
220556,1,1,1983,0,0,19,4,0,0,0,0,13,0
220557,1,1,1983,12,0,13,0,0,15,8,18,13,0
220557,2,1,1983,8,8,8,8,8,8,8,8,8,8
220558,1,1,1983,0,0,0,0,0,0,0,0,0,0
220558,2,1,1983,0,0,0,0,0,0,6,0,0,0
220559,1,1,1983,0,0,0,0,0,0,0,10,0,0
220559,2,1,1983,19,0,18,0,0,0,18,5,0,0
220560,1,1,1983,24,12,12,10,12,21,6,7,9,17
220560,2,1,1983,0,0,3,0,0,0,0,0,0,0
220561,1,1,1983,0,0,0,0,0,0,0,0,0,0
220561,2,1,1983,7,0,0,0,0,8,0,0,0,0
220561,3,1,1983,0,0,0,0,0,0,0,0,0,0
220561,4,1,1983,0,0,0,0,0,0,0,0,0,0
220562,1,1,1983,0,0,0,0,0,0,0,0,0,0
220563,0,1,1983,11,0,0,0,0,0,0,0,0,22
220563,1,1,1983,0,0,0,0,0,0,0,0,0,0
220564,1,1,1983,8,0,17,0,0,27,0,6,8,22
220564,2,1,1983,14,14,14,14,14,14,14,14,14,14
220565,1,1,1983,0,0,0,0,19,12,0,0,14,8
220565,2,1,1983,0,0,0,0,0,0,0,11,0,17
220566,1,1,1983,12,20,0,0,0,0,0,0,0,0
220567,1,1,1983,0,9,9,0,17,0,24,18,14,11
220568,1,1,1983,0,0,0,9,0,0,0,0,0,0
220568,2,1,1983,0,0,0,0,0,0,0,0,0,0
220569,1,1,1983,0,10,0,0,0,0,0,29,0,0
220570,0,1,1983,0,0,0,0,0,0,0,0,0,0
220570,1,1,1983,0,0,0,0,0,0,0,0,0,0
220571,1,1,1983,0,0,0,0,0,0,0,0,0,0
220571,2,1,1983,0,0,0,0,0,0,35,0,0,0
220572,1,1,1983,0,13,0,0,0,9,12,0,19,19
220572,2,1,1983,0,0,0,0,0,0,0,0,0,0
220573,1,1,1983,0,0,0,22,0,26,0,13,0,0
220573,2,1,1983,0,0,0,0,0,0,0,0,0,0
220574,1,1,1983,0,0,0,0,0,0,0,0,0,0
220575,1,1,1983,0,0,0,0,4,16,0,7,0,0
220575,2,1,1983,0,0,0,0,0,0,0,0,0,0
220576,1,1,1983,6,6,6,6,6,6,6,6,6,6
220576,2,1,1983,0,0,0,0,0,0,0,0,0,0
220577,1,1,1983,0,0,7,0,0,0,18,4,0,18
220578,1,1,1983,9,8,9,0,10,22,10,20,8,0
220579,1,1,1983,0,0,0,0,0,23,7,0,20,0
220579,2,1,1983,0,0,22,0,14,0,0,0,0,0
220579,3,1,1983,0,0,0,0,26,0,0,0,0,0
220580,1,1,1983,0,0,0,0,0,0,0,0,0,0
220580,2,1,1983,0,0,0,0,17,13,0,5,0,0
220581,1,1,1983,11,0,28,27,0,0,0,23,0,19
220582,1,1,1983,32,0,17,27,0,0,0,0,7,0
220583,1,1,1983,0,0,0,0,0,0,0,0,0,0
220583,2,1,1983,0,0,0,0,0,0,0,0,0,0
220584,1,1,1983,0,0,0,0,0,0,0,0,0,0
220584,2,1,1983,6,6,6,6,6,6,6,6,6,6
220585,1,1,1983,0,0,0,0,0,0,5,16,12,0
220585,3,1,1983,0,0,0,0,0,0,13,0,0,0
220586,1,1,1983,0,0,0,0,0,0,9,0,0,0
220586,2,1,1983,27,27,27,27,27,27,27,27,27,27
220587,1,1,1983,0,22,0,0,0,0,0,0,31,0
220587,2,1,1983,0,0,0,0,0,0,0,0,0,0
220588,1,1,1983,0,0,0,0,0,0,0,4,0,0
220588,2,1,1983,12,25,6,0,27,0,0,0,0,18
220589,1,1,1983,0,0,0,0,0,0,0,0,25,0
220590,1,1,1983,21,14,0,21,8,22,21,11,13,24
220590,2,1,1983,0,0,0,0,0,0,0,0,0,0
220590,3,1,1983,0,0,0,0,0,0,0,0,0,0
220591,0,1,1983,0,0,38,0,0,0,0,0,0,0
220591,1,1,1983,0,0,0,0,0,0,0,0,0,0
220592,1,1,1983,0,0,0,0,0,0,0,0,0,0
220592,2,1,1983,0,0,0,0,0,0,0,0,19,0
220593,0,1,1983,34,0,7,0,16,0,0,0,11,0
220593,1,1,1983,0,0,0,0,0,0,0,0,0,0
220594,0,1,1983,0,0,0,0,21,0,33,28,0,25
220594,1,1,1983,0,0,0,0,0,0,0,0,9,0
220595,1,1,1983,0,14,16,11,0,0,8,0,0,0
220595,2,1,1983,0,17,19,33,25,0,28,0,22,16
220596,1,1,1983,0,0,0,0,0,0,0,0,0,0
220597,0,1,1983,23,23,23,23,23,23,23,23,23,23
220597,1,1,1983,9,9,9,9,9,9,9,9,9,9
220598,1,1,1983,12,0,0,0,0,0,0,0,0,0
220598,2,1,1983,0,13,0,0,0,27,0,0,30,0
220599,1,1,1983,0,0,8,8,0,0,0,16,0,0
220600,1,1,1983,0,0,0,13,0,16,0,0,0,0
220601,1,1,1983,0,23,0,0,14,36,21,0,0,18
220602,1,1,1983,17,21,14,21,31,0,11,17,0,11
220602,2,1,1983,0,0,0,0,0,0,0,0,0,0
220603,1,1,1983,0,10,17,0,21,16,0,0,0,32
220604,1,1,1983,9,29,22,19,18,19,28,15,13,26
220605,1,1,1983,26,26,26,26,26,26,26,26,26,26
220606,1,1,1983,7,0,0,0,0,0,0,0,0,14
220606,2,1,1983,20,0,26,16,25,26,16,19,22,0
220607,1,1,1983,15,34,0,10,14,12,18,0,17,0
220608,1,1,1983,0,15,0,0,0,0,0,17,0,3
220608,2,1,1983,0,26,19,0,15,19,3,0,10,23
220609,0,1,1983,10,0,35,19,33,9,0,0,17,14
220609,1,1,1983,2,2,2,2,2,2,2,2,2,2
220610,1,1,1983,17,6,25,25,0,21,25,24,25,4
220611,0,1,1983,0,0,6,0,0,0,0,0,0,0
220611,1,1,1983,0,0,0,0,0,0,0,0,0,0
220612,1,1,1983,0,0,0,0,0,18,0,0,0,0
220613,1,1,1983,0,0,0,0,0,0,0,0,0,0
220614,1,1,1983,0,0,27,12,0,0,18,19,28,20
220614,2,1,1983,7,29,24,8,6,16,5,20,18,17
220615,1,1,1983,16,22,14,0,4,19,18,0,23,0
220616,1,1,1983,9,0,15,18,15,4,25,23,20,8
220616,2,1,1983,0,0,0,0,0,0,0,0,0,0
220617,1,1,1983,15,0,12,30,18,16,42,11,7,29
220618,1,1,1983,0,0,0,0,0,0,0,0,0,0
220619,1,1,1983,21,0,10,12,19,0,0,8,12,0
220619,2,1,1983,0,0,0,0,0,0,0,0,0,0
220620,1,1,1983,0,0,0,0,0,0,0,0,0,0
220620,2,1,1983,0,0,19,0,26,0,15,10,6,12
220621,1,1,1983,16,16,16,16,16,16,16,16,16,16
220621,2,1,1983,0,0,0,0,0,0,0,0,0,0
220622,1,1,1983,30,13,16,48,12,37,17,10,39,27
220623,0,1,1983,0,27,0,0,0,0,32,0,14,0
220623,1,1,1983,15,0,0,0,0,0,0,0,0,0
220624,1,1,1983,0,0,0,0,0,0,0,0,0,0
220624,2,1,1983,0,0,24,17,24,5,11,10,25,0
220625,0,1,1983,41,0,0,0,0,0,0,0,0,0
220625,1,1,1983,0,0,0,0,0,0,0,0,0,0
220626,1,1,1983,0,14,28,0,26,17,7,0,21,29
220627,0,1,1983,0,0,0,0,0,0,0,0,0,0
220627,1,1,1983,0,0,0,0,0,0,0,0,0,0
220628,1,1,1983,0,0,0,0,0,0,0,0,0,0
220628,2,1,1983,0,0,0,0,0,0,0,0,0,0
220629,1,1,1983,23,11,8,0,0,0,0,6,20,18
220629,2,1,1983,0,14,0,13,0,5,14,0,0,0
220630,1,1,1983,21,0,15,14,26,25,27,5,8,26
220631,1,1,1983,0,27,12,35,29,29,14,38,33,0
220631,2,1,1983,0,4,14,0,20,14,0,18,16,7
220632,1,1,1983,7,5,0,18,29,19,9,0,0,11
220632,2,1,1983,0,0,20,29,0,7,10,0,0,32
220633,1,1,1983,0,0,0,0,0,0,0,15,0,10
220633,2,1,1983,0,0,0,0,0,0,0,0,0,0
220633,3,1,1983,0,0,0,0,0,0,0,0,0,0
220634,1,1,1983,17,22,0,25,0,28,0,0,18,14
220634,2,1,1983,0,0,0,0,0,0,0,0,0,0
220635,1,1,1983,0,0,0,16,0,0,0,0,0,0
220636,1,1,1983,0,0,0,0,0,0,0,0,0,0
220636,2,1,1983,0,0,0,0,0,0,0,0,0,0
220637,1,1,1983,11,0,0,0,0,0,0,0,0,0
220637,2,1,1983,0,0,0,0,0,0,0,0,13,14
220638,1,1,1983,30,19,8,11,10,22,0,12,0,6
220639,1,1,1983,7,0,5,16,13,0,11,16,10,16
220639,2,1,1983,0,0,0,8,0,0,0,0,0,25
220640,0,1,1983,8,32,25,0,0,11,17,14,0,11
220640,1,1,1983,18,10,21,22,20,30,14,14,19,9
220641,1,1,1983,0,0,15,0,13,11,7,6,0,19
220642,1,1,1983,12,16,26,22,33,19,22,14,9,10
220643,1,1,1983,13,20,11,13,12,9,12,21,12,0
220644,1,1,1983,12,12,12,12,12,12,12,12,12,12
220644,2,1,1983,0,0,0,0,0,0,16,0,0,0
220645,0,1,1983,0,0,0,0,0,0,0,0,0,0
220645,1,1,1983,0,0,0,0,0,0,0,0,0,0
220646,0,1,1983,28,0,0,0,0,0,0,18,0,0
220646,1,1,1983,0,0,0,0,13,0,0,0,0,0
220647,1,1,1983,1,1,1,1,1,1,1,1,1,1
220648,1,1,1983,9,20,0,0,22,20,0,44,0,23
220649,1,1,1983,0,8,0,15,0,0,0,29,8,0
220650,1,1,1983,11,0,0,0,0,14,11,0,17,0
220651,0,1,1983,27,0,27,25,19,0,12,0,24,28
220651,1,1,1983,0,0,0,0,12,0,0,0,0,0
220652,1,1,1983,34,6,22,24,21,11,9,20,10,20
220653,1,1,1983,26,30,27,25,19,21,14,25,23,4
220654,0,1,1983,17,20,31,9,34,9,21,32,25,12
220654,1,1,1983,19,7,23,9,26,8,22,14,12,12
220655,1,1,1983,32,21,26,0,26,19,20,10,12,30
220655,2,1,1983,14,7,2,0,0,18,10,29,19,15
220655,3,1,1983,0,0,0,0,0,0,13,0,8,19
220655,4,1,1983,0,0,0,0,9,0,0,0,0,16
220657,1,1,1983,0,0,0,0,0,0,0,0,0,0
220658,1,1,1983,14,8,10,13,0,18,6,11,26,15
220659,0,1,1983,0,0,0,0,0,0,0,0,0,0
220659,1,1,1983,0,0,0,0,0,0,0,0,0,0
220660,0,1,1983,32,32,32,32,32,32,32,32,32,32
220660,1,1,1983,0,0,0,0,0,0,8,0,0,0
220661,1,1,1983,31,31,31,31,31,31,31,31,31,31
220662,0,1,1983,0,0,0,0,0,0,0,0,0,0
220662,1,1,1983,0,0,0,0,9,0,0,0,0,0
220663,1,1,1983,27,23,0,0,7,28,0,21,0,0
220663,2,1,1983,0,0,0,0,0,0,0,0,0,0
220664,0,1,1983,2,2,2,2,2,2,2,2,2,2
220664,1,1,1983,0,0,0,0,0,0,0,0,0,0
220665,1,1,1983,26,26,26,26,26,26,26,26,26,26
220666,1,1,1983,15,15,15,15,15,15,15,15,15,15
220667,0,1,1983,34,34,34,34,34,34,34,34,34,34
220667,1,1,1983,0,0,0,0,4,0,0,0,8,0
220668,0,1,1983,13,14,0,14,16,17,13,0,9,0
220668,1,1,1983,21,21,21,21,21,21,21,21,21,21
220669,0,1,1983,16,0,0,15,0,0,0,32,0,0
220669,0,2,1983,0,0,0,0,0,0,0,0,0,0
220669,1,1,1983,0,0,0,0,0,0,0,0,0,0
220670,1,1,1983,0,0,0,0,19,0,0,0,0,0
220670,2,1,1983,1,1,1,1,1,1,1,1,1,1
220671,1,1,1983,0,0,0,0,0,0,0,0,0,0
220671,2,1,1983,0,0,0,0,0,0,0,0,0,0
220672,0,1,1983,0,0,7,0,0,27,16,30,0,19
220672,1,1,1983,12,12,12,12,12,12,12,12,12,12
220673,1,1,1983,0,0,0,0,0,0,0,0,0,0
220673,2,1,1983,0,0,0,0,0,0,0,0,0,0
220674,1,1,1983,0,0,0,0,0,0,0,0,0,0
220675,1,1,1983,0,0,0,0,0,0,0,0,0,0
220675,2,1,1983,0,0,0,0,0,0,0,0,0,0
220676,1,1,1983,0,36,0,20,22,0,14,0,0,6
220676,2,1,1983,0,0,0,0,0,0,0,0,0,0
220677,1,1,1983,0,0,0,0,0,0,0,0,0,0
220677,2,1,1983,0,0,0,0,0,0,0,0,0,0
220677,3,1,1983,0,0,0,0,0,0,0,0,0,0
220677,4,1,1983,0,0,0,0,0,0,0,0,0,0
220677,5,1,1983,0,0,0,0,2,0,0,0,0,0
220677,6,1,1983,0,0,0,0,0,0,0,0,0,0
220677,7,1,1983,0,0,0,0,0,0,0,0,0,0
220677,8,1,1983,0,0,0,0,0,0,0,0,0,0
220677,9,1,1983,0,0,0,0,0,0,0,0,0,0
220678,1,1,1983,17,0,24,0,30,14,0,0,0,0
220678,2,1,1983,0,0,0,0,0,0,0,0,0,0
220679,1,1,1983,20,0,24,21,0,24,3,0,21,15
220680,1,1,1983,0,0,0,15,0,0,20,0,0,24
220680,2,1,1983,0,0,0,0,0,0,0,4,0,0
220681,0,1,1983,0,0,0,0,0,0,22,0,0,0
220681,1,1,1983,0,0,0,0,0,0,0,0,0,0
220682,1,1,1983,0,9,0,16,31,0,37,0,28,19
220683,1,1,1983,0,0,0,10,19,20,0,0,21,12
220684,1,1,1983,0,11,0,20,11,41,37,40,14,0
220685,1,1,1983,0,0,0,0,0,0,0,26,0,0
220685,2,1,1983,0,0,0,0,0,0,2,0,0,0
220686,1,1,1983,0,11,0,0,0,0,0,35,0,0
220686,2,1,1983,0,0,0,0,0,0,0,0,0,0
220687,1,1,1983,0,0,0,0,0,0,0,0,14,0
220687,2,1,1983,19,17,0,0,0,0,0,7,0,19
220688,0,1,1983,0,0,0,0,0,0,0,0,0,0
220688,1,1,1983,0,0,0,0,0,0,0,0,0,0
220689,0,1,1983,0,23,21,0,18,14,0,0,23,0
220689,1,1,1983,2,2,2,2,2,2,2,2,2,2
220689,2,1,1983,1,1,1,1,1,1,1,1,1,1
220690,0,1,1983,0,0,0,0,0,0,0,0,12,0
220690,1,1,1983,0,0,0,0,0,0,0,0,0,0
220691,1,1,1983,0,0,0,0,0,0,6,0,0,0
220691,2,1,1983,0,0,0,0,0,0,0,0,0,0
220692,1,1,1983,19,19,22,14,33,29,20,0,0,0
220692,2,1,1983,0,0,0,0,0,0,0,0,0,0
220693,0,1,1983,8,38,0,21,32,0,0,0,13,10
220693,1,1,1983,0,0,0,0,0,0,10,0,0,0
220694,1,1,1983,24,24,24,24,24,24,24,24,24,24
220694,2,1,1983,0,0,0,0,0,0,0,0,0,0
220695,1,1,1983,15,16,20,8,20,0,14,15,13,40
220695,2,1,1983,0,13,0,0,0,0,0,0,0,0
220696,0,1,1983,0,9,0,0,24,6,0,0,0,0
220696,1,1,1983,0,0,0,0,0,0,0,0,0,0
220697,1,1,1983,16,0,25,29,17,22,28,32,0,13
220698,0,1,1983,19,0,22,28,25,28,26,17,0,13
220698,1,1,1983,6,6,6,6,6,6,6,6,6,6
220699,1,1,1983,16,22,17,28,19,20,16,10,18,29
220700,1,1,1983,11,0,10,26,11,14,16,27,26,28
220701,1,1,1983,0,0,20,0,8,0,0,25,0,9
220701,2,1,1983,0,0,0,0,0,6,0,0,6,0
220702,1,1,1983,0,0,0,0,0,0,0,0,0,0
220702,2,1,1983,0,0,0,0,0,0,0,0,0,13
220703,1,1,1983,0,28,0,25,42,7,13,0,14,21
220704,1,1,1983,0,0,0,0,0,0,0,0,21,0
220704,2,1,1983,0,19,0,0,0,0,0,18,0,0
220705,0,1,1983,0,0,0,0,0,0,0,10,0,0
220705,1,1,1983,9,0,0,0,29,0,0,15,0,1
220706,1,1,1983,0,11,0,0,0,0,0,0,0,0
220707,1,1,1983,0,0,0,0,0,0,0,12,0,0
220707,2,1,1983,0,0,0,0,0,0,0,0,20,0
220708,1,1,1983,17,17,17,17,17,17,17,17,17,17
220708,2,1,1983,0,0,0,0,0,0,0,0,0,0
220709,1,1,1983,6,17,33,0,16,0,35,0,0,16
220710,1,1,1983,3,3,3,3,3,3,3,3,3,3
220710,2,1,1983,0,5,22,0,0,19,0,12,11,28
220711,1,1,1983,0,15,17,22,20,17,0,12,0,19
220712,1,1,1983,0,0,0,0,0,0,0,0,0,0
220713,0,1,1983,0,0,0,0,0,0,0,0,0,0
220713,1,1,1983,0,0,0,0,0,0,0,0,0,0
220714,1,1,1983,0,0,0,0,0,0,0,0,0,0
220714,2,1,1983,1,1,1,1,1,1,1,1,1,1
220715,1,1,1983,0,0,0,0,0,0,0,0,0,17
220715,2,1,1983,0,0,0,0,0,0,0,0,0,0
220715,3,1,1983,0,0,0,0,0,0,0,0,0,0
220716,1,1,1983,0,7,9,0,13,22,0,0,0,7
220717,0,1,1983,0,0,0,0,0,0,0,0,0,0
220717,1,1,1983,0,0,4,0,0,0,0,0,0,0
220718,1,1,1983,15,12,17,13,13,7,25,4,0,14
220719,1,1,1983,0,0,0,0,0,0,0,0,0,0
220719,2,1,1983,0,0,0,0,0,0,0,0,0,0
220719,3,1,1983,0,11,18,0,0,0,0,37,0,0
220719,4,1,1983,0,0,0,0,0,0,0,0,14,0
220720,1,1,1983,0,0,0,0,22,0,21,0,0,0
220721,1,1,1983,0,0,0,0,0,0,16,0,0,0
220723,1,1,1983,0,0,0,0,0,0,0,0,0,0
220723,2,1,1983,0,0,0,0,0,0,0,0,0,0
220724,1,1,1983,0,0,0,0,0,0,0,0,0,0
220724,2,1,1983,26,11,0,0,18,0,7,0,10,0
220725,0,1,1983,0,0,0,0,0,0,0,0,0,0
220725,1,1,1983,0,0,0,0,0,0,0,20,0,0
220726,1,1,1983,0,0,5,14,15,0,10,0,0,11
220727,1,1,1983,0,0,0,0,0,0,0,0,0,0
220727,2,1,1983,12,12,12,12,12,12,12,12,12,12
220728,1,1,1983,19,19,19,19,19,19,19,19,19,19
220728,2,1,1983,0,0,0,0,0,0,0,0,0,0
220729,0,1,1983,0,0,0,11,17,36,0,15,27,17
220729,1,1,1983,0,0,10,0,0,0,0,0,0,0
220730,1,1,1983,21,15,16,7,0,26,14,8,11,20
220730,2,1,1983,22,12,17,26,20,38,13,18,14,22
220731,1,1,1983,20,20,20,20,20,20,20,20,20,20
220731,2,1,1983,0,0,0,0,0,0,12,0,0,20
220731,3,1,1983,0,0,0,0,0,0,0,0,0,0
220732,1,1,1983,24,19,39,12,24,13,0,14,16,7
220733,0,1,1983,0,36,0,10,17,29,20,31,0,35
220733,1,1,1983,0,0,0,0,0,0,0,0,0,0
220734,1,1,1983,18,24,32,11,21,25,5,16,12,0
220735,0,1,1983,8,8,8,8,8,8,8,8,8,8
220735,0,2,1983,24,24,24,24,24,24,24,24,24,24
220735,1,1,1983,0,0,0,0,0,0,0,0,0,0
220736,1,1,1983,10,0,0,0,0,11,0,0,0,0
220736,2,1,1983,0,0,0,0,0,0,0,0,0,0
220737,0,1,1983,0,38,0,23,8,0,0,0,27,0
220737,0,2,1983,0,0,0,0,0,0,0,0,0,0
220737,1,1,1983,0,0,0,0,0,0,0,0,0,0
220738,1,1,1983,23,8,18,6,0,25,21,0,21,0
220739,1,1,1983,25,13,11,0,25,18,16,13,21,11
220740,1,1,1983,0,0,0,0,0,0,0,0,0,0
220740,2,1,1983,0,0,0,0,0,0,0,0,0,0
220740,3,1,1983,0,0,0,0,0,0,0,0,24,0
220741,1,1,1983,16,18,17,28,20,28,19,18,22,6
220742,1,1,1983,16,16,30,18,14,33,24,23,28,17
220743,0,1,1983,0,0,0,0,0,0,0,0,0,0
220743,1,1,1983,0,0,0,0,0,0,0,0,0,0
220744,1,1,1983,14,0,29,0,20,3,0,0,4,0
220745,1,1,1983,12,24,16,0,16,0,0,14,0,17
220745,2,1,1983,0,0,0,0,0,0,8,0,0,0
220745,3,1,1983,0,0,0,0,0,0,0,0,0,0
220746,1,1,1983,10,10,10,10,10,10,10,10,10,10
220746,2,1,1983,0,0,11,26,0,0,0,6,20,16
220747,0,1,1983,17,7,0,0,26,35,0,8,0,0
220747,1,1,1983,0,0,0,0,0,0,0,0,0,0
220748,1,1,1983,0,0,0,0,0,0,0,0,0,0
220748,2,1,1983,0,0,0,0,0,0,0,0,0,0
220749,1,1,1983,0,0,0,0,0,0,0,0,0,0
220749,2,1,1983,0,0,0,0,0,0,0,0,0,0
220750,1,1,1983,0,0,0,0,0,0,0,0,0,0
220750,2,1,1983,0,0,0,0,0,0,0,0,0,11
220751,1,1,1983,12,12,0,18,13,16,0,0,0,0
220751,2,1,1983,0,0,0,18,21,0,0,0,0,0
220751,3,1,1983,0,0,0,0,0,0,0,0,0,0
220752,1,1,1983,15,5,15,0,14,16,0,14,0,0
220753,0,1,1983,8,30,21,0,8,0,23,37,0,19
220753,1,1,1983,0,0,0,10,0,0,0,0,0,23
220754,1,1,1983,18,6,19,38,21,11,29,18,16,0
220755,0,1,1983,12,0,0,0,0,0,0,0,0,0
220755,1,1,1983,0,0,0,0,0,0,0,0,0,0
220756,1,1,1983,0,0,0,0,0,0,0,0,0,0
220756,2,1,1983,0,0,0,0,0,0,0,0,0,0
220757,0,1,1983,0,0,0,0,0,0,30,0,0,31
220757,1,1,1983,0,0,0,0,0,0,0,0,0,0
220758,1,1,1983,16,14,8,35,11,7,28,0,19,16
220759,1,1,1983,18,22,12,25,20,21,0,18,12,22
220760,1,1,1983,0,13,10,12,31,16,19,0,11,10
220761,1,1,1983,0,0,0,0,0,0,0,0,0,0
220762,0,1,1983,0,30,0,36,0,0,0,25,0,0
220762,1,1,1983,3,3,3,3,3,3,3,3,3,3
220763,0,1,1983,0,0,38,0,27,0,0,0,0,26
220763,1,1,1983,15,18,0,0,0,0,5,0,0,0
220764,1,1,1983,19,10,11,0,15,32,26,9,10,22
220765,0,1,1983,28,48,24,21,5,31,13,24,19,16
220765,1,1,1983,0,21,0,0,0,0,0,0,0,0
220766,0,1,1983,0,0,0,0,0,0,0,0,0,0
220766,1,1,1983,0,0,0,0,0,0,0,0,0,0
220767,1,1,1983,12,12,12,12,12,12,12,12,12,12
220767,2,1,1983,5,5,5,5,5,5,5,5,5,5
220768,0,1,1983,20,42,0,23,40,0,18,20,0,0
220768,1,1,1983,0,10,9,0,0,0,12,0,15,0
220769,0,1,1983,0,20,12,22,39,18,10,15,7,0
220769,1,1,1983,18,18,18,18,18,18,18,18,18,18
220770,1,1,1983,0,0,15,0,0,0,0,0,0,0
220770,2,1,1983,0,0,0,0,0,0,13,0,0,0
220771,0,1,1983,0,0,0,0,18,27,0,31,33,0
220771,1,1,1983,0,0,0,0,0,0,0,0,0,0
220772,1,1,1983,9,9,9,9,9,9,9,9,9,9
220773,1,1,1983,0,0,0,0,0,0,0,0,6,0
220773,2,1,1983,0,0,0,0,0,0,0,0,0,0
220774,1,1,1983,15,20,17,12,18,16,14,7,25,27
220775,1,1,1983,19,0,10,23,22,23,7,14,11,21
220776,0,1,1983,14,0,0,0,14,0,0,0,0,0
220776,1,1,1983,0,0,0,0,0,0,0,0,0,0
220777,1,1,1983,0,0,0,0,0,0,0,0,0,0
220777,2,1,1983,0,0,0,0,0,0,0,0,0,0
220778,0,1,1983,0,0,0,0,0,0,0,0,0,0
220778,1,1,1983,8,0,22,11,8,21,14,8,0,0
220779,1,1,1983,17,17,15,24,10,14,23,6,0,12
220779,2,1,1983,0,0,0,0,0,0,0,0,0,0
220780,0,1,1983,22,24,0,20,33,31,19,8,0,9
220780,1,1,1983,0,0,0,0,0,0,0,0,0,0
220781,1,1,1983,17,8,22,18,26,14,19,32,22,7
220781,2,1,1983,0,23,15,7,10,10,20,21,0,17
220782,1,1,1983,6,8,14,0,5,30,9,15,10,11
220783,0,1,1983,0,0,0,0,0,0,0,0,0,0
220783,1,1,1983,0,0,0,0,0,0,0,0,0,0
220784,1,1,1983,0,0,0,0,0,0,0,0,0,8
220784,2,1,1983,1,1,1,1,1,1,1,1,1,1
220785,0,1,1983,0,0,29,0,0,0,0,0,0,0
220785,1,1,1983,0,0,0,0,0,0,0,0,0,0
220786,0,1,1983,3,14,33,0,26,0,16,18,14,0
220786,1,1,1983,0,0,0,0,0,15,0,0,0,0
220787,1,1,1983,0,0,0,0,0,0,0,0,0,0
220787,2,1,1983,0,0,0,0,0,0,0,0,0,0
220787,3,1,1983,0,0,0,0,0,0,0,0,0,0
220788,1,1,1983,18,14,22,14,4,16,17,10,5,5
220788,2,1,1983,0,0,12,34,0,0,0,0,0,0
220789,1,1,1983,10,10,10,10,10,10,10,10,10,10
220790,1,1,1983,14,0,0,0,17,0,0,9,0,0
220791,0,1,1983,0,15,0,0,10,0,0,6,0,25
220791,1,1,1983,0,0,0,0,0,0,0,0,0,0
220792,1,1,1983,15,15,15,15,15,15,15,15,15,15
220792,2,1,1983,0,0,0,0,0,0,0,0,0,15
220792,3,1,1983,19,0,0,0,10,0,0,0,0,0
220793,1,1,1983,0,0,0,0,0,0,0,0,0,0
220793,2,1,1983,22,25,0,33,27,0,28,0,0,13
220794,1,1,1983,24,21,4,36,12,16,36,16,19,21
220795,1,1,1983,0,0,0,0,0,0,0,0,0,0
220795,2,1,1983,0,0,0,0,0,0,0,0,9,0
220796,1,1,1983,13,21,26,29,10,17,17,11,32,6
220797,1,1,1983,32,14,12,0,20,10,4,7,7,13
220797,2,1,1983,13,14,0,25,20,10,19,8,6,28
220798,1,1,1983,0,0,0,0,0,0,0,0,0,0
220798,2,1,1983,0,0,0,0,0,0,0,0,0,0
220798,3,1,1983,0,0,0,0,0,0,0,0,0,0
220799,1,1,1983,15,22,8,14,19,13,9,9,12,20
220800,0,1,1983,21,23,22,31,30,5,3,25,39,32
220800,1,1,1983,0,0,0,0,0,0,0,0,0,0