ST_CASE,VEH_NO,PER_NO,YEAR,P1,P2,P3,P4,P5,P6,P7,P8,P9,P10
220801,1,1,1983,0,0,0,0,0,0,0,0,0,0
220801,2,1,1983,0,0,0,0,0,0,0,0,0,0
220802,0,1,1983,0,0,0,0,0,0,0,0,0,17
220802,1,1,1983,0,0,0,0,0,0,0,0,0,0
220803,1,1,1983,0,0,0,0,0,0,14,0,0,0
220803,2,1,1983,0,0,0,0,0,0,0,0,0,0
220804,0,1,1983,0,0,0,0,0,0,0,0,0,0
220804,1,1,1983,0,0,0,0,0,0,0,0,0,0
220805,1,1,1983,0,0,0,0,0,0,0,0,0,11
220805,2,1,1983,0,0,0,0,0,0,0,0,0,0
220806,1,1,1983,18,0,0,0,0,0,0,0,18,0
220806,2,1,1983,0,0,0,0,0,0,0,0,5,0
220807,1,1,1983,0,0,0,0,0,0,0,0,0,0
220807,2,1,1983,0,9,15,0,0,0,0,0,7,0
220808,1,1,1983,0,0,13,0,0,0,0,0,0,0
220808,2,1,1983,0,11,23,20,10,14,15,18,29,16
220809,1,1,1983,7,0,0,11,11,8,11,0,0,0
220809,2,1,1983,0,0,0,0,0,0,0,0,0,0
220810,1,1,1983,0,0,7,0,10,0,0,0,0,0
220810,2,1,1983,0,0,0,0,0,0,0,0,0,0
220811,1,1,1983,11,13,7,23,4,18,0,9,36,12
220812,0,1,1983,24,24,24,24,24,24,24,24,24,24
220812,1,1,1983,12,12,12,12,12,12,12,12,12,12
220813,1,1,1983,8,11,18,17,17,10,17,9,12,27
220814,1,1,1983,0,0,0,0,0,0,0,0,23,0
220814,2,1,1983,0,0,0,0,0,0,0,0,0,0
220815,1,1,1983,0,0,0,0,0,0,0,0,0,0
220816,1,1,1983,0,0,9,0,0,0,0,16,0,0
220816,2,1,1983,12,21,13,10,14,13,20,10,26,0
220817,1,1,1983,23,17,13,24,11,14,0,21,40,16
220818,1,1,1983,0,0,0,0,0,0,34,0,11,0
220819,0,1,1983,19,12,0,18,0,20,26,39,4,0
220819,1,1,1983,0,0,0,0,0,0,0,0,0,0
220820,1,1,1983,13,13,13,13,13,13,13,13,13,13
220821,1,1,1983,25,16,60,15,0,0,23,0,25,0
220822,1,1,1983,11,0,17,22,36,0,0,28,0,18
220822,2,1,1983,0,15,16,14,0,10,19,0,0,0
220823,1,1,1983,0,0,0,0,0,0,0,0,0,0
220823,2,1,1983,0,0,0,0,0,0,0,0,0,0
220824,1,1,1983,22,22,22,22,22,22,22,22,22,22
220825,0,1,1983,11,11,11,11,11,11,11,11,11,11
220825,1,1,1983,0,0,0,0,0,0,0,0,0,0
220826,1,1,1983,15,5,0,15,14,24,34,42,13,10
220827,1,1,1983,0,0,0,0,0,0,0,8,0,0
220827,2,1,1983,0,0,0,0,0,0,0,0,0,0
220828,1,1,1983,0,0,0,0,0,0,0,0,0,0
220828,2,1,1983,12,12,12,12,12,12,12,12,12,12
220829,0,1,1983,26,26,26,26,26,26,26,26,26,26
220829,1,1,1983,0,0,0,3,0,0,0,0,0,0
220830,1,1,1983,0,0,13,0,0,0,0,0,0,0
220830,2,1,1983,0,0,0,0,0,0,0,0,0,0
220831,1,1,1983,0,0,0,0,0,0,0,0,0,0
220831,2,1,1983,0,0,0,0,0,0,0,0,0,0
220831,3,1,1983,17,0,0,0,0,0,8,19,0,0
220832,1,1,1983,0,23,17,15,17,24,36,15,9,5
220833,1,1,1983,0,19,30,0,0,20,0,0,0,0
220834,1,1,1983,20,0,16,14,12,0,0,31,13,0
220835,1,1,1983,0,0,0,0,6,0,0,0,0,0
220836,0,1,1983,0,0,0,7,0,0,0,13,21,19
220836,1,1,1983,0,0,0,0,0,0,0,0,0,0
220837,1,1,1983,0,0,0,12,0,0,0,0,0,0
220838,1,1,1983,27,27,27,27,27,27,27,27,27,27
220839,0,1,1983,0,0,0,0,12,0,0,0,0,0
220839,1,1,1983,0,7,0,0,0,0,0,0,5,0
220840,1,1,1983,0,0,0,0,0,0,0,0,0,0
220840,2,1,1983,0,0,0,0,0,0,0,0,0,0
220840,3,1,1983,0,0,0,0,0,0,0,0,0,0
220841,1,1,1983,21,26,0,14,16,11,0,27,12,17
220842,1,1,1983,11,0,0,0,4,0,0,0,12,0
220843,1,1,1983,0,0,0,0,0,0,0,0,0,0
220843,2,1,1983,0,0,0,0,0,0,0,0,0,0
220843,3,1,1983,0,0,0,0,0,0,0,0,0,0
220844,1,1,1983,0,0,0,0,0,0,0,0,0,0
220844,2,1,1983,0,0,0,0,0,0,0,0,0,0
220844,3,1,1983,0,0,0,0,0,0,0,0,0,0
230008,1,1,1983,6,6,6,6,6,6,6,6,6,6
230009,1,1,1983,19,19,19,19,19,19,19,19,19,19
230009,2,1,1983,0,0,0,0,0,0,9,0,0,0
230010,1,1,1983,0,0,0,0,0,0,0,17,12,0
230010,2,1,1983,0,0,0,0,0,0,0,0,0,0
230011,1,1,1983,0,0,0,0,0,0,0,0,19,0
230011,2,1,1983,15,15,15,15,15,15,15,15,15,15
230013,1,1,1983,0,0,0,0,0,0,0,0,0,0
230013,2,1,1983,0,0,0,0,0,0,0,0,0,0
230014,1,1,1983,0,0,0,0,0,0,0,0,0,18
230014,2,1,1983,0,0,0,0,0,0,0,0,0,0
230015,1,1,1983,9,9,9,9,9,9,9,9,9,9
230016,1,1,1983,24,24,24,24,24,24,24,24,24,24
230016,2,1,1983,0,0,0,0,0,0,0,0,0,0
230016,3,1,1983,0,0,0,0,0,0,0,0,0,0
230018,1,1,1983,20,20,20,20,20,20,20,20,20,20
230019,1,1,1983,27,15,16,26,18,29,10,11,17,26
230020,1,1,1983,23,23,23,23,23,23,23,23,23,23
230021,1,1,1983,13,13,13,13,13,13,13,13,13,13
230021,2,1,1983,0,0,27,0,18,0,0,0,0,0
230023,1,1,1983,0,0,0,0,0,0,0,0,0,0
230023,2,1,1983,0,0,0,0,0,0,0,0,16,0
230024,1,1,1983,12,12,12,12,12,12,12,12,12,12
230025,1,1,1983,0,0,0,0,0,0,0,0,0,0
230026,0,1,1983,25,25,25,25,25,25,25,25,25,25
230026,0,2,1983,14,12,0,21,0,0,11,0,0,0
230026,1,1,1983,15,13,11,17,16,11,5,12,0,0
230028,1,1,1983,24,24,24,24,24,24,24,24,24,24
230029,0,1,1983,0,0,0,0,0,0,0,0,0,0
230029,1,1,1983,0,0,0,0,0,8,0,0,0,0
230030,1,1,1983,15,15,15,15,15,15,15,15,15,15
230031,1,1,1983,0,0,0,0,0,0,0,0,0,0
230031,2,1,1983,0,0,0,0,0,0,0,0,0,0
230032,1,1,1983,0,0,0,0,0,0,0,0,0,0
230032,2,1,1983,0,0,0,0,0,0,0,0,0,0
230033,1,1,1983,13,13,13,13,13,13,13,13,13,13
230034,1,1,1983,0,0,0,0,0,0,0,0,0,0
230035,1,1,1983,0,0,0,0,0,0,0,0,0,0
230036,1,1,1983,8,8,8,8,8,8,8,8,8,8
230037,1,1,1983,0,0,0,0,0,9,0,0,0,0
230038,1,1,1983,16,16,16,16,16,16,16,16,16,16
230039,1,1,1983,32,32,32,32,32,32,32,32,32,32
230040,1,1,1983,0,0,0,0,0,0,14,0,24,0
230041,1,1,1983,19,19,19,19,19,19,19,19,19,19
230041,2,1,1983,0,0,0,0,0,8,5,0,8,0
230042,1,1,1983,0,0,0,0,0,0,0,0,0,0
230042,2,1,1983,0,0,0,0,0,0,0,19,28,19
230043,1,1,1983,11,15,30,34,14,16,0,8,14,18
230044,1,1,1983,0,0,0,0,0,0,0,0,0,0
230044,2,1,1983,0,0,0,26,12,0,16,0,0,0
230045,1,1,1983,3,3,3,3,3,3,3,3,3,3
230046,1,1,1983,8,15,41,0,29,33,11,25,14,12
230047,1,1,1983,13,13,13,13,13,13,13,13,13,13
230048,0,1,1983,2,2,2,2,2,2,2,2,2,2
230048,1,1,1983,10,10,10,10,10,10,10,10,10,10
230049,1,1,1983,0,0,0,0,0,0,0,0,0,0
230050,1,1,1983,0,9,0,0,0,0,0,17,0,0
230051,1,1,1983,10,10,10,10,10,10,10,10,10,10
230051,2,1,1983,6,6,6,6,6,6,6,6,6,6
230052,1,1,1983,0,0,0,0,0,0,0,0,0,14
230053,1,1,1983,0,0,0,0,0,0,0,0,0,0
230054,1,1,1983,24,24,24,24,24,24,24,24,24,24
230055,1,1,1983,18,18,18,18,18,18,18,18,18,18
230056,1,1,1983,0,0,0,0,0,0,24,0,11,0
230057,1,1,1983,14,14,14,14,14,14,14,14,14,14
230057,2,1,1983,0,0,0,0,0,0,0,0,0,0
230057,3,1,1983,0,0,0,0,0,0,0,0,0,0
230058,1,1,1983,29,29,29,29,29,29,29,29,29,29
230059,1,1,1983,0,24,0,0,10,0,0,0,0,0
230060,0,1,1983,11,11,11,11,11,11,11,11,11,11
230060,1,1,1983,0,0,0,0,0,0,0,0,0,0
230061,1,1,1983,0,0,0,0,0,0,0,0,22,0
230061,2,1,1983,0,0,0,0,0,0,0,0,0,0
230062,1,1,1983,16,16,16,16,16,16,16,16,16,16
230063,1,1,1983,18,18,18,18,18,18,18,18,18,18
230064,0,1,1983,0,0,0,0,0,0,0,0,0,0
230064,1,1,1983,0,0,0,0,0,0,0,0,0,0
230065,1,1,1983,19,19,19,19,19,19,19,19,19,19
230066,1,1,1983,0,0,0,0,0,0,0,0,0,0
230066,2,1,1983,0,0,0,0,0,0,0,0,0,0
230067,1,1,1983,21,0,0,0,0,0,0,0,0,0
230067,2,1,1983,0,0,0,0,0,0,0,0,0,0
230068,1,1,1983,17,17,17,17,17,17,17,17,17,17
230069,1,1,1983,19,19,19,19,19,19,19,19,19,19
230070,1,1,1983,19,19,19,19,19,19,19,19,19,19
230071,1,1,1983,20,19,12,6,18,14,15,7,0,9
230072,1,1,1983,15,15,15,15,15,15,15,15,15,15
230073,1,1,1983,13,11,15,7,37,23,26,11,7,16
230074,1,1,1983,0,0,0,0,24,0,22,0,0,0
230075,1,1,1983,0,15,0,0,0,0,0,0,0,0
230075,2,1,1983,0,0,0,0,0,0,0,0,0,0
230076,1,1,1983,17,18,10,8,18,17,9,1,25,10
230077,1,1,1983,10,0,8,8,20,11,22,25,14,31
230077,2,1,1983,0,0,0,0,0,0,0,7,0,0
230078,1,1,1983,33,33,33,33,33,33,33,33,33,33
230079,1,1,1983,0,9,27,0,0,0,0,0,0,0
230080,1,1,1983,0,14,0,0,0,0,0,0,0,0
230080,2,1,1983,0,0,0,0,0,0,0,0,0,0
230081,1,1,1983,13,13,13,13,13,13,13,13,13,13
230083,1,1,1983,39,19,14,20,6,23,21,17,8,11
230084,1,1,1983,0,0,0,0,0,0,0,0,0,0
230085,1,1,1983,8,12,12,24,12,11,29,35,17,0
230087,1,1,1983,21,21,21,21,21,21,21,21,21,21
230088,1,1,1983,17,17,17,17,17,17,17,17,17,17
230089,1,1,1983,2,2,2,2,2,2,2,2,2,2
230089,2,1,1983,0,0,0,0,0,0,13,0,0,0
230090,0,1,1983,0,0,0,0,0,0,0,0,0,0
230090,1,1,1983,0,0,0,0,0,0,0,0,0,0
230091,0,1,1983,0,0,0,0,0,0,0,0,0,0
230091,1,1,1983,21,21,21,21,21,21,21,21,21,21
230092,1,1,1983,0,24,0,18,0,2,21,0,0,0
230093,1,1,1983,0,0,0,0,12,16,0,0,4,0
230094,1,1,1983,0,0,0,26,14,12,0,0,8,21
230095,1,1,1983,20,5,15,31,15,17,23,12,12,25
230096,1,1,1983,14,14,14,14,14,14,14,14,14,14
230097,1,1,1983,30,30,30,30,30,30,30,30,30,30
230098,1,1,1983,23,23,23,23,23,23,23,23,23,23
230099,0,1,1983,0,0,16,0,0,20,0,0,0,0
230099,1,1,1983,0,0,17,21,0,0,0,0,0,0
230100,1,1,1983,0,0,0,0,0,0,0,0,0,0
230100,2,1,1983,0,6,0,0,0,0,0,0,0,0
230101,1,1,1983,14,14,14,14,14,14,14,14,14,14
230102,1,1,1983,12,12,12,12,12,12,12,12,12,12
230103,1,1,1983,21,21,21,21,21,21,21,21,21,21
230104,1,1,1983,0,0,20,0,0,0,9,0,0,0
230105,1,1,1983,16,16,16,16,16,16,16,16,16,16
230106,1,1,1983,7,7,7,7,7,7,7,7,7,7
230106,2,1,1983,0,0,0,0,24,0,0,0,0,20
230107,1,1,1983,11,11,11,11,11,11,11,11,11,11
230108,1,1,1983,0,0,0,0,0,8,0,0,0,0
230109,1,1,1983,10,10,10,10,10,10,10,10,10,10
230110,0,1,1983,23,0,0,0,0,0,0,0,0,0
230110,1,1,1983,0,0,0,0,0,0,0,0,0,0
230111,0,1,1983,0,0,0,0,0,0,0,0,0,0
230111,1,1,1983,0,0,0,0,0,0,0,0,0,0
230113,1,1,1983,26,0,27,0,0,0,0,0,10,0
230114,1,1,1983,18,19,0,21,10,18,13,11,15,10
230114,2,1,1983,0,0,0,0,0,0,0,0,0,0
230115,1,1,1983,0,0,0,0,0,0,0,0,0,0
230116,1,1,1983,0,0,0,0,0,0,0,0,0,0
230116,2,1,1983,13,13,13,13,13,13,13,13,13,13
230117,1,1,1983,0,0,0,0,0,0,0,0,0,0
230117,2,1,1983,0,0,0,0,0,0,22,0,0,0
230118,1,1,1983,10,10,10,10,10,10,10,10,10,10
230118,2,1,1983,0,0,0,0,38,0,0,0,0,0
230119,1,1,1983,12,18,0,16,0,0,0,0,0,0
230120,1,1,1983,0,0,0,0,0,0,0,0,0,0
230121,1,1,1983,22,23,11,18,11,20,15,20,13,21
230123,1,1,1983,0,0,0,0,0,0,0,0,0,0
230123,2,1,1983,0,0,0,0,0,0,0,0,0,0
230124,1,1,1983,0,0,7,0,0,0,0,0,0,0
230124,2,1,1983,12,10,10,8,15,18,12,27,9,8
230126,0,1,1983,0,0,0,0,0,0,0,0,0,0
230126,1,1,1983,0,0,0,0,0,0,0,0,0,0
230127,1,1,1983,0,0,0,0,0,17,6,0,0,0
230128,1,1,1983,23,23,23,23,23,23,23,23,23,23
230129,1,1,1983,12,0,0,0,0,0,0,0,0,0
230129,2,1,1983,26,0,16,18,16,28,14,0,0,0
230131,1,1,1983,14,35,39,18,25,10,28,9,12,8
230132,1,1,1983,0,0,0,0,0,0,0,0,0,0
230132,2,1,1983,0,0,0,0,0,0,0,0,0,0
230133,1,1,1983,0,0,0,0,0,0,0,0,0,0
230133,2,1,1983,0,0,0,0,0,0,0,0,0,0
230134,1,1,1983,25,25,25,25,25,25,25,25,25,25
230134,2,1,1983,0,0,0,0,0,0,0,0,0,0
230135,1,1,1983,11,11,11,11,11,11,11,11,11,11
230136,1,1,1983,5,27,13,13,0,20,12,29,6,0
230137,0,1,1983,0,0,0,0,0,0,0,0,0,0
230137,1,1,1983,0,0,0,0,0,0,0,0,25,0
230138,0,1,1983,0,0,0,0,0,0,0,0,0,0
230138,1,1,1983,0,0,0,0,0,0,0,0,0,0
230139,1,1,1983,0,0,0,26,0,6,0,0,12,0
230140,1,1,1983,0,0,0,0,0,0,0,0,0,0
230141,0,1,1983,22,22,22,22,22,22,22,22,22,22
230141,1,1,1983,0,0,16,0,0,0,0,0,0,0
230142,1,1,1983,19,19,19,19,19,19,19,19,19,19
230143,1,1,1983,2,2,2,2,2,2,2,2,2,2
230144,1,1,1983,12,9,0,0,13,0,0,0,0,32
230144,2,1,1983,0,0,0,0,0,0,0,0,0,0
230145,0,1,1983,0,0,0,0,0,0,0,0,0,0
230145,1,1,1983,0,0,0,0,0,0,0,0,0,0
230146,1,1,1983,18,18,18,18,18,18,18,18,18,18
230147,1,1,1983,14,14,14,14,14,14,14,14,14,14
230148,1,1,1983,0,0,0,0,0,0,0,0,0,0
230148,2,1,1983,0,0,0,0,8,11,0,0,0,0
230149,1,1,1983,16,0,0,8,29,0,19,0,11,17
230149,2,1,1983,0,0,0,0,0,0,0,0,0,0
230150,1,1,1983,26,26,26,26,26,26,26,26,26,26
230151,1,1,1983,0,0,0,0,0,0,0,0,0,0
230152,1,1,1983,7,3,12,2,4,12,15,18,0,8
230153,1,1,1983,0,0,0,0,0,0,0,0,0,0
230153,2,1,1983,15,15,15,15,15,15,15,15,15,15
230154,1,1,1983,0,0,0,0,0,17,0,0,15,0
230155,1,1,1983,0,0,0,0,0,0,0,0,0,0
230155,2,1,1983,0,0,0,0,0,0,0,0,0,0
230156,1,1,1983,20,23,24,6,17,2,22,17,0,25
230157,1,1,1983,26,21,6,8,21,25,4,7,14,0
230158,1,1,1983,0,0,0,0,0,0,0,0,0,0
230159,1,1,1983,0,0,0,0,0,0,0,0,0,0
230159,2,1,1983,0,0,0,0,0,0,0,0,0,0
230160,1,1,1983,0,0,0,0,0,0,0,0,0,0
230160,2,1,1983,0,0,0,0,0,0,0,0,0,0
230161,1,1,1983,0,0,0,0,15,0,19,0,0,11
230162,1,1,1983,18,18,18,18,18,18,18,18,18,18
230162,2,1,1983,0,0,0,0,0,0,0,0,0,0
230163,1,1,1983,0,0,0,0,5,0,0,22,18,0
230164,1,1,1983,0,5,0,0,0,0,0,0,0,0
230165,1,1,1983,0,0,0,0,0,0,0,0,0,0
230165,2,1,1983,0,0,0,0,22,0,0,0,0,0
230166,0,1,1983,0,0,0,0,0,0,7,0,0,30
230166,1,1,1983,0,0,0,19,8,0,0,0,0,0
230167,1,1,1983,13,13,13,13,13,13,13,13,13,13
230168,1,1,1983,30,30,30,30,30,30,30,30,30,30
230169,1,1,1983,16,16,16,16,16,16,16,16,16,16
230170,1,1,1983,19,19,19,19,19,19,19,19,19,19
230171,0,1,1983,0,0,0,0,0,0,0,0,0,0
230171,1,1,1983,0,0,0,0,0,0,0,0,0,0
230172,1,1,1983,32,27,0,21,22,21,17,23,13,10
230173,1,1,1983,11,6,16,25,16,0,7,21,16,20
230174,1,1,1983,16,16,16,16,16,16,16,16,16,16
230175,0,1,1983,0,0,21,0,0,0,0,0,0,0
230175,1,1,1983,0,0,0,0,0,0,0,0,0,0
230176,1,1,1983,18,18,18,18,18,18,18,18,18,18
230177,0,1,1983,0,0,0,0,0,0,0,0,0,0
230177,1,1,1983,3,0,0,0,0,0,0,0,13,0
230178,1,1,1983,0,0,0,0,0,0,0,0,0,0
230179,1,1,1983,0,0,30,0,13,11,23,32,0,21
230180,1,1,1983,0,0,0,0,0,0,0,0,0,0
230180,2,1,1983,0,0,0,0,0,0,0,0,0,0
230181,1,1,1983,0,0,0,0,0,0,0,0,0,0
230181,2,1,1983,0,0,6,0,0,0,4,0,0,0
230182,1,1,1983,0,0,13,0,0,24,0,0,0,0
230183,1,1,1983,25,25,25,25,25,25,25,25,25,25
230183,2,1,1983,0,0,0,0,0,0,0,0,0,0
230184,1,1,1983,0,0,0,0,0,0,0,0,0,0
230184,2,1,1983,0,0,0,0,0,0,0,0,0,0
230185,1,1,1983,5,5,5,5,5,5,5,5,5,5
230185,2,1,1983,0,0,0,0,0,0,0,0,0,0
230186,0,1,1983,0,0,0,0,0,0,0,0,0,0
230186,1,1,1983,0,0,0,0,0,3,0,0,0,0
230187,1,1,1983,6,6,6,6,6,6,6,6,6,6
230188,1,1,1983,0,0,0,0,0,0,0,0,0,0
230189,1,1,1983,0,0,0,0,0,0,0,0,0,0
230190,1,1,1983,16,26,17,17,17,21,23,29,16,17
230191,1,1,1983,0,0,0,0,0,6,0,0,0,0
230191,2,1,1983,0,0,0,0,0,0,0,0,0,0
230192,1,1,1983,0,0,0,0,0,0,0,0,0,0
230192,2,1,1983,0,0,0,0,0,0,0,0,0,0
230193,1,1,1983,19,19,19,19,19,19,19,19,19,19
230194,1,1,1983,12,12,12,12,12,12,12,12,12,12
230194,2,1,1983,6,6,6,6,6,6,6,6,6,6
230195,1,1,1983,10,10,10,10,10,10,10,10,10,10
230196,0,1,1983,0,0,0,0,0,0,0,0,0,0
230196,1,1,1983,0,0,0,0,0,0,0,0,0,0
230197,0,1,1983,0,25,11,26,13,42,0,23,0,27
230197,0,2,1983,0,0,0,0,0,0,0,0,0,0
230197,1,1,1983,0,0,0,0,0,0,0,0,23,0
230198,1,1,1983,0,0,0,0,0,0,0,0,0,0
230198,2,1,1983,0,0,0,0,0,0,0,0,0,0
230198,3,1,1983,0,0,0,0,0,0,0,0,0,0
230199,1,1,1983,0,0,0,0,0,0,0,0,0,0
230200,1,1,1983,0,0,0,0,0,0,0,0,0,0
230200,2,1,1983,0,0,0,0,0,0,0,0,0,0
230201,1,1,1983,5,5,5,5,5,5,5,5,5,5
230202,1,1,1983,12,12,12,12,12,12,12,12,12,12
230203,0,1,1983,0,0,0,0,0,0,0,0,0,0
230203,1,1,1983,0,0,0,0,0,0,0,0,0,0
230205,1,1,1983,11,11,11,11,11,11,11,11,11,11
230206,1,1,1983,10,10,10,10,10,10,10,10,10,10
230207,1,1,1983,0,0,0,0,0,0,0,0,0,0
230207,2,1,1983,3,3,3,3,3,3,3,3,3,3
230208,1,1,1983,20,0,0,0,0,0,0,9,0,0
230208,2,1,1983,18,18,18,18,18,18,18,18,18,18
230209,1,1,1983,1,1,1,1,1,1,1,1,1,1
230209,2,1,1983,0,0,0,0,0,0,0,0,0,0
230210,1,1,1983,20,20,20,20,20,20,20,20,20,20
230211,1,1,1983,31,31,31,31,31,31,31,31,31,31
230212,0,1,1983,13,0,0,0,0,0,0,0,0,16
230212,0,2,1983,28,0,22,0,0,38,5,0,10,0
230212,0,3,1983,26,0,0,0,21,30,15,0,0,0
230212,1,1,1983,2,22,13,0,10,22,12,20,15,14
230213,1,2,1983,10,10,10,10,10,10,10,10,10,10
230214,1,1,1983,0,0,0,0,0,0,0,0,0,0
230214,2,1,1983,0,0,0,0,0,0,0,0,0,0
230215,0,1,1983,27,27,27,27,27,27,27,27,27,27
230215,1,1,1983,0,0,0,0,0,0,0,0,0,0
230216,0,1,1983,17,0,0,0,0,0,0,0,0,0
230216,0,2,1983,0,0,0,0,0,0,0,0,0,0
230216,1,1,1983,0,0,0,0,0,0,0,0,0,0
230216,2,1,1983,0,0,0,0,0,0,0,0,0,0
240001,1,1,1983,23,23,23,23,23,23,23,23,23,23
240002,0,1,1983,12,12,12,12,12,12,12,12,12,12
240002,1,1,1983,0,0,0,0,11,0,0,0,0,0
240003,0,1,1983,15,15,15,15,15,15,15,15,15,15
240003,1,1,1983,0,0,0,0,0,0,0,0,0,0
240004,1,1,1983,0,0,0,0,0,0,0,0,0,0
240005,0,1,1983,0,0,0,0,0,0,0,0,0,0
240005,1,1,1983,0,31,17,9,17,12,6,7,8,13
240006,1,1,1983,0,0,0,0,0,0,0,0,0,0
240006,2,1,1983,0,0,0,0,0,0,0,0,0,0
240006,3,1,1983,0,0,0,0,0,0,0,0,0,0
240006,4,1,1983,0,0,0,0,0,0,0,0,0,0
240007,1,1,1983,0,0,0,0,0,0,0,0,0,0
240007,2,1,1983,0,0,0,0,0,0,0,0,0,0
240007,3,1,1983,0,0,0,0,0,0,0,0,0,0
240008,0,1,1983,13,13,13,13,13,13,13,13,13,13
240008,1,1,1983,0,0,0,0,0,0,15,0,0,0
240009,1,1,1983,25,25,25,25,25,25,25,25,25,25
240010,0,1,1983,30,30,30,30,30,30,30,30,30,30
240010,1,1,1983,15,0,0,0,0,0,0,0,0,8
240011,1,1,1983,0,0,0,5,7,0,0,0,0,0
240011,2,1,1983,11,11,11,11,11,11,11,11,11,11
240012,1,1,1983,0,0,0,0,0,0,0,0,0,25
240012,2,1,1983,0,0,0,0,0,0,0,0,0,0
240013,0,1,1983,0,0,0,0,0,0,0,0,0,0
240013,1,1,1983,15,13,5,19,13,0,0,16,0,20
240014,0,1,1983,0,0,0,0,0,0,0,0,0,0
240014,1,1,1983,0,11,0,0,0,0,0,0,0,0
240015,1,1,1983,0,0,0,0,0,0,0,0,0,0
240015,2,1,1983,0,0,0,0,0,0,0,0,0,0
240016,1,1,1983,5,5,5,5,5,5,5,5,5,5
240016,2,1,1983,17,10,7,15,0,10,0,14,16,14
240017,1,1,1983,20,20,20,20,20,20,20,20,20,20
240018,1,1,1983,18,18,18,18,18,18,18,18,18,18
240018,2,1,1983,0,15,0,0,0,0,0,0,0,0
240019,0,1,1983,1,1,1,1,1,1,1,1,1,1
240019,1,1,1983,0,0,0,0,0,0,0,0,0,0
240020,0,1,1983,13,13,13,13,13,13,13,13,13,13
240020,1,1,1983,2,2,2,2,2,2,2,2,2,2
240021,1,1,1983,25,25,25,25,25,25,25,25,25,25
240021,2,1,1983,0,0,0,0,0,24,0,0,0,0
240022,1,1,1983,9,14,7,0,21,12,0,0,0,12
240022,2,1,1983,22,13,0,0,0,0,0,0,0,0
240023,1,1,1983,12,12,12,12,12,12,12,12,12,12
240023,2,1,1983,0,19,0,0,0,0,0,0,0,0
240024,1,1,1983,15,15,15,15,15,15,15,15,15,15
240025,0,1,1983,0,0,0,0,0,0,0,0,0,0
240025,1,1,1983,0,0,0,0,0,0,0,0,0,0
240026,1,1,1983,0,0,0,0,0,0,0,0,0,0
240027,0,1,1983,0,0,0,0,0,0,0,0,0,0
240027,0,2,1983,0,6,0,14,17,26,19,33,16,0
240027,1,1,1983,0,0,0,0,0,0,0,0,0,17
240028,0,1,1983,0,0,0,0,0,0,0,0,0,0
240028,1,1,1983,0,0,0,0,0,0,0,0,0,0
240029,1,1,1983,16,25,0,19,18,15,0,10,0,0
240029,2,1,1983,11,9,8,13,20,19,17,0,21,16
240030,1,1,1983,20,20,20,20,20,20,20,20,20,20
240031,1,1,1983,5,20,12,15,11,12,9,18,16,27
240032,1,1,1983,0,0,0,0,0,0,0,0,25,0
240032,2,1,1983,0,0,0,0,15,0,0,0,0,0
240033,0,1,1983,38,38,38,38,38,38,38,38,38,38
240033,1,1,1983,18,0,6,0,0,0,0,0,0,0
240034,1,1,1983,0,0,0,0,0,0,0,0,0,0
240035,1,1,1983,0,0,0,0,0,0,0,0,0,0
240035,2,1,1983,0,0,0,0,0,0,0,0,0,0
240036,1,1,1983,0,0,0,0,0,0,0,0,0,0
240037,1,1,1983,0,0,0,0,0,0,0,0,0,0
240037,2,1,1983,10,13,12,20,17,26,12,14,35,9
240038,1,1,1983,0,0,0,0,0,0,0,0,0,0
240039,1,1,1983,23,23,23,23,23,23,23,23,23,23
240040,0,1,1983,0,0,0,0,0,0,0,0,0,0
240040,1,1,1983,0,0,0,0,0,0,0,0,0,0
240041,0,1,1983,31,31,31,31,31,31,31,31,31,31
240041,1,1,1983,10,19,14,17,0,13,11,0,11,16
240042,1,1,1983,21,21,21,21,21,21,21,21,21,21
240043,1,1,1983,9,9,9,9,9,9,9,9,9,9
240044,1,1,1983,0,0,0,0,0,0,0,0,0,0
240044,2,1,1983,0,0,0,0,0,0,0,0,0,0
240045,0,1,1983,20,0,22,15,0,6,13,17,0,5
240045,1,1,1983,16,0,0,18,18,0,25,0,0,0
240046,1,1,1983,14,14,14,14,14,14,14,14,14,14
240047,0,1,1983,13,13,13,13,13,13,13,13,13,13
240047,1,1,1983,0,0,0,0,0,0,0,0,0,0
240048,1,1,1983,0,0,0,24,19,0,0,0,0,0
240048,2,1,1983,0,0,0,18,0,0,0,0,0,0
240049,1,1,1983,0,0,0,0,0,0,0,0,7,7
240049,2,1,1983,15,15,15,15,15,15,15,15,15,15
240050,1,1,1983,0,0,0,0,0,0,0,0,0,16
240050,2,1,1983,12,12,12,12,12,12,12,12,12,12
240051,0,1,1983,12,12,12,12,12,12,12,12,12,12
240051,1,1,1983,23,11,3,16,13,21,7,16,9,8
240052,1,1,1983,16,16,16,16,16,16,16,16,16,16
240052,2,1,1983,12,12,12,12,12,12,12,12,12,12
240053,0,1,1983,0,0,0,0,0,0,0,0,0,0