ST_CASE,VEH_NO,PER_NO,YEAR,P1,P2,P3,P4,P5,P6,P7,P8,P9,P10
240053,1,1,1983,9,6,19,24,11,7,10,16,10,3
240054,0,1,1983,0,0,0,0,0,0,0,0,0,0
240054,1,1,1983,0,0,0,0,0,0,11,0,0,0
240055,1,1,1983,12,12,12,12,12,12,12,12,12,12
240056,1,1,1983,15,15,15,15,15,15,15,15,15,15
240057,0,1,1983,25,25,25,25,25,25,25,25,25,25
240057,1,1,1983,8,8,8,8,8,8,8,8,8,8
240058,1,1,1983,21,21,21,21,21,21,21,21,21,21
240059,1,1,1983,18,18,18,18,18,18,18,18,18,18
240059,2,1,1983,0,0,0,0,0,0,0,0,0,0
240060,0,1,1983,14,14,14,14,14,14,14,14,14,14
240060,1,1,1983,21,7,2,13,15,17,12,14,11,24
240061,1,1,1983,0,0,0,0,0,0,0,0,0,0
240061,2,1,1983,0,0,0,0,0,0,0,0,0,0
240062,1,1,1983,0,0,0,0,0,0,0,0,0,0
240063,0,1,1983,10,10,10,10,10,10,10,10,10,10
240063,1,1,1983,0,0,0,0,0,0,0,0,0,0
240064,1,1,1983,15,15,15,15,15,15,15,15,15,15
240065,1,1,1983,0,0,0,0,0,0,0,0,0,0
240065,2,1,1983,0,0,0,0,0,0,0,0,0,0
240066,1,1,1983,6,8,14,22,8,18,16,23,9,16
240066,2,1,1983,0,0,0,0,0,0,0,0,0,0
240067,1,1,1983,10,10,10,10,10,10,10,10,10,10
240067,2,1,1983,25,25,25,25,25,25,25,25,25,25
240068,1,1,1983,7,0,16,0,0,0,19,11,0,0
240068,2,1,1983,0,11,0,0,0,0,0,0,0,0
240069,1,1,1983,0,0,0,0,0,0,0,0,0,0
240069,2,1,1983,0,0,0,0,0,0,0,0,0,0
240070,1,1,1983,0,0,12,0,0,0,0,0,0,0
240070,2,1,1983,0,0,0,0,0,0,0,0,0,0
240071,1,1,1983,0,0,0,0,0,0,0,0,0,0
240071,2,1,1983,0,0,0,0,0,0,0,0,0,0
240072,1,1,1983,0,0,0,0,0,0,0,0,0,0
240072,2,1,1983,0,0,0,0,0,0,0,0,0,0
240073,1,1,1983,0,0,17,0,0,18,0,0,0,0
240074,1,1,1983,4,4,4,4,4,4,4,4,4,4
240074,2,1,1983,0,0,0,0,15,0,0,0,0,15
240075,0,1,1983,0,0,0,0,0,0,0,0,0,0
240075,1,1,1983,0,0,0,0,0,0,0,0,18,0
240076,1,1,1983,0,0,0,0,0,0,0,0,0,0
240076,2,1,1983,0,0,0,0,0,0,0,0,0,0
240076,3,1,1983,0,0,0,0,0,0,0,0,0,0
240077,0,1,1983,9,9,9,9,9,9,9,9,9,9
240077,1,1,1983,0,0,0,0,0,0,0,0,0,0
240078,1,1,1983,0,0,0,0,0,10,0,0,0,0
240078,2,1,1983,0,0,0,0,0,0,0,0,0,0
240079,1,1,1983,9,9,9,9,9,9,9,9,9,9
240080,0,1,1983,6,6,6,6,6,6,6,6,6,6
240080,1,1,1983,16,16,16,16,16,16,16,16,16,16
240081,1,1,1983,21,21,21,21,21,21,21,21,21,21
240081,2,1,1983,0,0,0,0,0,0,0,0,0,0
240082,1,1,1983,7,0,0,19,11,7,12,12,18,13
240083,1,1,1983,19,21,15,14,23,5,0,15,9,12
240083,2,1,1983,0,0,0,0,0,0,0,0,0,0
240084,2,1,1983,0,0,12,24,0,17,16,18,16,0
240085,1,1,1983,0,0,0,0,0,0,0,0,0,0
240086,0,1,1983,34,34,34,34,34,34,34,34,34,34
240086,1,1,1983,13,17,11,21,14,25,0,45,18,10
240087,1,1,1983,49,49,49,49,49,49,49,49,49,49
240088,1,1,1983,22,22,22,22,22,22,22,22,22,22
240088,2,1,1983,26,0,13,18,24,8,22,5,20,0
240089,1,1,1983,15,19,0,12,12,7,11,15,11,12
240090,1,1,1983,13,13,13,13,13,13,13,13,13,13
240091,0,1,1983,0,0,0,0,0,0,0,0,0,0
240091,1,1,1983,0,0,0,0,0,0,0,0,0,0
240092,1,1,1983,0,0,0,0,0,0,0,0,0,0
240093,1,1,1983,0,0,0,0,0,0,0,0,0,0
240093,2,1,1983,0,0,0,0,0,0,0,0,0,0
240094,1,1,1983,24,24,24,24,24,24,24,24,24,24
240094,2,1,1983,0,0,0,0,0,0,0,0,0,0
240095,1,1,1983,0,0,0,0,0,0,0,0,0,0
240096,1,1,1983,24,24,24,24,24,24,24,24,24,24
240096,2,1,1983,8,8,8,8,8,8,8,8,8,8
240097,1,1,1983,13,13,13,13,13,13,13,13,13,13
240098,1,1,1983,0,0,0,0,0,0,0,0,0,0
240098,2,1,1983,0,0,0,0,0,0,0,0,16,0
240099,0,1,1983,17,17,17,17,17,17,17,17,17,17
240099,1,1,1983,10,12,5,16,0,9,8,17,4,13
240100,1,1,1983,18,18,18,18,18,18,18,18,18,18
240101,1,1,1983,14,14,14,14,14,14,14,14,14,14
240102,1,1,1983,0,0,0,0,0,0,0,0,0,0
240103,1,1,1983,0,0,0,0,0,0,0,0,0,14
240103,2,1,1983,0,0,0,0,0,0,0,0,0,0
240104,1,1,1983,0,0,0,0,0,0,0,0,0,0
240105,0,1,1983,15,15,15,15,15,15,15,15,15,15
240105,1,1,1983,0,0,0,0,0,0,0,0,16,0
240106,0,1,1983,0,0,0,0,0,0,0,0,0,0
240106,1,1,1983,0,0,0,0,0,0,0,0,0,0
240107,1,1,1983,0,0,0,0,0,0,0,0,0,0
240108,1,1,1983,0,0,0,0,0,0,0,0,0,0
240108,2,1,1983,0,0,0,0,0,0,0,0,0,0
240109,1,1,1983,11,11,11,11,11,11,11,11,11,11
240110,0,1,1983,23,23,23,23,23,23,23,23,23,23
240110,1,1,1983,32,0,28,9,0,10,0,14,29,0
240112,1,1,1983,24,23,16,0,23,0,0,18,9,0
240112,2,1,1983,0,0,0,0,0,0,0,0,23,0
240113,1,1,1983,0,0,0,0,0,0,0,0,0,0
240114,1,1,1983,0,0,0,0,0,0,0,0,0,0
240114,2,1,1983,0,0,0,3,0,0,0,0,0,0
240115,0,1,1983,20,20,20,20,20,20,20,20,20,20
240115,1,1,1983,0,6,0,0,12,0,0,0,13,0
240116,1,1,1983,0,0,0,0,0,0,0,0,0,0
240117,1,1,1983,0,0,0,0,0,0,0,0,0,0
240118,1,1,1983,15,15,15,15,15,15,15,15,15,15
240118,2,1,1983,0,0,0,0,0,17,0,0,0,0
240119,1,1,1983,0,0,0,0,0,0,0,0,0,0
240119,2,1,1983,0,0,0,0,17,0,0,0,0,0
240120,1,1,1983,15,15,15,15,15,15,15,15,15,15
240120,2,1,1983,7,0,0,8,3,8,7,7,9,0
240120,3,1,1983,0,0,0,0,0,0,0,0,0,0
240121,0,1,1983,11,11,11,11,11,11,11,11,11,11
240121,1,1,1983,0,22,0,0,0,0,0,0,29,0
240122,0,1,1983,12,12,12,12,12,12,12,12,12,12
240122,1,1,1983,0,0,0,0,0,0,0,0,0,0
240123,1,1,1983,0,0,0,0,0,0,0,0,0,0
240123,2,1,1983,1,1,1,1,1,1,1,1,1,1
240124,0,1,1983,16,16,16,16,16,16,16,16,16,16
240124,1,1,1983,0,8,0,0,0,0,8,15,0,0
240125,1,1,1983,0,0,0,0,0,0,0,0,0,0
240125,2,1,1983,0,0,0,0,0,0,8,0,0,0
240126,1,1,1983,2,2,2,2,2,2,2,2,2,2
240127,0,1,1983,5,5,5,5,5,5,5,5,5,5
240127,1,1,1983,0,0,0,0,0,0,0,0,0,0
240128,1,1,1983,0,0,0,0,0,0,0,0,0,0
240128,2,1,1983,0,0,0,0,0,0,0,0,0,0
240129,1,1,1983,28,0,10,38,11,14,24,0,11,0
240129,2,1,1983,13,13,13,13,13,13,13,13,13,13
240129,3,1,1983,22,0,0,0,0,0,0,0,0,0
240130,1,1,1983,0,9,0,0,0,0,0,0,0,0
240130,2,1,1983,0,0,0,0,0,0,0,0,0,0
240131,0,1,1983,8,8,8,8,8,8,8,8,8,8
240131,1,1,1983,0,15,0,0,0,19,27,0,23,0
240132,1,1,1983,19,19,19,19,19,19,19,19,19,19
240133,1,1,1983,23,23,23,23,23,23,23,23,23,23
240134,1,1,1983,28,28,28,28,28,28,28,28,28,28
240134,2,1,1983,5,12,30,16,0,27,0,0,16,0
240135,1,1,1983,0,0,0,0,0,0,0,0,0,0
240135,2,1,1983,17,5,21,19,21,23,16,17,15,13
240136,0,1,1983,33,33,33,33,33,33,33,33,33,33
240136,1,1,1983,0,0,0,0,0,0,0,0,0,15
240137,1,1,1983,22,22,22,22,22,22,22,22,22,22
240138,0,1,1983,32,32,32,32,32,32,32,32,32,32
240138,1,1,1983,30,10,5,21,10,4,12,15,18,16
240139,1,1,1983,0,0,0,0,0,0,0,0,0,0
240139,2,1,1983,28,28,28,28,28,28,28,28,28,28
240140,0,1,1983,15,15,15,15,15,15,15,15,15,15
240140,1,1,1983,13,26,0,22,15,23,10,13,13,32
240141,0,1,1983,39,39,39,39,39,39,39,39,39,39
240141,1,1,1983,39,39,39,39,39,39,39,39,39,39
240142,1,1,1983,23,23,23,23,23,23,23,23,23,23
240143,0,1,1983,0,0,0,0,0,0,0,0,0,0
240143,1,1,1983,0,0,0,0,0,0,0,0,0,0
240144,1,1,1983,9,9,13,18,17,12,15,20,25,13
240144,2,1,1983,0,0,0,0,0,0,0,0,0,0
240144,3,1,1983,0,0,0,0,0,0,0,0,0,0
240145,1,1,1983,26,26,26,26,26,26,26,26,26,26
240146,1,1,1983,0,0,0,0,0,0,0,0,0,0
240146,2,1,1983,0,0,0,0,0,0,0,0,0,0
240147,1,1,1983,0,0,0,0,0,0,0,0,0,0
240148,1,1,1983,1,1,1,1,1,1,1,1,1,1
240148,2,1,1983,0,0,16,0,0,0,0,6,0,0
240150,1,1,1983,4,4,4,4,4,4,4,4,4,4
240150,2,1,1983,0,0,0,0,0,0,0,0,0,0
240151,1,1,1983,16,16,16,16,16,16,16,16,16,16
240151,2,1,1983,0,0,0,0,0,0,0,0,0,0
240151,3,1,1983,0,0,0,0,0,0,0,0,0,0
240152,1,1,1983,0,0,0,0,0,0,0,0,0,0
240152,2,1,1983,26,26,26,26,26,26,26,26,26,26
240153,1,1,1983,14,14,14,14,14,14,14,14,14,14
240154,1,1,1983,20,20,20,20,20,20,20,20,20,20
240155,1,1,1983,0,0,0,0,0,0,0,0,0,0
240155,2,1,1983,0,0,0,0,0,0,0,0,0,0
240155,3,1,1983,0,0,0,24,0,0,0,0,0,0
240156,0,1,1983,0,0,0,0,0,0,0,0,0,0
240156,1,1,1983,0,0,0,0,0,0,0,0,0,0
240157,0,1,1983,25,0,0,23,0,0,0,0,0,0
240157,1,1,1983,24,0,0,0,0,19,0,0,22,0
240158,0,1,1983,0,0,0,0,0,0,0,0,0,0
240158,1,1,1983,0,0,0,0,0,0,0,0,10,0
240159,1,1,1983,6,6,6,6,6,6,6,6,6,6
240159,2,1,1983,0,0,0,0,0,0,0,0,0,0
240160,1,1,1983,2,2,2,2,2,2,2,2,2,2
240161,1,1,1983,0,0,0,0,0,0,0,0,0,0
240161,2,1,1983,0,0,0,0,0,0,0,0,0,0
240162,1,1,1983,0,0,0,0,0,0,0,0,0,0
240162,2,1,1983,0,0,0,0,0,0,0,0,0,0
240163,1,1,1983,0,0,0,0,0,0,0,0,0,0
240164,1,1,1983,0,0,0,0,0,0,0,0,0,0
240164,2,1,1983,14,14,14,14,14,14,14,14,14,14
240165,0,1,1983,28,28,28,28,28,28,28,28,28,28
240165,1,1,1983,7,7,7,7,7,7,7,7,7,7
240166,1,1,1983,13,13,13,13,13,13,13,13,13,13
240167,1,1,1983,0,0,0,0,0,0,0,0,0,0
240167,2,1,1983,0,0,0,0,0,0,0,0,19,0
240168,1,1,1983,33,33,33,33,33,33,33,33,33,33
240169,1,1,1983,17,17,17,17,17,17,17,17,17,17
240170,1,1,1983,18,18,18,18,18,18,18,18,18,18
240171,1,1,1983,13,20,9,23,23,16,20,17,8,15
240171,2,1,1983,0,0,0,0,0,0,0,0,0,0
240172,1,1,1983,0,0,0,0,0,0,0,0,0,0
240173,0,1,1983,10,10,10,10,10,10,10,10,10,10
240174,1,1,1983,22,22,22,22,22,22,22,22,22,22
240175,1,1,1983,0,0,25,8,0,0,0,25,5,6
240175,2,1,1983,23,23,23,23,23,23,23,23,23,23
240176,1,1,1983,0,0,0,0,0,0,0,0,0,0
240176,2,1,1983,21,21,21,21,21,21,21,21,21,21
240177,1,1,1983,0,0,0,0,0,0,0,0,0,0
240177,2,1,1983,0,0,0,25,0,0,0,0,22,0
240178,0,1,1983,0,0,0,0,0,0,0,0,0,0
240178,1,1,1983,0,0,0,0,0,0,0,0,0,0
240179,0,1,1983,0,0,0,0,0,0,0,0,0,0
240179,1,1,1983,17,0,5,7,11,15,21,11,40,10
240180,1,1,1983,9,9,9,9,9,9,9,9,9,9
240181,1,1,1983,5,5,5,5,5,5,5,5,5,5
240181,2,1,1983,0,0,0,0,0,0,0,0,0,0
240182,1,1,1983,0,0,0,0,0,0,0,0,0,0
240183,0,1,1983,0,0,0,0,0,0,0,0,0,0
240183,1,1,1983,0,0,0,0,0,0,0,0,0,0
240184,1,1,1983,0,0,0,0,0,0,0,0,0,0
240185,0,1,1983,0,0,0,0,28,0,0,0,0,0
240185,1,1,1983,0,0,0,0,0,0,0,0,0,0
240186,0,1,1983,0,0,0,0,0,0,0,0,0,0
240186,1,1,1983,16,16,16,16,16,16,16,16,16,16
240187,1,1,1983,15,15,15,15,15,15,15,15,15,15
240187,2,1,1983,0,0,0,0,0,0,0,0,0,0
240188,0,1,1983,20,20,20,20,20,20,20,20,20,20
240188,1,1,1983,20,20,20,20,20,20,20,20,20,20
240189,0,1,1983,17,15,6,21,27,19,36,20,18,16
240189,1,1,1983,18,0,0,4,21,0,0,0,0,0
240190,1,1,1983,0,0,0,0,0,0,0,0,0,0
240190,2,1,1983,0,0,0,0,0,0,0,0,0,7
240191,1,1,1983,14,22,7,7,17,17,9,13,11,21
240191,2,1,1983,3,3,3,3,3,3,3,3,3,3
240192,1,1,1983,13,13,13,13,13,13,13,13,13,13
240193,1,1,1983,0,0,0,0,0,0,0,0,0,0
240193,2,1,1983,9,9,9,9,9,9,9,9,9,9
240194,1,1,1983,10,10,10,10,10,10,10,10,10,10
240194,2,1,1983,0,27,0,0,0,0,0,0,0,0
240194,3,1,1983,0,0,0,0,0,0,0,0,12,0
240195,1,1,1983,6,0,19,0,23,14,27,12,24,23
240196,0,1,1983,0,15,17,0,13,12,18,14,0,0
240197,1,1,1983,0,0,0,0,0,0,0,0,0,0
240197,2,1,1983,0,0,0,0,0,0,0,0,0,0
240198,1,1,1983,0,0,0,0,0,0,0,0,0,0
240198,2,1,1983,0,0,0,0,0,0,0,0,0,0
240198,3,1,1983,0,0,0,0,0,0,0,0,0,0
240199,1,1,1983,0,0,0,0,0,0,0,0,0,0
240199,2,1,1983,0,0,0,0,0,0,0,0,0,0
240200,1,1,1983,0,0,0,0,0,0,0,0,0,0
240200,2,1,1983,0,0,0,0,0,0,0,0,0,0
240201,0,1,1983,6,6,6,6,6,6,6,6,6,6
240201,1,1,1983,7,8,14,6,7,22,17,16,9,15
240202,0,1,1983,9,9,9,9,9,9,9,9,9,9
240202,1,1,1983,0,0,0,21,0,0,0,27,0,0
240203,1,1,1983,21,21,21,21,21,21,21,21,21,21
240204,1,1,1983,7,10,22,19,3,20,16,11,12,7
240205,1,1,1983,0,0,0,0,0,0,0,0,0,0
240205,2,1,1983,0,0,0,0,0,0,0,0,0,0
240206,1,1,1983,4,0,0,0,14,18,0,21,10,7
240207,1,1,1983,0,0,0,0,0,0,0,0,0,0
240208,1,1,1983,0,0,0,4,0,0,0,0,0,0
240208,2,1,1983,0,0,0,0,0,0,0,0,0,0
240209,0,1,1983,0,0,0,0,0,0,0,0,0,0
240209,1,1,1983,0,0,0,0,0,0,0,0,0,0
240210,1,1,1983,0,13,0,0,0,0,0,0,0,7
240210,2,1,1983,20,20,20,20,20,20,20,20,20,20
240211,1,1,1983,0,0,0,0,0,0,0,0,0,0
240211,2,1,1983,0,0,0,0,0,0,0,0,0,0
240212,1,1,1983,0,0,0,0,0,0,0,0,0,0
240212,2,1,1983,0,0,0,0,0,0,0,0,0,0
240213,1,1,1983,0,0,0,0,0,0,0,0,0,0
240213,2,1,1983,4,4,4,4,4,4,4,4,4,4
240214,1,1,1983,0,0,0,0,0,0,0,0,0,0
240214,2,1,1983,0,0,0,0,0,0,0,0,0,0
240215,1,1,1983,21,0,0,0,0,0,0,0,0,0
240215,2,1,1983,0,17,0,0,0,0,0,0,0,0
240216,1,1,1983,0,0,0,0,0,0,0,0,0,0
240216,2,1,1983,0,0,0,0,0,0,0,0,0,0
240217,1,1,1983,14,14,14,14,14,14,14,14,14,14
240217,2,1,1983,0,0,0,0,0,0,0,0,0,0
240218,1,1,1983,0,6,0,0,0,28,0,11,20,0
240219,0,1,1983,0,0,0,0,0,0,0,0,0,0
240219,1,1,1983,0,0,0,0,0,0,0,0,0,0
240220,1,1,1983,0,14,19,4,17,0,9,10,10,13
240221,1,1,1983,19,19,19,19,19,19,19,19,19,19
240221,2,1,1983,0,0,0,0,0,0,0,0,31,0
240222,1,1,1983,0,0,0,0,0,0,0,0,0,0
240223,1,1,1983,30,0,10,12,23,12,0,21,12,16
240223,2,1,1983,0,0,0,0,0,0,0,0,0,0
240224,1,1,1983,0,0,0,0,0,0,0,0,0,0
240224,2,1,1983,7,7,7,7,7,7,7,7,7,7
240225,1,1,1983,0,0,0,0,6,0,0,0,0,0
240225,2,1,1983,0,0,0,0,0,0,0,0,0,0
240226,1,1,1983,0,0,0,0,0,0,0,0,0,0
240226,2,1,1983,0,0,0,0,0,0,0,0,0,0
240227,1,1,1983,0,9,0,0,17,0,0,21,0,0
240227,2,1,1983,0,0,0,0,0,0,0,0,0,0
240228,1,1,1983,0,0,0,0,0,0,0,0,0,0
240229,0,1,1983,0,0,0,0,0,0,0,0,0,0
240229,1,1,1983,0,0,0,0,0,0,0,0,0,0
240230,1,1,1983,0,0,0,0,0,0,0,0,0,0
240230,2,1,1983,0,0,0,0,0,0,0,0,0,0
240231,0,1,1983,34,34,34,34,34,34,34,34,34,34
240231,1,1,1983,0,0,0,0,0,21,0,15,30,16
240231,2,1,1983,0,0,0,9,0,0,0,0,0,19
240232,1,1,1983,0,0,0,0,0,0,0,0,0,0
240232,2,1,1983,0,0,0,0,0,0,0,0,0,0
240233,1,1,1983,0,0,0,0,0,0,0,0,0,0
240233,2,1,1983,0,0,0,0,0,0,0,0,0,0
240234,1,1,1983,10,10,10,10,10,10,10,10,10,10
240234,2,1,1983,0,0,0,0,0,0,0,0,0,0
240235,1,1,1983,0,0,0,0,0,0,0,0,0,0
240235,2,1,1983,0,0,0,0,0,0,0,0,0,0
240236,1,1,1983,0,0,0,0,0,0,0,0,0,0
240236,2,1,1983,0,0,0,0,0,0,0,0,0,0
240237,0,1,1983,0,0,0,0,0,0,0,0,0,0
240237,1,1,1983,0,0,0,0,0,0,0,0,0,0
240238,1,1,1983,0,0,0,0,0,0,0,0,0,0
240238,2,1,1983,0,0,0,0,0,0,0,0,0,0
240239,1,1,1983,0,0,0,0,0,0,0,0,0,0
240239,2,1,1983,0,0,0,0,0,0,0,0,0,0
240240,1,1,1983,23,23,23,23,23,23,23,23,23,23
240241,1,1,1983,22,22,22,22,22,22,22,22,22,22
240242,1,1,1983,0,0,8,0,0,0,0,0,7,14
240243,1,1,1983,9,9,9,9,9,9,9,9,9,9
240243,2,1,1983,0,0,0,0,0,0,0,0,0,0
240244,1,1,1983,12,12,12,12,12,12,12,12,12,12
240244,2,1,1983,0,0,16,0,0,0,0,0,0,0
240245,1,1,1983,20,20,20,20,20,20,20,20,20,20
240246,1,1,1983,0,0,0,0,0,0,0,0,0,0
240246,2,1,1983,13,0,0,0,0,0,32,89,0,0
240247,1,1,1983,0,0,0,0,0,0,0,0,0,0
240247,2,1,1983,0,0,0,0,0,0,0,0,0,0
240248,1,1,1983,0,0,0,0,17,0,0,0,0,0
240249,0,1,1983,24,24,24,24,24,24,24,24,24,24
240249,1,1,1983,6,12,21,20,15,16,18,28,18,0
240250,1,1,1983,2,2,2,2,2,2,2,2,2,2
240250,2,1,1983,7,7,7,7,7,7,7,7,7,7
240251,1,1,1983,7,13,14,9,23,15,18,20,17,21
240252,1,1,1983,13,13,13,13,13,13,13,13,13,13
240253,1,1,1983,0,0,0,0,0,0,0,0,0,0
240253,2,1,1983,0,0,0,0,0,0,0,0,0,0
240253,3,1,1983,0,0,0,0,0,0,0,0,0,0
240253,4,1,1983,15,15,31,10,0,0,9,4,13,35
240254,1,1,1983,9,9,9,9,9,9,9,9,9,9
240254,2,1,1983,11,11,11,11,11,11,11,11,11,11
240255,0,1,1983,18,18,18,18,18,18,18,18,18,18
240255,1,1,1983,17,17,17,17,17,17,17,17,17,17
240256,0,1,1983,0,15,0,0,0,0,0,14,22,0
240256,1,1,1983,0,0,0,0,0,0,0,0,0,0
240257,1,1,1983,0,0,0,0,0,0,0,0,0,0
240257,2,1,1983,5,5,5,5,5,5,5,5,5,5
240258,1,1,1983,11,11,11,11,11,11,11,11,11,11
240258,2,1,1983,0,0,9,0,0,0,0,0,0,0
240259,1,1,1983,15,15,15,15,15,15,15,15,15,15
240260,1,1,1983,0,0,0,0,0,0,0,0,0,0
240260,2,1,1983,0,0,0,0,0,0,0,0,0,0
240261,1,1,1983,6,0,0,0,0,0,0,0,0,0
240262,1,1,1983,9,25,8,9,14,18,6,3,3,18
240263,1,1,1983,19,12,18,45,18,14,23,22,17,15
240264,0,1,1983,0,0,0,0,0,0,0,0,0,0
240264,1,1,1983,0,0,0,0,0,0,0,0,0,0
240265,1,1,1983,16,14,10,23,15,17,13,0,3,21
240266,1,1,1983,0,0,0,0,0,0,0,0,0,0
240266,2,1,1983,0,0,0,0,0,0,0,0,0,0
240267,1,1,1983,16,18,0,10,23,0,29,14,7,19
240267,2,1,1983,11,25,0,0,5,26,0,23,0,0
240268,1,1,1983,0,0,0,0,0,0,0,0,0,0
240268,2,1,1983,0,0,0,0,0,0,0,0,14,0
240269,1,1,1983,0,0,0,0,0,0,0,0,0,0
240269,2,1,1983,0,0,8,4,0,16,0,0,0,0
240270,1,1,1983,0,0,0,0,0,0,0,0,0,0
240271,0,1,1983,0,0,0,0,0,0,0,0,0,0
240271,1,1,1983,0,0,0,0,0,0,0,0,0,0
240272,0,1,1983,35,35,35,35,35,35,35,35,35,35
240272,1,1,1983,35,35,35,35,35,35,35,35,35,35
240273,1,1,1983,2,2,2,2,2,2,2,2,2,2
240273,2,1,1983,0,0,23,0,0,0,0,0,0,0
240274,1,1,1983,9,5,7,0,0,0,0,0,0,12
240275,0,1,1983,0,0,0,0,0,0,0,0,0,0
240275,1,1,1983,0,0,0,0,0,0,0,0,0,0
240276,1,1,1983,0,0,0,0,0,0,0,0,0,0
240277,1,1,1983,17,17,17,17,17,17,17,17,17,17
240278,1,1,1983,0,0,0,0,0,0,0,0,0,0
240279,1,1,1983,0,0,0,0,0,0,0,0,0,0
240279,2,1,1983,0,0,0,0,0,0,0,0,0,0
240280,1,1,1983,0,0,0,0,0,0,0,0,0,0
240280,2,1,1983,0,0,0,0,10,0,0,0,0,0
240281,1,1,1983,0,0,0,0,0,0,0,0,0,0
240282,1,1,1983,15,18,26,10,24,17,35,19,24,19
240283,1,1,1983,0,11,0,0,0,0,0,0,23,16
240283,2,1,1983,0,23,15,8,0,8,7,17,4,12
240284,1,1,1983,12,12,12,12,12,12,12,12,12,12
240284,2,1,1983,0,0,0,0,0,0,0,0,0,0
240285,1,1,1983,20,20,20,20,20,20,20,20,20,20
240286,1,1,1983,5,5,5,5,5,5,5,5,5,5
240287,1,1,1983,0,0,0,0,0,0,0,0,0,0
240287,2,1,1983,8,8,8,8,8,8,8,8,8,8
240288,1,1,1983,7,7,7,7,7,7,7,7,7,7
240289,1,1,1983,0,0,0,0,0,0,0,0,0,0
240289,2,1,1983,0,0,0,0,0,0,0,0,0,0
240290,1,1,1983,8,8,8,8,8,8,8,8,8,8
240291,1,1,1983,0,0,0,0,0,0,0,0,0,0
240292,0,1,1983,13,0,36,0,0,10,0,0,18,0
240292,1,1,1983,5,0,9,0,0,0,0,0,0,0
240293,0,1,1983,24,24,24,24,24,24,24,24,24,24
240294,1,1,1983,8,8,8,8,8,8,8,8,8,8
240294,2,1,1983,7,0,0,0,0,0,0,0,0,0
240295,1,1,1983,0,0,0,0,0,0,0,0,0,0
240296,1,1,1983,0,0,0,0,0,0,0,0,0,0
240296,2,1,1983,0,0,0,0,0,17,0,0,10,0
240297,1,1,1983,3,3,3,3,3,3,3,3,3,3
240297,2,1,1983,22,0,0,0,0,10,0,0,0,16
240298,1,1,1983,0,0,0,0,0,0,0,0,0,0
240299,1,1,1983,0,0,0,0,0,0,0,0,0,0
240299,2,1,1983,0,0,0,0,0,0,0,0,0,0
240300,1,1,1983,0,0,0,0,0,0,0,0,0,0
240300,2,1,1983,0,0,0,0,0,0,0,0,0,0
240301,1,1,1983,0,0,0,0,0,0,0,0,0,0
240301,2,1,1983,0,0,0,0,0,0,0,0,0,0
240303,1,1,1983,25,25,25,25,25,25,25,25,25,25
240303,2,1,1983,22,2,21,0,12,8,20,0,19,23
240304,0,1,1983,0,21,0,0,0,0,0,0,0,20
240304,1,1,1983,0,0,0,0,0,0,0,0,0,0
240305,1,1,1983,0,0,0,0,0,0,0,9,0,0
240305,2,1,1983,0,0,0,0,0,0,0,0,0,0
240306,1,1,1983,21,21,21,21,21,21,21,21,21,21
240307,0,1,1983,22,22,22,22,22,22,22,22,22,22
240307,1,1,1983,9,9,9,9,9,9,9,9,9,9
240308,1,1,1983,19,19,19,19,19,19,19,19,19,19
240308,2,1,1983,0,0,0,0,0,0,0,0,0,0
240309,1,1,1983,0,0,0,0,0,0,0,0,0,0
240309,2,1,1983,0,0,0,0,0,0,0,0,0,0
240310,1,1,1983,0,0,0,0,0,0,0,0,0,0
240310,2,1,1983,0,0,0,0,0,0,0,0,0,0
240311,0,1,1983,41,41,41,41,41,41,41,41,41,41
240311,1,1,1983,0,0,0,0,18,0,0,0,0,0
240312,0,1,1983,0,0,0,0,0,0,0,0,0,0
240312,1,1,1983,14,14,14,14,14,14,14,14,14,14
240313,1,1,1983,0,0,0,0,0,0,0,0,0,0
240314,1,1,1983,18,18,18,18,18,18,18,18,18,18
240315,0,1,1983,0,0,0,0,0,0,0,0,0,0
240315,1,1,1983,0,0,0,0,0,0,0,0,0,0
240316,1,1,1983,0,0,0,0,0,0,0,0,0,0
240317,1,1,1983,12,12,12,12,12,12,12,12,12,12
240318,0,1,1983,25,25,25,25,25,25,25,25,25,25
240318,1,1,1983,0,0,18,0,0,7,0,0,0,0
240319,1,1,1983,21,21,21,21,21,21,21,21,21,21
240319,2,1,1983,12,0,0,0,0,0,0,11,0,0
240320,0,1,1983,19,29,0,0,26,0,0,0,0,29
240320,1,1,1983,0,0,0,0,0,10,0,0,0,11
240321,1,1,1983,22,13,22,29,0,8,18,21,9,19
240322,1,1,1983,21,0,17,20,10,27,7,8,17,9
240323,1,1,1983,0,0,0,0,0,0,0,0,0,0
240324,1,1,1983,0,15,0,16,0,9,0,0,0,0
240325,1,1,1983,18,24,17,4,0,23,0,13,0,0
240325,2,1,1983,0,0,0,0,0,0,0,0,0,0
240326,0,1,1983,28,28,28,28,28,28,28,28,28,28
240326,1,1,1983,0,0,0,25,18,12,0,0,0,0
240327,0,1,1983,0,0,0,0,0,0,0,0,0,0
240327,1,1,1983,0,0,0,0,0,0,0,0,0,0
240328,0,1,1983,0,0,0,0,0,0,0,0,0,0
240328,1,1,1983,0,16,8,0,19,31,29,0,5,0
240329,1,1,1983,0,0,0,0,0,0,0,0,0,0