ST_CASE,VEH_NO,PER_NO,YEAR,P1,P2,P3,P4,P5,P6,P7,P8,P9,P10
240604,1,1,1983,0,0,0,0,0,0,0,0,0,0
240606,1,1,1983,0,10,0,0,0,16,0,20,0,0
240607,1,1,1983,0,0,0,0,14,0,0,0,0,0
240607,2,1,1983,0,0,0,0,0,0,0,0,0,0
240608,0,1,1983,0,0,0,0,0,0,14,0,0,0
240608,1,1,1983,0,0,0,0,0,0,0,0,0,0
240608,2,1,1983,17,15,20,3,10,6,0,31,15,14
240609,1,1,1983,3,14,11,11,28,21,9,11,20,26
240610,1,1,1983,20,27,23,25,10,14,15,18,11,39
240611,1,1,1983,23,23,23,23,23,23,23,23,23,23
240612,0,1,1983,0,0,0,0,0,0,0,0,0,0
240613,1,1,1983,24,24,24,24,24,24,24,24,24,24
250001,0,1,1983,0,0,0,0,31,0,10,10,0,0
250001,1,1,1983,0,0,0,0,0,26,0,0,27,0
250002,1,1,1983,22,32,22,14,0,12,28,11,0,14
250003,1,1,1983,0,0,0,0,0,20,0,0,0,0
250003,2,1,1983,0,0,0,0,0,0,0,0,0,0
250004,0,1,1983,23,0,0,0,0,17,0,0,0,0
250004,1,1,1983,0,0,0,0,0,0,0,0,0,0
250005,1,1,1983,2,23,22,15,27,18,12,14,21,0
250006,0,1,1983,18,18,18,18,18,18,18,18,18,18
250006,1,1,1983,0,0,0,11,18,8,11,26,19,11
250007,1,1,1983,0,15,0,7,18,33,21,0,0,0
250008,0,1,1983,0,7,30,11,18,20,12,21,43,23
250008,1,1,1983,17,25,23,14,22,6,0,34,39,12
250009,1,1,1983,18,0,0,0,0,0,0,0,0,13
250009,2,1,1983,0,0,0,0,0,0,0,0,0,0
250010,0,1,1983,0,0,0,0,0,0,0,0,0,0
250010,1,1,1983,0,0,0,0,0,0,0,0,0,0
250011,1,1,1983,21,0,6,0,12,0,0,4,0,0
250012,1,1,1983,0,0,9,34,0,8,0,0,0,0
250013,1,1,1983,29,29,29,29,29,29,29,29,29,29
250014,1,1,1983,23,23,23,23,23,23,23,23,23,23
250015,1,1,1983,14,31,5,28,33,11,25,0,24,21
250016,1,1,1983,14,6,23,17,18,20,6,11,13,20
250016,2,1,1983,20,0,0,19,8,18,14,16,0,11
250017,1,1,1983,24,12,21,9,9,19,8,16,15,11
250018,1,1,1983,21,21,21,21,21,21,21,21,21,21
250019,0,1,1983,0,0,12,0,0,0,0,29,0,0
250019,1,1,1983,0,0,12,17,16,0,12,0,0,0
250020,1,1,1983,36,26,17,16,0,22,11,0,0,5
250021,0,1,1983,0,0,0,0,0,0,0,0,0,0
250021,1,1,1983,0,0,0,0,0,0,0,0,0,0
250022,1,1,1983,27,27,27,27,27,27,27,27,27,27
250023,1,1,1983,25,13,9,13,0,13,12,10,10,14
250024,1,1,1983,18,19,20,13,11,7,2,29,0,13
250025,1,1,1983,8,25,24,18,19,26,16,15,18,30
250026,0,1,1983,15,16,29,18,11,31,4,16,29,22
250026,1,1,1983,0,17,21,0,22,20,0,8,9,26
250027,1,1,1983,15,15,15,15,15,15,15,15,15,15
250028,1,1,1983,19,26,0,15,22,15,36,0,14,14
250029,1,1,1983,0,0,0,0,0,0,0,0,0,0
250030,0,1,1983,0,0,0,0,0,0,0,0,0,0
250030,1,1,1983,9,12,13,0,11,9,10,0,0,11
250031,0,1,1983,0,15,10,0,0,0,0,0,17,0
250031,1,1,1983,20,0,4,0,17,0,0,0,0,0
250032,1,1,1983,28,17,7,4,0,6,27,15,21,18
250033,1,1,1983,22,18,11,18,14,7,17,13,17,12
250034,1,1,1983,2,11,20,10,24,17,27,12,14,24
250034,2,1,1983,0,10,0,14,0,0,24,0,0,0
250035,1,1,1983,7,38,24,9,6,7,14,13,16,15
250036,1,1,1983,22,22,22,22,22,22,22,22,22,22
250036,2,1,1983,4,0,17,14,14,14,24,0,11,13
250037,1,1,1983,45,11,0,0,15,22,0,0,12,12
250037,2,1,1983,0,0,11,0,0,0,6,18,0,0
250038,0,1,1983,17,0,0,23,0,19,12,19,50,14
250038,1,1,1983,0,4,0,0,21,0,0,0,0,0
250039,1,1,1983,8,26,0,8,9,14,11,13,23,0
250040,1,1,1983,13,21,20,14,12,7,22,22,14,25
250041,1,1,1983,15,37,14,15,0,15,0,29,13,0
250042,0,1,1983,30,22,22,13,34,15,25,18,16,0
250042,1,1,1983,13,11,22,7,7,9,13,10,11,18
250043,1,1,1983,29,22,0,22,8,0,11,38,0,0
250044,0,1,1983,24,0,0,24,0,0,0,0,0,0
250044,1,1,1983,0,8,0,10,0,0,0,0,0,0
250045,0,1,1983,0,21,0,0,34,18,4,9,0,20
250045,1,1,1983,0,8,0,0,0,11,0,7,16,11
250046,0,1,1983,0,0,0,0,0,0,0,0,0,0
250046,1,1,1983,0,0,0,0,3,0,0,0,0,0
250047,1,1,1983,21,21,21,21,21,21,21,21,21,21
250047,2,1,1983,0,0,0,7,0,0,0,0,0,0
250048,1,1,1983,0,0,26,0,11,0,0,0,0,0
250048,2,1,1983,0,0,0,0,0,0,0,0,0,0
250049,1,1,1983,7,22,24,18,12,18,21,17,9,11
250050,0,1,1983,0,0,0,0,0,0,0,0,0,0
250050,1,1,1983,0,0,0,12,0,0,0,0,28,0
250051,1,1,1983,5,15,22,14,26,10,10,28,19,12
250052,0,1,1983,26,33,30,35,8,27,20,34,21,20
250052,1,1,1983,7,1,15,12,3,16,6,17,0,17
250053,1,1,1983,25,13,5,7,9,18,9,14,34,12
250054,0,1,1983,10,22,18,24,33,11,34,23,30,37
250054,1,1,1983,14,8,20,18,15,26,13,11,10,6
250055,1,1,1983,15,28,28,31,17,18,10,16,0,0
250055,2,1,1983,0,0,0,0,0,0,0,0,7,0
250056,1,1,1983,30,30,30,30,30,30,30,30,30,30
250057,1,1,1983,0,26,0,0,0,0,0,0,0,0
250057,2,1,1983,0,0,0,0,0,0,19,0,0,0
250058,1,1,1983,21,0,0,0,0,0,0,0,0,0
250058,2,1,1983,20,31,12,22,22,14,16,12,18,17
250059,1,1,1983,15,15,14,7,0,4,20,0,29,16
250060,0,1,1983,0,0,0,0,26,0,0,0,0,0
250060,1,1,1983,0,0,0,0,0,0,0,0,0,0
250061,1,1,1983,18,18,18,18,18,18,18,18,18,18
250062,0,1,1983,12,18,45,20,0,19,23,16,6,17
250062,1,1,1983,8,8,8,8,8,8,8,8,8,8
250063,1,1,1983,14,14,14,14,14,14,14,14,14,14
250064,0,1,1983,0,0,0,0,0,0,0,0,0,0
250064,1,1,1983,0,0,0,0,0,0,0,0,0,0
250065,1,1,1983,32,0,0,12,0,19,0,0,0,0
250066,1,1,1983,16,0,10,16,0,0,4,12,19,18
250067,1,1,1983,29,29,29,29,29,29,29,29,29,29
250068,1,1,1983,14,14,14,14,14,14,14,14,14,14
250069,0,1,1983,0,19,28,23,0,0,0,0,19,54
250069,1,1,1983,16,0,9,0,13,0,0,0,0,18
250070,1,1,1983,12,5,6,13,18,5,9,18,17,20
250070,2,1,1983,0,0,0,0,0,0,0,0,0,0
250071,1,1,1983,6,6,6,6,6,6,6,6,6,6
250072,1,1,1983,16,16,16,16,16,16,16,16,16,16
250073,1,1,1983,23,23,23,23,23,23,23,23,23,23
250074,0,1,1983,0,0,0,0,0,0,0,0,0,0
250074,1,1,1983,0,0,0,0,0,0,8,0,0,0
250075,1,1,1983,21,0,0,33,20,29,9,26,6,0
250077,1,1,1983,20,20,20,20,20,20,20,20,20,20
250078,0,1,1983,10,0,0,0,0,0,0,0,0,0
250078,1,1,1983,26,0,0,0,0,0,13,0,0,0
250079,0,1,1983,0,0,0,0,0,0,0,0,0,0
250079,1,1,1983,11,12,11,29,27,0,11,11,13,21
250080,0,1,1983,4,0,8,0,24,19,0,0,35,2
250080,1,1,1983,13,16,21,16,7,22,8,2,0,12
250081,1,1,1983,0,0,0,0,0,0,0,0,0,0
250081,2,1,1983,0,0,0,0,0,0,0,7,0,0
250082,1,1,1983,17,17,17,17,17,17,17,17,17,17
250082,2,1,1983,0,0,0,12,0,0,0,0,0,0
250083,0,1,1983,3,3,3,3,3,3,3,3,3,3
250083,1,1,1983,0,4,17,0,0,27,18,0,0,0
250084,1,1,1983,0,0,0,0,0,0,0,0,0,0
250085,1,1,1983,0,9,13,14,5,0,10,0,23,9
250086,1,1,1983,31,0,10,14,32,0,10,17,39,13
250087,1,1,1983,24,24,24,24,24,24,24,24,24,24
250088,1,1,1983,0,0,0,0,0,0,0,0,0,0
250088,2,1,1983,0,0,0,0,0,0,0,0,0,0
250089,1,1,1983,0,0,15,0,0,23,0,0,0,9
250090,0,1,1983,0,0,0,0,0,0,0,0,0,0
250090,1,1,1983,0,0,0,0,0,0,0,0,0,0
250091,1,1,1983,0,0,0,0,0,0,0,0,0,0
250091,2,1,1983,11,4,0,0,22,0,0,0,9,9
250092,0,1,1983,0,0,0,0,0,0,0,0,0,0
250092,1,1,1983,25,15,0,0,0,0,0,0,0,13
250093,1,1,1983,19,19,19,19,19,19,19,19,19,19
250094,1,1,1983,0,0,0,0,0,0,0,0,0,0
250095,1,1,1983,39,18,3,5,27,17,25,12,9,19
250095,2,1,1983,8,12,23,14,17,0,11,0,16,0
250096,1,1,1983,0,8,0,8,0,11,12,0,13,0
250096,2,1,1983,9,0,25,15,0,22,0,16,0,0
250097,1,1,1983,18,20,23,14,24,19,3,22,0,13
250098,1,1,1983,0,0,0,0,0,0,0,0,0,0
250098,2,1,1983,0,0,0,0,0,0,10,0,27,0
250099,0,1,1983,0,0,0,0,0,0,0,0,0,0
250099,1,1,1983,0,0,0,3,0,0,20,0,24,0
250100,1,1,1983,0,0,11,0,0,6,0,0,0,0
250100,2,1,1983,0,0,0,0,0,0,0,0,0,0
250101,0,1,1983,0,0,0,0,0,0,0,0,4,0
250101,1,1,1983,0,0,0,0,0,0,0,0,0,0
250102,1,1,1983,32,0,30,0,21,0,28,10,13,20
250102,2,1,1983,0,0,0,0,0,0,0,0,0,0
250103,1,1,1983,10,22,8,17,4,16,12,28,26,17
250104,1,1,1983,17,17,17,17,17,17,17,17,17,17
250105,1,1,1983,26,26,26,26,26,26,26,26,26,26
250106,1,1,1983,0,0,0,25,8,0,8,0,7,7
250107,1,1,1983,0,0,0,16,0,0,0,0,15,0
250108,1,1,1983,28,28,28,28,28,28,28,28,28,28
250109,1,1,1983,0,0,13,8,0,18,0,0,13,0
250110,0,1,1983,18,18,18,18,18,18,18,18,18,18
250110,1,1,1983,12,0,7,17,11,14,28,24,22,0
250111,1,1,1983,0,0,0,0,0,0,0,0,0,0
250111,2,1,1983,0,0,0,0,0,10,0,0,0,0
250111,3,1,1983,0,0,8,0,0,25,0,0,26,23
250112,1,1,1983,0,8,21,18,0,12,15,28,8,19
250113,0,1,1983,0,0,0,0,0,0,0,47,32,33
250113,1,1,1983,10,26,7,22,19,17,11,15,3,22
250114,1,1,1983,9,11,31,14,10,22,19,16,14,12
250115,1,1,1983,15,8,24,0,22,0,3,17,3,14
250115,2,1,1983,15,38,0,20,28,0,0,0,0,0
250116,1,1,1983,10,10,10,10,10,10,10,10,10,10
250116,2,1,1983,14,17,15,13,12,10,16,9,9,11
250117,1,1,1983,0,27,0,0,0,0,0,0,0,22
250117,2,1,1983,0,0,0,0,0,0,0,0,5,6
250118,0,1,1983,0,0,0,0,0,0,0,0,0,0
250118,1,1,1983,0,0,27,0,11,13,0,0,26,0
250119,1,1,1983,40,40,40,40,40,40,40,40,40,40
250120,1,1,1983,35,14,16,31,0,14,22,19,28,12
250121,0,1,1983,0,0,0,0,0,0,0,0,0,0
250121,1,1,1983,0,0,0,0,0,0,0,0,0,0
250122,1,1,1983,0,0,12,0,22,12,0,0,11,0
250123,1,1,1983,0,0,0,0,0,0,0,0,0,0
250123,2,1,1983,0,0,0,12,0,0,0,21,0,15
250124,0,1,1983,0,0,0,0,0,0,0,0,0,0
250124,1,1,1983,0,0,15,0,0,0,0,0,3,8
250125,1,1,1983,0,0,0,0,0,0,0,0,22,0
250126,1,1,1983,6,14,24,4,24,8,29,0,18,17
250127,1,1,1983,21,21,21,21,21,21,21,21,21,21
250127,2,1,1983,28,13,0,27,16,2,0,0,4,23
250128,1,1,1983,14,21,14,9,8,0,0,14,10,10
250129,0,1,1983,0,0,0,0,0,0,0,0,0,0
250129,1,1,1983,0,12,0,0,0,0,0,0,0,0
250130,1,1,1983,11,9,0,0,0,0,0,0,0,0
250130,2,1,1983,14,14,14,14,14,14,14,14,14,14
250131,1,1,1983,6,0,0,0,0,0,0,0,14,0
250131,2,1,1983,0,0,5,0,0,0,0,0,0,10
250132,0,1,1983,31,0,12,0,0,0,0,34,0,0
250132,1,1,1983,15,10,13,16,13,17,14,0,36,17
250133,1,1,1983,10,10,10,10,10,10,10,10,10,10
250134,0,1,1983,0,0,17,0,0,10,0,0,0,0
250134,1,1,1983,0,0,0,0,12,0,0,14,0,0
250135,1,1,1983,23,23,23,23,23,23,23,23,23,23
250136,1,1,1983,4,4,4,4,4,4,4,4,4,4
250137,1,1,1983,0,0,0,22,17,16,10,0,19,13
250137,2,1,1983,0,0,0,0,0,0,0,0,0,0
250138,0,1,1983,12,12,12,12,12,12,12,12,12,12
250139,0,1,1983,0,0,0,0,0,0,0,0,0,0
250139,1,1,1983,0,0,18,0,19,0,0,0,0,0
250140,1,1,1983,13,13,13,13,13,13,13,13,13,13
250141,0,1,1983,0,0,33,0,0,26,0,17,0,0
250141,1,1,1983,14,17,5,10,8,12,12,10,34,9
250142,0,1,1983,0,0,0,0,0,0,0,0,0,0
250142,1,1,1983,0,8,0,0,0,0,0,0,23,14
250143,1,1,1983,17,17,17,17,17,17,17,17,17,17
250144,1,1,1983,22,26,0,18,17,14,16,23,18,16
250145,0,1,1983,0,0,0,0,0,0,0,0,0,0
250145,1,1,1983,13,7,0,4,22,0,0,17,26,14
250146,1,1,1983,14,14,14,14,14,14,14,14,14,14
250147,1,1,1983,10,10,12,4,15,17,26,12,26,12
250148,0,1,1983,0,0,0,0,0,0,0,0,0,0
250148,1,1,1983,15,14,0,16,0,18,10,0,0,20
250149,1,1,1983,21,17,11,0,23,10,14,12,13,0
250150,1,1,1983,0,0,0,0,0,0,10,0,0,0
250150,2,1,1983,14,0,0,14,0,0,7,0,0,0
250151,1,1,1983,0,0,0,0,0,0,0,0,0,0
250151,2,1,1983,0,0,0,0,0,0,0,0,0,0
250152,1,1,1983,0,0,0,0,0,0,0,0,0,0
250152,2,1,1983,0,0,0,0,3,0,0,0,0,0
250153,0,1,1983,0,12,0,17,18,28,16,18,0,43
250153,1,1,1983,0,22,0,0,0,0,0,14,28,0
250154,1,1,1983,17,0,20,0,0,0,0,7,0,16
250154,2,1,1983,18,18,18,18,18,18,18,18,18,18
250155,0,1,1983,19,19,19,19,19,19,19,19,19,19
250155,1,1,1983,0,14,0,0,0,0,0,0,0,0
250156,1,1,1983,0,0,3,0,0,0,0,31,0,20
250157,0,1,1983,0,0,0,21,10,0,0,21,0,0
250157,1,1,1983,0,0,0,0,0,0,0,0,0,0
250158,1,1,1983,0,16,0,0,0,0,0,0,0,0
250158,2,1,1983,9,0,0,0,0,0,0,0,0,0
250161,1,1,1983,0,0,0,0,0,0,0,0,0,0
250161,2,1,1983,0,0,0,0,0,19,0,0,0,0
250162,1,1,1983,8,16,20,16,12,16,14,11,12,14
250167,1,1,1983,0,0,0,0,0,0,0,0,0,0
250167,2,1,1983,0,0,0,0,0,0,0,0,0,0
250168,1,1,1983,0,17,17,0,22,0,0,18,0,17
250170,1,1,1983,25,25,25,25,25,25,25,25,25,25
250171,1,1,1983,12,21,19,23,0,24,3,0,12,7
250172,1,1,1983,9,9,9,9,9,9,9,9,9,9
250173,1,1,1983,0,12,0,0,0,0,0,0,15,0
250174,1,1,1983,25,25,25,25,25,25,25,25,25,25
250175,0,1,1983,0,0,0,0,0,0,0,0,0,0
250175,1,1,1983,0,0,0,10,15,0,0,0,12,0
250176,0,1,1983,5,5,5,5,5,5,5,5,5,5
250176,1,1,1983,0,0,0,0,0,0,0,0,0,0
250177,0,1,1983,0,0,0,0,0,0,0,0,0,0
250177,1,1,1983,0,0,0,0,0,0,0,0,0,0
250178,1,1,1983,17,17,17,17,17,17,17,17,17,17
250179,1,1,1983,13,13,13,13,13,13,13,13,13,13
250180,1,1,1983,17,17,17,17,17,17,17,17,17,17
250181,1,1,1983,20,0,0,18,21,17,13,15,30,10
250182,1,1,1983,0,0,0,0,0,0,0,0,0,0
250183,1,1,1983,0,0,0,0,0,0,0,0,0,0
250184,1,1,1983,0,0,0,0,0,0,0,0,0,0
250184,2,1,1983,0,15,0,0,0,0,0,0,0,0
250185,1,1,1983,0,0,0,0,13,0,0,0,0,0
250185,2,1,1983,0,0,0,0,0,0,0,0,0,0
250186,1,1,1983,21,21,21,21,21,21,21,21,21,21
250186,2,1,1983,9,16,18,23,3,15,0,9,7,25
250187,1,1,1983,0,0,0,0,0,0,0,0,0,0
250187,2,1,1983,9,9,9,9,9,9,9,9,9,9
250188,1,1,1983,11,11,11,11,11,11,11,11,11,11
250188,2,1,1983,4,18,19,15,10,18,14,6,9,4
250189,1,1,1983,0,0,0,0,0,0,0,0,0,0
250189,2,1,1983,0,0,0,0,0,0,0,0,0,0
250191,1,1,1983,20,5,34,10,0,20,10,12,0,11
250192,0,1,1983,0,0,0,0,0,0,0,0,0,0
250192,1,1,1983,5,0,0,0,0,0,0,0,0,0
250193,0,1,1983,22,22,22,22,22,22,22,22,22,22
250193,1,1,1983,15,5,0,9,28,26,23,11,14,10
250194,1,1,1983,0,0,0,0,0,0,19,0,0,0
250194,2,1,1983,0,0,0,0,0,0,0,12,0,0
250195,1,1,1983,0,12,0,11,0,9,19,19,0,0
250195,2,1,1983,14,14,14,14,14,14,14,14,14,14
250196,1,1,1983,0,3,0,14,12,0,0,0,0,0
250196,2,1,1983,5,25,0,0,5,14,15,21,4,0
250197,1,1,1983,27,27,27,27,27,27,27,27,27,27
250197,2,1,1983,0,14,0,11,21,0,0,0,6,20
250198,1,1,1983,17,17,17,17,17,17,17,17,17,17
250199,1,1,1983,22,22,22,22,22,22,22,22,22,22
250199,2,1,1983,0,18,0,0,0,0,0,0,0,0
250199,3,1,1983,0,0,0,17,2,0,0,0,0,0
250200,1,1,1983,0,0,0,0,0,0,0,0,0,0
250201,1,1,1983,0,0,0,0,0,0,0,0,0,0
250201,2,1,1983,0,0,0,3,0,0,0,0,0,0
250202,0,1,1983,0,0,0,0,0,0,0,0,0,0
250202,1,1,1983,0,0,0,0,0,20,0,0,0,9
250203,1,1,1983,22,29,0,0,31,59,6,0,0,29
250204,1,1,1983,19,0,10,17,17,0,15,0,0,2
250205,1,1,1983,0,0,0,0,0,0,0,0,0,0
250206,0,1,1983,0,0,0,23,0,0,0,10,0,0
250206,1,1,1983,19,8,0,30,0,11,11,0,7,22
250207,1,1,1983,22,22,22,22,22,22,22,22,22,22
250208,1,1,1983,0,0,10,0,0,0,0,0,0,0
250208,2,1,1983,0,0,0,0,0,0,0,0,0,0
250210,1,1,1983,15,15,15,15,15,15,15,15,15,15
250211,1,1,1983,0,0,0,0,0,0,0,0,0,0
250211,2,1,1983,0,0,0,0,0,0,0,0,0,0
250211,3,1,1983,0,0,0,0,0,0,0,0,0,0
250212,0,1,1983,0,0,0,0,0,0,0,0,0,0
250212,1,1,1983,0,0,0,0,0,0,0,0,20,0
250213,0,1,1983,0,0,0,0,0,0,0,0,0,0
250213,1,1,1983,0,6,0,0,5,15,0,5,20,0
250214,0,1,1983,0,20,0,0,12,0,24,27,23,26
250214,1,1,1983,0,6,0,0,0,15,0,0,9,0
250215,1,1,1983,15,15,15,15,15,15,15,15,15,15
250216,1,1,1983,16,11,5,22,20,41,11,18,6,19
250217,1,1,1983,0,0,0,21,32,0,13,36,29,28
250218,1,1,1983,0,0,0,0,0,0,0,0,0,0
250219,1,1,1983,0,0,0,0,0,0,0,0,0,0
250219,2,1,1983,0,0,0,0,0,0,0,0,0,0
250220,1,1,1983,0,0,0,0,0,0,0,0,0,0
250220,2,1,1983,0,0,0,0,0,0,0,0,0,0
250220,3,1,1983,0,0,0,0,0,0,0,0,0,0
250220,4,1,1983,0,0,0,0,0,0,0,0,0,0
250221,1,1,1983,18,18,18,18,18,18,18,18,18,18
250222,1,1,1983,2,7,0,14,0,16,0,9,0,3
250223,0,1,1983,18,18,18,18,18,18,18,18,18,18
250223,1,1,1983,0,0,6,0,0,0,0,0,14,21
250224,1,1,1983,5,5,5,5,5,5,5,5,5,5
250225,1,1,1983,0,0,0,0,0,0,0,0,0,0
250225,2,1,1983,23,0,0,13,0,0,0,0,0,0
250226,1,1,1983,5,5,5,5,5,5,5,5,5,5
250226,2,1,1983,0,0,0,24,0,0,0,0,0,0
250226,3,1,1983,0,15,6,13,14,0,16,8,8,7
250227,1,1,1983,22,22,22,22,22,22,22,22,22,22
250228,1,1,1983,17,17,17,17,17,17,17,17,17,17
250229,1,1,1983,17,17,14,10,0,30,10,29,28,0
250230,1,1,1983,16,10,14,14,13,11,10,19,6,23
250231,1,1,1983,30,30,30,30,30,30,30,30,30,30
250231,2,1,1983,11,16,0,0,0,0,9,22,22,6
250232,1,1,1983,0,18,0,11,0,19,2,13,6,0
250232,2,1,1983,26,22,11,11,27,16,16,8,12,15
250233,1,1,1983,0,0,0,0,0,0,0,0,0,0
250234,1,1,1983,0,0,0,0,0,0,0,0,0,0
250234,2,1,1983,0,0,0,0,0,0,0,0,0,0
250235,1,1,1983,0,6,6,0,0,0,10,0,0,0
250235,2,1,1983,0,11,0,0,30,16,4,26,20,13
250236,1,1,1983,20,20,20,20,20,20,20,20,20,20
250237,0,1,1983,56,56,56,56,56,56,56,56,56,56
250237,1,1,1983,0,0,0,0,0,0,0,0,0,0
250238,0,1,1983,16,0,0,0,0,0,0,0,0,0
250238,1,1,1983,12,12,0,0,13,12,11,15,7,10
250239,1,1,1983,0,0,0,30,34,0,0,0,22,0
250239,2,1,1983,0,0,0,0,0,0,0,0,0,0
250240,1,1,1983,0,18,18,11,14,20,12,12,0,17
250240,2,1,1983,15,0,26,0,0,0,13,0,0,6
250241,1,1,1983,0,10,18,0,15,0,0,0,0,0
250241,2,1,1983,22,22,22,22,22,22,22,22,22,22
250242,1,1,1983,12,0,15,4,34,21,16,15,5,8
250242,2,1,1983,3,3,3,3,3,3,3,3,3,3
250242,3,1,1983,5,20,0,0,18,0,14,0,6,10
250243,1,1,1983,24,21,13,13,25,13,21,7,0,24
250243,2,1,1983,0,13,0,4,0,0,0,0,0,20
250244,1,1,1983,31,14,13,24,10,17,10,11,14,31
250245,1,1,1983,16,16,16,16,16,16,16,16,16,16
250246,1,1,1983,0,0,0,0,0,0,11,0,0,8
250247,1,1,1983,13,0,0,0,0,13,0,0,9,16
250247,2,1,1983,0,0,0,0,0,0,0,0,0,0
250248,0,1,1983,0,0,0,0,0,0,0,0,0,0
250248,1,1,1983,18,0,0,0,5,0,0,0,0,0
250249,0,1,1983,0,0,0,0,0,0,0,0,0,0
250249,1,1,1983,0,0,0,0,6,0,0,0,0,0
250250,1,1,1983,0,0,0,0,0,0,0,0,0,0
250251,0,1,1983,0,22,0,0,0,0,0,0,0,0
250251,1,1,1983,13,0,0,0,0,0,10,0,0,0
250252,1,1,1983,0,0,0,0,0,0,0,0,0,0
250252,2,1,1983,0,0,0,0,0,0,9,23,0,0
250253,1,1,1983,0,0,0,0,24,0,0,0,0,0
250253,2,1,1983,0,0,0,0,0,0,0,0,0,0
250254,1,1,1983,18,15,10,15,15,10,16,11,8,11
250255,0,1,1983,21,10,43,41,34,21,0,34,8,0
250255,0,2,1983,13,13,13,13,13,13,13,13,13,13
250255,1,1,1983,5,8,17,25,11,19,17,17,24,11
250256,0,1,1983,0,0,0,0,0,0,0,0,0,0
250256,1,1,1983,0,0,25,0,23,17,0,21,0,0
250257,0,1,1983,0,0,0,0,0,0,0,0,0,0
250257,1,1,1983,0,9,0,0,0,0,0,0,0,0
250258,1,1,1983,7,7,7,9,8,8,7,8,19,12
250259,1,1,1983,5,5,5,5,5,5,5,5,5,5
250260,1,1,1983,25,5,7,0,0,12,31,12,25,7
250261,1,1,1983,22,22,22,22,22,22,22,22,22,22
250263,1,1,1983,23,23,23,23,23,23,23,23,23,23
250264,1,1,1983,17,17,17,17,17,17,17,17,17,17
250265,1,1,1983,14,14,14,14,14,14,14,14,14,14
250266,1,1,1983,10,0,0,16,22,0,0,0,0,14
250266,2,1,1983,22,22,22,22,22,22,22,22,22,22
250267,1,1,1983,0,0,0,0,0,0,0,0,0,0
250267,2,1,1983,0,0,0,0,0,0,0,0,0,0
250268,1,1,1983,0,0,0,0,0,0,0,0,0,0
250268,2,1,1983,21,0,14,0,0,0,8,0,0,0
250269,1,1,1983,12,12,12,12,12,12,12,12,12,12
250270,1,1,1983,22,13,26,25,0,0,28,20,40,24
250270,2,1,1983,11,23,10,0,0,14,17,15,23,0
250270,3,1,1983,0,0,14,0,4,0,0,0,0,0
250271,1,1,1983,0,0,0,0,0,0,0,0,0,0
250271,2,1,1983,14,0,14,0,11,0,0,0,6,5
250272,1,1,1983,23,23,23,23,23,23,23,23,23,23
250273,0,1,1983,0,0,0,0,0,0,29,0,0,0
250273,1,1,1983,0,11,0,0,0,0,0,0,0,0
250274,1,1,1983,6,0,0,15,24,17,0,19,0,0
250274,2,1,1983,0,0,0,0,0,0,0,0,0,0
250276,0,1,1983,0,0,0,0,0,0,0,0,0,0
250276,1,1,1983,0,0,0,0,0,0,0,0,0,0
250277,0,1,1983,0,0,0,0,23,36,0,0,0,0
250277,0,2,1983,23,0,23,15,0,19,0,8,30,15
250277,0,3,1983,0,0,36,28,0,0,0,0,7,0
250277,1,1,1983,0,0,0,0,10,0,8,0,5,0
250278,1,1,1983,13,13,13,13,13,13,13,13,13,13
250279,1,1,1983,0,0,0,20,19,10,6,8,12,30
250280,1,1,1983,25,25,25,25,25,25,25,25,25,25
250281,1,1,1983,7,19,15,15,20,14,16,9,10,8
250282,0,1,1983,5,5,5,5,5,5,5,5,5,5
250282,1,1,1983,22,0,10,3,0,0,0,0,26,0
250283,1,1,1983,0,0,0,9,0,0,0,0,17,22
250284,1,1,1983,0,0,0,0,0,0,0,0,0,0
250284,2,1,1983,30,0,11,0,0,0,0,0,0,0
250285,1,1,1983,0,10,0,0,13,0,0,0,0,0
250285,2,1,1983,0,9,14,0,0,0,0,0,7,0
250286,1,1,1983,0,0,0,0,0,0,0,0,0,0
250288,0,1,1983,0,0,0,0,0,0,0,0,0,0
250288,1,1,1983,7,0,9,17,8,16,0,0,31,10
250289,1,1,1983,0,0,0,0,0,0,0,0,0,0
250290,0,1,1983,0,0,0,0,0,0,0,0,0,0
250290,1,1,1983,0,14,0,12,14,0,0,0,0,0
250290,2,1,1983,0,32,0,0,0,0,13,24,0,10
250291,1,1,1983,19,0,0,0,0,17,9,0,5,9
250291,2,1,1983,12,0,0,0,0,0,10,0,0,15
250292,1,1,1983,19,19,19,19,19,19,19,19,19,19
250292,2,1,1983,20,28,0,14,26,0,28,0,0,6
250293,1,1,1983,24,24,24,24,24,24,24,24,24,24