ST_CASE,VEH_NO,PER_NO,YEAR,P1,P2,P3,P4,P5,P6,P7,P8,P9,P10
250293,2,1,1983,0,0,0,0,0,0,0,0,0,0
250294,1,1,1983,5,2,16,7,23,14,6,4,7,0
250294,2,1,1983,0,0,0,9,0,0,0,0,0,12
250294,3,1,1983,0,0,0,0,0,0,0,0,0,0
250295,1,1,1983,16,31,17,23,11,4,25,25,0,14
250296,0,1,1983,0,0,0,0,0,0,0,0,0,0
250296,1,1,1983,0,7,0,0,0,0,0,0,0,0
250297,0,1,1983,0,0,0,0,0,0,0,0,0,0
250297,1,1,1983,0,0,20,0,9,0,0,0,0,0
250298,1,1,1983,23,23,23,23,23,23,23,23,23,23
250299,0,1,1983,0,0,0,5,0,20,48,46,18,19
250299,1,1,1983,22,28,23,8,25,15,27,13,21,5
250300,1,1,1983,22,22,22,22,22,22,22,22,22,22
250301,1,1,1983,1,1,1,1,1,1,1,1,1,1
250302,1,1,1983,11,11,11,11,11,11,11,11,11,11
250302,2,1,1983,12,14,11,12,0,22,14,0,16,18
250303,0,1,1983,14,0,0,11,2,41,25,0,0,20
250303,0,2,1983,14,20,26,12,37,38,23,19,11,18
250303,1,1,1983,21,23,0,7,0,0,0,20,0,0
250304,1,1,1983,20,0,0,19,31,17,31,13,11,0
250304,2,1,1983,0,0,0,0,0,0,0,0,0,0
250305,0,1,1983,0,0,0,0,0,0,0,0,0,0
250305,1,1,1983,0,18,0,0,26,0,13,0,0,20
250306,1,1,1983,0,0,0,0,0,0,0,0,0,0
250307,0,1,1983,31,0,19,20,0,0,0,0,0,0
250307,1,1,1983,0,0,23,11,13,14,19,9,0,16
250308,1,1,1983,10,13,11,14,9,16,9,18,4,18
250309,1,1,1983,0,22,0,0,26,0,19,14,0,0
250310,1,1,1983,14,14,14,14,14,14,14,14,14,14
250311,0,1,1983,0,0,0,0,0,0,0,0,0,0
250311,1,1,1983,37,15,18,5,13,0,18,34,15,24
250312,1,1,1983,11,21,10,9,5,24,15,28,24,22
250313,0,1,1983,0,0,0,0,0,0,0,0,0,0
250313,1,1,1983,26,24,0,19,19,16,18,0,27,19
250314,1,1,1983,20,23,0,20,26,13,10,9,13,12
250315,1,1,1983,0,15,21,25,0,0,0,18,0,16
250316,1,1,1983,19,19,19,19,19,19,19,19,19,19
250317,1,1,1983,14,9,0,0,15,0,0,0,15,0
250318,1,1,1983,0,0,0,0,0,0,0,0,0,0
250319,0,1,1983,0,0,0,0,0,0,0,0,0,0
250319,1,1,1983,13,0,0,0,0,0,0,14,0,0
250320,1,1,1983,0,26,20,0,16,0,14,0,0,9
250320,2,1,1983,0,7,0,0,0,0,11,0,23,8
250321,1,1,1983,0,0,0,0,0,0,0,0,0,0
250321,2,1,1983,0,0,0,0,0,0,7,0,0,0
250322,1,1,1983,0,5,0,0,0,0,0,0,0,0
250322,2,1,1983,14,0,0,0,15,0,31,0,0,17
250323,1,1,1983,0,0,0,0,0,15,0,0,0,0
250323,2,1,1983,0,0,0,0,0,0,0,0,0,0
250324,1,1,1983,19,19,19,19,19,19,19,19,19,19
250325,0,1,1983,14,0,8,0,0,13,0,0,22,23
250325,1,1,1983,11,11,11,11,11,11,11,11,11,11
250326,1,1,1983,10,10,10,10,10,10,10,10,10,10
250327,1,1,1983,0,0,0,0,0,0,0,0,0,0
250327,2,1,1983,0,0,0,0,0,0,0,0,0,0
250328,1,1,1983,17,17,17,17,17,17,17,17,17,17
250329,0,1,1983,12,22,14,7,0,13,6,0,8,11
250329,0,2,1983,0,0,0,0,0,0,0,0,0,0
250329,1,1,1983,0,4,8,21,0,9,6,7,0,13
250330,0,1,1983,6,20,0,0,12,46,17,20,0,0
250330,1,1,1983,0,0,0,33,0,28,0,0,0,0
250332,1,1,1983,0,0,0,0,0,0,0,0,0,0
250332,2,1,1983,0,0,10,10,12,0,12,0,0,19
250333,1,1,1983,0,0,0,0,0,0,0,0,0,0
250333,2,1,1983,0,0,0,0,0,0,0,0,0,0
250334,1,1,1983,0,0,0,0,0,0,0,0,0,0
250334,2,1,1983,0,0,0,0,0,0,0,0,0,0
250335,1,1,1983,8,18,27,15,16,16,13,15,0,12
250336,1,1,1983,0,10,16,0,0,0,0,22,24,0
250336,2,1,1983,0,0,0,0,0,0,0,0,0,0
250337,1,1,1983,42,11,38,21,11,19,0,40,25,0
250338,1,1,1983,27,4,16,5,19,0,19,9,3,0
250339,1,1,1983,0,16,0,29,0,0,0,0,0,0
250339,2,1,1983,0,0,0,0,0,0,0,0,0,0
250340,1,1,1983,9,9,9,9,9,9,9,9,9,9
250341,1,1,1983,22,22,25,7,23,22,11,17,15,16
250341,2,1,1983,22,11,0,0,0,17,24,13,0,6
250341,3,1,1983,19,0,0,0,8,0,0,0,0,0
250342,1,1,1983,0,0,0,0,0,0,0,0,0,0
250342,2,1,1983,0,0,0,0,0,0,0,0,0,0
250342,3,1,1983,0,0,5,0,17,3,0,0,0,0
250343,1,1,1983,8,12,6,11,11,15,11,5,12,0
250343,2,1,1983,15,31,15,20,24,12,0,9,0,0
250343,3,1,1983,0,10,8,10,16,23,22,8,10,0
250343,4,1,1983,17,28,13,11,0,0,17,0,3,22
250343,5,1,1983,0,11,0,0,0,0,0,0,0,0
250344,0,1,1983,0,0,0,0,0,0,0,0,0,0
250344,1,1,1983,0,0,0,0,0,30,19,0,5,0
250344,2,1,1983,0,0,6,0,0,0,11,0,12,24
250345,1,1,1983,18,18,18,18,18,18,18,18,18,18
250346,0,1,1983,16,16,16,16,16,16,16,16,16,16
250346,1,1,1983,0,23,0,0,0,0,0,5,0,0
250347,1,1,1983,0,0,0,8,0,13,0,0,0,0
250347,2,1,1983,0,0,11,13,9,12,14,0,14,0
250348,1,1,1983,14,10,13,3,7,6,0,10,7,10
250348,2,1,1983,14,0,25,11,0,0,13,14,9,0
250349,1,1,1983,0,24,39,23,0,24,0,17,15,14
250349,2,1,1983,9,21,0,19,0,0,8,0,27,3
250350,1,1,1983,14,18,6,0,17,20,13,14,0,14
250350,2,1,1983,12,20,3,14,19,0,11,0,14,14
250351,1,1,1983,0,0,0,0,0,0,0,0,0,0
250351,2,1,1983,0,0,0,0,0,0,0,0,0,0
250352,1,1,1983,0,0,5,0,0,0,13,0,7,0
250352,2,1,1983,11,11,11,11,11,11,11,11,11,11
250353,0,1,1983,0,0,0,10,0,0,0,0,0,0
250353,1,1,1983,0,0,0,0,0,0,0,0,0,0
250354,1,1,1983,6,9,11,13,16,16,11,20,16,15
250354,2,1,1983,0,0,0,0,0,0,0,0,0,0
250355,1,1,1983,0,0,0,0,0,0,0,0,0,0
250355,2,1,1983,0,0,0,0,0,0,0,0,0,0
250356,0,1,1983,0,0,0,0,0,0,0,0,0,0
250356,1,1,1983,0,0,0,0,0,0,0,0,0,0
250357,1,1,1983,0,0,0,0,0,0,0,0,0,0
250357,2,1,1983,0,0,0,0,0,0,0,0,0,0
250358,1,1,1983,0,0,0,6,0,0,0,11,0,0
250358,2,1,1983,0,0,0,0,0,0,0,10,19,0
250359,1,1,1983,0,0,0,0,0,0,0,0,0,0
250359,2,1,1983,0,0,25,0,0,8,0,0,0,18
250360,1,1,1983,0,0,0,0,0,0,0,0,0,0
250360,2,1,1983,0,0,0,0,0,0,0,0,0,0
250361,0,1,1983,0,29,0,13,0,0,0,0,20,27
250361,1,1,1983,13,16,18,18,10,14,15,31,18,15
250362,1,1,1983,19,19,13,21,9,23,5,6,6,15
250362,2,1,1983,0,17,24,0,0,0,0,15,5,0
250363,0,1,1983,0,0,0,0,0,0,0,0,0,0
250363,1,1,1983,0,0,0,0,0,0,0,0,0,0
250364,1,1,1983,0,0,0,0,0,0,0,0,0,0
250364,2,1,1983,23,0,0,0,0,0,0,0,0,8
250365,1,1,1983,9,9,9,9,9,9,9,9,9,9
250366,1,1,1983,14,14,14,14,14,14,14,14,14,14
250367,1,1,1983,16,16,16,16,16,16,16,16,16,16
250368,0,1,1983,0,0,0,0,0,0,0,0,0,0
250368,1,1,1983,19,0,26,0,0,0,24,0,11,0
250369,1,1,1983,3,3,3,3,3,3,3,3,3,3
250370,1,1,1983,0,0,0,0,0,0,0,0,0,0
250371,1,1,1983,29,21,0,30,27,0,0,15,0,0
250372,1,1,1983,2,2,2,2,2,2,2,2,2,2
250373,1,1,1983,10,8,12,3,10,26,0,10,22,20
250374,1,1,1983,10,10,10,10,10,10,10,10,10,10
250375,0,1,1983,0,0,0,0,0,0,0,0,0,0
250375,1,1,1983,0,0,0,10,0,0,0,0,0,0
250376,1,1,1983,9,9,9,9,9,9,9,9,9,9
250376,2,1,1983,11,0,18,0,0,18,6,0,0,16
250377,1,1,1983,0,0,0,0,0,0,0,0,0,0
250377,2,1,1983,0,0,0,0,0,0,0,0,0,0
250378,1,1,1983,8,8,8,8,8,8,8,8,8,8
250378,2,1,1983,15,9,4,22,0,0,15,0,0,13
250378,3,1,1983,0,0,11,0,13,0,0,0,0,0
250379,1,1,1983,0,0,0,0,0,0,0,0,0,0
250379,2,1,1983,0,0,0,0,0,0,0,0,0,0
250380,1,1,1983,0,0,0,0,0,0,0,0,0,0
250381,1,1,1983,14,14,14,14,14,14,14,14,14,14
250381,2,1,1983,0,0,0,0,0,0,0,0,0,0
250382,1,1,1983,14,0,15,0,8,12,8,0,0,0
250382,2,1,1983,7,0,18,0,0,0,0,0,0,0
250383,1,1,1983,20,20,20,20,20,20,20,20,20,20
250383,2,1,1983,0,0,0,0,0,0,0,0,0,0
250384,0,1,1983,7,14,11,9,26,16,39,0,22,16
250384,1,1,1983,0,0,17,3,0,0,14,0,6,0
250384,2,1,1983,0,0,0,0,11,10,0,0,0,0
250385,1,1,1983,5,5,5,5,5,5,5,5,5,5
250386,1,1,1983,23,16,9,11,10,15,16,9,21,5
250387,0,1,1983,0,0,0,0,0,0,0,0,0,0
250387,1,1,1983,0,30,0,0,0,0,0,0,0,0
250388,1,1,1983,13,13,13,13,13,13,13,13,13,13
250389,1,1,1983,0,0,0,0,0,0,0,0,0,0
250390,1,1,1983,28,0,27,14,12,10,21,11,10,20
250391,0,1,1983,6,6,6,6,6,6,6,6,6,6
250391,1,1,1983,7,21,12,0,0,0,0,23,0,0
250392,1,1,1983,12,12,12,12,12,12,12,12,12,12
250393,1,1,1983,1,18,22,0,0,0,17,0,0,22
250394,1,1,1983,0,16,0,0,0,0,0,20,33,0
250395,1,1,1983,23,23,23,23,23,23,23,23,23,23
250396,0,1,1983,0,0,0,0,0,0,0,0,0,0
250396,1,1,1983,12,16,0,7,11,24,0,29,16,0
250397,0,1,1983,0,0,0,0,0,0,0,0,0,0
250397,1,1,1983,10,0,4,1,0,0,9,12,0,6
250398,1,1,1983,0,0,0,0,0,0,0,0,0,0
250399,1,1,1983,9,0,0,0,0,0,18,13,0,0
250399,2,1,1983,0,0,0,0,0,0,0,13,0,0
250400,1,1,1983,0,0,0,0,0,0,0,0,0,0
250401,0,1,1983,0,0,0,0,16,0,0,0,0,0
250401,1,1,1983,15,0,0,20,0,0,0,0,0,0
250402,1,1,1983,22,22,22,22,22,22,22,22,22,22
250403,1,1,1983,15,15,15,15,15,15,15,15,15,15
250404,1,1,1983,11,11,11,11,11,11,11,11,11,11
250404,2,1,1983,0,0,0,0,0,0,15,0,0,25
250404,3,1,1983,0,9,0,26,10,0,0,0,0,0
250405,1,1,1983,0,0,0,0,0,0,0,0,0,0
250406,1,1,1983,0,0,0,0,0,0,0,0,0,11
250407,1,1,1983,12,10,14,11,5,18,22,12,14,9
250408,1,1,1983,0,0,29,0,18,0,0,0,0,0
250409,1,1,1983,0,0,0,0,0,20,0,0,0,0
250410,1,1,1983,24,18,10,7,0,21,13,17,15,23
250411,1,1,1983,0,0,0,0,8,4,0,0,0,0
250411,2,1,1983,0,0,17,0,0,0,0,0,0,0
250412,1,1,1983,0,0,0,0,0,0,0,0,0,0
250412,2,1,1983,36,21,21,38,25,17,15,11,21,22
250413,0,1,1983,0,0,0,0,4,0,0,0,0,0
250413,1,1,1983,0,0,0,0,0,0,0,0,0,0
250414,1,1,1983,25,14,14,17,15,6,16,12,16,36
250415,1,1,1983,6,6,6,6,6,6,6,6,6,6
250416,1,1,1983,20,11,22,13,20,20,32,24,30,27
250417,1,1,1983,12,12,12,12,12,12,12,12,12,12
250418,1,1,1983,0,0,0,0,0,0,0,0,0,0
250418,2,1,1983,8,12,0,8,21,0,0,0,0,0
250419,0,1,1983,0,0,0,0,19,0,0,25,0,0
250419,1,1,1983,0,0,0,0,0,0,0,0,0,0
250420,1,1,1983,25,0,0,0,0,0,0,0,19,0
250420,2,1,1983,13,13,13,13,13,13,13,13,13,13
250421,1,1,1983,10,10,10,10,10,10,10,10,10,10
250422,1,1,1983,12,12,12,12,12,12,12,12,12,12
250423,0,1,1983,0,0,0,0,0,0,0,0,0,0
250423,1,1,1983,0,0,0,0,0,0,0,0,0,0
250424,1,1,1983,0,28,15,33,4,0,20,35,16,23
250425,0,1,1983,2,2,2,2,2,2,2,2,2,2
250425,1,1,1983,0,0,0,0,13,0,0,0,0,0
250426,1,1,1983,12,12,12,12,12,12,12,12,12,12
250427,0,1,1983,0,0,0,0,0,0,0,0,0,0
250427,1,1,1983,0,0,0,9,0,0,0,0,0,10
250428,1,1,1983,8,8,8,8,8,8,8,8,8,8
250429,1,1,1983,8,8,8,8,8,8,8,8,8,8
250430,1,1,1983,10,14,7,9,0,12,10,25,17,20
250431,1,1,1983,12,12,12,12,12,12,12,12,12,12
250432,0,1,1983,19,19,19,19,19,19,19,19,19,19
250432,1,1,1983,0,0,0,0,11,0,0,0,0,0
250433,1,1,1983,10,10,10,10,10,10,10,10,10,10
250434,1,1,1983,0,26,7,0,22,26,11,0,0,14
250435,1,1,1983,21,21,21,21,21,21,21,21,21,21
250436,0,1,1983,14,14,14,14,14,14,14,14,14,14
250436,1,1,1983,3,28,18,14,0,0,0,8,11,2
250437,0,1,1983,0,34,22,0,28,0,0,12,12,0
250437,1,1,1983,16,27,0,5,8,8,0,4,22,27
250438,0,1,1983,26,0,0,0,0,16,26,45,0,0
250438,1,1,1983,6,0,0,0,0,29,0,0,0,13
250439,1,1,1983,13,15,6,5,17,27,21,6,16,13
250440,1,1,1983,16,16,16,16,16,16,16,16,16,16
250441,0,1,1983,28,28,28,28,28,28,28,28,28,28
250441,1,1,1983,0,0,0,0,11,0,0,0,29,10
250442,0,1,1983,0,0,0,0,0,0,0,0,0,0
250442,1,1,1983,0,0,0,0,0,18,0,0,0,0
250443,0,1,1983,0,0,0,0,0,0,0,0,0,0
250443,1,1,1983,18,5,22,17,14,16,7,0,10,14
250444,1,1,1983,26,17,17,6,17,11,17,18,14,16
250445,0,1,1983,0,0,0,0,0,0,0,0,0,0
250445,1,1,1983,0,0,0,15,16,0,0,0,0,0
250446,1,1,1983,9,21,14,10,7,12,21,21,18,16
250447,1,1,1983,24,24,24,24,24,24,24,24,24,24
250448,1,1,1983,18,18,0,0,12,0,18,0,0,0
250449,0,1,1983,0,0,35,17,0,31,20,2,0,30
250449,1,1,1983,20,26,0,0,0,0,0,13,0,0
250450,0,1,1983,21,11,0,0,0,0,0,0,22,28
250450,1,1,1983,0,0,11,0,0,15,8,5,8,17
250451,1,1,1983,0,0,0,7,25,4,0,0,0,0
250451,2,1,1983,30,30,30,30,30,30,30,30,30,30
250452,1,1,1983,18,8,20,16,0,24,19,17,30,9
250453,1,1,1983,22,22,22,22,22,22,22,22,22,22
250454,1,1,1983,8,8,8,8,8,8,8,8,8,8
250455,1,1,1983,0,0,0,0,0,0,0,0,0,0
250456,1,1,1983,20,25,9,11,15,12,11,15,27,20
250456,2,1,1983,0,0,0,0,0,0,0,0,0,0
250457,0,1,1983,39,0,0,0,22,32,0,0,0,19
250457,1,1,1983,0,0,10,12,0,0,0,11,26,0
250458,1,1,1983,0,0,0,0,0,0,15,15,0,0
250458,2,1,1983,7,0,21,0,18,9,0,0,5,0
250459,1,1,1983,0,0,0,0,0,0,0,0,0,0
250459,2,1,1983,0,0,0,0,0,0,0,0,0,10
250460,1,1,1983,0,0,0,0,0,11,10,0,0,0
250460,2,1,1983,0,0,0,0,0,0,0,0,0,0
250461,1,1,1983,0,0,0,0,0,0,0,0,0,0
250461,2,1,1983,26,0,0,0,0,0,0,8,0,17
250462,1,1,1983,20,20,20,20,20,20,20,20,20,20
250462,2,1,1983,20,11,8,16,6,21,24,9,26,14
250463,1,1,1983,0,0,0,0,0,0,0,0,0,0
250463,2,1,1983,0,0,0,0,0,0,0,0,0,0
250464,1,1,1983,0,0,0,0,0,0,0,0,0,0
250464,2,1,1983,0,0,0,21,0,13,0,0,0,0
250464,3,1,1983,0,0,0,0,0,0,0,0,0,0
250465,0,1,1983,7,7,7,7,7,7,7,7,7,7
250465,1,1,1983,0,0,0,0,0,0,29,18,0,0
250466,1,1,1983,0,0,0,16,16,0,0,0,0,0
250466,2,1,1983,2,0,0,13,16,0,0,0,0,10
250466,3,1,1983,0,0,0,0,0,0,0,0,0,0
250467,1,1,1983,0,0,0,20,15,0,0,0,0,0
250467,2,1,1983,0,0,0,0,0,0,0,0,0,0
250468,0,1,1983,0,0,0,0,0,0,0,0,0,0
250468,1,1,1983,0,0,0,0,9,11,16,0,0,7
250469,1,1,1983,20,20,20,20,20,20,20,20,20,20
250470,1,1,1983,3,5,9,9,9,19,14,11,6,10
250471,1,1,1983,19,0,13,0,12,23,11,20,0,19
250471,2,1,1983,10,10,10,10,10,10,10,10,10,10
250472,1,1,1983,0,0,0,0,0,0,0,0,0,0
250472,2,1,1983,0,0,0,0,0,0,0,0,0,0
250473,1,1,1983,0,0,0,0,0,0,0,0,0,0
250473,2,1,1983,0,0,0,0,0,0,10,0,0,0
250474,0,1,1983,0,0,0,0,0,0,0,0,0,0
250474,1,1,1983,0,0,0,0,0,0,0,0,0,0
250475,0,1,1983,22,0,0,0,0,0,0,0,0,0
250475,1,1,1983,0,0,0,0,0,0,0,0,0,0
250476,1,1,1983,0,0,0,10,0,0,0,0,0,0
250476,2,1,1983,0,0,0,0,0,0,0,0,0,0
250477,1,1,1983,16,16,16,16,16,16,16,16,16,16
250477,2,1,1983,0,0,0,0,0,0,0,0,0,0
250478,0,1,1983,7,0,0,0,0,0,0,0,0,0
250478,1,1,1983,0,0,0,0,0,0,0,0,0,0
250479,1,1,1983,4,13,19,16,9,12,8,12,0,6
250480,1,1,1983,0,0,21,4,25,0,7,11,21,13
250481,1,1,1983,0,0,0,0,0,0,0,0,0,0
250482,1,1,1983,49,49,49,49,49,49,49,49,49,49
250482,2,1,1983,0,0,0,0,0,0,0,0,0,0
250483,0,1,1983,0,0,0,0,0,0,12,0,0,0
250483,1,1,1983,0,0,0,0,0,0,0,0,0,0
250484,0,1,1983,0,8,0,12,33,0,16,0,0,0
250484,0,2,1983,0,33,9,0,0,0,13,0,0,0
250484,1,1,1983,6,23,22,14,21,20,21,19,5,15
250485,1,1,1983,0,0,0,0,0,0,0,0,0,0
250485,2,1,1983,0,0,0,0,0,0,0,0,0,0
250486,1,1,1983,0,0,0,0,0,0,0,0,0,0
250487,1,1,1983,0,14,0,0,0,0,0,0,0,0
250487,2,1,1983,3,3,3,3,3,3,3,3,3,3
250488,1,1,1983,5,5,5,5,5,5,5,5,5,5
250489,1,1,1983,0,0,0,0,0,0,5,0,0,0
250490,1,1,1983,27,10,8,14,10,19,15,9,25,14
250491,1,1,1983,0,13,5,27,22,11,0,19,0,0
250491,2,1,1983,0,16,10,18,0,0,4,0,9,5
250491,3,1,1983,0,0,0,0,17,0,0,0,0,0
250494,0,1,1983,20,0,0,0,0,0,0,0,0,0
250494,1,1,1983,0,0,0,0,0,0,0,0,0,0
250495,1,1,1983,14,14,14,14,14,14,14,14,14,14
250495,2,1,1983,0,0,0,5,0,0,0,0,26,0
250496,1,1,1983,19,19,19,19,19,19,19,19,19,19
250497,1,1,1983,21,24,12,12,16,10,10,25,13,9
250498,1,1,1983,12,12,12,12,12,12,12,12,12,12
250499,0,1,1983,0,36,0,37,0,0,25,31,0,0
250499,1,1,1983,0,0,0,0,0,0,0,0,0,0
250500,0,1,1983,0,0,0,0,0,0,0,0,0,0
250500,1,1,1983,10,11,0,10,0,17,15,0,13,0
250501,1,1,1983,0,0,0,0,0,0,0,0,0,0
250502,0,1,1983,0,0,0,0,0,0,0,0,0,0
250502,1,1,1983,0,0,0,0,0,0,0,0,0,0
250503,1,1,1983,8,0,14,0,0,17,27,0,10,0
250503,2,1,1983,0,0,0,0,0,0,0,0,0,0
250504,1,1,1983,0,0,0,0,0,0,0,0,0,0
250505,0,1,1983,0,0,0,0,0,0,0,0,0,0
250505,1,1,1983,0,0,0,0,0,0,0,0,0,0
250506,1,1,1983,4,4,4,4,4,4,4,4,4,4
250506,2,1,1983,0,0,0,0,0,0,0,0,0,0
250507,0,1,1983,15,0,0,0,0,0,0,0,0,14
250507,1,1,1983,0,0,0,0,0,0,0,0,0,0
250508,1,1,1983,16,16,16,16,16,16,16,16,16,16
250509,1,1,1983,12,12,12,12,12,12,12,12,12,12
250510,1,1,1983,11,0,0,0,31,0,0,0,0,0
250510,2,1,1983,0,0,0,0,0,0,0,0,0,0
250511,1,1,1983,0,0,0,0,0,0,0,0,0,0
250511,2,1,1983,0,0,0,0,0,0,0,0,0,0
250512,1,1,1983,0,0,0,0,0,0,0,0,0,0
250512,2,1,1983,5,13,0,0,19,17,15,22,0,0
250513,1,1,1983,15,15,15,15,15,15,15,15,15,15
250513,2,1,1983,0,0,0,5,13,29,9,0,36,23
250514,1,1,1983,14,24,0,32,21,15,0,31,18,13
250515,1,1,1983,10,10,10,10,10,10,10,10,10,10
250516,1,1,1983,2,2,2,2,2,2,2,2,2,2
250517,0,1,1983,0,0,0,0,0,0,0,0,0,0
250517,1,1,1983,0,0,0,0,2,0,0,0,15,0
250518,1,1,1983,11,11,11,11,11,11,11,11,11,11
250518,2,1,1983,0,0,18,0,11,17,0,4,0,0
250518,3,1,1983,0,0,0,0,0,0,0,0,0,0
250519,0,1,1983,0,0,0,0,0,0,0,0,0,10
250519,1,1,1983,39,18,16,0,15,24,5,27,0,0
250520,1,1,1983,17,10,0,0,0,0,0,0,0,0
250520,2,1,1983,0,0,0,0,0,0,0,0,0,0
250520,3,1,1983,0,0,0,13,0,25,0,0,18,0
250521,0,1,1983,0,0,0,0,0,0,0,0,0,0
250521,1,1,1983,0,17,0,16,0,16,0,0,0,7
250522,0,1,1983,0,0,0,0,0,0,0,0,0,0
250522,0,2,1983,0,0,0,0,0,0,0,0,0,0
250522,1,1,1983,0,0,0,0,0,0,0,0,0,0
250523,0,1,1983,22,11,8,4,17,0,0,0,11,23
250523,1,1,1983,0,13,0,6,21,0,28,0,19,13
250525,1,1,1983,0,0,18,18,0,15,25,9,0,9
250526,1,1,1983,2,2,2,2,2,2,2,2,2,2
250527,1,1,1983,27,0,0,0,23,0,15,0,0,0
250528,1,1,1983,13,26,0,0,9,0,0,4,0,25
250529,1,1,1983,16,16,16,16,16,16,16,16,16,16
250530,1,1,1983,15,15,15,15,15,15,15,15,15,15
250531,0,1,1983,29,29,29,29,29,29,29,29,29,29
250531,1,1,1983,0,0,0,0,0,0,0,0,0,0
250532,0,1,1983,0,0,0,0,0,0,0,0,0,0
250532,1,1,1983,0,0,0,0,0,0,13,0,0,0
250533,1,1,1983,23,3,9,15,19,7,9,14,23,15
250533,2,1,1983,6,4,14,11,9,11,3,10,8,20
250535,0,1,1983,10,7,0,0,0,0,0,25,0,8
250535,1,1,1983,0,0,0,0,0,15,0,0,25,0
250536,1,1,1983,13,13,13,13,13,13,13,13,13,13
250537,1,1,1983,18,18,18,18,18,18,18,18,18,18
250538,1,1,1983,28,28,28,28,28,28,28,28,28,28
250538,2,1,1983,0,0,0,0,0,0,0,0,0,0
250539,1,1,1983,0,26,15,13,18,0,0,0,0,0
250540,1,1,1983,17,0,0,0,0,0,0,9,0,0
250540,2,1,1983,0,0,0,13,0,0,0,0,0,0
250541,1,1,1983,14,10,6,0,0,12,13,38,23,0
250542,1,1,1983,36,36,36,36,36,36,36,36,36,36
250543,1,1,1983,0,0,0,0,0,0,0,0,0,0
250543,2,1,1983,0,0,0,0,0,0,0,0,0,0
250544,1,1,1983,0,0,14,0,0,0,0,0,0,0
250544,2,1,1983,0,0,0,0,0,0,0,0,0,0
250545,0,1,1983,0,0,0,0,0,0,0,0,0,0
250545,1,1,1983,10,0,23,0,0,0,0,15,0,0
250546,1,1,1983,18,18,18,18,18,18,18,18,18,18
250547,1,1,1983,8,8,8,8,8,8,8,8,8,8
250548,1,1,1983,0,0,11,0,11,17,9,7,25,0
250548,2,1,1983,0,0,0,19,24,0,13,10,0,0
250549,1,1,1983,0,0,0,0,0,0,0,0,0,0
250549,2,1,1983,0,0,0,0,0,0,0,0,0,0
250550,1,1,1983,0,0,26,0,15,15,0,30,0,0
250550,2,1,1983,10,15,13,5,8,21,11,19,23,12
250551,0,1,1983,37,0,17,30,0,12,11,19,0,24
250551,0,2,1983,30,22,25,12,18,14,24,15,18,19
250551,1,1,1983,9,8,19,19,0,0,0,16,0,7
250552,1,1,1983,0,0,0,0,0,0,0,0,0,0
250553,1,1,1983,0,0,0,0,0,0,0,0,0,0
250553,2,1,1983,0,0,0,0,0,0,0,0,0,0
250554,1,1,1983,0,0,18,0,0,0,0,0,0,0
250554,2,1,1983,0,13,0,0,0,0,17,0,0,0
250555,1,1,1983,0,19,0,0,0,0,0,0,0,0
250555,2,1,1983,0,0,0,0,0,0,0,0,0,0
250556,1,1,1983,0,0,0,0,0,0,0,0,0,0
250556,2,1,1983,0,0,0,0,20,0,14,0,0,0
250557,1,1,1983,10,0,9,0,0,0,14,0,0,0
250558,1,1,1983,16,16,16,16,16,16,16,16,16,16
250559,1,1,1983,0,0,0,11,13,0,4,0,4,0
250560,1,1,1983,11,11,11,11,11,11,11,11,11,11
250562,0,1,1983,0,0,0,0,0,0,0,0,0,0
250562,1,1,1983,0,18,0,0,0,0,0,0,0,0
250563,1,1,1983,12,0,15,12,15,8,0,21,21,0
250564,0,1,1983,0,0,0,0,0,0,0,0,0,0
250564,1,1,1983,12,12,12,12,12,12,12,12,12,12
250565,0,1,1983,0,10,0,0,0,0,0,0,0,0
250565,1,1,1983,0,22,35,0,0,0,0,0,0,0
250566,1,1,1983,0,0,16,0,0,0,0,0,5,7
250567,1,1,1983,16,16,16,16,16,16,16,16,16,16
250568,1,1,1983,0,0,0,0,0,0,0,0,0,0
250568,2,1,1983,0,0,0,0,0,0,0,0,0,0
250569,1,1,1983,20,15,17,18,17,15,24,12,8,20
250570,0,1,1983,0,0,0,0,0,0,0,0,0,0
250570,1,1,1983,0,34,0,0,31,0,0,0,0,0
250571,1,1,1983,12,0,15,15,16,7,17,17,14,12
250572,0,1,1983,0,12,0,0,13,0,0,5,0,0
250572,1,1,1983,5,0,0,0,20,0,0,0,0,22
250573,0,1,1983,12,0,21,35,14,19,22,10,0,18
250573,1,1,1983,15,11,0,16,0,13,13,0,0,0
250574,1,1,1983,11,0,17,22,15,12,14,14,1,0
250575,1,1,1983,22,22,22,22,22,22,22,22,22,22
250576,1,1,1983,20,0,7,0,16,13,0,11,5,0
250576,2,1,1983,0,0,0,13,0,0,0,0,0,0
250577,1,1,1983,0,0,9,13,0,13,0,0,0,13
250577,2,1,1983,0,5,0,0,0,0,0,0,0,0
250578,1,1,1983,18,0,4,6,15,18,15,18,22,23
250578,2,1,1983,18,18,18,18,18,18,18,18,18,18
250579,1,1,1983,2,2,2,2,2,2,2,2,2,2