ST_CASE,VEH_NO,PER_NO,YEAR,P1,P2,P3,P4,P5,P6,P7,P8,P9,P10
250579,2,1,1983,0,0,0,0,15,0,0,0,0,0
250580,1,1,1983,22,8,11,7,11,0,0,0,0,8
250581,1,1,1983,12,10,8,8,18,20,14,27,20,24
250582,1,1,1983,22,22,22,22,22,22,22,22,22,22
250582,2,1,1983,10,10,10,10,10,10,10,10,10,10
250582,3,1,1983,22,0,17,0,20,0,0,0,0,0
250583,0,1,1983,0,0,0,0,0,0,0,0,0,0
250583,1,1,1983,0,17,0,0,0,14,0,0,0,0
250584,1,1,1983,9,9,9,9,9,9,9,9,9,9
250585,1,1,1983,0,0,0,0,0,0,0,0,0,0
250585,2,1,1983,0,0,0,0,0,0,0,0,0,0
250586,1,1,1983,18,18,18,18,18,18,18,18,18,18
250586,2,1,1983,0,0,0,0,0,0,0,0,0,0
250587,1,1,1983,0,0,0,0,0,0,0,0,0,0
250587,2,1,1983,0,0,0,0,0,0,0,0,15,10
250588,1,1,1983,0,0,0,0,0,0,0,0,0,0
250588,2,1,1983,0,0,0,0,0,0,0,0,0,0
250589,1,1,1983,0,0,0,0,0,7,0,0,0,0
250589,2,1,1983,0,10,16,0,0,0,0,0,9,0
250589,3,1,1983,0,0,0,0,0,0,0,0,0,0
250589,4,1,1983,0,0,0,23,22,0,0,16,0,26
250589,5,1,1983,0,0,0,0,0,0,0,0,0,20
250589,6,1,1983,22,0,0,0,0,0,0,0,0,12
250589,7,1,1983,0,0,0,0,0,0,0,0,0,0
250590,1,1,1983,17,3,0,16,0,0,9,6,0,7
250591,1,1,1983,0,0,22,0,0,0,13,0,28,7
250592,1,1,1983,9,8,18,15,12,24,25,11,18,25
250593,0,1,1983,0,0,0,34,33,0,22,0,0,0
250593,1,1,1983,0,0,0,0,0,0,0,0,0,0
250594,0,1,1983,0,0,0,0,0,0,0,0,0,0
250594,1,1,1983,0,0,0,0,0,0,0,0,0,15
250594,2,1,1983,0,0,0,0,0,0,0,0,0,0
250595,0,1,1983,0,0,0,0,0,0,0,0,0,0
250595,1,1,1983,0,0,0,0,0,0,0,0,0,0
250596,0,1,1983,23,23,23,23,23,23,23,23,23,23
250596,1,1,1983,13,0,0,0,0,21,0,0,11,0
250597,0,1,1983,35,35,35,35,35,35,35,35,35,35
250597,1,1,1983,0,0,0,0,0,0,0,0,0,0
250598,1,1,1983,0,0,0,0,0,0,0,0,0,0
250598,2,1,1983,0,0,0,0,0,0,0,0,0,0
250599,1,1,1983,0,12,11,19,15,29,19,0,0,14
250599,2,1,1983,9,15,18,7,7,0,6,0,0,0
250600,1,1,1983,0,0,0,0,0,0,0,0,0,0
250600,2,1,1983,0,0,0,0,0,0,0,0,0,0
250600,3,1,1983,0,0,0,0,0,0,0,0,0,0
250600,4,1,1983,9,0,0,23,0,0,0,0,0,0
250601,1,1,1983,0,0,0,0,0,0,0,0,0,0
250602,1,1,1983,0,0,0,0,0,0,0,0,0,0
250602,2,1,1983,0,0,0,0,0,0,0,23,0,0
250603,0,1,1983,9,21,16,24,18,44,0,0,0,0
250603,1,1,1983,5,11,19,23,21,16,3,28,14,10
250604,0,1,1983,0,23,12,0,0,14,0,0,24,0
250604,1,1,1983,27,0,16,15,26,14,18,10,23,11
250605,0,1,1983,0,0,0,0,53,37,8,34,6,9
250605,1,1,1983,11,31,16,36,14,33,19,0,45,0
250606,0,1,1983,0,10,0,5,17,26,0,10,22,36
250606,1,1,1983,77,27,7,25,23,15,10,0,8,15
250607,1,1,1983,0,0,0,0,0,0,0,0,0,0
250608,1,1,1983,17,17,17,17,17,17,17,17,17,17
250609,1,1,1983,0,0,0,0,0,0,0,0,0,0
250609,2,1,1983,0,0,0,0,0,0,0,0,0,0
250610,1,1,1983,0,0,0,0,0,0,0,0,0,0
250610,2,1,1983,0,0,0,0,0,0,0,0,0,0
250611,1,1,1983,14,30,15,14,5,0,18,8,0,0
250612,1,1,1983,0,0,0,0,0,0,0,0,18,0
250612,2,1,1983,0,0,0,0,0,0,0,0,0,0
250612,3,1,1983,0,0,0,0,0,0,0,0,0,0
250613,0,1,1983,0,0,0,0,0,0,0,0,0,0
250613,1,1,1983,0,0,0,0,0,0,0,0,0,0
250615,1,1,1983,0,0,0,0,0,11,25,14,19,0
250616,1,1,1983,0,12,0,0,0,0,0,0,0,0
250617,1,1,1983,0,0,0,0,0,0,0,0,0,0
250617,2,1,1983,14,0,0,0,0,0,0,0,0,0
250617,3,1,1983,0,0,12,0,0,0,0,0,0,0
250618,1,1,1983,11,12,17,8,18,0,8,4,19,11
250618,2,1,1983,6,6,6,6,6,6,6,6,6,6
250619,1,1,1983,0,0,0,0,0,0,0,0,0,0
250620,0,1,1983,22,0,0,15,0,22,0,0,0,18
250620,0,2,1983,0,0,34,0,27,0,0,0,0,0
250620,1,1,1983,0,0,0,0,0,0,13,0,23,18
250621,1,1,1983,0,0,0,0,0,0,0,0,0,0
250622,0,1,1983,0,0,13,0,0,18,0,0,0,0
250622,1,1,1983,0,0,0,0,0,0,0,0,0,0
250623,0,1,1983,0,0,0,0,0,0,0,0,0,0
250623,1,1,1983,0,0,0,0,0,0,0,0,0,0
250624,0,1,1983,0,0,0,0,0,0,0,0,0,0
250624,1,1,1983,0,0,0,0,0,0,12,0,0,0
250625,1,1,1983,6,6,6,6,6,6,6,6,6,6
260001,0,1,1983,15,15,15,15,15,15,15,15,15,15
260001,1,1,1983,24,17,18,7,8,14,14,16,6,0
260002,0,1,1983,0,0,0,0,0,0,0,20,0,31
260002,1,1,1983,0,0,8,10,0,0,0,0,0,0
260003,1,1,1983,11,17,6,7,18,13,17,23,14,12
260003,2,1,1983,10,10,10,10,10,10,10,10,10,10
260004,1,1,1983,19,19,19,19,19,19,19,19,19,19
260005,1,1,1983,14,0,0,22,15,0,10,4,0,9
260005,2,1,1983,0,7,0,0,0,0,0,0,0,0
260006,1,1,1983,13,11,17,16,20,7,14,5,20,9
260006,2,1,1983,0,25,0,0,0,19,0,20,15,12
260007,1,1,1983,13,13,13,13,13,13,13,13,13,13
260008,1,1,1983,15,10,27,13,16,30,27,23,37,13
260009,1,1,1983,0,0,0,0,0,0,0,0,0,14
260010,1,1,1983,10,0,0,0,0,0,0,0,0,0
260010,2,1,1983,0,0,0,26,0,0,29,17,24,0
260011,1,1,1983,14,0,2,11,0,0,5,8,2,14
260011,2,1,1983,5,0,0,0,0,15,16,0,0,0
260012,1,1,1983,18,18,18,18,18,18,18,18,18,18
260012,2,1,1983,0,0,0,0,0,0,0,0,0,0
260013,1,1,1983,17,17,17,17,17,17,17,17,17,17
260014,1,1,1983,0,0,0,0,0,0,0,0,0,0
260015,1,1,1983,15,2,12,10,11,21,16,13,21,15
260015,2,1,1983,0,0,0,0,0,0,0,0,0,11
260016,1,1,1983,18,18,18,18,18,18,18,18,18,18
260017,1,1,1983,10,10,10,10,10,10,10,10,10,10
260018,0,1,1983,0,0,11,0,0,0,0,0,0,0
260018,1,1,1983,0,0,0,0,0,0,0,0,0,0
260019,1,1,1983,3,3,3,3,3,3,3,3,3,3
260019,2,1,1983,0,0,0,0,0,0,0,0,0,0
260020,1,1,1983,29,0,0,0,26,0,0,0,0,0
260021,1,1,1983,19,19,19,19,19,19,19,19,19,19
260022,1,1,1983,0,0,0,0,0,0,0,0,0,0
260023,1,1,1983,20,12,9,10,14,12,10,12,8,14
260024,1,1,1983,0,0,0,0,0,0,0,0,0,0
260024,2,1,1983,0,0,0,0,0,0,0,0,0,0
260025,1,1,1983,0,0,0,0,27,27,0,21,0,0
260026,1,1,1983,31,31,31,31,31,31,31,31,31,31
260027,0,1,1983,0,0,0,0,0,0,0,0,0,0
260027,1,1,1983,16,16,16,16,16,16,16,16,16,16
260028,1,1,1983,0,0,0,0,0,0,0,0,0,0
260028,2,1,1983,0,0,0,0,0,0,0,0,0,0
260029,1,1,1983,0,0,0,0,0,0,0,0,0,0
260029,2,1,1983,0,0,0,0,0,0,0,0,0,0
260030,1,1,1983,3,3,3,3,3,3,3,3,3,3
260031,1,1,1983,14,23,14,28,0,34,19,13,22,0
260032,1,1,1983,20,20,20,20,20,20,20,20,20,20
260033,1,1,1983,9,9,9,9,9,9,9,9,9,9
260034,0,1,1983,0,0,0,0,0,0,0,0,0,0
260034,1,1,1983,22,22,22,22,22,22,22,22,22,22
260035,1,1,1983,0,0,0,0,0,0,0,0,0,0
260035,2,1,1983,0,0,0,0,0,0,0,0,0,0
260036,1,1,1983,16,0,0,0,0,0,0,15,8,0
260036,2,1,1983,0,0,0,0,0,0,0,0,0,0
260037,1,1,1983,0,0,0,0,0,0,0,0,0,0
260037,2,1,1983,0,0,0,0,0,0,0,0,0,0
260038,0,1,1983,0,0,20,0,0,0,0,0,15,0
260038,1,1,1983,0,0,0,0,0,0,0,0,0,0
260039,1,1,1983,0,0,0,0,0,0,0,0,0,0
260039,2,1,1983,0,0,0,0,0,0,0,0,0,0
260040,1,1,1983,0,0,0,0,0,0,0,0,0,0
260040,2,1,1983,0,0,0,0,0,0,0,0,10,0
260041,0,1,1983,30,0,29,28,50,26,27,17,26,20
260041,1,1,1983,0,0,16,0,0,20,0,21,0,0
260042,1,1,1983,19,19,19,19,19,19,19,19,19,19
260042,2,1,1983,0,0,19,0,0,0,0,0,0,0
260043,1,1,1983,0,0,0,0,0,0,0,0,0,0
260043,2,1,1983,0,0,0,0,0,0,0,0,0,0
260044,0,1,1983,0,0,0,0,0,0,0,0,0,0
260044,1,1,1983,0,0,0,0,0,0,0,0,12,0
260045,1,1,1983,25,25,25,25,25,25,25,25,25,25
260045,2,1,1983,0,0,0,0,0,0,0,0,0,0
260045,3,1,1983,0,0,0,0,0,0,0,0,0,0
260046,1,1,1983,10,10,10,10,10,10,10,10,10,10
260047,1,1,1983,0,0,0,0,0,0,0,0,0,0
260047,2,1,1983,0,0,0,0,0,0,0,0,0,0
260048,1,1,1983,0,0,0,0,0,0,0,0,0,0
260048,2,1,1983,0,0,0,0,0,0,0,0,0,0
260049,1,1,1983,0,0,0,0,0,0,0,0,0,0
260049,2,1,1983,0,0,0,0,0,0,0,0,0,0
260050,1,1,1983,27,20,23,15,16,22,10,22,31,23
260051,1,1,1983,8,20,15,0,0,32,13,16,0,3
260052,1,1,1983,15,15,15,15,15,15,15,15,15,15
260053,1,1,1983,0,0,0,0,0,27,0,0,0,0
260054,1,1,1983,27,12,17,16,27,17,16,11,8,18
260055,1,1,1983,0,0,0,0,0,0,0,0,0,0
260055,2,1,1983,0,0,13,0,0,0,0,0,0,0
260056,0,1,1983,15,0,0,0,0,0,0,16,19,0
260056,1,1,1983,0,0,0,0,0,0,0,0,0,0
260057,1,1,1983,26,26,26,26,26,26,26,26,26,26
260058,0,1,1983,0,0,0,0,0,0,0,0,0,0
260058,1,1,1983,0,0,0,0,0,0,21,0,0,0
260059,0,1,1983,0,0,0,17,14,0,21,0,0,0
260059,1,1,1983,0,0,0,0,0,0,0,0,0,0
260060,1,1,1983,0,0,0,0,0,0,0,0,0,0
260061,1,1,1983,15,15,15,15,15,15,15,15,15,15
260062,1,1,1983,0,0,0,0,0,0,0,0,0,0
260062,2,1,1983,0,0,0,0,0,25,0,19,0,0
260063,1,1,1983,0,0,0,0,8,10,0,0,0,34
260064,1,1,1983,20,20,20,20,20,20,20,20,20,20
260064,2,1,1983,0,0,0,6,17,0,0,16,0,0
260065,1,1,1983,0,0,0,18,32,13,0,0,13,40
260066,1,1,1983,0,0,0,0,0,0,0,0,0,0
260067,0,1,1983,0,0,0,0,0,0,0,0,0,0
260067,1,1,1983,7,0,0,0,0,0,0,0,0,0
260068,1,1,1983,24,0,0,0,14,0,0,0,0,8
260069,0,1,1983,0,0,0,0,3,11,9,0,0,33
260069,0,2,1983,8,0,0,0,0,0,0,0,0,0
260069,0,3,1983,0,0,25,0,9,24,0,0,15,25
260069,1,1,1983,15,15,15,15,15,15,15,15,15,15
260069,3,1,1983,0,0,0,0,0,0,0,0,0,0
260070,0,1,1983,0,0,0,0,0,0,0,0,0,0
260070,1,1,1983,0,0,0,0,0,0,0,0,0,0
260071,1,1,1983,0,0,0,0,0,0,0,0,0,0
260071,2,1,1983,0,0,0,0,0,0,0,0,0,0
260072,0,1,1983,21,21,25,27,8,4,0,14,39,18
260072,1,1,1983,13,0,0,12,21,0,7,0,33,25
260073,1,1,1983,7,7,7,7,7,7,7,7,7,7
260074,0,1,1983,19,19,19,19,19,19,19,19,19,19
260074,0,2,1983,27,31,20,19,15,22,27,10,20,26
260074,1,1,1983,22,0,13,12,13,23,20,21,0,29
260075,1,1,1983,13,0,0,0,0,0,0,0,0,0
260075,2,1,1983,0,0,23,0,0,0,0,0,0,0
260076,1,1,1983,30,30,30,30,30,30,30,30,30,30
260077,0,1,1983,0,0,0,0,0,0,0,0,0,0
260077,1,1,1983,0,0,0,0,0,0,0,0,0,0
260078,1,1,1983,13,10,24,19,10,8,6,23,16,25
260079,1,1,1983,0,0,0,0,0,23,16,0,0,21
260080,0,1,1983,25,25,25,25,25,25,25,25,25,25
260080,1,1,1983,0,0,0,0,0,0,0,0,26,0
260081,0,1,1983,12,12,12,12,12,12,12,12,12,12
260081,1,1,1983,0,0,0,9,0,0,0,0,0,0
260082,1,1,1983,18,18,18,18,18,18,18,18,18,18
260083,1,1,1983,21,21,21,21,21,21,21,21,21,21
260084,0,1,1983,34,13,0,0,20,32,38,8,22,5
260084,1,1,1983,15,15,15,15,15,15,15,15,15,15
260085,1,1,1983,15,15,15,15,15,15,15,15,15,15
260086,0,1,1983,19,19,19,19,19,19,19,19,19,19
260086,1,1,1983,0,0,0,0,0,0,0,0,0,0
260087,0,1,1983,20,0,34,25,24,29,35,36,36,26
260087,1,1,1983,10,10,10,10,10,10,10,10,10,10
260088,1,1,1983,19,19,19,19,19,19,19,19,19,19
260089,1,1,1983,0,0,0,0,0,0,0,0,0,0
260089,2,1,1983,0,0,0,0,0,0,0,0,0,0
260090,0,1,1983,0,0,0,0,0,0,0,0,0,0
260090,1,1,1983,0,0,0,0,0,0,0,0,0,0
260091,0,1,1983,0,0,0,0,0,0,0,0,0,0
260091,1,1,1983,0,0,0,0,0,0,0,0,0,0
260092,0,1,1983,0,0,0,16,0,0,0,0,0,0
260092,1,1,1983,0,0,0,0,0,0,0,0,0,0
260093,1,1,1983,18,22,11,28,27,15,17,16,33,11
260094,1,1,1983,19,19,19,19,19,19,19,19,19,19
260095,1,1,1983,18,18,18,18,18,18,18,18,18,18
260096,1,1,1983,0,0,0,0,0,0,0,0,0,0
260097,0,1,1983,25,25,25,25,25,25,25,25,25,25
260097,1,1,1983,0,0,0,0,0,0,0,0,0,0
260098,1,1,1983,15,15,15,15,15,15,15,15,15,15
260099,1,1,1983,15,15,15,15,15,15,15,15,15,15
260100,0,1,1983,0,0,0,0,0,0,0,0,0,0
260100,1,1,1983,0,0,0,0,0,0,0,0,0,0
260101,1,1,1983,19,0,0,0,0,0,0,0,0,0
260102,0,1,1983,27,0,0,0,0,22,25,0,25,0
260102,1,1,1983,0,0,0,0,0,0,0,0,0,0
260103,1,1,1983,0,21,23,0,24,21,16,0,22,0
260104,1,1,1983,28,28,28,28,28,28,28,28,28,28
260104,2,1,1983,0,0,0,0,0,0,0,0,0,0
260104,3,1,1983,0,0,0,0,0,0,25,0,0,0
260105,1,1,1983,0,0,6,0,0,15,13,0,0,0
260105,2,1,1983,0,0,0,0,0,0,0,0,0,0
260106,1,1,1983,10,14,0,0,0,0,0,0,0,0
260106,2,1,1983,0,0,0,0,0,0,0,0,0,0
260107,0,1,1983,12,12,12,12,12,12,12,12,12,12
260107,1,1,1983,0,0,0,0,0,0,27,0,0,0
260108,1,1,1983,12,12,12,12,12,12,12,12,12,12
260108,2,1,1983,14,0,18,0,0,0,0,0,0,0
260108,3,1,1983,0,0,0,0,0,0,0,10,0,0
260109,1,1,1983,0,0,0,0,0,0,0,0,0,0
260109,2,1,1983,0,0,0,0,0,0,0,0,0,0
260110,1,1,1983,15,32,0,35,26,17,17,16,15,12
260111,1,1,1983,21,21,21,21,21,21,21,21,21,21
260111,2,1,1983,7,7,7,7,7,7,7,7,7,7
260111,3,1,1983,0,0,0,0,0,0,0,0,0,0
260112,1,1,1983,8,8,8,8,8,8,8,8,8,8
260113,1,1,1983,24,24,24,24,24,24,24,24,24,24
260114,1,1,1983,21,21,21,21,21,21,21,21,21,21
260114,2,1,1983,26,26,26,26,26,26,26,26,26,26
260115,2,1,1983,0,0,0,0,0,0,0,0,0,0
260116,1,1,1983,0,0,0,0,0,0,0,0,0,0
260116,2,1,1983,0,0,0,0,0,0,0,0,0,0
260117,0,1,1983,16,16,16,16,16,16,16,16,16,16
260117,1,1,1983,0,0,0,0,0,0,0,0,0,0
260118,0,1,1983,0,0,0,19,0,15,0,0,0,0
260118,1,1,1983,0,0,0,0,0,0,0,0,0,0
260119,0,1,1983,0,15,0,0,20,13,28,0,12,20
260119,1,1,1983,0,0,0,0,0,0,0,0,14,0
260120,1,1,1983,25,31,34,25,30,19,21,22,29,17
260121,1,1,1983,0,0,0,0,0,0,0,0,0,0
260121,2,1,1983,0,0,0,0,0,0,20,0,0,21
260122,0,1,1983,7,0,20,0,0,0,38,9,27,13
260122,0,2,1983,13,0,0,16,34,43,18,20,0,0
260122,1,1,1983,0,0,0,0,0,0,0,0,7,0
260123,1,1,1983,0,0,0,0,0,31,0,0,0,0
260124,0,1,1983,0,0,0,0,0,0,0,0,0,0
260124,0,2,1983,0,0,0,0,0,0,0,0,0,0
260124,1,1,1983,0,0,15,0,0,3,0,0,0,6
260125,1,1,1983,0,0,0,0,0,0,0,0,0,0
260125,2,1,1983,0,0,0,0,0,0,0,0,0,0
260126,0,1,1983,0,0,0,0,0,0,0,0,0,0
260126,1,1,1983,11,11,11,11,11,11,11,11,11,11
260127,1,1,1983,16,0,0,0,0,0,0,0,0,0
260127,2,1,1983,0,0,0,0,0,0,0,0,0,0
260128,1,1,1983,0,0,0,0,28,25,0,0,0,14
260129,1,1,1983,0,0,0,0,0,0,0,0,0,0
260129,2,1,1983,0,0,0,0,0,0,8,0,0,0
260130,1,1,1983,21,21,21,21,21,21,21,21,21,21
260131,1,1,1983,7,7,7,7,7,7,7,7,7,7
260131,2,1,1983,0,0,0,11,0,0,0,0,0,0
260132,1,1,1983,18,11,13,15,25,21,27,15,31,23
260133,1,1,1983,0,0,0,0,0,0,0,0,0,0
260134,1,1,1983,0,0,0,0,0,0,0,23,0,0
260134,2,1,1983,0,0,0,0,0,0,0,0,0,0
260135,0,1,1983,0,0,0,0,0,0,0,0,0,0
260135,1,1,1983,0,0,0,0,0,0,0,0,0,0
260136,1,1,1983,20,20,20,20,20,20,20,20,20,20
260136,2,1,1983,0,0,0,0,0,0,0,0,0,0
260137,1,1,1983,22,16,11,7,20,8,24,15,8,11
260138,0,1,1983,0,0,0,0,0,0,0,0,0,0
260138,1,1,1983,0,0,0,0,0,0,0,0,0,0
260139,1,1,1983,0,0,0,0,0,0,0,0,0,0
260139,2,1,1983,0,0,0,0,10,0,0,0,11,0
260140,1,1,1983,10,10,10,10,10,10,10,10,10,10
260140,2,1,1983,0,0,0,0,0,0,0,0,0,0
260141,1,1,1983,17,17,17,17,17,17,17,17,17,17
260142,1,1,1983,10,10,10,10,10,10,10,10,10,10
260143,1,1,1983,0,0,0,0,0,0,0,0,0,0
260143,2,1,1983,16,14,7,7,21,22,14,16,20,22
260144,1,1,1983,0,0,0,0,0,0,0,0,0,0
260144,2,1,1983,0,0,2,0,0,0,0,0,0,0
260145,1,1,1983,0,15,30,13,9,10,13,13,15,0
260145,2,1,1983,18,26,17,18,9,13,7,15,15,8
260146,1,1,1983,19,19,19,19,19,19,19,19,19,19
260146,2,1,1983,0,12,0,0,0,0,0,0,0,0
260147,1,1,1983,18,18,18,18,18,18,18,18,18,18
260148,1,1,1983,20,20,20,20,20,20,20,20,20,20
260149,1,1,1983,0,0,8,0,13,32,0,0,0,0
260150,1,1,1983,24,24,24,24,24,24,24,24,24,24
260151,1,1,1983,29,29,29,29,29,29,29,29,29,29
260152,1,1,1983,0,0,0,0,0,0,0,0,0,0
260153,1,1,1983,0,0,0,0,0,0,0,0,0,0
260153,2,1,1983,0,0,14,0,0,0,0,0,0,0
260153,3,1,1983,0,0,0,0,20,0,0,0,0,0
260154,1,1,1983,8,19,44,10,7,14,27,27,21,29
260155,0,1,1983,0,0,0,0,0,0,0,0,0,0
260155,1,1,1983,0,0,0,0,0,0,0,0,0,0
260156,1,1,1983,9,18,13,15,16,20,0,16,27,15
260157,1,1,1983,0,0,0,0,0,0,0,0,0,0
260157,2,1,1983,26,26,26,26,26,26,26,26,26,26
260158,1,1,1983,24,24,24,24,24,24,24,24,24,24
260158,2,1,1983,0,0,0,35,17,0,0,0,0,0
260159,1,1,1983,18,14,22,22,8,15,9,14,17,13
260160,0,1,1983,0,0,0,0,0,0,0,0,0,0
260160,1,1,1983,0,0,0,0,0,0,0,0,0,0
260161,0,1,1983,0,0,0,0,0,0,0,0,0,0
260161,1,1,1983,0,0,0,0,0,0,0,0,0,0
260162,1,1,1983,0,0,0,0,0,0,0,0,0,0
260163,1,1,1983,17,20,22,21,14,9,16,29,24,6
260164,0,1,1983,0,0,0,0,0,0,0,0,0,0
260164,1,1,1983,0,0,0,0,0,0,0,0,0,0
260165,1,1,1983,0,0,0,0,0,0,0,0,0,0
260165,2,1,1983,26,26,26,26,26,26,26,26,26,26
260166,0,1,1983,23,23,23,23,23,23,23,23,23,23
260166,1,1,1983,0,0,0,0,0,0,0,20,0,0
260167,0,1,1983,0,0,0,0,0,0,0,0,0,0
260167,1,1,1983,0,0,0,0,0,0,0,0,0,0
260168,1,1,1983,29,29,29,29,29,29,29,29,29,29
260169,1,1,1983,17,11,23,9,15,18,16,37,27,15
260169,2,1,1983,0,0,0,0,0,0,0,0,0,0
260170,1,1,1983,0,0,0,0,0,0,0,0,0,0
260171,1,1,1983,2,2,2,2,2,2,2,2,2,2
260171,2,1,1983,0,0,0,0,0,0,0,0,0,0
260172,1,1,1983,0,0,0,0,0,0,0,0,0,0
260172,2,1,1983,0,0,0,14,0,0,0,0,0,0
260173,0,1,1983,0,0,35,14,0,8,16,0,0,0
260173,1,1,1983,0,0,0,10,12,0,0,0,0,0
260174,1,1,1983,0,0,0,0,0,0,0,0,0,0
260174,2,1,1983,0,0,0,0,7,0,0,0,0,0
260175,1,1,1983,0,0,0,0,0,0,0,6,0,0
260175,2,1,1983,11,20,0,0,0,0,0,19,0,18
260176,0,1,1983,0,0,0,0,0,0,0,0,0,0
260176,1,1,1983,0,0,0,0,0,0,0,0,0,0
260177,1,1,1983,0,0,0,0,0,0,0,0,0,0
260178,1,1,1983,0,0,0,0,0,0,0,0,0,0
260179,0,1,1983,0,0,0,0,30,0,0,0,0,21
260179,1,1,1983,0,0,0,0,0,0,0,0,0,0
260180,1,1,1983,15,15,15,15,15,15,15,15,15,15
260181,1,1,1983,11,11,11,11,11,11,11,11,11,11
260182,1,1,1983,0,0,0,0,0,0,0,0,0,0
260182,2,1,1983,0,0,0,0,0,0,0,0,0,0
260184,1,1,1983,22,22,22,22,22,22,22,22,22,22
260184,2,1,1983,7,7,7,7,7,7,7,7,7,7
260184,3,1,1983,10,10,10,10,10,10,10,10,10,10
260185,1,1,1983,3,3,3,3,3,3,3,3,3,3
260185,2,1,1983,0,0,0,0,0,0,0,0,0,0
260186,0,1,1983,0,0,0,0,0,0,0,0,0,0
260186,1,1,1983,0,0,0,0,0,0,0,0,0,0
260187,1,1,1983,16,11,19,23,19,13,11,15,0,24
260188,0,1,1983,31,16,28,18,12,57,16,5,11,28
260188,1,1,1983,0,0,0,0,0,0,0,0,0,0
260189,1,1,1983,27,17,0,23,7,13,22,9,18,15
260189,2,1,1983,0,0,0,0,0,0,0,0,0,0
260190,1,1,1983,0,0,0,0,0,0,0,0,0,0
260190,2,1,1983,0,0,0,0,0,0,0,0,0,0
260190,3,1,1983,0,0,0,0,0,0,0,0,0,0
260190,4,1,1983,0,0,0,0,0,0,0,0,0,0
260190,5,1,1983,0,0,0,0,0,0,0,0,0,0
260190,6,1,1983,0,0,0,0,0,0,0,0,0,0
260190,7,1,1983,0,0,0,0,0,0,0,0,0,0
260191,1,1,1983,24,21,23,29,26,22,14,29,23,17
260192,0,1,1983,0,0,0,0,0,0,0,0,0,0
260192,1,1,1983,0,0,0,20,0,0,0,0,0,0
260193,1,1,1983,18,18,18,18,18,18,18,18,18,18
260194,1,1,1983,14,0,18,14,15,0,0,20,5,17
260195,1,1,1983,0,0,0,0,0,0,0,0,0,0
260195,2,1,1983,0,0,0,0,0,0,0,0,0,0
260196,1,1,1983,0,0,17,0,0,21,0,0,0,24
260197,1,1,1983,32,32,32,32,32,32,32,32,32,32
260198,1,1,1983,0,0,0,0,0,0,0,0,19,0
260199,1,1,1983,20,20,20,20,20,20,20,20,20,20
260199,2,1,1983,0,0,0,0,0,0,0,0,0,0
260200,0,1,1983,0,0,0,0,0,0,0,0,0,0
260200,1,1,1983,0,0,0,0,0,0,0,0,0,0
260201,1,1,1983,0,0,0,0,0,0,0,0,0,0
260201,2,1,1983,0,0,0,0,0,0,0,0,0,0
260202,1,1,1983,0,0,0,0,26,3,0,0,0,0
260204,1,1,1983,13,12,11,11,19,11,20,13,14,17
260204,2,1,1983,0,6,13,9,11,0,0,13,0,0
260205,0,1,1983,0,0,0,11,0,0,0,0,0,0
260205,1,1,1983,0,0,0,0,0,0,0,0,0,0
260206,0,1,1983,0,0,0,0,23,0,0,37,28,15
260206,0,2,1983,20,0,12,0,23,16,13,10,0,26
260206,1,1,1983,0,0,0,0,0,0,0,0,0,0
260207,1,1,1983,21,21,21,21,21,21,21,21,21,21
260208,1,1,1983,0,0,0,0,0,0,0,0,0,0
260208,2,1,1983,0,0,0,0,0,0,0,0,0,0
260209,1,1,1983,0,0,0,0,0,0,0,0,0,0
260210,1,1,1983,22,22,22,22,22,22,22,22,22,22
260210,2,1,1983,26,26,26,26,26,26,26,26,26,26
260211,1,1,1983,24,24,24,24,24,24,24,24,24,24
260211,2,1,1983,0,0,0,0,0,0,0,0,0,0
260212,1,1,1983,18,18,18,18,18,18,18,18,18,18
260213,1,1,1983,19,19,19,19,19,19,19,19,19,19
260214,0,1,1983,10,16,18,21,35,7,9,26,16,22
260214,1,1,1983,14,9,15,26,13,12,24,9,0,16
260215,1,1,1983,0,0,0,0,0,0,0,0,0,0
260215,2,1,1983,0,0,0,0,0,0,0,0,0,0
260216,1,1,1983,0,0,0,0,0,0,0,0,0,0
260217,1,1,1983,18,18,18,18,18,18,18,18,18,18
260218,1,1,1983,0,0,24,0,0,0,0,0,0,0
260219,1,1,1983,0,0,0,0,0,22,0,0,0,0
260220,1,1,1983,25,25,25,25,25,25,25,25,25,25
260221,1,1,1983,0,0,0,0,0,0,0,0,0,0
260221,2,1,1983,0,0,0,0,0,0,0,0,0,0
260222,1,1,1983,17,17,17,17,17,17,17,17,17,17
260222,2,1,1983,0,0,0,0,0,0,0,0,0,0
260223,0,1,1983,0,0,0,0,0,0,0,0,0,0
260223,1,1,1983,0,0,0,0,0,0,0,0,0,0
260224,0,1,1983,0,0,0,0,0,0,0,0,0,0
260224,1,1,1983,16,16,16,16,16,16,16,16,16,16
260225,0,1,1983,8,14,24,39,32,15,33,13,0,5
260225,1,1,1983,0,0,21,0,0,14,0,0,0,0
260226,0,1,1983,0,0,0,6,0,0,0,29,0,0
260226,1,1,1983,0,16,0,0,0,0,0,0,0,0
260227,1,1,1983,15,15,15,15,15,15,15,15,15,15