ST_CASE,VEH_NO,PER_NO,YEAR,P1,P2,P3,P4,P5,P6,P7,P8,P9,P10
260228,1,1,1983,15,15,15,15,15,15,15,15,15,15
260229,1,1,1983,25,25,25,25,25,25,25,25,25,25
260230,0,1,1983,10,10,10,10,10,10,10,10,10,10
260230,1,1,1983,31,31,31,31,31,31,31,31,31,31
260231,0,1,1983,0,0,0,0,0,0,0,0,0,0
260231,1,1,1983,0,0,0,0,0,0,0,0,0,0
260232,0,1,1983,0,0,0,0,0,0,0,0,0,0
260232,1,1,1983,0,0,0,0,0,0,0,0,0,0
260233,0,1,1983,20,20,20,20,20,20,20,20,20,20
260233,1,1,1983,0,0,0,23,0,18,0,12,0,0
260234,1,1,1983,32,32,32,32,32,32,32,32,32,32
260235,1,1,1983,0,0,0,0,0,0,0,9,0,0
260235,2,1,1983,25,25,25,25,25,25,25,25,25,25
260236,1,1,1983,29,29,29,29,29,29,29,29,29,29
260237,1,1,1983,15,15,15,15,15,15,15,15,15,15
260238,1,1,1983,0,0,0,0,0,0,26,0,0,0
260238,2,1,1983,0,0,0,0,0,0,0,0,0,0
260238,3,1,1983,0,16,0,0,0,33,0,0,0,0
260239,0,1,1983,0,0,12,0,19,0,0,0,0,0
260239,1,1,1983,0,0,0,0,0,0,0,0,0,0
260240,1,1,1983,0,0,0,0,0,0,0,0,0,0
260240,2,1,1983,0,0,0,0,0,0,0,0,12,0
260241,1,1,1983,28,28,28,28,28,28,28,28,28,28
260241,2,1,1983,22,0,0,0,31,0,0,0,20,0
260242,1,1,1983,23,23,23,23,23,23,23,23,23,23
260243,1,1,1983,37,37,37,37,37,37,37,37,37,37
260243,2,1,1983,11,11,11,11,11,11,11,11,11,11
260244,1,1,1983,26,26,26,26,26,26,26,26,26,26
260245,1,1,1983,0,0,0,0,0,0,0,0,16,0
260246,1,1,1983,0,0,0,0,0,0,0,0,0,0
260246,2,1,1983,0,20,8,11,16,25,0,0,0,14
260247,1,1,1983,0,0,0,0,0,0,0,0,0,0
260248,1,1,1983,3,3,26,0,14,0,13,0,18,15
260249,1,1,1983,21,21,21,21,21,21,21,21,21,21
260250,1,1,1983,24,31,0,22,0,38,28,32,18,11
260251,1,1,1983,10,10,10,10,10,10,10,10,10,10
260251,2,1,1983,0,0,0,0,0,0,0,6,0,0
260252,0,1,1983,0,0,0,0,0,0,0,0,0,0
260252,1,1,1983,0,0,0,0,0,0,0,0,0,0
260253,1,1,1983,21,21,21,21,21,21,21,21,21,21
260254,0,1,1983,28,28,28,28,28,28,28,28,28,28
260254,1,1,1983,0,0,0,0,0,0,0,0,0,0
260255,0,1,1983,26,18,12,0,0,21,11,27,10,0
260255,1,1,1983,15,15,15,15,15,15,15,15,15,15
260256,1,1,1983,17,17,17,17,17,17,17,17,17,17
260257,1,1,1983,0,0,0,0,0,11,0,0,0,0
260257,2,1,1983,0,0,0,0,0,0,0,12,14,0
260257,3,1,1983,0,0,0,0,0,0,0,0,0,0
260258,1,1,1983,12,15,13,33,8,6,12,12,0,14
260259,0,1,1983,24,0,23,20,0,0,0,19,32,0
260259,0,2,1983,14,16,0,35,20,23,0,13,26,0
260259,0,3,1983,0,18,16,0,17,0,9,0,0,0
260259,1,1,1983,22,22,22,22,22,22,22,22,22,22
260260,0,1,1983,16,10,24,0,37,20,24,18,15,18
260260,1,1,1983,21,10,12,6,6,15,27,10,19,5
260261,1,1,1983,15,31,20,24,17,9,20,19,19,27
260262,1,1,1983,0,0,0,0,14,0,0,0,15,0
260263,1,1,1983,2,2,2,2,2,2,2,2,2,2
260263,2,1,1983,0,0,0,0,0,0,0,0,0,0
260263,3,1,1983,14,0,0,0,0,0,0,0,0,0
260264,1,1,1983,19,19,19,19,19,19,19,19,19,19
260264,2,1,1983,0,23,19,22,12,0,0,25,20,0
260265,0,1,1983,0,0,0,0,0,42,0,17,0,0
260265,1,1,1983,0,0,0,0,0,0,0,0,0,0
260266,0,1,1983,31,31,31,31,31,31,31,31,31,31
260266,1,1,1983,0,0,0,0,0,0,0,0,0,0
260267,1,1,1983,20,20,20,20,20,20,20,20,20,20
260268,1,1,1983,15,15,15,15,15,15,15,15,15,15
260268,2,1,1983,15,15,15,15,15,15,15,15,15,15
260269,0,1,1983,22,0,0,0,0,0,0,9,0,0
260269,1,1,1983,0,0,0,0,0,0,0,0,0,0
260270,0,1,1983,14,25,51,0,30,0,0,0,19,46
260270,1,1,1983,0,13,23,20,0,14,6,17,20,0
260271,1,1,1983,0,0,0,0,0,0,0,0,0,0
260272,1,1,1983,0,0,0,0,0,0,0,0,0,0
260272,2,1,1983,0,0,0,0,0,0,0,0,0,0
260273,0,1,1983,13,13,13,13,13,13,13,13,13,13
260273,1,1,1983,14,20,15,6,16,23,11,14,8,33
260274,1,1,1983,4,4,4,4,4,4,4,4,4,4
260274,2,1,1983,0,0,0,0,0,0,0,29,0,0
260275,1,1,1983,26,22,5,7,11,15,28,13,14,19
260276,0,1,1983,30,15,6,0,20,36,20,8,0,21
260276,1,1,1983,0,0,0,12,0,0,0,0,0,0
260277,1,1,1983,0,0,0,0,0,12,0,0,13,0
260278,1,1,1983,13,18,20,3,27,10,7,19,3,4
260278,2,1,1983,0,0,0,0,0,0,0,0,0,0
260279,1,1,1983,10,10,10,10,10,10,10,10,10,10
260280,1,1,1983,10,21,27,24,25,16,33,18,17,18
260281,1,1,1983,20,20,20,20,20,20,20,20,20,20
260282,1,1,1983,0,0,0,0,0,0,0,0,0,0
260283,1,1,1983,0,0,0,0,0,0,0,0,0,0
260283,2,1,1983,0,0,0,0,0,0,0,0,0,0
260284,1,1,1983,0,0,0,0,0,0,0,0,0,0
260284,2,1,1983,9,0,0,0,0,0,0,0,3,0
260285,1,1,1983,18,18,18,18,18,18,18,18,18,18
260285,2,1,1983,0,0,14,0,0,25,0,0,0,0
260286,1,1,1983,7,22,21,13,27,18,21,8,17,16
260287,0,1,1983,0,0,0,0,0,0,0,0,0,0
260287,1,1,1983,0,0,0,0,0,0,0,0,0,0
260288,0,1,1983,0,0,0,0,0,0,0,0,0,0
260288,1,1,1983,0,0,0,0,0,0,0,14,0,0
260289,1,1,1983,36,36,36,36,36,36,36,36,36,36
260290,0,1,1983,0,0,0,0,0,0,0,0,0,0
260290,1,1,1983,0,0,0,0,0,0,0,0,0,0
260290,2,1,1983,0,0,0,0,0,0,0,0,0,0
260291,1,1,1983,16,7,16,15,16,24,10,6,20,9
260291,2,1,1983,0,0,0,0,0,0,0,0,0,0
260291,3,1,1983,0,0,0,0,0,0,0,0,11,0
260292,1,1,1983,29,29,29,29,29,29,29,29,29,29
260293,1,1,1983,11,11,11,11,11,11,11,11,11,11
260293,2,1,1983,0,0,0,0,0,0,0,0,0,0
260293,3,1,1983,0,16,0,0,0,0,14,0,0,0
260294,1,1,1983,0,0,0,0,0,0,0,0,0,0
260294,2,1,1983,0,0,0,0,0,0,0,0,0,0
260295,0,1,1983,0,0,0,0,0,0,0,0,0,0
260295,1,1,1983,0,0,0,0,0,0,0,0,0,0
260296,1,1,1983,21,0,0,0,10,16,0,0,13,20
260297,1,1,1983,27,27,27,27,27,27,27,27,27,27
260298,0,1,1983,0,27,0,27,0,0,28,0,0,0
260298,1,1,1983,0,0,0,0,0,0,0,0,0,0
260299,1,1,1983,22,17,16,17,17,14,21,7,0,15
260300,1,1,1983,28,28,28,28,28,28,28,28,28,28
260301,1,1,1983,0,0,0,0,0,0,0,0,0,0
260301,2,1,1983,0,0,0,0,0,0,0,0,0,0
260302,1,1,1983,0,0,0,0,0,0,0,0,0,0
260302,2,1,1983,0,0,0,0,0,0,0,0,0,0
260303,1,1,1983,0,0,0,0,0,0,0,0,0,0
260303,2,1,1983,0,0,0,0,0,0,0,0,0,0
260304,1,1,1983,0,0,0,0,0,0,0,0,4,0
260304,2,1,1983,0,0,0,0,0,43,0,0,28,0
260305,1,1,1983,0,0,0,0,0,0,0,0,0,0
260305,2,1,1983,0,0,0,0,0,0,0,0,0,0
260306,1,1,1983,16,0,0,0,0,0,24,21,0,0
260306,2,1,1983,0,0,0,0,0,0,0,0,0,0
260307,1,1,1983,21,21,21,21,21,21,21,21,21,21
260307,2,1,1983,0,0,18,0,0,16,0,0,13,0
260308,1,1,1983,20,20,20,20,20,20,20,20,20,20
260308,2,1,1983,0,0,0,0,0,0,0,10,0,0
260309,1,1,1983,20,20,20,20,20,20,20,20,20,20
260310,1,1,1983,23,23,23,23,23,23,23,23,23,23
260310,2,1,1983,0,0,0,0,0,0,0,0,0,0
260311,1,1,1983,18,18,18,18,18,18,18,18,18,18
260311,2,1,1983,7,5,0,0,0,0,1,0,0,27
260311,3,1,1983,0,0,19,0,0,0,0,0,0,0
260311,4,1,1983,0,0,0,0,0,0,0,0,0,0
260312,1,1,1983,3,3,3,3,3,3,3,3,3,3
260312,2,1,1983,19,10,14,10,11,10,6,10,18,6
260313,1,1,1983,20,20,20,20,20,20,20,20,20,20
260313,2,1,1983,0,0,7,0,0,0,0,0,0,0
260314,1,1,1983,5,5,5,5,5,5,5,5,5,5
260315,1,1,1983,0,0,0,0,0,0,0,0,0,0
260315,2,1,1983,0,0,0,0,0,0,5,0,0,0
260316,1,1,1983,16,16,16,16,16,16,16,16,16,16
260317,1,1,1983,11,11,11,11,11,11,11,11,11,11
260318,1,1,1983,19,19,19,19,19,19,19,19,19,19
260319,1,1,1983,16,16,16,16,16,16,16,16,16,16
260320,1,1,1983,0,0,0,0,0,0,0,0,0,0
260320,2,1,1983,13,13,13,13,13,13,13,13,13,13
260321,1,1,1983,14,14,14,14,14,14,14,14,14,14
260321,2,1,1983,0,0,0,0,0,0,0,0,0,0
260322,0,1,1983,0,0,0,0,0,0,0,0,0,0
260322,1,1,1983,22,22,22,22,22,22,22,22,22,22
260323,1,1,1983,8,8,8,8,8,8,8,8,8,8
260324,1,1,1983,0,0,0,0,0,0,0,0,0,0
260324,2,1,1983,0,0,0,0,0,0,0,0,0,0
260325,1,1,1983,21,30,22,11,16,17,38,17,24,15
260326,1,1,1983,0,0,0,0,0,0,0,0,0,0
260326,2,1,1983,0,0,0,0,0,0,0,0,0,0
260327,1,1,1983,15,15,15,15,15,15,15,15,15,15
260328,1,1,1983,0,0,0,0,0,0,0,0,0,0
260329,1,1,1983,14,14,14,14,14,14,14,14,14,14
260330,0,1,1983,0,0,0,0,0,0,0,0,0,0
260330,1,1,1983,8,8,8,8,8,8,8,8,8,8
260331,1,1,1983,30,30,30,30,30,30,30,30,30,30
260332,1,1,1983,0,0,0,0,0,0,0,0,0,0
260334,1,1,1983,7,7,7,7,7,7,7,7,7,7
260334,2,1,1983,0,0,0,0,0,0,0,0,0,0
260335,0,1,1983,0,0,0,0,0,0,0,0,0,0
260335,1,1,1983,0,0,0,0,0,0,0,20,0,0
260336,1,1,1983,10,10,10,10,10,10,10,10,10,10
260337,1,1,1983,43,43,43,43,43,43,43,43,43,43
260337,2,1,1983,0,0,0,0,0,0,0,0,0,0
260338,1,1,1983,19,16,27,35,44,20,15,28,21,18
260338,2,1,1983,0,0,0,0,0,0,10,21,5,0
260338,3,1,1983,18,0,0,0,0,0,21,0,0,0
260339,0,1,1983,0,0,0,0,0,0,0,0,0,0
260339,1,1,1983,0,0,0,0,0,0,0,0,16,0
260340,0,1,1983,8,23,19,16,7,24,21,33,21,22
260340,1,1,1983,18,18,18,18,18,18,18,18,18,18
260341,1,1,1983,12,12,12,12,12,12,12,12,12,12
260341,2,1,1983,0,0,0,6,0,0,0,8,0,0
260342,0,1,1983,9,9,9,9,9,9,9,9,9,9
260342,1,1,1983,9,9,9,9,9,9,9,9,9,9
260343,1,1,1983,30,30,30,30,30,30,30,30,30,30
260344,1,1,1983,0,0,0,17,0,0,0,14,0,0
260345,1,1,1983,0,0,0,0,0,0,0,0,0,0
260345,2,1,1983,0,0,0,0,0,0,0,0,0,0
260346,1,1,1983,14,14,14,14,14,14,14,14,14,14
260346,2,1,1983,0,0,0,0,0,0,0,0,0,0
260347,1,1,1983,34,34,34,34,34,34,34,34,34,34
260348,1,1,1983,14,14,14,14,14,14,14,14,14,14
260349,1,1,1983,28,28,28,28,28,28,28,28,28,28
260350,1,1,1983,0,0,0,0,0,0,0,0,0,0
260350,2,1,1983,0,0,0,0,0,0,0,0,0,0
260350,3,1,1983,0,0,0,0,0,0,0,0,0,0
260351,0,1,1983,29,15,36,29,14,24,46,7,20,30
260351,1,1,1983,0,0,0,0,0,0,11,0,0,0
260352,0,1,1983,11,11,11,11,11,11,11,11,11,11
260352,1,1,1983,17,17,17,17,17,17,17,17,17,17
260353,1,1,1983,0,0,0,0,0,0,0,0,0,0
260353,2,1,1983,0,0,0,0,0,0,0,0,0,0
260354,1,1,1983,8,8,8,8,8,8,8,8,8,8
260355,0,1,1983,0,0,0,0,0,0,0,0,0,0
260355,1,1,1983,6,24,0,0,0,0,11,29,10,13
260356,1,1,1983,18,18,18,18,18,18,18,18,18,18
260356,2,1,1983,0,23,0,10,8,0,16,0,0,22
260357,1,1,1983,0,0,0,0,0,0,0,0,0,0
260358,1,1,1983,23,19,9,16,17,28,14,29,21,17
260359,1,1,1983,0,0,0,0,0,0,0,0,0,0
260359,2,1,1983,22,0,0,0,0,0,0,0,0,0
260360,1,1,1983,12,0,25,9,23,15,13,8,7,15
260360,2,1,1983,0,19,0,0,0,0,0,0,0,0
260361,1,1,1983,0,0,0,0,0,0,0,0,0,0
260362,1,1,1983,26,26,26,26,26,26,26,26,26,26
260362,2,1,1983,0,0,28,0,0,0,0,0,0,0
260363,1,1,1983,0,0,0,0,0,0,0,0,0,0
260363,2,1,1983,0,0,0,0,0,0,0,0,0,0
260364,1,1,1983,14,14,14,14,14,14,14,14,14,14
260364,2,1,1983,0,0,0,0,0,0,0,0,0,0
260364,3,1,1983,0,0,0,0,0,27,0,0,30,0
260365,1,1,1983,0,0,0,0,0,0,0,0,0,0
260365,2,1,1983,0,0,0,0,0,0,0,0,0,0
260366,0,1,1983,29,29,29,29,29,29,29,29,29,29
260366,1,1,1983,3,0,0,0,11,27,17,0,19,0
260366,2,1,1983,0,0,19,0,13,0,0,0,19,0
260366,3,1,1983,19,8,0,0,0,9,0,0,0,0
260367,0,1,1983,26,0,0,0,22,9,27,0,0,0
260367,1,1,1983,0,0,0,0,0,0,0,0,0,10
260368,1,1,1983,0,0,0,0,0,0,0,0,0,0
260369,1,1,1983,0,0,0,0,0,0,0,0,0,0
260369,2,1,1983,0,0,0,0,0,0,0,0,0,0
260370,1,1,1983,4,23,0,17,10,28,9,19,22,18
260370,2,1,1983,0,0,0,13,0,12,0,27,11,0
260371,0,1,1983,25,23,31,29,36,6,15,18,14,15
260371,1,1,1983,22,22,22,22,22,22,22,22,22,22
260372,0,1,1983,0,0,0,0,0,0,0,0,0,0
260372,1,1,1983,0,0,0,0,0,0,0,0,0,0
260373,0,1,1983,42,4,32,29,18,27,15,24,25,26
260373,1,1,1983,11,11,11,11,11,11,11,11,11,11
260374,1,1,1983,23,23,23,23,23,23,23,23,23,23
260374,2,1,1983,21,21,21,21,21,21,21,21,21,21
260375,1,1,1983,20,20,20,20,20,20,20,20,20,20
260375,2,1,1983,0,7,11,7,6,22,21,17,17,11
260376,1,1,1983,30,30,30,30,30,30,30,30,30,30
260377,1,1,1983,26,26,26,26,26,26,26,26,26,26
260378,1,1,1983,17,17,17,17,17,17,17,17,17,17
260379,1,1,1983,0,23,0,0,0,20,0,0,0,0
260379,2,1,1983,19,14,9,21,3,9,18,10,15,6
260380,1,1,1983,0,0,8,0,0,0,0,0,0,0
260381,1,1,1983,0,0,0,0,0,0,0,0,0,0
260381,2,1,1983,0,0,0,0,0,0,0,0,0,0
260382,1,1,1983,0,0,0,0,0,0,0,0,0,0
260382,2,1,1983,10,10,10,10,10,10,10,10,10,10
260383,1,1,1983,38,38,38,38,38,38,38,38,38,38
260384,1,1,1983,0,0,0,0,0,0,0,0,0,0
260384,2,1,1983,0,0,0,0,0,0,0,0,0,0
260385,1,1,1983,22,22,22,22,22,22,22,22,22,22
260385,2,1,1983,0,0,0,0,0,0,0,0,0,0
260386,1,1,1983,10,10,10,10,10,10,10,10,10,10
260387,1,1,1983,5,5,5,5,5,5,5,5,5,5
260388,1,1,1983,23,23,23,23,23,23,23,23,23,23
260388,2,1,1983,17,15,8,7,11,17,6,12,9,3
260389,1,1,1983,0,0,0,0,0,0,0,0,0,0
260389,2,1,1983,0,0,0,0,0,0,0,0,0,0
260390,1,1,1983,13,0,0,0,0,0,0,0,0,0
260391,0,1,1983,0,17,23,0,0,0,0,0,0,19
260391,1,1,1983,0,0,0,0,0,0,0,0,0,0
260392,1,1,1983,0,0,0,0,0,0,0,0,0,0
260392,2,1,1983,0,0,0,0,0,0,0,0,0,0
260393,1,1,1983,17,17,17,17,17,17,17,17,17,17
260394,1,1,1983,24,24,24,24,24,24,24,24,24,24
260395,1,1,1983,23,23,23,23,23,23,23,23,23,23
260395,2,1,1983,18,18,0,12,0,0,0,0,0,0
260396,1,1,1983,16,16,16,16,16,16,16,16,16,16
260397,1,1,1983,21,21,21,21,21,21,21,21,21,21
260397,2,1,1983,7,15,21,7,13,29,15,11,6,18
260397,3,1,1983,0,0,0,0,0,0,0,0,0,0
260398,1,1,1983,0,0,31,0,24,0,13,0,36,26
260399,1,1,1983,16,20,6,34,27,22,7,9,21,27
260399,2,1,1983,0,0,0,0,0,0,14,0,32,0
260400,1,1,1983,0,0,0,0,0,0,0,0,0,0
260400,2,1,1983,0,0,0,0,0,0,0,0,0,0
260401,1,1,1983,2,2,2,2,2,2,2,2,2,2
260402,1,1,1983,0,0,0,0,0,0,0,0,0,0
260402,2,1,1983,0,0,0,0,4,0,0,0,0,0
260403,1,1,1983,19,19,19,19,19,19,19,19,19,19
260404,1,1,1983,14,14,14,14,14,14,14,14,14,14
260404,2,1,1983,0,0,0,0,0,0,0,0,0,0
260405,1,1,1983,0,0,0,0,0,0,0,0,0,0
260405,2,1,1983,12,20,9,14,14,15,10,13,32,0
260406,1,1,1983,0,0,0,0,0,0,0,0,0,0
260406,2,1,1983,0,0,0,0,0,0,0,0,0,0
260406,3,1,1983,0,0,13,0,0,0,0,0,0,0
260406,4,1,1983,0,0,0,0,0,0,0,0,0,0
260406,5,1,1983,0,0,0,0,0,0,0,0,0,0
260407,1,1,1983,9,10,16,0,5,21,0,0,7,7
260407,2,1,1983,0,0,0,0,0,0,0,0,0,0
260407,3,1,1983,0,0,0,0,0,0,0,0,0,11
260408,0,1,1983,19,19,19,19,19,19,19,19,19,19
260408,1,1,1983,13,29,18,17,0,0,7,6,14,0
260409,1,1,1983,15,15,15,15,15,15,15,15,15,15
260409,2,1,1983,7,0,0,0,0,0,0,0,0,0
260410,1,1,1983,30,30,30,30,30,30,30,30,30,30
260411,0,1,1983,0,0,0,0,0,0,0,0,0,0
260411,1,1,1983,0,0,0,0,0,0,0,0,0,0
260412,0,1,1983,20,0,0,0,0,0,0,0,0,0
260412,1,1,1983,0,0,0,0,0,0,0,0,0,11
260413,0,1,1983,0,0,0,0,0,0,0,0,0,0
260413,1,1,1983,0,0,0,0,0,0,0,0,0,0
260414,1,1,1983,15,15,15,15,15,15,15,15,15,15
260415,1,1,1983,23,23,23,23,23,23,23,23,23,23
260415,2,1,1983,0,0,0,0,0,0,0,17,0,0
260416,1,1,1983,7,7,7,7,7,7,7,7,7,7
260416,2,1,1983,19,19,19,19,19,19,19,19,19,19
260417,1,1,1983,15,15,15,15,15,15,15,15,15,15
260418,1,1,1983,17,17,17,17,17,17,17,17,17,17
260419,1,1,1983,0,0,11,0,0,0,0,0,0,0
260419,2,1,1983,22,22,22,22,22,22,22,22,22,22
260420,1,1,1983,18,18,18,18,18,18,18,18,18,18
260420,2,1,1983,0,0,0,0,0,0,0,0,0,0
260420,3,1,1983,11,18,0,0,0,0,0,0,0,0
260422,1,1,1983,0,0,0,0,0,0,0,0,0,0
260422,2,1,1983,0,0,0,0,0,0,0,0,0,0
260423,0,1,1983,0,0,20,0,0,41,0,0,0,0
260423,1,1,1983,0,0,0,0,0,0,0,0,0,0
260425,1,1,1983,22,22,22,22,22,22,22,22,22,22
260425,2,1,1983,0,0,0,0,0,0,0,0,0,0
260426,0,1,1983,0,0,26,0,0,0,23,0,7,0
260426,1,1,1983,0,0,0,0,0,0,0,0,0,0
260427,1,1,1983,0,0,0,0,0,0,0,0,0,0
260427,2,1,1983,0,0,0,0,0,0,0,0,0,0
260428,0,1,1983,0,0,0,0,0,0,0,0,0,0
260428,1,1,1983,0,0,0,0,0,0,0,0,0,0
260429,1,1,1983,9,0,0,0,17,0,34,5,0,17
260430,1,1,1983,0,0,0,0,0,0,0,0,0,0
260431,1,1,1983,27,27,27,27,27,27,27,27,27,27
260432,1,1,1983,9,9,9,9,9,9,9,9,9,9
260432,2,1,1983,0,15,11,22,0,0,14,0,0,18
260433,1,1,1983,0,0,0,0,0,0,0,0,0,0
260434,1,1,1983,17,17,17,17,17,17,17,17,17,17
260435,1,1,1983,4,4,4,4,4,4,4,4,4,4
260436,1,1,1983,0,0,0,0,0,0,0,0,0,0
260437,1,1,1983,16,10,6,5,13,18,17,6,8,20
260438,0,1,1983,38,38,38,38,38,38,38,38,38,38
260438,1,1,1983,0,0,0,0,0,0,0,0,0,12
260439,1,1,1983,25,25,25,25,25,25,25,25,25,25
260440,0,1,1983,0,0,0,0,0,0,0,0,0,0
260440,0,2,1983,0,0,0,0,0,0,0,0,0,0
260440,1,1,1983,26,26,26,26,26,26,26,26,26,26
260441,1,1,1983,0,21,11,14,0,29,38,9,17,12
260442,1,1,1983,11,11,11,11,11,11,11,11,11,11
260442,2,1,1983,13,13,13,13,13,13,13,13,13,13
260443,1,1,1983,17,17,17,17,17,17,17,17,17,17
260444,1,1,1983,0,0,0,0,0,0,0,0,21,0
260445,1,1,1983,14,14,14,14,14,14,14,14,14,14
260446,1,1,1983,9,19,0,20,15,3,12,22,7,0
260446,2,1,1983,14,11,19,17,13,6,21,23,16,0
260447,0,1,1983,28,28,28,28,28,28,28,28,28,28
260447,1,1,1983,0,0,0,18,0,18,0,0,24,21
260448,0,1,1983,0,11,0,0,0,0,0,30,0,19
260448,1,1,1983,0,0,0,0,0,0,0,0,0,0
260449,1,1,1983,0,5,0,0,0,0,0,0,0,0
260449,2,1,1983,0,0,0,0,15,0,9,7,8,0
260450,1,1,1983,26,0,0,19,0,6,0,0,19,8
260451,1,1,1983,0,0,0,0,0,0,0,0,0,0
260452,0,1,1983,11,11,11,11,11,11,11,11,11,11
260452,1,1,1983,16,16,16,16,16,16,16,16,16,16
260453,1,1,1983,22,22,22,22,22,22,22,22,22,22
260453,2,1,1983,0,0,0,0,0,0,0,0,0,0
260454,1,1,1983,8,8,8,8,8,8,8,8,8,8
260455,1,1,1983,9,9,9,9,9,9,9,9,9,9
260455,2,1,1983,0,0,0,0,0,0,23,0,0,0
260456,1,1,1983,12,12,12,12,12,12,12,12,12,12
260456,2,1,1983,0,0,0,0,0,0,0,0,0,0
260457,0,1,1983,0,0,0,0,0,0,0,0,0,0
260457,1,1,1983,0,0,0,0,0,0,0,0,0,0
260458,1,1,1983,38,38,38,38,38,38,38,38,38,38
260459,1,1,1983,21,21,21,21,21,21,21,21,21,21
260460,1,1,1983,15,15,15,15,15,15,15,15,15,15
260461,1,1,1983,9,0,0,0,0,0,0,0,0,15
260462,1,1,1983,0,0,0,0,17,5,0,0,0,0
260463,0,1,1983,19,0,0,23,0,0,0,0,0,0
260463,1,1,1983,0,0,0,0,0,0,0,0,0,0
260464,0,1,1983,0,0,0,0,0,22,0,0,0,0
260464,1,1,1983,0,0,0,0,0,0,0,0,0,0
260465,1,1,1983,8,8,8,8,8,8,8,8,8,8
260465,2,1,1983,0,0,12,0,0,0,0,0,0,0
260466,1,1,1983,6,8,17,21,13,11,2,24,24,21
260466,2,1,1983,0,0,0,0,11,0,0,14,20,0
260467,1,1,1983,15,15,15,15,15,15,15,15,15,15
260468,0,1,1983,4,4,4,4,4,4,4,4,4,4
260468,0,2,1983,22,0,33,13,24,20,0,18,11,31
260468,1,1,1983,16,16,16,16,16,16,16,16,16,16
260469,1,1,1983,0,0,0,0,0,0,0,0,0,0
260470,1,1,1983,27,27,27,27,27,27,27,27,27,27
260471,1,1,1983,15,0,0,0,0,0,13,0,0,0
260472,1,1,1983,0,0,0,0,0,0,0,0,0,0
260472,2,1,1983,20,0,0,0,0,0,0,0,0,0
260473,1,1,1983,0,0,0,0,0,17,0,0,0,0
260474,1,1,1983,0,0,0,0,0,0,0,0,0,0
260474,2,1,1983,0,0,0,0,0,0,0,0,0,0
260475,1,1,1983,1,1,1,1,1,1,1,1,1,1
260475,2,1,1983,8,8,8,8,8,8,8,8,8,8
260476,1,1,1983,0,0,0,0,0,0,0,0,0,0
260476,2,1,1983,0,0,0,0,0,0,0,0,0,0
260477,1,1,1983,6,6,6,6,6,6,6,6,6,6
260478,1,1,1983,22,22,22,22,22,22,22,22,22,22
260478,2,1,1983,3,3,3,3,3,3,3,3,3,3
260479,1,1,1983,0,0,0,0,0,0,0,0,0,0
260480,1,1,1983,1,1,1,1,1,1,1,1,1,1
260480,2,1,1983,0,0,0,0,0,0,0,0,0,0
260481,1,1,1983,0,0,0,0,0,0,9,0,13,0
260482,0,1,1983,13,21,38,14,41,8,21,13,14,21
260482,1,1,1983,16,13,19,15,12,8,13,0,14,12
260483,1,1,1983,22,22,22,22,22,22,22,22,22,22
260483,2,1,1983,0,0,0,0,0,0,0,0,0,13
260483,3,1,1983,0,12,0,0,0,0,0,12,0,0
260484,1,1,1983,17,17,17,17,17,17,17,17,17,17
260484,2,1,1983,0,0,0,0,0,12,0,0,0,0
260484,3,1,1983,0,17,0,0,0,12,0,0,0,0
260485,0,1,1983,0,0,0,0,0,0,0,0,0,0
260485,1,1,1983,16,16,16,16,16,16,16,16,16,16
260486,1,1,1983,30,30,30,30,30,30,30,30,30,30
260487,1,1,1983,28,28,28,28,28,28,28,28,28,28
260488,1,1,1983,0,0,0,0,0,0,0,0,0,0
260489,1,1,1983,0,0,0,0,0,0,0,0,0,0
260489,2,1,1983,0,0,0,0,0,0,0,0,0,0
260489,3,1,1983,0,0,0,0,0,0,0,0,0,0
260490,1,1,1983,0,0,0,0,0,0,0,0,0,0
260490,2,1,1983,0,0,0,0,0,0,0,0,0,0
260491,0,1,1983,0,0,0,0,0,0,0,0,0,0
260491,1,1,1983,14,18,19,14,18,11,24,11,15,5
260492,1,1,1983,0,0,0,0,0,0,13,14,18,0
260492,2,1,1983,0,0,0,0,0,0,0,0,0,0
260493,1,1,1983,0,0,0,0,0,0,0,16,0,0
260493,2,1,1983,0,0,0,0,0,0,0,0,0,0
260494,1,1,1983,22,23,10,4,0,14,9,5,0,13
260495,1,1,1983,15,0,8,14,0,16,21,19,18,0
260495,2,1,1983,0,0,0,0,0,0,0,0,0,0
260495,3,1,1983,0,0,0,0,0,0,0,0,0,0
260496,0,1,1983,19,19,19,19,19,19,19,19,19,19
260496,0,2,1983,23,23,23,23,23,23,23,23,23,23
260496,0,3,1983,17,39,3,0,2,19,11,20,11,12