ST_CASE,VEH_NO,PER_NO,YEAR,P1,P2,P3,P4,P5,P6,P7,P8,P9,P10
260496,1,1,1983,21,21,21,21,21,21,21,21,21,21
260497,1,1,1983,0,0,0,0,0,0,0,0,0,0
260497,2,1,1983,0,0,0,0,0,0,0,0,0,0
260498,1,1,1983,15,15,15,15,15,15,15,15,15,15
260498,2,1,1983,0,0,0,0,0,0,0,0,0,0
260499,1,1,1983,0,0,0,0,0,0,0,0,0,0
260499,2,1,1983,0,0,0,0,0,0,0,0,0,0
260500,1,1,1983,0,0,0,0,0,0,0,0,0,0
260500,2,1,1983,0,0,0,0,0,0,0,0,0,0
260501,1,1,1983,0,0,0,0,0,0,0,0,0,0
260501,2,1,1983,0,0,0,0,0,0,0,0,0,0
260501,3,1,1983,0,0,0,0,0,0,23,0,18,0
260502,1,1,1983,16,16,16,16,16,16,16,16,16,16
260503,1,1,1983,10,10,10,10,10,10,10,10,10,10
260504,1,1,1983,0,0,0,0,0,0,0,0,0,0
260504,2,1,1983,0,0,0,0,0,0,0,0,0,0
260505,0,1,1983,19,11,0,0,0,0,0,0,0,9
260505,1,1,1983,0,0,0,0,0,0,0,0,0,0
260506,0,1,1983,0,13,0,0,16,0,16,0,0,0
260506,1,1,1983,0,0,0,0,0,0,0,0,0,0
260508,0,1,1983,0,0,0,0,0,0,0,0,0,0
260508,1,1,1983,0,0,0,0,0,0,0,0,0,0
260509,1,1,1983,3,0,4,18,0,22,25,6,24,18
260510,1,1,1983,23,23,23,23,23,23,23,23,23,23
260510,2,1,1983,11,11,11,11,11,11,11,11,11,11
260511,1,1,1983,12,12,12,12,12,12,12,12,12,12
260511,2,1,1983,0,0,0,0,0,0,0,0,0,0
260512,1,1,1983,0,0,0,0,0,0,0,0,0,18
260513,0,1,1983,0,20,0,30,0,19,0,0,0,0
260513,1,1,1983,20,7,19,15,0,17,7,12,22,12
260514,0,1,1983,0,0,0,0,0,0,0,0,0,0
260514,1,1,1983,0,0,0,0,0,0,0,0,0,0
260515,1,1,1983,0,0,0,0,0,0,0,0,0,0
260516,1,1,1983,26,26,26,26,26,26,26,26,26,26
260517,0,1,1983,30,0,13,0,0,47,0,0,29,22
260517,1,1,1983,0,0,0,0,0,0,0,23,0,0
260518,1,1,1983,0,0,0,0,0,8,0,0,0,0
260519,1,1,1983,0,0,0,0,0,0,0,0,0,0
260519,2,1,1983,0,0,0,0,0,0,16,0,0,0
260521,1,1,1983,0,0,0,0,0,0,0,11,0,0
260521,2,1,1983,0,0,0,0,18,15,0,19,0,0
260521,3,1,1983,0,0,0,0,0,17,0,0,0,0
260522,1,1,1983,0,0,0,0,0,0,0,0,0,0
260522,2,1,1983,0,0,0,0,0,0,0,0,0,0
260523,1,1,1983,0,0,0,0,0,18,0,0,0,0
260523,2,1,1983,0,0,0,0,0,0,0,0,0,0
260523,3,1,1983,0,0,0,0,0,0,0,0,0,0
260523,4,1,1983,0,0,0,0,0,0,0,18,0,0
260524,0,1,1983,16,16,16,16,16,16,16,16,16,16
260524,1,1,1983,10,0,0,0,8,0,0,0,17,0
260525,1,1,1983,0,0,0,0,0,0,0,0,0,0
260525,2,1,1983,0,0,0,0,0,0,0,0,0,0
260526,1,1,1983,0,11,0,30,12,0,13,0,10,17
260527,0,1,1983,0,0,0,0,0,0,0,0,0,0
260527,1,1,1983,0,0,0,2,12,0,16,0,0,0
260528,1,1,1983,26,0,21,8,26,21,0,0,21,12
260528,2,1,1983,0,0,0,31,14,0,30,0,0,0
260529,0,1,1983,0,0,0,0,0,0,0,0,0,0
260529,1,1,1983,0,0,0,0,0,0,0,0,0,0
260530,0,1,1983,0,0,0,0,0,0,0,0,0,0
260530,1,1,1983,0,0,0,14,9,6,7,22,9,20
260531,1,1,1983,21,21,21,21,21,21,21,21,21,21
260531,2,1,1983,0,0,0,0,0,0,23,0,0,0
260532,1,1,1983,26,26,26,26,26,26,26,26,26,26
260533,0,1,1983,8,25,0,0,0,25,13,16,0,0
260533,0,2,1983,0,0,0,0,0,0,0,0,0,0
260533,1,1,1983,4,4,4,4,4,4,4,4,4,4
260534,1,1,1983,0,0,0,0,0,0,0,0,0,0
260535,1,1,1983,24,24,24,24,24,24,24,24,24,24
260535,2,1,1983,0,0,0,0,0,0,0,0,0,0
260537,1,1,1983,12,12,12,12,12,12,12,12,12,12
260538,0,1,1983,0,0,0,0,0,0,0,0,0,0
260538,1,1,1983,0,0,0,0,11,0,0,7,0,0
260539,1,1,1983,20,20,20,20,20,20,20,20,20,20
260540,1,1,1983,19,25,15,8,15,5,14,17,10,13
260541,1,1,1983,18,18,18,18,18,18,18,18,18,18
260542,1,1,1983,18,18,18,18,18,18,18,18,18,18
260543,0,1,1983,29,35,19,8,0,41,19,0,16,23
260543,1,1,1983,0,0,0,0,0,0,0,0,0,0
260544,1,1,1983,0,0,0,0,0,0,0,0,0,0
260544,2,1,1983,0,0,0,0,0,0,0,0,0,0
260545,1,1,1983,0,0,0,0,0,0,0,0,0,0
260546,1,1,1983,0,0,0,0,0,0,0,0,0,0
260546,2,1,1983,0,0,22,0,0,0,0,0,19,0
260547,1,1,1983,20,20,20,20,20,20,20,20,20,20
260548,1,1,1983,0,0,21,14,0,19,0,22,3,9
260548,2,1,1983,0,0,0,0,0,10,0,0,0,26
260549,0,1,1983,0,0,0,0,0,0,0,0,0,0
260549,1,1,1983,0,0,0,0,0,0,0,0,0,0
260550,1,1,1983,0,0,0,0,0,0,0,0,0,0
260551,1,1,1983,0,0,0,0,0,0,2,0,0,0
260551,2,1,1983,0,0,0,0,0,0,0,0,0,0
260552,1,1,1983,6,6,6,6,6,6,6,6,6,6
260552,2,1,1983,0,0,0,0,0,0,0,0,0,0
260553,0,1,1983,0,0,0,0,0,0,0,0,0,0
260553,1,1,1983,0,0,0,0,0,0,0,0,0,0
260554,1,1,1983,19,19,19,19,19,19,19,19,19,19
260555,1,1,1983,0,0,0,0,0,0,0,0,0,0
260555,2,1,1983,0,0,0,0,0,0,0,0,9,0
260556,1,1,1983,0,0,0,0,0,0,0,0,15,0
260556,2,1,1983,0,0,0,0,0,0,0,0,0,0
260557,1,1,1983,11,11,11,11,11,11,11,11,11,11
260558,1,1,1983,0,0,0,0,0,20,8,0,0,0
260558,2,1,1983,0,0,0,0,0,0,0,0,0,0
260559,0,1,1983,24,15,0,14,0,14,36,0,0,0
260559,1,1,1983,0,0,0,0,0,0,0,0,0,0
260560,1,1,1983,0,0,0,0,0,0,0,0,0,0
260560,2,1,1983,0,0,0,0,0,0,0,0,0,0
260561,1,1,1983,17,17,17,17,17,17,17,17,17,17
260561,2,1,1983,16,16,16,16,16,16,16,16,16,16
260562,0,1,1983,0,17,19,30,0,16,19,18,14,13
260562,1,1,1983,6,6,6,6,6,6,6,6,6,6
260563,1,1,1983,30,30,30,30,30,30,30,30,30,30
260564,0,1,1983,0,8,0,0,0,11,9,0,0,10
260564,0,2,1983,15,8,16,20,11,14,5,11,11,13
260564,1,1,1983,0,0,0,0,0,0,0,0,0,0
260565,1,1,1983,4,4,4,4,4,4,4,4,4,4
260566,1,1,1983,0,0,0,0,0,0,0,0,0,0
260567,1,1,1983,10,14,22,16,21,20,14,12,29,7
260568,1,1,1983,0,0,0,0,0,0,17,0,0,0
260568,2,1,1983,0,0,0,0,0,0,0,0,0,0
260569,1,1,1983,15,15,15,15,15,15,15,15,15,15
260570,1,1,1983,0,0,0,0,0,0,3,0,0,0
260570,2,1,1983,0,0,0,0,0,0,0,0,0,0
260571,1,1,1983,0,0,0,0,0,0,0,0,0,0
260571,2,1,1983,0,0,0,0,0,0,0,0,0,0
260572,0,1,1983,24,24,24,24,24,24,24,24,24,24
260572,1,1,1983,0,0,0,0,0,0,0,14,0,0
260573,1,1,1983,0,0,19,14,0,0,0,0,12,0
260573,2,1,1983,0,0,0,8,14,3,0,0,0,0
260574,0,1,1983,0,9,0,0,0,28,0,0,0,14
260574,1,1,1983,0,0,0,0,0,0,0,0,0,0
260575,1,1,1983,0,0,7,0,0,8,0,0,0,0
260576,0,1,1983,0,0,0,0,0,0,0,0,0,0
260576,1,1,1983,0,0,0,0,0,0,0,0,0,0
260577,1,1,1983,32,32,32,32,32,32,32,32,32,32
260577,2,1,1983,0,0,0,0,0,0,10,8,14,22
260578,1,1,1983,0,0,0,12,0,12,0,0,0,0
260578,2,1,1983,0,9,20,0,19,0,0,19,0,0
260579,1,1,1983,10,10,10,10,10,10,10,10,10,10
260580,1,1,1983,9,9,9,9,9,9,9,9,9,9
260581,0,1,1983,0,0,0,0,0,0,0,0,0,0
260581,1,1,1983,0,0,0,0,0,0,0,0,0,0
260582,1,1,1983,23,23,23,23,23,23,23,23,23,23
260583,1,1,1983,14,14,14,14,14,14,14,14,14,14
260584,0,1,1983,0,0,0,0,0,0,0,0,0,0
260584,1,1,1983,17,0,0,0,0,0,0,0,0,0
260585,1,1,1983,0,0,19,0,7,0,0,0,0,0
260585,2,1,1983,0,0,0,0,0,0,0,0,26,0
260586,0,1,1983,0,0,0,0,0,0,0,0,0,0
260586,1,1,1983,0,0,0,0,0,0,0,0,0,25
260587,1,1,1983,25,25,25,25,25,25,25,25,25,25
260588,1,1,1983,30,20,6,8,10,21,14,13,34,16
260589,1,1,1983,29,29,29,29,29,29,29,29,29,29
260590,1,1,1983,7,7,7,7,7,7,7,7,7,7
260590,2,1,1983,0,0,0,0,0,22,0,0,0,0
260590,3,1,1983,0,0,0,14,0,0,0,0,13,0
260591,0,1,1983,0,0,0,0,0,0,0,0,0,0
260591,1,1,1983,0,0,0,0,0,0,0,0,0,0
260592,1,1,1983,2,2,2,2,2,2,2,2,2,2
260593,0,1,1983,0,0,0,0,0,0,0,0,0,0
260593,1,1,1983,0,0,0,0,0,0,0,15,0,0
260594,1,1,1983,18,18,18,18,18,18,18,18,18,18
260594,2,1,1983,0,0,0,0,0,7,0,0,0,20
260595,1,1,1983,19,19,19,19,19,19,19,19,19,19
260596,1,1,1983,23,23,23,23,23,23,23,23,23,23
260597,1,1,1983,17,17,17,17,17,17,17,17,17,17
260597,2,1,1983,0,0,0,13,0,21,7,0,11,15
260598,0,1,1983,0,0,0,0,0,0,0,0,0,0
260598,1,1,1983,0,0,0,0,6,0,0,0,0,0
260599,0,1,1983,0,0,0,0,0,0,0,0,21,0
260599,1,1,1983,0,0,0,0,0,0,0,0,0,0
260599,2,1,1983,0,18,0,33,0,20,0,0,20,12
260600,0,1,1983,0,0,0,18,0,0,0,0,0,0
260600,1,1,1983,0,5,0,0,0,0,0,0,0,0
260600,2,1,1983,0,0,0,0,0,0,0,0,0,0
260601,0,1,1983,28,28,28,28,28,28,28,28,28,28
260601,1,1,1983,10,7,11,12,20,15,20,12,11,5
260602,1,1,1983,0,0,0,0,0,0,0,5,0,10
260603,1,1,1983,18,0,18,11,21,21,17,23,24,13
260604,1,1,1983,10,10,10,10,10,10,10,10,10,10
260605,0,1,1983,23,23,23,23,23,23,23,23,23,23
260605,1,1,1983,0,0,0,0,32,0,12,11,0,0
260606,1,1,1983,0,0,0,0,0,0,0,0,0,0
260607,0,1,1983,22,22,25,25,18,15,13,16,32,29
260607,1,1,1983,24,11,25,13,3,23,5,11,0,11
260608,1,1,1983,31,21,13,8,18,17,11,24,23,33
260608,2,1,1983,0,0,0,0,0,6,0,0,0,0
260609,0,1,1983,0,17,0,0,12,27,0,0,0,34
260609,1,1,1983,36,36,36,36,36,36,36,36,36,36
260610,1,1,1983,23,23,23,23,23,23,23,23,23,23
260611,1,1,1983,23,23,23,23,23,23,23,23,23,23
260612,1,1,1983,7,7,7,7,7,7,7,7,7,7
260614,1,1,1983,8,16,10,10,8,29,15,10,20,19
260615,0,1,1983,13,25,17,0,0,40,15,21,26,0
260615,1,1,1983,0,0,0,0,0,14,0,0,0,16
260616,0,1,1983,32,0,12,5,30,22,25,27,8,57
260616,1,1,1983,0,0,0,0,0,0,0,0,27,0
260617,1,1,1983,22,22,22,22,22,22,22,22,22,22
260618,1,1,1983,25,18,13,4,14,12,15,13,19,5
260619,1,1,1983,0,0,0,0,0,0,0,0,0,0
260619,2,1,1983,0,0,0,5,0,0,0,0,0,0
260620,1,1,1983,0,0,0,0,0,0,0,0,0,0
260620,2,1,1983,0,0,0,11,0,0,0,0,0,0
260621,1,1,1983,11,0,8,0,11,0,0,0,4,0
260622,1,1,1983,15,15,15,15,15,15,15,15,15,15
260623,0,1,1983,1,1,1,1,1,1,1,1,1,1
260623,1,1,1983,21,21,21,21,21,21,21,21,21,21
260624,0,1,1983,0,0,0,0,0,0,0,0,0,0
260624,1,1,1983,0,0,0,0,0,0,25,0,0,28
260625,1,1,1983,13,14,19,10,6,14,26,26,12,13
260626,1,1,1983,0,0,0,0,0,0,0,0,0,0
260626,2,1,1983,0,0,7,0,11,0,0,0,0,0
260627,0,1,1983,27,27,27,27,27,27,27,27,27,27
260627,1,1,1983,0,0,0,0,0,0,0,0,0,0
260628,1,1,1983,47,47,47,47,47,47,47,47,47,47
260629,1,1,1983,0,0,0,0,0,0,0,0,0,0
260629,2,1,1983,0,0,0,8,0,0,0,0,0,0
260630,1,1,1983,0,0,0,0,0,13,0,0,0,0
260631,1,1,1983,11,11,11,11,11,11,11,11,11,11
260632,1,1,1983,0,0,7,27,28,0,0,0,0,0
260633,1,1,1983,13,3,12,13,14,6,5,3,16,20
260634,1,1,1983,23,23,23,23,23,23,23,23,23,23
260634,2,1,1983,0,0,12,0,0,0,0,0,20,0
260634,3,1,1983,19,0,0,0,0,7,0,0,0,0
260635,1,1,1983,0,0,0,0,0,0,0,0,0,0
260635,2,1,1983,0,0,0,0,0,0,0,0,0,0
260635,3,1,1983,7,0,0,0,0,0,10,0,0,0
260636,1,1,1983,0,0,0,0,0,0,0,0,0,0
260637,1,1,1983,0,0,0,0,0,0,0,0,0,0
260639,1,1,1983,0,0,0,0,0,0,0,0,31,13
260640,1,1,1983,15,15,15,15,15,15,15,15,15,15
260641,1,1,1983,0,0,0,0,0,0,0,0,0,0
260641,2,1,1983,0,0,0,0,0,0,0,0,0,0
260642,1,1,1983,19,19,19,19,19,19,19,19,19,19
260642,2,1,1983,17,29,18,9,13,20,10,15,17,6
260643,1,1,1983,22,22,22,22,22,22,22,22,22,22
260644,1,1,1983,24,24,24,24,24,24,24,24,24,24
260644,2,1,1983,0,0,0,0,0,0,0,0,0,0
260645,0,1,1983,19,41,20,11,20,19,39,43,17,12
260645,1,1,1983,0,0,0,20,0,0,0,0,0,0
260646,1,1,1983,0,0,0,0,0,0,0,0,0,0
260646,2,1,1983,0,0,0,0,0,0,0,0,0,0
260647,1,1,1983,7,0,26,0,28,0,0,0,9,0
260647,2,1,1983,0,0,0,0,0,0,4,0,0,0
260648,1,1,1983,28,28,28,28,28,28,28,28,28,28
260649,1,1,1983,0,0,0,0,0,0,0,0,0,0
260649,2,1,1983,0,0,0,0,0,0,0,0,0,0
260649,3,1,1983,0,0,0,0,0,0,0,0,0,0
260650,0,1,1983,0,0,0,0,0,0,0,0,0,0
260650,0,2,1983,21,11,0,20,17,36,33,7,9,22
260650,1,1,1983,13,13,13,13,13,13,13,13,13,13
260651,1,1,1983,0,0,0,0,0,0,8,0,0,0
260651,2,1,1983,0,0,0,0,0,0,0,0,0,0
260652,0,1,1983,0,0,0,0,0,0,4,0,0,18
260652,1,1,1983,0,0,0,0,0,0,0,0,0,0
260653,1,1,1983,19,19,19,19,19,19,19,19,19,19
260653,2,1,1983,0,11,22,11,10,0,0,0,19,4
260653,3,1,1983,35,0,0,0,0,0,0,0,0,0
260654,0,1,1983,0,0,0,0,0,0,0,0,0,0
260654,1,1,1983,0,0,0,13,23,0,0,0,0,0
260655,1,1,1983,13,4,15,24,17,8,13,26,17,10
260656,1,1,1983,0,0,0,0,0,0,0,0,0,0
260656,2,1,1983,0,0,0,0,0,0,0,0,0,0
260657,1,1,1983,0,0,0,0,11,0,11,0,0,14
260658,1,1,1983,26,26,26,26,26,26,26,26,26,26
260658,2,1,1983,12,12,12,12,12,12,12,12,12,12
260659,1,1,1983,15,15,15,15,15,15,15,15,15,15
260659,2,1,1983,0,0,0,0,0,0,0,0,0,0
260660,1,1,1983,0,0,0,0,0,0,0,0,0,0
260660,2,1,1983,0,0,0,0,0,0,0,0,0,0
260660,3,1,1983,0,0,0,0,0,0,0,0,0,0
260660,4,1,1983,0,0,0,0,0,0,0,0,0,0
260661,1,1,1983,14,13,15,11,15,26,19,24,12,23
260661,2,1,1983,0,0,0,0,0,0,0,0,0,0
260662,1,1,1983,19,16,0,13,18,8,12,23,19,3
260663,0,1,1983,33,33,33,33,33,33,33,33,33,33
260663,1,1,1983,0,0,0,0,0,0,0,0,0,0
260664,1,1,1983,13,13,13,13,13,13,13,13,13,13
260665,1,1,1983,14,14,14,14,14,14,14,14,14,14
260665,2,1,1983,0,0,11,0,0,0,0,0,0,0
260666,1,1,1983,8,8,8,8,8,8,8,8,8,8
260666,2,1,1983,0,0,0,15,0,0,14,13,0,19
260667,1,1,1983,5,5,31,5,17,16,9,12,18,4
260667,2,1,1983,0,0,0,0,0,0,0,7,24,0
260668,1,1,1983,15,15,15,15,15,15,15,15,15,15
260669,1,1,1983,22,22,22,22,22,22,22,22,22,22
260670,1,1,1983,17,17,17,17,17,17,17,17,17,17
260671,1,1,1983,0,0,0,0,0,0,0,0,0,0
260671,2,1,1983,0,0,0,0,0,5,0,0,0,0
260672,1,1,1983,26,26,26,26,26,26,26,26,26,26
260672,2,1,1983,0,0,0,0,0,0,0,0,0,0
260673,0,1,1983,7,10,0,30,0,0,6,20,0,9
260673,1,1,1983,12,12,12,12,12,12,12,12,12,12
260674,0,1,1983,0,25,0,0,23,0,0,13,0,0
260674,1,1,1983,0,0,0,0,0,0,0,0,13,0
260675,0,1,1983,0,0,0,0,0,0,0,0,0,0
260675,1,1,1983,0,0,0,0,0,0,0,0,0,0
260676,1,1,1983,22,22,22,22,22,22,22,22,22,22
260677,1,1,1983,10,0,10,9,19,0,0,15,9,13
260677,2,1,1983,0,0,0,0,0,0,16,0,0,12
260678,1,1,1983,20,20,20,20,20,20,20,20,20,20
260678,2,1,1983,23,14,33,16,13,17,23,14,19,23
260679,0,2,1983,0,14,6,0,15,0,0,18,19,0
260679,0,3,1983,0,0,0,0,13,26,0,20,17,22
260679,1,1,1983,0,12,0,0,0,0,0,0,0,0
260680,1,1,1983,13,0,17,21,5,21,6,14,17,21
260681,1,1,1983,0,0,0,0,0,0,0,0,0,0
260681,2,1,1983,0,0,0,0,0,0,0,0,0,0
260682,0,1,1983,0,0,0,0,0,0,0,0,0,0
260682,1,1,1983,0,0,0,0,0,0,0,0,0,0
260683,1,1,1983,22,22,22,22,22,22,22,22,22,22
260684,1,1,1983,23,23,23,23,23,23,23,23,23,23
260685,0,1,1983,22,12,15,25,24,17,30,17,11,33
260685,1,1,1983,0,0,0,19,0,0,0,0,0,0
260686,0,1,1983,0,0,0,0,0,0,0,0,0,0
260686,1,1,1983,0,0,0,0,0,0,0,0,0,0
260687,1,1,1983,10,10,10,10,10,10,10,10,10,10
260687,2,1,1983,0,0,0,0,0,0,0,0,0,0
260688,1,1,1983,26,26,26,26,26,26,26,26,26,26
260689,1,1,1983,19,19,19,19,19,19,19,19,19,19
260690,1,1,1983,16,16,16,16,16,16,16,16,16,16
260691,1,1,1983,23,23,23,23,23,23,23,23,23,23
260692,1,1,1983,0,0,0,0,0,0,0,0,0,0
260692,2,1,1983,0,0,0,0,0,0,4,0,0,12
260693,0,1,1983,27,8,0,23,28,22,26,0,21,0
260693,1,1,1983,0,0,0,0,0,0,0,0,0,0
260694,0,1,1983,0,0,0,0,0,0,0,0,0,0
260694,1,1,1983,0,0,0,0,0,0,0,0,0,0
260695,0,1,1983,0,0,0,0,0,0,0,0,0,0
260695,1,1,1983,0,0,0,0,0,0,0,0,0,0
260696,1,1,1983,15,15,15,15,15,15,15,15,15,15
260696,2,1,1983,0,0,0,16,25,0,0,16,3,5
260696,3,1,1983,0,0,0,0,0,0,0,0,0,0
260697,1,1,1983,22,22,22,22,22,22,22,22,22,22
260698,1,1,1983,21,21,21,21,21,21,21,21,21,21
260699,1,1,1983,21,13,19,17,17,13,10,32,9,10
260700,1,1,1983,30,30,30,30,30,30,30,30,30,30
260700,2,1,1983,0,0,0,0,0,0,0,0,0,0
260701,1,1,1983,23,22,13,25,20,16,23,32,22,16
260702,1,1,1983,33,33,33,33,33,33,33,33,33,33
260703,1,1,1983,0,0,0,0,0,0,0,0,0,0
260703,2,1,1983,0,0,0,0,0,0,0,0,0,0
260703,3,1,1983,0,0,0,0,0,0,0,0,0,0
260704,1,1,1983,12,12,12,12,12,12,12,12,12,12
260704,2,1,1983,0,0,0,0,6,0,0,0,0,0
260705,0,1,1983,0,0,0,0,0,0,0,0,0,0
260705,1,1,1983,18,18,18,18,18,18,18,18,18,18
260706,1,1,1983,0,0,0,0,0,0,0,0,0,0
260707,1,1,1983,19,19,19,19,19,19,19,19,19,19
260708,1,1,1983,18,18,15,19,12,10,12,10,23,12
260708,2,1,1983,0,0,0,6,0,0,0,0,0,10
260709,1,1,1983,20,20,20,20,20,20,20,20,20,20
260710,1,1,1983,0,0,0,0,0,0,0,0,0,0
260710,2,1,1983,0,0,0,0,0,0,0,0,0,0
260711,0,1,1983,16,16,19,11,5,9,16,7,0,19
260711,0,2,1983,4,4,4,4,4,4,4,4,4,4
260711,1,1,1983,0,26,0,15,0,0,0,15,0,0
260712,1,1,1983,0,0,0,0,0,0,0,0,0,0
260713,1,1,1983,0,0,0,0,0,0,3,0,0,0
260713,2,1,1983,0,0,0,0,0,0,0,31,0,16
260713,3,1,1983,0,0,0,0,0,0,0,0,0,0
260714,1,1,1983,0,0,0,0,0,0,0,0,0,0
260715,1,1,1983,31,31,31,31,31,31,31,31,31,31
260715,2,1,1983,0,13,0,20,0,0,0,18,0,0
260716,1,1,1983,0,27,0,18,12,0,0,0,23,16
260717,1,1,1983,18,0,20,15,14,27,11,14,11,18
260718,1,1,1983,15,0,0,0,0,18,0,0,0,0
260718,2,1,1983,21,0,0,0,0,0,20,0,0,0
260719,1,1,1983,15,15,15,15,15,15,15,15,15,15
260720,0,1,1983,0,0,12,23,26,12,0,16,16,34
260720,1,1,1983,0,0,0,12,15,0,0,0,10,0
260721,1,1,1983,0,0,0,0,0,0,0,0,0,0
260721,2,1,1983,0,0,0,0,0,0,0,0,0,0
260722,0,1,1983,0,0,0,0,0,0,0,28,44,0
260722,1,1,1983,0,0,0,0,0,0,0,0,0,0
260723,1,1,1983,0,0,0,0,0,0,14,0,0,26
260723,2,1,1983,27,27,27,27,27,27,27,27,27,27
260724,1,1,1983,14,22,27,17,20,24,18,6,24,20
260725,0,1,1983,22,20,29,19,21,14,23,13,25,9
260725,1,1,1983,0,0,0,0,20,0,0,0,33,0
260726,1,1,1983,9,9,9,9,9,9,9,9,9,9
260726,2,1,1983,17,27,14,0,19,0,0,0,29,11
260727,0,1,1983,21,21,21,21,21,21,21,21,21,21
260727,1,1,1983,0,0,0,0,0,0,0,6,0,0
260728,1,1,1983,20,20,20,20,20,20,20,20,20,20
260729,1,1,1983,0,0,0,0,0,0,0,0,0,0
260729,2,1,1983,0,0,0,0,8,0,0,0,17,0
260730,1,1,1983,0,0,0,11,0,0,0,0,0,17
260730,2,1,1983,0,0,0,0,0,0,0,0,0,0
260731,1,1,1983,0,0,0,0,0,0,0,0,0,0
260731,2,1,1983,0,0,0,0,0,0,0,0,0,0
260732,1,1,1983,0,0,0,0,0,0,0,0,0,0
260733,1,1,1983,0,0,0,0,0,0,0,0,0,0
260734,1,1,1983,13,13,13,13,13,13,13,13,13,13
260735,1,1,1983,11,0,0,0,0,8,10,5,8,0
260735,2,1,1983,0,17,11,17,11,17,4,7,21,8
260736,1,1,1983,0,0,0,0,0,0,0,0,0,18
260737,1,1,1983,22,22,22,22,22,22,22,22,22,22
260737,2,1,1983,0,0,0,0,24,0,0,20,0,0
260737,3,1,1983,0,0,0,0,0,0,0,0,0,0
260738,1,1,1983,19,19,19,19,19,19,19,19,19,19
260739,1,1,1983,23,23,23,23,23,23,23,23,23,23
260739,2,1,1983,0,0,0,0,0,0,0,0,0,0
260740,0,1,1983,17,17,17,17,17,17,17,17,17,17
260740,1,1,1983,8,0,13,10,14,13,9,11,1,10
260741,1,1,1983,0,0,0,0,0,0,0,0,0,0
260741,2,1,1983,0,22,0,0,0,0,0,13,0,0
260742,1,1,1983,12,10,17,4,23,28,12,9,16,2
260742,2,1,1983,0,0,0,0,0,7,0,0,0,28
260743,0,1,1983,0,19,0,20,23,0,12,0,17,0
260743,1,1,1983,0,0,0,0,13,0,0,0,0,0
260744,1,1,1983,14,26,22,23,33,34,25,10,10,26
260745,1,1,1983,0,0,0,0,0,0,0,0,0,0
260745,2,1,1983,0,0,34,0,0,0,0,0,0,0
260746,1,1,1983,0,0,0,0,0,0,0,0,0,0
260746,2,1,1983,0,0,0,0,0,0,0,0,0,0
260747,1,1,1983,24,17,22,21,27,8,16,8,15,23
260748,1,1,1983,32,32,32,32,32,32,32,32,32,32
260749,1,1,1983,0,0,30,0,0,0,0,0,0,0
260749,2,1,1983,0,0,0,0,0,0,0,0,0,0
260750,1,1,1983,10,10,10,10,10,10,10,10,10,10
260751,1,1,1983,0,0,0,0,0,0,0,0,0,0
260751,2,1,1983,9,0,11,0,0,0,0,0,0,19
260752,1,1,1983,13,13,13,13,13,13,13,13,13,13
260753,1,1,1983,5,5,5,5,5,5,5,5,5,5
260754,1,1,1983,27,27,27,27,27,27,27,27,27,27
260755,1,1,1983,0,0,0,0,0,0,0,0,0,0
260755,2,1,1983,0,0,0,0,0,0,0,0,0,1
260756,0,1,1983,5,5,5,5,5,5,5,5,5,5
260756,1,1,1983,0,7,13,4,24,0,0,11,0,0
260757,1,1,1983,42,42,42,42,42,42,42,42,42,42
260758,1,1,1983,0,0,13,0,0,0,0,0,0,22
260759,1,1,1983,0,0,0,0,0,0,0,0,0,0
260759,2,1,1983,0,0,0,0,0,0,0,0,0,0
260760,1,1,1983,0,0,0,0,0,0,0,0,0,5
260760,2,1,1983,0,0,0,0,0,0,0,0,0,0
260761,0,1,1983,0,0,0,0,13,0,30,0,0,0
260761,1,1,1983,0,0,0,0,0,0,0,0,0,0
260762,1,1,1983,14,14,14,14,14,14,14,14,14,14
260762,2,1,1983,0,0,0,0,0,0,0,0,0,0
260763,1,1,1983,18,18,18,18,18,18,18,18,18,18
260763,2,1,1983,16,16,16,16,16,16,16,16,16,16
260764,1,1,1983,18,18,18,18,18,18,18,18,18,18
260765,1,1,1983,24,24,24,24,24,24,24,24,24,24
260766,0,1,1983,0,32,9,25,0,0,30,0,0,0
260766,1,1,1983,7,7,7,7,7,7,7,7,7,7
260767,1,1,1983,0,0,0,0,0,0,0,0,0,0
260768,1,1,1983,0,0,0,0,0,0,0,0,0,0
260769,0,1,1983,27,27,27,27,27,27,27,27,27,27
260769,1,1,1983,0,0,0,0,0,0,0,0,0,0
260770,1,1,1983,30,0,0,13,17,17,0,13,11,0
260771,1,1,1983,40,40,40,40,40,40,40,40,40,40
260772,1,1,1983,0,0,0,0,0,0,8,0,0,0
260773,1,1,1983,25,12,19,14,11,20,33,15,31,16
260774,1,1,1983,14,14,14,14,14,14,14,14,14,14
260774,2,1,1983,0,0,0,0,0,0,0,0,0,0