ST_CASE,VEH_NO,PER_NO,YEAR,P1,P2,P3,P4,P5,P6,P7,P8,P9,P10
260775,1,1,1983,21,23,15,24,20,19,8,15,25,25
260776,1,1,1983,17,17,17,17,17,17,17,17,17,17
260777,1,1,1983,0,0,0,0,0,0,12,0,0,0
260777,2,1,1983,0,0,0,10,0,0,0,0,22,0
260777,3,1,1983,0,0,0,0,0,0,0,0,0,0
260778,0,1,1983,0,33,0,0,12,0,0,0,12,0
260778,1,1,1983,16,0,0,22,0,22,15,15,26,23
260779,1,1,1983,21,21,21,21,21,21,21,21,21,21
260780,1,1,1983,25,25,25,25,25,25,25,25,25,25
260780,2,1,1983,0,19,0,0,0,0,0,0,0,0
260781,1,1,1983,0,0,0,0,0,0,0,0,0,0
260781,2,1,1983,0,0,0,0,0,0,0,0,0,0
260782,0,1,1983,0,0,0,0,0,0,0,0,0,0
260782,1,1,1983,0,0,0,0,0,0,0,0,0,0
260783,1,1,1983,0,0,0,0,0,0,0,0,0,0
260783,2,1,1983,0,0,0,0,0,0,0,0,0,0
260784,1,1,1983,18,18,18,18,18,18,18,18,18,18
260785,1,1,1983,21,21,21,21,21,21,21,21,21,21
260785,2,1,1983,19,17,11,0,13,25,33,18,14,12
260786,1,1,1983,22,22,22,22,22,22,22,22,22,22
260787,1,1,1983,13,13,13,13,13,13,13,13,13,13
260788,1,1,1983,10,10,10,10,10,10,10,10,10,10
260788,2,1,1983,0,0,0,0,0,0,0,0,0,0
260789,0,1,1983,0,0,0,0,0,0,0,0,0,0
260789,1,1,1983,0,0,0,0,0,0,0,0,19,0
260790,1,1,1983,16,16,16,16,16,16,16,16,16,16
260791,1,1,1983,0,0,0,0,0,0,0,0,0,0
260791,2,1,1983,0,0,0,0,0,0,0,0,0,0
260792,1,1,1983,35,35,35,35,35,35,35,35,35,35
260793,1,1,1983,0,0,0,0,0,0,0,0,0,0
260793,2,1,1983,17,18,17,0,17,31,14,27,12,15
260794,1,1,1983,0,0,0,0,0,0,0,0,0,0
260794,2,1,1983,0,0,0,0,0,0,0,0,0,0
260794,3,1,1983,19,20,0,6,13,0,0,7,22,15
260795,1,1,1983,18,18,18,18,18,18,18,18,18,18
260796,1,1,1983,13,13,13,13,13,13,13,13,13,13
260796,2,1,1983,8,16,8,27,6,5,5,9,10,16
260797,1,1,1983,12,0,0,0,0,0,0,0,0,0
260797,2,1,1983,0,0,12,0,0,0,0,13,19,0
260798,1,1,1983,26,26,26,26,26,26,26,26,26,26
260799,1,1,1983,0,0,43,0,0,0,0,14,0,43
260800,1,1,1983,0,0,0,0,0,0,0,0,0,0
260800,2,1,1983,0,0,0,0,0,0,0,0,0,0
260800,3,1,1983,0,0,0,0,0,0,0,0,0,0
260800,4,1,1983,0,0,0,0,0,0,0,0,13,0
260801,1,1,1983,0,0,0,0,0,0,32,0,0,0
260801,2,1,1983,35,0,24,0,0,0,0,0,12,28
260802,1,1,1983,0,0,0,0,0,0,0,14,0,0
260803,1,1,1983,0,0,0,0,0,0,0,0,0,0
260803,2,1,1983,0,0,0,0,0,0,0,0,0,0
260804,1,1,1983,0,0,0,0,0,0,0,0,0,0
260804,2,1,1983,0,0,0,0,0,0,0,0,0,0
260805,1,1,1983,29,21,19,21,20,6,0,23,11,11
260806,1,1,1983,23,23,23,23,23,23,23,23,23,23
260807,1,1,1983,13,13,13,13,13,13,13,13,13,13
260808,1,1,1983,16,16,16,16,16,16,16,16,16,16
260809,0,1,1983,11,17,20,5,23,25,16,0,9,37
260809,0,2,1983,17,11,30,5,9,33,0,6,19,0
260809,1,1,1983,13,13,13,13,13,13,13,13,13,13
260810,1,1,1983,0,0,0,0,0,0,0,0,0,0
260810,2,1,1983,0,0,0,0,0,0,0,0,0,0
260810,3,1,1983,0,0,0,0,0,0,0,0,0,0
260810,4,1,1983,0,0,0,0,0,0,0,0,0,0
260811,1,1,1983,0,0,0,0,0,0,0,0,0,0
260811,2,1,1983,7,7,7,7,7,7,7,7,7,7
260812,1,1,1983,0,0,0,0,0,0,0,0,0,0
260813,0,1,1983,0,0,0,0,0,0,0,0,0,0
260813,1,1,1983,0,0,0,0,0,0,0,0,0,0
260814,1,1,1983,0,0,0,15,0,0,0,0,0,0
260815,1,1,1983,19,19,19,19,19,19,19,19,19,19
260816,1,1,1983,0,0,0,0,0,0,0,0,0,0
260816,2,1,1983,11,11,11,11,11,11,11,11,11,11
260817,1,1,1983,0,0,24,0,24,0,0,14,0,0
260817,2,1,1983,0,0,0,0,2,0,0,0,0,0
260818,0,1,1983,0,0,0,0,9,0,9,0,0,0
260818,1,1,1983,14,0,19,0,0,0,0,0,0,0
260819,1,1,1983,0,0,0,0,0,0,0,0,0,0
260819,2,1,1983,0,0,0,0,0,0,0,0,0,0
260820,1,1,1983,17,30,0,22,19,29,19,18,26,25
260820,2,1,1983,0,0,0,20,23,14,28,30,0,15
260821,1,1,1983,15,15,15,15,15,15,15,15,15,15
260821,2,1,1983,0,0,23,0,0,11,0,0,0,0
260822,1,1,1983,0,0,0,0,0,0,0,0,0,0
260823,1,1,1983,25,25,25,25,25,25,25,25,25,25
260823,2,1,1983,0,7,0,0,0,0,9,0,0,13
260824,1,1,1983,0,26,0,0,0,0,0,0,6,0
260825,1,1,1983,1,12,10,8,22,15,19,22,11,16
260826,1,1,1983,0,0,0,0,0,0,0,0,0,0
260826,2,1,1983,8,8,8,8,8,8,8,8,8,8
260827,0,1,1983,0,0,0,0,0,0,0,0,0,0
260827,1,1,1983,0,0,0,0,0,0,0,0,0,0
260828,1,1,1983,20,20,20,20,20,20,20,20,20,20
260829,1,1,1983,0,0,0,0,0,0,0,28,0,0
260830,1,1,1983,0,0,0,0,0,0,0,0,0,0
260830,2,1,1983,0,0,0,0,0,0,0,0,0,0
260831,1,1,1983,0,10,20,21,19,21,16,0,15,9
260832,1,1,1983,0,0,0,32,0,0,0,0,15,4
260832,2,1,1983,21,21,21,21,21,21,21,21,21,21
260833,1,1,1983,35,39,21,26,21,14,29,10,23,24
260834,1,1,1983,0,0,0,0,0,0,0,0,0,0
260834,2,1,1983,2,2,2,2,2,2,2,2,2,2
260835,1,1,1983,7,7,7,7,7,7,7,7,7,7
260835,2,1,1983,0,21,0,0,0,0,16,34,0,21
260836,1,1,1983,0,0,0,0,0,0,0,0,0,0
260836,2,1,1983,0,0,0,0,0,0,0,0,0,0
260836,3,1,1983,0,0,0,0,0,0,0,0,0,0
260837,0,1,1983,0,27,0,0,0,0,0,0,0,0
260837,1,1,1983,0,0,0,0,0,0,0,0,0,0
260838,1,1,1983,0,0,0,0,0,0,0,0,0,0
260838,2,1,1983,0,0,0,0,0,0,0,0,0,0
260839,1,1,1983,0,0,0,0,0,0,0,0,0,0
260840,1,1,1983,11,7,16,12,6,7,12,19,21,19
260841,1,1,1983,0,0,0,0,0,0,0,0,0,0
260841,2,1,1983,0,0,0,0,0,0,0,0,0,0
260842,0,1,1983,27,27,27,27,27,27,27,27,27,27
260842,1,1,1983,25,15,0,0,0,28,6,0,28,0
260843,1,1,1983,0,0,17,0,0,0,0,0,0,0
260843,2,1,1983,0,0,0,0,0,17,0,0,0,0
260844,1,1,1983,15,15,15,15,15,15,15,15,15,15
260844,2,1,1983,10,7,21,22,17,16,23,20,8,7
260845,1,1,1983,14,14,14,14,14,14,14,14,14,14
260846,1,1,1983,21,21,21,21,21,21,21,21,21,21
260846,2,1,1983,23,8,17,0,0,0,0,0,0,0
260847,1,1,1983,22,21,32,17,31,21,15,14,18,32
260848,0,1,1983,0,0,0,31,10,0,0,0,10,0
260848,1,1,1983,0,0,0,0,0,0,0,0,0,0
260849,1,1,1983,0,0,0,0,0,0,0,0,0,0
260850,1,1,1983,31,31,31,31,31,31,31,31,31,31
260851,1,1,1983,29,29,29,29,29,29,29,29,29,29
260852,1,1,1983,0,0,0,0,0,0,0,0,0,0
260852,2,1,1983,0,0,27,29,0,0,0,0,0,0
260853,0,1,1983,0,0,0,0,0,0,0,0,0,0
260853,1,1,1983,0,0,0,0,17,0,0,0,0,0
260854,0,1,1983,0,12,0,0,0,0,0,13,0,0
260854,1,1,1983,18,18,18,18,18,18,18,18,18,18
260855,1,1,1983,10,0,0,0,0,0,0,0,16,0
260855,2,1,1983,0,0,0,0,0,0,0,0,29,0
260856,1,1,1983,16,23,19,21,23,47,8,12,20,13
260857,1,1,1983,32,32,32,32,32,32,32,32,32,32
260857,2,1,1983,0,0,0,0,0,0,0,0,0,0
260858,1,1,1983,17,17,17,17,17,17,17,17,17,17
260858,2,1,1983,0,0,0,0,0,0,0,0,0,0
260859,0,1,1983,0,10,17,8,19,5,15,10,14,47
260859,1,1,1983,0,0,0,0,0,0,0,0,0,0
260860,1,1,1983,0,0,0,0,0,0,0,0,0,0
260860,2,1,1983,0,0,0,0,0,0,0,0,0,0
260861,0,1,1983,0,0,0,0,0,0,0,0,0,36
260861,1,1,1983,6,6,6,6,6,6,6,6,6,6
260862,1,1,1983,0,0,0,0,0,0,0,0,0,0
260862,2,1,1983,0,0,0,0,0,0,0,0,0,0
260863,0,1,1983,35,35,35,35,35,35,35,35,35,35
260863,1,1,1983,0,0,0,0,0,0,22,0,0,0
260864,1,1,1983,0,0,0,0,0,0,0,0,0,0
260864,2,1,1983,0,0,0,0,0,0,0,0,0,0
260865,0,1,1983,8,18,20,0,29,22,19,0,38,7
260865,1,1,1983,2,2,2,2,2,2,2,2,2,2
260866,1,1,1983,34,0,0,0,0,0,0,0,0,0
260866,2,1,1983,0,0,0,0,0,0,0,0,0,0
260866,3,1,1983,0,0,0,0,0,0,0,0,0,0
260867,1,1,1983,0,0,0,0,0,0,0,0,0,0
260867,2,1,1983,0,0,0,0,0,0,0,5,0,0
260868,1,1,1983,0,22,23,14,18,18,0,24,0,16
260868,2,1,1983,0,0,0,0,0,0,0,0,0,0
260869,1,1,1983,0,10,0,0,0,0,0,0,0,0
260870,0,1,1983,0,19,9,20,0,0,0,38,0,0
260870,1,1,1983,17,7,14,19,10,25,33,20,0,0
260871,1,1,1983,8,8,8,8,8,8,8,8,8,8
260872,1,1,1983,18,18,18,18,18,18,18,18,18,18
260873,1,1,1983,0,0,0,0,19,0,0,0,0,0
260873,2,1,1983,4,4,4,4,4,4,4,4,4,4
260874,1,1,1983,6,0,0,0,0,0,0,0,0,0
260874,2,1,1983,9,9,9,9,9,9,9,9,9,9
260875,1,1,1983,0,0,0,0,0,0,0,0,0,0
260876,0,1,1983,0,14,12,0,0,16,0,0,0,0
260876,1,1,1983,0,0,0,14,0,0,0,0,0,0
260877,1,1,1983,31,14,23,0,13,14,20,27,10,16
260878,1,1,1983,0,0,0,0,0,0,0,0,0,0
260878,2,1,1983,0,0,0,0,0,9,0,0,0,0
260879,0,1,1983,0,0,0,0,0,0,0,0,0,0
260879,1,1,1983,0,0,0,0,10,0,27,0,0,0
260880,1,1,1983,15,14,38,30,15,30,16,25,22,23
260881,1,1,1983,26,11,5,4,4,7,19,13,11,5
260882,1,1,1983,0,0,0,0,0,0,0,0,0,0
260882,2,1,1983,0,0,0,0,0,0,0,0,0,0
260883,0,1,1983,0,0,0,0,0,0,0,0,0,0
260883,1,1,1983,0,0,0,0,0,0,0,0,0,0
260884,1,1,1983,19,7,25,21,30,15,10,24,26,0
260885,1,1,1983,0,0,0,0,0,0,0,0,0,0
260885,2,1,1983,0,0,0,0,0,0,0,0,0,0
260886,1,1,1983,0,0,0,0,0,0,0,0,0,0
260887,1,1,1983,0,0,0,0,0,3,0,0,0,0
260888,1,1,1983,17,17,17,17,17,17,17,17,17,17
260889,1,1,1983,37,37,37,37,37,37,37,37,37,37
260889,2,1,1983,0,0,0,0,0,0,0,0,0,0
260889,3,1,1983,0,0,0,0,16,0,0,21,0,0
260889,4,1,1983,0,0,0,0,0,0,0,0,0,0
260890,1,1,1983,0,16,18,0,0,20,18,2,5,16
260891,1,1,1983,11,11,11,11,11,11,11,11,11,11
260892,1,1,1983,21,21,21,21,21,21,21,21,21,21
260893,1,1,1983,0,0,0,0,0,0,0,0,0,0
260893,2,1,1983,0,0,0,0,0,0,0,0,0,0
260894,0,1,1983,6,6,6,6,6,6,6,6,6,6
260894,1,1,1983,18,18,15,23,27,19,30,26,29,21
260895,1,1,1983,23,22,9,12,15,30,9,13,24,21
260895,2,1,1983,0,0,0,0,0,0,0,0,0,0
260896,1,1,1983,8,8,8,8,8,8,8,8,8,8
260896,2,1,1983,0,0,15,0,0,0,0,0,0,0
260897,0,1,1983,0,15,0,0,0,0,0,0,0,15
260897,1,1,1983,0,0,0,0,0,0,0,0,0,0
260898,1,1,1983,0,0,0,0,0,0,0,0,0,0
260898,2,1,1983,23,23,23,23,23,23,23,23,23,23
260899,1,1,1983,0,0,0,0,0,0,0,0,0,0
260899,2,1,1983,0,0,0,0,14,0,0,6,0,0
260900,1,1,1983,0,0,0,0,0,0,0,0,0,0
260900,2,1,1983,0,0,0,0,0,0,0,0,0,0
260901,1,1,1983,12,20,0,6,6,22,14,10,0,0
260902,1,1,1983,0,0,0,0,0,0,0,0,0,0
260902,2,1,1983,0,0,0,0,0,0,0,0,0,0
260903,0,1,1983,0,0,0,0,0,0,0,0,0,0
260903,1,1,1983,0,0,0,0,0,0,0,0,0,0
260904,0,1,1983,0,0,0,0,0,0,0,0,0,0
260904,1,1,1983,0,0,0,0,0,0,0,0,14,0
260905,0,1,1983,0,0,0,0,33,0,0,0,0,0
260905,1,1,1983,0,0,0,0,0,0,0,0,0,0
260906,0,1,1983,23,17,15,27,23,11,10,7,14,34
260906,1,1,1983,1,1,1,1,1,1,1,1,1,1
260907,1,1,1983,16,16,16,16,16,16,16,16,16,16
260907,2,1,1983,0,0,0,0,12,0,0,0,0,0
260908,0,1,1983,21,0,0,0,0,0,26,23,26,17
260908,1,1,1983,0,0,0,0,0,0,0,0,0,0
260909,1,1,1983,25,25,25,25,25,25,25,25,25,25
260910,1,1,1983,22,22,22,22,22,22,22,22,22,22
260911,1,1,1983,4,4,4,4,4,4,4,4,4,4
260911,2,1,1983,0,17,0,11,0,0,0,3,0,0
260912,1,1,1983,18,0,0,0,0,33,0,0,0,0
260912,2,1,1983,15,0,0,0,0,0,0,0,0,0
260913,1,1,1983,22,22,22,22,22,22,22,22,22,22
260913,2,1,1983,0,0,0,0,0,0,0,0,0,0
260914,1,1,1983,0,0,0,0,0,0,19,0,0,0
260915,1,1,1983,19,22,12,0,11,10,0,0,0,6
260916,0,1,1983,0,0,0,0,0,0,0,0,0,0
260916,1,1,1983,0,0,0,0,0,0,0,0,0,0
260917,1,1,1983,0,0,0,0,0,0,14,0,0,0
260917,2,1,1983,0,0,0,0,0,0,0,0,0,0
260918,1,1,1983,0,0,0,0,0,0,0,0,0,0
260918,2,1,1983,0,0,0,0,0,0,0,21,0,0
260919,1,1,1983,17,17,17,17,17,17,17,17,17,17
260920,0,1,1983,14,0,0,19,11,25,26,22,0,15
260920,1,1,1983,0,0,26,0,0,0,15,15,8,0
260921,1,1,1983,21,21,21,21,21,21,21,21,21,21
260922,1,1,1983,0,0,0,0,0,0,0,0,0,0
260922,2,1,1983,0,0,0,0,17,0,0,18,0,0
260923,1,1,1983,0,0,0,0,0,0,0,0,0,0
260924,1,1,1983,14,14,14,14,14,14,14,14,14,14
260924,2,1,1983,0,16,0,14,13,0,6,7,11,16
260925,1,1,1983,23,23,23,23,23,23,23,23,23,23
260926,1,1,1983,9,9,9,9,9,9,9,9,9,9
260926,2,1,1983,0,0,19,0,0,0,0,0,0,0
260927,0,1,1983,0,0,0,0,0,0,0,0,0,0
260927,1,1,1983,0,0,0,0,16,0,0,0,0,0
260928,1,1,1983,22,22,22,22,22,22,22,22,22,22
260928,2,1,1983,0,0,0,0,0,0,0,0,0,0
260929,1,1,1983,0,0,0,0,0,0,0,0,0,0
260930,1,1,1983,0,0,0,0,0,0,0,0,0,0
260930,2,1,1983,0,0,0,0,0,0,0,0,0,0
260930,3,1,1983,0,0,0,0,0,0,0,0,0,0
260931,1,1,1983,7,7,7,7,7,7,7,7,7,7
260931,2,1,1983,0,0,10,0,0,0,0,0,0,0
260932,1,1,1983,21,21,21,21,21,21,21,21,21,21
260933,1,1,1983,23,23,23,23,23,23,23,23,23,23
260934,1,1,1983,0,0,0,0,0,0,0,0,0,0
260934,2,1,1983,0,0,0,0,0,0,0,0,0,0
260934,3,1,1983,0,0,0,0,0,0,0,0,0,0
260935,1,1,1983,0,0,0,0,0,0,0,0,0,0
260935,2,1,1983,30,30,30,30,30,30,30,30,30,30
260936,1,1,1983,16,16,16,16,16,16,16,16,16,16
260937,0,1,1983,13,22,31,23,26,10,0,14,14,0
260937,1,1,1983,0,7,15,0,14,0,0,0,0,0
260938,1,1,1983,0,0,0,0,0,0,0,0,0,0
260939,1,1,1983,0,0,0,0,0,24,0,0,0,0
260939,2,1,1983,0,0,0,0,0,0,0,0,0,0
260940,0,1,1983,0,0,0,0,0,0,0,0,0,0
260940,1,1,1983,0,0,0,0,0,4,0,13,0,0
260941,1,1,1983,0,0,0,0,0,0,0,0,0,0
260941,2,1,1983,0,0,0,0,0,0,0,0,0,0
260942,0,1,1983,18,18,18,18,18,18,18,18,18,18
260942,1,1,1983,0,0,0,0,0,0,0,0,0,0
260943,0,1,1983,0,0,0,0,0,0,0,0,0,0
260943,1,1,1983,0,0,0,0,0,0,0,0,0,0
260944,0,1,1983,0,0,0,0,0,0,0,0,0,0
260944,1,1,1983,0,0,0,0,0,0,0,0,0,0
260945,0,1,1983,25,25,25,25,25,25,25,25,25,25
260945,1,1,1983,11,11,11,11,11,11,11,11,11,11
260946,1,1,1983,19,19,19,19,19,19,19,19,19,19
260947,1,1,1983,16,16,16,16,16,16,16,16,16,16
260948,0,1,1983,23,23,23,23,23,23,23,23,23,23
260948,1,1,1983,0,0,0,0,0,0,17,11,0,0
260949,1,1,1983,9,9,9,9,9,9,9,9,9,9
260949,2,1,1983,28,28,28,28,28,28,28,28,28,28
260950,0,1,1983,0,0,0,0,0,0,0,0,0,0
260950,1,1,1983,0,0,0,14,0,0,0,0,0,0
260951,1,1,1983,33,6,8,13,9,9,0,18,14,5
260951,2,1,1983,22,15,13,14,15,4,18,8,16,17
260952,0,1,1983,0,0,0,0,0,0,0,0,0,0
260952,1,1,1983,0,0,11,0,0,13,0,9,0,0
260952,2,1,1983,0,0,0,0,0,0,0,0,0,0
260953,0,1,1983,0,0,0,0,0,0,0,0,0,0
260953,1,1,1983,0,0,0,0,0,0,0,0,0,13
260954,0,1,1983,0,0,0,0,13,19,18,0,29,18
260954,0,2,1983,0,0,0,0,0,0,0,0,0,0
260954,1,1,1983,6,6,6,6,6,6,6,6,6,6
260955,1,1,1983,36,36,36,36,36,36,36,36,36,36
260956,1,1,1983,29,20,0,8,15,30,9,22,15,12
260956,2,1,1983,28,0,15,0,0,0,0,0,0,0
260957,1,1,1983,0,0,0,0,0,0,11,0,0,0
260957,2,1,1983,0,0,0,0,0,0,18,0,0,0
260957,3,1,1983,0,0,0,0,0,0,0,0,0,0
260957,4,1,1983,0,0,0,0,0,0,0,0,0,0
260958,0,1,1983,0,28,0,0,28,0,0,0,0,0
260958,1,1,1983,16,16,16,16,16,16,16,16,16,16
260959,0,1,1983,6,6,6,6,6,6,6,6,6,6
260959,1,1,1983,0,0,0,0,9,14,24,0,0,0
260960,0,1,1983,0,0,0,10,39,9,18,24,0,22
260960,1,1,1983,0,0,0,0,0,21,0,0,0,0
260961,1,1,1983,0,0,0,0,0,0,0,0,0,0
260962,0,1,1983,21,0,7,0,14,0,0,0,27,0
260962,1,1,1983,0,0,0,0,0,0,0,14,0,0
260963,1,1,1983,0,0,0,0,0,0,0,0,0,0
260964,0,1,1983,13,13,13,13,13,13,13,13,13,13
260964,1,1,1983,8,8,8,8,8,8,8,8,8,8
260965,1,1,1983,15,0,0,0,0,0,0,0,0,0
260965,2,1,1983,0,0,0,0,0,0,0,0,0,0
260965,3,1,1983,0,0,0,0,18,0,0,0,0,17
260966,0,1,1983,0,0,0,0,0,0,0,0,0,0
260966,1,1,1983,8,8,8,8,8,8,8,8,8,8
260967,1,1,1983,0,0,0,0,0,0,0,0,0,0
260967,2,1,1983,0,0,0,0,0,0,0,0,0,0
260968,1,1,1983,0,0,0,0,0,0,0,0,0,0
260968,2,1,1983,0,0,0,0,0,0,0,0,0,0
260969,1,1,1983,12,12,12,12,12,12,12,12,12,12
260969,2,1,1983,0,0,0,0,0,0,0,0,0,0
260970,1,1,1983,0,0,0,0,0,0,0,0,0,0
260970,2,1,1983,0,0,0,0,0,0,0,0,0,0
260971,1,1,1983,40,40,40,40,40,40,40,40,40,40
260972,1,1,1983,0,0,0,0,0,0,0,0,0,0
260972,2,1,1983,0,0,0,0,0,0,0,0,0,0
260973,1,1,1983,0,0,0,0,0,0,0,0,0,0
260973,2,1,1983,0,0,0,0,0,0,0,0,0,0
260973,3,1,1983,0,0,0,0,0,0,0,0,0,0
260973,4,1,1983,0,0,0,0,0,0,0,0,0,0
260974,1,1,1983,18,18,18,18,18,18,18,18,18,18
260975,1,1,1983,22,22,22,22,22,22,22,22,22,22
260976,1,1,1983,0,0,0,0,0,0,0,0,0,0
260977,1,1,1983,15,15,15,15,15,15,15,15,15,15
260978,1,1,1983,20,11,16,0,0,0,0,16,0,0
260978,2,1,1983,0,6,0,0,0,0,0,8,13,0
260979,1,1,1983,0,0,0,0,0,0,0,0,0,0
260979,2,1,1983,0,0,0,0,0,0,0,0,0,0
260980,1,1,1983,0,0,0,0,0,0,0,0,0,0
260981,1,1,1983,14,14,14,14,14,14,14,14,14,14
260982,1,1,1983,17,17,17,17,17,17,17,17,17,17
260983,1,1,1983,11,11,11,11,11,11,11,11,11,11
260984,1,1,1983,0,0,0,0,0,0,0,0,0,0
260985,0,1,1983,0,0,0,0,0,26,0,0,0,0
260985,1,1,1983,0,0,0,0,0,0,0,0,0,0
260986,1,1,1983,18,21,38,25,29,15,33,7,20,20
260986,2,1,1983,0,0,22,0,0,0,4,0,0,0
260986,3,1,1983,0,0,0,0,0,0,0,0,0,0
260987,1,1,1983,0,0,0,0,0,0,0,0,0,0
260988,1,1,1983,0,0,0,0,0,0,0,0,0,0
260989,1,1,1983,0,0,0,0,0,0,0,0,0,0
260990,1,1,1983,22,22,22,22,22,22,22,22,22,22
260991,1,1,1983,23,23,23,23,23,23,23,23,23,23
260991,2,1,1983,6,6,6,6,6,6,6,6,6,6
260992,1,1,1983,0,0,0,0,0,0,0,0,0,0
260992,2,1,1983,0,0,0,0,0,0,0,0,0,0
260993,1,1,1983,17,17,17,17,17,17,17,17,17,17
260993,2,1,1983,0,0,6,0,0,0,22,0,0,0
260994,0,1,1983,7,28,23,26,31,23,13,23,19,13
260994,1,1,1983,13,24,15,12,11,17,30,12,13,20
260995,1,1,1983,0,0,0,0,0,0,0,0,0,0
260995,2,1,1983,7,7,7,7,7,7,7,7,7,7
260995,3,1,1983,0,0,0,0,0,0,0,0,0,0
260996,0,1,1983,27,27,27,27,27,27,27,27,27,27
260996,1,1,1983,0,0,0,11,0,0,0,0,0,0
260997,1,1,1983,20,20,20,20,20,20,20,20,20,20
260997,2,1,1983,0,0,0,0,0,0,0,0,0,0
260998,1,1,1983,0,0,0,0,0,0,0,0,0,0
260998,2,1,1983,0,23,0,0,0,0,4,0,0,0
260999,0,1,1983,0,0,0,0,16,0,0,0,0,0
260999,0,2,1983,0,0,0,0,0,0,0,0,0,0
260999,1,1,1983,0,0,0,0,0,0,0,0,0,0
260999,2,1,1983,0,0,0,0,0,0,0,0,0,0
261000,1,1,1983,17,17,17,17,17,17,17,17,17,17
261001,0,1,1983,0,24,0,22,17,0,0,0,0,0
261001,1,1,1983,0,0,0,0,0,0,0,0,0,0
261002,1,1,1983,23,6,0,14,13,13,12,17,14,18
261003,1,1,1983,0,0,0,0,0,0,0,0,0,0
261003,2,1,1983,0,0,0,0,0,0,0,0,0,0
261004,1,1,1983,0,0,0,0,0,0,16,0,32,0
261005,0,1,1983,32,32,32,32,32,32,32,32,32,32
261005,1,1,1983,0,0,0,0,0,0,8,0,0,0
261005,2,1,1983,0,0,0,0,12,12,17,0,0,0
261006,0,1,1983,0,0,0,0,0,0,0,0,0,0
261006,1,1,1983,0,0,0,0,0,0,0,0,0,0
261007,1,1,1983,0,28,25,0,0,0,0,0,0,0
261007,2,1,1983,20,20,20,20,20,20,20,20,20,20
261008,0,1,1983,0,0,0,0,0,0,0,0,0,0
261008,1,1,1983,0,0,0,0,0,0,0,0,0,0
261009,0,1,1983,0,0,0,0,0,0,0,0,0,0
261009,0,2,1983,0,0,0,24,0,0,0,25,12,0
261009,1,1,1983,0,0,0,0,0,0,0,0,0,0
261010,1,1,1983,23,23,23,23,23,23,23,23,23,23
261011,1,1,1983,0,0,0,0,0,0,0,0,0,0
261012,1,1,1983,0,0,0,0,0,0,0,0,0,0
261013,1,1,1983,29,29,29,29,29,29,29,29,29,29
261013,2,1,1983,0,0,0,0,0,0,0,0,0,0
261014,1,1,1983,0,0,0,0,0,0,0,0,0,0
261015,0,1,1983,0,0,0,0,0,0,0,0,0,0
261015,1,1,1983,0,0,0,0,0,0,0,0,0,0
261016,1,1,1983,0,0,0,0,0,0,0,0,0,0
261016,2,1,1983,0,0,0,0,0,0,0,0,0,0
261017,0,1,1983,0,0,0,0,0,0,0,0,0,0
261017,1,1,1983,0,0,0,0,0,0,0,0,0,0
261018,1,1,1983,20,20,20,20,20,20,20,20,20,20
261019,1,1,1983,0,0,0,0,0,13,0,0,0,0
261020,0,1,1983,0,0,0,0,0,0,0,0,0,0
261020,1,1,1983,0,4,0,0,19,0,18,0,0,0
261021,1,1,1983,9,11,17,22,18,15,32,25,30,17
261022,0,1,1983,0,0,0,0,0,0,0,0,0,0
261022,1,1,1983,0,0,0,0,0,0,0,0,0,0
261023,0,1,1983,0,0,20,0,31,0,0,0,0,14
261023,1,1,1983,0,0,0,0,0,0,0,14,0,0
261024,1,1,1983,0,0,0,0,0,0,0,0,0,0
261024,2,1,1983,0,0,0,0,0,0,0,0,0,0
261024,3,1,1983,0,0,0,0,0,0,0,0,0,0
261024,4,1,1983,4,0,0,0,0,0,0,0,0,0
261025,0,1,1983,37,37,37,37,37,37,37,37,37,37
261025,1,1,1983,13,22,0,0,0,0,24,0,22,19
261026,0,1,1983,21,21,15,5,36,51,29,26,7,16
261026,1,1,1983,0,0,0,0,0,0,0,0,0,0
261026,2,1,1983,0,0,0,0,0,0,0,0,0,0
261026,3,1,1983,0,0,0,0,0,0,0,0,0,0
261027,1,1,1983,0,0,0,0,0,0,0,0,0,0
261027,2,1,1983,0,0,0,0,0,0,0,0,0,0
261028,1,1,1983,0,0,0,0,0,0,0,0,0,0
261028,2,1,1983,0,0,0,0,0,0,0,0,0,0
261029,0,1,1983,0,0,0,0,0,0,0,0,0,0
261029,1,1,1983,0,0,0,0,0,0,0,0,0,0
261030,1,1,1983,13,24,8,17,22,15,25,7,35,21
261031,1,1,1983,22,22,22,22,22,22,22,22,22,22
261032,1,1,1983,10,26,19,16,14,7,22,24,24,11
261033,0,1,1983,10,23,23,20,0,0,18,0,13,15
261033,1,1,1983,14,14,14,14,14,14,14,14,14,14
261034,1,1,1983,16,16,16,16,16,16,16,16,16,16
261035,1,1,1983,0,0,15,17,0,0,0,0,0,12
261035,2,1,1983,0,0,0,0,0,0,0,0,0,0
261036,1,1,1983,0,0,0,0,0,0,0,0,0,0
261036,2,1,1983,0,0,0,0,0,0,0,0,0,0
261037,1,1,1983,30,16,17,17,12,27,18,17,9,12
261038,1,1,1983,0,0,0,0,0,0,0,0,0,0
261038,2,1,1983,0,0,0,0,0,0,0,0,0,0
261038,3,1,1983,0,0,0,0,0,0,0,0,0,0
261039,1,1,1983,19,19,19,19,19,19,19,19,19,19