ST_CASE,VEH_NO,PER_NO,YEAR,P1,P2,P3,P4,P5,P6,P7,P8,P9,P10
261040,0,1,1983,0,0,0,32,0,0,12,0,40,8
261040,0,2,1983,16,0,0,37,25,8,22,0,0,0
261040,0,3,1983,0,0,0,0,0,0,0,0,0,0
261040,1,1,1983,0,0,0,0,0,0,0,0,0,0
261041,1,1,1983,0,0,27,0,0,23,20,0,0,0
261041,2,1,1983,0,0,18,0,0,6,0,0,0,0
261042,1,1,1983,6,7,6,14,21,17,14,9,11,12
261042,2,1,1983,0,0,0,0,0,0,0,0,13,0
261043,1,1,1983,0,0,0,0,0,0,0,0,0,0
261043,2,1,1983,15,0,0,0,0,0,0,3,0,0
261043,3,1,1983,0,0,0,0,15,27,0,0,0,0
261044,1,1,1983,0,0,0,0,0,0,0,0,0,0
261045,1,1,1983,0,0,0,0,0,0,0,0,0,0
261045,2,1,1983,0,0,0,0,0,24,0,0,0,0
261046,1,1,1983,0,0,0,0,0,0,0,0,0,0
261046,2,1,1983,0,0,0,0,0,0,0,0,0,0
261046,3,1,1983,0,0,0,0,0,0,0,0,0,0
261047,1,1,1983,20,20,20,20,20,20,20,20,20,20
261048,1,1,1983,30,30,30,30,30,30,30,30,30,30
261048,2,1,1983,29,29,29,29,29,29,29,29,29,29
261049,1,1,1983,29,29,29,29,29,29,29,29,29,29
261049,2,1,1983,7,7,7,7,7,7,7,7,7,7
261050,1,1,1983,0,0,0,0,11,0,8,0,0,0
261051,1,1,1983,7,0,0,3,0,0,0,0,0,0
261051,2,1,1983,0,0,0,13,0,0,0,0,0,0
261052,0,1,1983,0,22,0,0,0,0,0,0,0,0
261052,1,1,1983,0,0,0,0,0,0,0,0,0,0
261053,1,1,1983,0,0,0,0,0,0,0,0,0,0
261053,2,1,1983,0,18,0,0,0,0,0,0,0,21
261054,1,1,1983,0,0,0,0,0,0,0,0,0,0
261054,2,1,1983,0,0,0,0,0,0,0,0,0,0
261055,1,1,1983,0,0,9,0,26,7,0,0,0,0
261055,2,1,1983,0,12,25,20,0,21,15,11,28,12
261056,0,1,1983,26,26,26,26,26,26,26,26,26,26
261056,1,1,1983,0,0,0,0,0,0,0,0,0,0
261057,1,1,1983,0,0,0,13,0,0,0,0,0,0
261057,2,1,1983,0,0,0,0,0,0,0,0,0,0
261058,1,1,1983,0,0,0,0,0,0,17,0,0,0
261058,2,1,1983,0,0,0,0,0,0,0,0,0,0
261059,1,1,1983,11,11,11,11,11,11,11,11,11,11
261060,1,1,1983,0,0,13,0,0,0,0,0,0,12
261060,2,1,1983,0,0,0,0,0,0,0,0,0,0
261061,1,1,1983,0,0,0,0,0,0,0,0,0,0
261062,1,1,1983,27,0,23,27,9,10,14,19,33,29
261063,1,1,1983,23,23,23,23,23,23,23,23,23,23
261064,1,1,1983,9,9,9,9,9,9,9,9,9,9
261065,1,1,1983,19,19,19,19,19,19,19,19,19,19
261066,1,1,1983,24,24,24,24,24,24,24,24,24,24
261067,1,1,1983,0,24,0,0,0,0,0,0,0,0
261068,1,1,1983,31,31,31,31,31,31,31,31,31,31
261069,0,1,1983,25,25,25,25,25,25,25,25,25,25
261069,1,1,1983,0,0,0,0,0,0,0,0,0,0
261070,1,1,1983,0,0,0,0,0,0,0,0,0,0
261071,1,1,1983,0,0,0,0,0,0,0,0,0,0
261071,2,1,1983,0,0,0,0,0,0,0,0,0,0
261072,0,1,1983,0,0,0,0,0,15,0,0,0,0
261072,1,1,1983,13,13,13,13,13,13,13,13,13,13
261073,1,1,1983,25,25,25,25,25,25,25,25,25,25
261073,2,1,1983,25,25,25,25,25,25,25,25,25,25
261074,1,1,1983,0,0,0,0,0,0,0,0,0,0
261075,1,1,1983,0,0,0,0,0,0,0,0,0,0
261075,2,1,1983,30,7,0,12,0,23,7,17,27,0
261076,1,1,1983,0,0,0,0,0,0,0,0,0,0
261076,2,1,1983,0,0,0,0,0,0,6,8,0,0
261077,1,1,1983,18,18,18,18,18,18,18,18,18,18
261077,2,1,1983,0,0,0,0,0,0,0,0,0,0
261078,1,1,1983,2,2,2,2,2,2,2,2,2,2
261079,1,1,1983,38,38,38,38,38,38,38,38,38,38
261080,1,1,1983,0,0,0,0,0,0,0,0,0,0
261081,1,1,1983,24,24,24,24,24,24,24,24,24,24
261082,0,1,1983,0,0,0,0,0,0,0,0,0,0
261082,1,1,1983,0,0,0,0,0,0,0,0,0,0
261083,0,1,1983,0,0,0,0,0,12,0,0,0,8
261083,0,2,1983,0,0,0,0,0,0,0,0,0,0
261083,0,3,1983,20,0,0,0,0,16,20,0,9,0
261083,1,1,1983,18,18,18,18,18,18,18,18,18,18
261084,1,1,1983,0,0,0,0,0,0,0,0,0,0
261085,1,1,1983,21,21,21,21,21,21,21,21,21,21
261085,2,1,1983,0,0,0,0,0,0,0,0,0,0
261086,1,1,1983,29,29,29,29,29,29,29,29,29,29
261087,0,1,1983,32,23,21,15,27,18,16,22,0,14
261087,1,1,1983,23,0,17,5,16,21,10,26,9,0
261088,1,1,1983,20,0,16,6,15,0,7,21,22,9
261088,2,1,1983,0,15,0,0,0,0,0,0,0,0
261089,1,1,1983,9,15,18,17,19,18,6,24,18,7
261090,1,1,1983,0,0,0,0,0,0,0,38,0,0
261091,1,1,1983,29,29,29,29,29,29,29,29,29,29
261092,0,1,1983,0,0,0,0,0,0,0,0,0,0
261092,1,1,1983,11,0,0,0,0,0,0,0,5,0
261093,1,1,1983,4,5,14,16,22,25,31,18,31,14
261094,0,1,1983,0,0,0,21,9,0,0,22,0,0
261094,1,1,1983,0,0,0,0,0,0,0,0,0,0
261095,1,1,1983,0,0,0,0,0,0,0,0,0,0
261096,0,1,1983,0,0,0,0,0,0,0,14,0,0
261096,1,1,1983,0,0,0,0,0,0,0,0,0,0
261097,1,1,1983,9,9,9,9,9,9,9,9,9,9
261097,2,1,1983,0,0,0,0,0,0,0,0,0,0
261098,1,1,1983,13,27,15,0,0,0,23,23,24,17
261099,0,1,1983,0,0,0,0,3,17,0,0,4,0
261099,1,1,1983,0,0,0,14,0,0,0,0,0,0
261100,1,1,1983,0,0,0,0,0,0,0,0,0,0
261100,2,1,1983,0,0,0,0,0,0,9,0,0,0
261101,1,1,1983,26,0,14,0,12,0,0,0,0,0
261102,1,1,1983,0,0,0,0,0,0,0,0,0,0
261102,2,1,1983,0,0,0,0,0,0,0,0,0,0
261103,1,1,1983,14,14,14,14,14,14,14,14,14,14
261104,1,1,1983,0,0,0,0,0,0,0,0,0,0
261105,0,1,1983,0,0,0,0,0,0,0,0,0,0
261105,1,1,1983,0,0,0,0,0,0,0,0,0,0
261106,1,1,1983,0,0,0,0,0,0,0,0,0,0
261106,2,1,1983,0,0,0,0,0,0,0,0,0,0
261106,3,1,1983,0,0,0,0,0,0,0,0,0,0
261107,1,1,1983,26,26,26,26,26,26,26,26,26,26
261108,1,1,1983,41,41,41,41,41,41,41,41,41,41
261109,1,1,1983,17,17,17,17,17,17,17,17,17,17
261110,1,1,1983,22,22,22,22,22,22,22,22,22,22
261111,1,1,1983,0,0,0,0,0,0,0,0,0,0
261111,2,1,1983,0,0,0,0,0,0,0,0,0,0
261112,1,1,1983,35,16,0,0,13,0,19,26,8,0
261113,0,1,1983,20,20,20,20,20,20,20,20,20,20
261113,1,1,1983,11,11,11,11,11,11,11,11,11,11
261114,1,1,1983,25,11,27,32,7,17,9,12,22,15
261115,0,1,1983,0,0,0,0,0,0,0,0,0,0
261115,1,1,1983,22,22,22,22,22,22,22,22,22,22
261116,1,1,1983,21,21,21,21,21,21,21,21,21,21
261116,2,1,1983,0,0,0,8,0,0,0,0,0,0
261117,1,1,1983,32,32,32,32,32,32,32,32,32,32
261118,1,1,1983,30,30,30,30,30,30,30,30,30,30
261119,0,1,1983,0,0,0,0,0,0,0,0,0,0
261119,1,1,1983,0,0,0,0,0,0,0,0,0,0
261120,1,1,1983,0,0,0,13,0,0,11,0,0,0
261120,2,1,1983,0,0,0,0,0,0,0,0,0,0
261121,1,1,1983,26,26,26,26,26,26,26,26,26,26
261121,2,1,1983,0,0,0,0,0,0,0,0,15,0
261122,1,1,1983,0,0,0,0,0,0,0,0,0,0
261122,2,1,1983,0,0,0,0,0,0,31,0,0,0
261123,1,1,1983,7,0,13,30,0,0,0,0,22,0
261124,1,1,1983,0,0,0,0,0,0,0,0,0,0
261124,2,1,1983,0,0,0,0,0,0,0,0,0,0
261125,1,1,1983,17,17,17,17,17,17,17,17,17,17
261125,2,1,1983,0,0,0,0,0,0,0,0,0,0
261126,1,1,1983,16,16,16,16,16,16,16,16,16,16
261126,2,1,1983,18,18,18,18,18,18,18,18,18,18
261127,1,1,1983,7,7,9,21,14,23,6,15,16,10
261127,2,1,1983,0,0,0,0,0,0,0,0,0,0
261128,0,1,1983,26,18,19,12,0,20,0,13,32,27
261128,1,1,1983,0,0,0,0,0,0,0,0,0,0
261129,1,1,1983,7,22,27,17,0,14,11,7,10,20
261130,0,1,1983,21,0,0,0,26,0,23,11,21,20
261130,1,1,1983,20,14,15,18,12,13,16,12,17,0
261131,1,1,1983,26,26,26,26,26,26,26,26,26,26
261132,0,1,1983,37,37,37,37,37,37,37,37,37,37
261132,1,1,1983,13,13,13,13,13,13,13,13,13,13
261133,1,1,1983,0,0,0,0,0,0,0,0,0,0
261133,2,1,1983,0,0,0,0,0,0,0,0,0,0
261134,1,1,1983,0,0,0,0,0,0,0,0,0,0
261134,2,1,1983,0,0,0,0,0,0,0,0,0,0
261135,1,1,1983,6,0,0,0,23,26,21,11,26,0
261135,2,1,1983,0,0,0,0,0,0,0,0,0,0
261136,1,1,1983,26,26,26,26,26,26,26,26,26,26
261136,2,1,1983,0,0,0,0,17,19,0,16,0,0
261137,1,1,1983,10,10,10,10,10,10,10,10,10,10
261137,2,1,1983,17,17,17,17,17,17,17,17,17,17
261138,1,1,1983,0,0,0,0,0,0,0,0,0,0
261139,1,1,1983,0,0,0,0,0,0,0,0,0,0
261139,2,1,1983,0,0,17,0,0,0,0,0,0,0
261140,1,1,1983,0,0,0,0,0,0,0,0,5,0
261140,2,1,1983,0,0,0,0,4,0,0,0,0,0
261141,1,1,1983,31,31,31,31,31,31,31,31,31,31
261141,2,1,1983,0,16,0,0,0,24,0,0,0,0
261142,0,1,1983,5,5,5,5,5,5,5,5,5,5
261142,1,1,1983,6,6,6,6,6,6,6,6,6,6
261143,0,1,1983,21,0,0,23,0,0,0,0,0,32
261143,1,1,1983,1,1,1,1,1,1,1,1,1,1
261144,1,1,1983,0,0,0,0,0,0,0,0,0,0
261144,2,1,1983,0,0,0,0,0,0,0,0,0,0
261145,1,1,1983,19,19,19,19,19,19,19,19,19,19
261145,2,1,1983,0,0,0,0,0,0,0,0,0,0
261145,3,1,1983,0,0,0,0,0,0,0,0,0,0
261146,1,1,1983,0,0,0,0,0,0,0,0,0,0
261146,2,1,1983,28,5,14,12,3,10,0,0,20,17
261147,0,1,1983,0,0,0,0,0,0,0,0,0,0
261147,1,1,1983,2,2,2,2,2,2,2,2,2,2
261148,1,1,1983,0,0,0,0,0,0,0,0,0,0
261148,2,1,1983,0,0,0,0,0,0,0,0,0,0
261148,3,1,1983,0,0,0,0,0,0,0,0,0,0
261149,1,1,1983,0,0,0,0,0,0,0,0,0,0
261150,1,1,1983,0,0,0,0,0,0,0,0,0,0
261150,2,1,1983,0,5,14,19,15,16,16,11,17,35
261151,1,1,1983,0,0,15,25,0,0,0,0,0,0
261152,1,1,1983,18,18,18,18,18,18,18,18,18,18
261152,2,1,1983,6,6,6,6,6,6,6,6,6,6
261153,1,1,1983,15,15,15,15,15,15,15,15,15,15
261154,1,1,1983,0,0,0,0,0,21,0,0,12,0
261154,2,1,1983,14,14,14,14,14,14,14,14,14,14
261155,1,1,1983,0,0,0,0,0,0,0,0,0,0
261155,2,1,1983,0,0,0,0,0,0,0,0,0,0
261156,1,1,1983,0,0,0,0,0,0,0,0,0,0
261156,2,1,1983,0,0,0,0,0,0,0,0,0,0
261156,3,1,1983,0,0,0,0,0,0,0,0,0,10
261157,1,1,1983,0,0,0,0,0,0,0,0,0,0
261157,2,1,1983,0,0,0,0,0,0,0,0,0,0
261158,1,1,1983,18,18,18,18,18,18,18,18,18,18
261159,0,1,1983,29,19,7,45,28,18,21,31,25,20
261159,1,1,1983,0,0,0,0,0,0,0,0,0,0
261160,1,1,1983,16,0,0,0,0,0,0,0,0,0
261160,2,1,1983,0,0,0,11,0,0,0,0,0,0
261161,0,1,1983,0,0,0,0,0,0,0,0,0,0
261161,1,1,1983,0,0,0,0,0,0,0,0,0,0
261162,1,1,1983,0,0,0,0,0,0,0,0,0,0
261162,2,1,1983,0,11,0,0,0,0,0,0,0,0
261163,0,1,1983,0,0,29,0,0,12,0,0,0,0
261163,1,1,1983,0,0,0,0,0,0,0,0,0,0
261164,1,1,1983,0,0,0,0,0,0,0,0,0,0
261164,2,1,1983,0,0,0,0,0,0,0,0,0,0
261165,1,1,1983,0,0,0,0,0,0,0,0,0,0
261165,2,1,1983,0,0,0,0,0,0,0,0,0,0
261166,0,1,1983,37,37,37,37,37,37,37,37,37,37
261166,1,1,1983,0,0,0,0,0,19,9,0,0,0
261167,1,1,1983,0,0,0,0,15,0,0,8,0,0
261167,2,1,1983,11,12,0,0,0,15,0,0,0,0
261168,1,1,1983,0,0,0,0,15,0,0,0,0,0
261168,2,1,1983,0,0,0,0,0,0,0,0,0,0
261169,0,1,1983,0,0,0,0,0,0,0,0,0,0
261169,1,1,1983,0,0,0,0,0,0,0,0,0,0
261170,1,1,1983,0,0,0,0,0,0,0,0,0,0
261170,2,1,1983,0,0,0,0,0,0,0,0,0,0
261171,1,1,1983,19,30,22,19,24,23,17,7,24,13
261171,2,1,1983,19,0,25,24,8,13,9,20,9,26
261172,1,1,1983,23,23,23,23,23,23,23,23,23,23
261172,2,1,1983,0,0,0,0,0,0,0,0,0,0
261173,0,1,1983,0,0,0,0,0,0,0,0,0,0
261173,1,1,1983,0,0,22,0,0,23,0,0,7,0
261173,2,1,1983,0,0,0,0,0,0,0,0,0,0
261174,1,1,1983,0,0,0,0,0,0,0,0,0,0
261174,2,1,1983,14,15,25,12,0,4,20,16,20,22
261175,1,1,1983,15,15,15,15,15,15,15,15,15,15
261175,2,1,1983,0,0,0,0,0,0,0,0,0,0
261176,1,1,1983,0,0,0,0,0,0,0,0,0,0
261176,2,1,1983,0,0,0,0,0,0,0,0,0,0
261177,1,1,1983,0,0,0,0,0,0,0,0,0,0
261178,0,1,1983,0,0,0,0,0,0,0,0,0,0
261178,1,1,1983,0,0,0,0,0,0,0,0,0,0
261179,1,1,1983,2,2,2,2,2,2,2,2,2,2
261179,2,1,1983,0,0,0,0,0,0,0,0,0,0
261180,1,1,1983,0,0,0,0,12,0,0,0,0,0
261180,2,1,1983,0,0,0,0,0,0,0,0,0,0
261181,1,1,1983,0,0,0,0,0,0,0,0,0,0
261181,2,1,1983,0,0,0,0,0,0,0,0,0,0
261182,0,1,1983,0,0,0,0,0,0,0,0,0,0
261182,1,1,1983,7,7,7,7,7,7,7,7,7,7
261183,1,1,1983,0,0,0,0,0,0,0,0,0,0
261183,2,1,1983,0,0,0,0,0,0,0,0,0,0
261184,0,1,1983,0,0,0,0,0,0,0,17,0,17
261184,1,1,1983,0,0,0,0,0,0,0,0,0,0
261185,1,1,1983,0,0,0,0,0,0,0,0,0,0
261185,2,1,1983,0,0,0,0,0,0,0,0,0,0
261186,1,1,1983,11,11,11,11,11,11,11,11,11,11
261187,1,1,1983,12,20,17,10,20,20,9,12,10,27
261187,2,1,1983,17,28,2,16,29,9,23,13,0,20
261188,1,1,1983,23,23,23,23,23,23,23,23,23,23
261188,2,1,1983,1,1,1,1,1,1,1,1,1,1
261189,1,1,1983,16,24,22,21,5,16,6,22,23,7
261189,2,1,1983,24,0,0,0,0,0,0,0,0,24
261190,0,1,1983,19,19,10,33,12,5,0,27,51,26
261190,1,1,1983,15,0,9,14,17,15,16,6,0,9
261191,1,1,1983,0,0,0,0,0,0,0,0,0,0
261192,1,1,1983,0,0,0,0,0,0,0,0,0,0
261192,2,1,1983,0,0,0,0,0,0,0,0,0,0
261193,1,1,1983,0,0,0,0,0,0,0,0,0,0
261193,2,1,1983,0,0,0,0,0,0,0,0,0,0
261195,0,1,1983,0,0,0,0,0,0,0,0,0,0
261195,1,1,1983,0,0,0,0,0,0,0,0,0,0
261196,1,1,1983,22,24,19,24,16,16,12,17,12,8
261197,1,1,1983,0,0,0,0,0,0,0,18,0,0
261197,2,1,1983,0,0,0,0,0,0,0,0,0,0
261197,3,1,1983,0,0,0,0,0,0,0,0,0,0
261198,1,1,1983,0,0,0,0,0,0,0,0,0,0
261198,2,1,1983,0,0,0,0,0,0,0,0,10,0
261199,0,1,1983,10,10,10,10,10,10,10,10,10,10
261199,1,1,1983,3,26,15,20,6,12,15,19,16,16
261200,1,1,1983,0,0,0,0,0,0,0,0,0,0
261200,2,1,1983,0,0,0,0,0,0,0,0,0,0
261201,1,1,1983,17,10,28,0,0,0,15,0,0,0
261202,1,1,1983,0,0,0,0,0,0,0,0,0,0
261202,2,1,1983,0,0,0,0,0,0,0,0,0,0
261202,3,1,1983,0,0,0,0,0,0,0,0,0,0
261203,0,1,1983,0,0,0,0,0,0,0,0,0,0
261203,1,1,1983,0,0,0,0,0,0,0,0,0,0
270001,1,1,1983,5,0,0,0,0,0,0,0,0,0
270001,2,1,1983,0,0,0,0,0,0,0,0,0,0
270001,3,1,1983,0,0,0,0,0,0,0,0,0,0
270002,0,1,1983,17,17,17,17,17,17,17,17,17,17
270002,1,1,1983,0,20,0,0,0,0,0,0,0,0
270002,2,1,1983,0,20,0,0,0,0,0,18,0,0
270003,1,1,1983,17,17,17,17,17,17,17,17,17,17
270004,1,1,1983,0,0,0,0,0,0,0,0,0,0
270004,2,1,1983,0,0,0,0,0,0,0,0,0,0
270005,1,1,1983,0,0,0,0,0,0,0,0,0,0
270006,1,1,1983,27,27,27,27,27,27,27,27,27,27
270006,2,1,1983,0,0,0,0,0,0,0,0,0,0
270007,1,1,1983,0,0,0,0,0,0,0,0,0,0
270007,2,1,1983,0,0,0,0,0,0,0,0,0,0
270008,1,1,1983,0,0,0,0,0,0,0,0,0,0
270009,1,1,1983,8,0,0,0,0,0,0,0,0,0
270009,2,1,1983,18,18,18,18,18,18,18,18,18,18
270010,1,1,1983,0,0,0,0,0,0,0,0,0,0
270010,2,1,1983,0,0,0,0,0,0,0,0,0,0
270011,1,1,1983,13,13,13,13,13,13,13,13,13,13
270011,2,1,1983,0,0,0,0,0,0,0,0,0,0
270012,1,1,1983,0,0,0,0,0,0,0,0,0,0
270012,2,1,1983,0,0,0,0,0,0,0,0,0,0
270013,1,1,1983,0,0,0,0,0,0,0,0,0,0
270013,2,1,1983,0,0,0,0,0,0,0,15,0,0
270014,1,1,1983,0,0,0,0,0,0,0,0,0,0
270014,2,1,1983,0,0,0,0,0,0,0,0,0,0
270015,1,1,1983,0,0,0,0,0,0,0,0,0,0
270015,2,1,1983,0,0,0,0,0,0,0,0,0,0
270016,1,1,1983,0,0,0,0,0,25,0,0,0,0
270016,2,1,1983,0,0,0,0,26,0,0,0,0,0
270017,1,1,1983,0,0,0,0,20,0,0,0,0,0
270017,2,1,1983,0,0,0,0,0,0,0,0,0,0
270018,1,1,1983,9,9,9,9,9,9,9,9,9,9
270018,2,1,1983,0,0,0,0,0,0,0,0,0,0
270018,3,1,1983,0,12,0,0,0,0,7,16,0,0
270019,1,1,1983,0,0,11,0,0,0,0,0,10,0
270019,2,1,1983,2,2,2,2,2,2,2,2,2,2
270020,1,1,1983,0,14,13,17,6,11,26,18,21,0
270020,2,1,1983,2,2,2,2,2,2,2,2,2,2
270021,1,1,1983,21,0,21,0,0,14,0,32,0,31
270021,2,1,1983,0,0,0,13,0,11,0,10,0,0
270022,0,1,1983,0,4,0,0,0,0,0,0,0,28
270022,1,1,1983,0,0,0,0,0,0,0,0,0,0
270023,1,1,1983,17,17,17,17,17,17,17,17,17,17
270023,2,1,1983,14,16,16,9,11,27,19,30,20,23
270024,1,1,1983,0,0,0,0,0,0,0,0,0,0
270025,1,1,1983,3,3,3,3,3,3,3,3,3,3
270025,2,1,1983,0,9,0,0,0,22,0,8,13,0
270026,0,1,1983,34,34,34,34,34,34,34,34,34,34
270026,1,1,1983,13,13,13,13,13,13,13,13,13,13
270027,1,1,1983,0,0,0,0,0,0,0,0,0,0
270027,2,1,1983,0,0,0,0,0,0,0,0,0,0
270028,1,1,1983,26,26,26,26,26,26,26,26,26,26
270029,1,1,1983,0,0,0,0,0,0,0,0,0,0
270029,2,1,1983,0,0,0,0,0,0,0,0,0,0
270030,0,1,1983,20,20,20,20,20,20,20,20,20,20
270030,1,1,1983,11,16,0,12,0,12,3,13,13,19
270031,1,1,1983,11,11,11,11,11,11,11,11,11,11
270032,0,1,1983,28,28,28,28,28,28,28,28,28,28
270032,1,1,1983,0,0,0,0,0,0,0,0,0,0
270033,1,1,1983,9,21,13,23,0,10,17,5,10,1
270033,2,1,1983,0,0,0,0,0,0,0,0,0,12
270034,1,1,1983,23,7,13,0,0,10,0,10,0,0
270035,1,1,1983,5,5,5,5,5,5,5,5,5,5
270036,1,1,1983,0,0,0,0,0,0,0,0,0,0
270036,2,1,1983,0,0,0,0,0,0,0,0,0,0
270036,3,1,1983,0,22,0,0,0,0,24,0,0,0
270037,1,1,1983,5,5,5,5,5,5,5,5,5,5
270037,2,1,1983,23,6,39,13,12,0,10,9,10,34
270038,1,1,1983,22,22,22,22,22,22,22,22,22,22
270038,2,1,1983,0,0,0,0,0,0,0,0,0,0
270039,1,1,1983,0,0,0,0,0,0,0,0,0,0
270039,2,1,1983,0,0,0,0,0,0,0,0,0,0
270039,3,1,1983,0,0,0,0,0,0,0,0,0,0
270040,1,1,1983,0,0,0,0,0,0,0,0,0,0
270040,2,1,1983,0,0,0,0,0,0,0,0,0,0
270041,1,1,1983,0,0,0,0,0,0,0,0,0,0
270042,1,1,1983,0,0,0,0,0,0,0,4,0,0
270042,2,1,1983,0,0,0,0,0,0,0,0,0,27
270043,1,1,1983,0,0,0,0,0,0,0,0,0,0
270043,2,1,1983,0,0,0,0,0,0,0,0,0,0
270044,1,1,1983,0,0,0,0,0,0,0,0,0,0
270044,2,1,1983,0,0,0,0,0,0,0,0,0,0
270045,1,1,1983,0,0,0,0,0,0,0,0,0,0
270045,2,1,1983,24,24,24,24,24,24,24,24,24,24
270046,1,1,1983,0,0,0,0,0,0,0,0,0,0
270047,1,1,1983,0,0,0,0,0,0,0,0,0,0
270047,2,1,1983,0,0,0,0,0,0,0,0,0,0
270048,1,1,1983,0,0,0,0,0,0,0,0,0,0
270048,2,1,1983,0,0,0,0,0,0,0,0,0,0
270049,1,1,1983,12,12,12,12,12,12,12,12,12,12
270049,2,1,1983,0,0,0,0,0,0,28,14,0,0
270050,0,1,1983,44,44,44,44,44,44,44,44,44,44
270050,1,1,1983,0,0,0,0,0,0,0,0,0,0
270051,1,1,1983,0,0,0,0,0,0,0,0,0,0
270051,2,1,1983,0,0,0,0,0,0,0,0,0,0
270052,1,1,1983,20,20,20,20,20,20,20,20,20,20
270053,1,1,1983,23,23,23,23,23,23,23,23,23,23
270054,0,1,1983,0,0,0,0,0,0,0,0,0,0
270054,1,1,1983,0,0,0,0,0,0,0,0,0,0
270055,1,1,1983,0,0,0,0,0,0,0,0,0,0
270055,2,1,1983,0,0,0,8,0,0,0,0,0,0
270056,1,1,1983,4,4,4,4,4,4,4,4,4,4
270057,1,1,1983,0,0,0,0,0,0,0,0,0,0
270058,1,1,1983,0,0,0,0,0,0,0,0,0,0
270059,0,1,1983,8,29,0,0,23,0,0,4,0,0
270059,1,1,1983,16,16,16,16,16,16,16,16,16,16
270060,0,1,1983,21,0,0,0,0,0,0,0,0,18
270060,1,1,1983,0,0,0,0,0,0,0,0,0,0
270061,0,1,1983,0,0,0,0,0,0,0,0,0,0
270061,1,1,1983,6,0,0,0,0,0,0,0,0,0
270062,1,1,1983,15,15,15,15,15,15,15,15,15,15
270063,1,1,1983,27,21,19,0,8,12,9,14,17,26
270063,2,1,1983,0,0,0,0,0,0,0,0,0,0
270064,1,1,1983,22,22,22,22,22,22,22,22,22,22
270065,1,1,1983,0,0,0,0,0,30,0,0,0,0
270065,2,1,1983,0,0,0,0,0,0,0,0,0,0
270066,1,1,1983,20,20,20,20,20,20,20,20,20,20
270067,1,1,1983,0,0,0,0,0,0,0,0,0,0
270067,2,1,1983,0,0,0,0,0,0,0,0,0,0
270068,0,1,1983,0,0,0,0,0,0,0,0,0,0
270068,1,1,1983,0,0,0,0,0,0,0,0,0,0
270069,1,1,1983,0,0,0,0,0,0,2,0,0,0
270069,2,1,1983,16,16,16,16,16,16,16,16,16,16
270070,1,1,1983,25,25,25,25,25,25,25,25,25,25
270070,2,1,1983,0,0,0,0,12,0,0,0,0,0
270070,3,1,1983,0,0,0,0,0,0,0,0,0,0
270071,1,1,1983,24,24,24,24,24,24,24,24,24,24
270071,2,1,1983,0,0,0,0,20,0,0,0,0,0
270072,1,1,1983,23,23,23,23,23,23,23,23,23,23
270073,1,1,1983,28,9,13,18,13,0,0,0,17,12
270073,2,1,1983,0,0,0,0,0,0,0,0,0,0
270074,1,1,1983,15,0,18,13,0,15,12,14,0,11
270075,1,1,1983,0,0,0,0,0,0,0,0,0,0
270075,2,1,1983,0,0,0,0,0,0,0,0,0,0
270076,1,1,1983,13,13,13,13,13,13,13,13,13,13
270077,1,1,1983,0,0,0,0,0,0,0,0,0,0
270077,2,1,1983,0,0,0,0,0,0,0,0,0,0
270078,1,1,1983,0,0,0,0,0,0,0,0,0,0
270078,2,1,1983,0,0,0,0,0,0,0,0,0,0
270079,0,1,1983,0,0,0,0,0,0,0,0,0,0
270079,1,1,1983,15,5,11,9,26,3,0,6,5,10
270080,1,1,1983,6,6,10,7,10,4,17,0,3,12
270080,2,1,1983,10,20,18,15,20,0,7,25,15,23
270081,1,2,1983,0,0,0,0,0,0,0,0,0,0
270081,2,1,1983,0,0,0,0,0,0,0,0,0,0
270082,1,1,1983,0,0,0,0,0,0,0,0,6,0
270082,2,1,1983,0,0,0,0,0,0,0,0,0,0
270083,1,1,1983,0,0,0,0,0,0,0,0,0,0
270083,2,1,1983,0,0,0,0,0,0,0,0,0,0
270084,0,1,1983,0,0,0,0,0,0,0,0,0,0
270084,1,1,1983,0,0,0,0,0,0,0,20,0,0
270085,1,1,1983,20,20,20,20,20,20,20,20,20,20
270085,2,1,1983,0,0,0,0,0,0,0,0,0,0
270086,0,1,1983,0,0,0,0,0,0,0,0,0,0
270086,1,1,1983,0,0,0,0,0,0,0,0,0,0
270087,1,1,1983,10,21,27,24,14,22,17,9,18,15
270087,2,1,1983,15,22,10,7,25,28,8,18,11,24
270089,1,1,1983,5,5,5,5,5,5,5,5,5,5
270090,1,1,1983,27,0,22,11,0,11,19,0,20,26
270091,1,1,1983,0,0,0,0,0,0,0,0,0,0
270092,1,1,1983,18,18,18,18,18,18,18,18,18,18
270092,2,1,1983,25,25,25,25,25,25,25,25,25,25
270093,1,1,1983,0,18,8,10,20,19,7,15,22,17
270094,1,1,1983,18,24,0,15,19,39,11,11,4,0
270094,2,1,1983,0,0,0,0,0,0,0,0,0,0
270095,1,1,1983,9,12,17,4,17,15,19,10,16,5
270096,1,1,1983,0,0,0,0,0,0,0,0,0,0
270096,2,1,1983,0,0,0,0,0,0,0,0,0,0
270097,1,1,1983,20,21,24,22,13,0,9,15,22,16
270097,2,1,1983,10,0,0,0,0,9,6,0,26,11
270098,0,1,1983,0,0,0,0,0,0,0,0,0,0
270098,1,1,1983,0,0,0,0,0,0,0,0,0,0
270099,1,1,1983,18,0,0,0,0,13,0,17,0,0
270100,1,1,1983,0,0,0,0,0,0,0,0,0,0
270101,1,1,1983,6,6,6,6,6,6,6,6,6,6