ST_CASE,VEH_NO,PER_NO,YEAR,P1,P2,P3,P4,P5,P6,P7,P8,P9,P10
270101,2,1,1983,0,0,0,0,0,0,0,0,0,0
270102,1,1,1983,17,17,17,17,17,17,17,17,17,17
270103,1,1,1983,0,0,0,0,0,0,0,0,26,0
270103,2,1,1983,0,0,0,0,0,0,0,0,0,0
270104,1,1,1983,0,0,0,0,0,0,0,0,0,0
270104,2,1,1983,0,0,0,10,0,0,0,0,0,0
270105,1,1,1983,14,32,27,16,22,14,35,28,25,35
270106,1,1,1983,0,0,8,21,0,0,9,0,0,16
270106,2,1,1983,7,13,3,15,9,0,15,0,10,4
270107,1,1,1983,25,25,25,25,25,25,25,25,25,25
270108,0,1,1983,0,0,0,0,0,0,0,0,0,0
270108,1,1,1983,0,0,0,0,0,0,0,0,0,0
270109,1,1,1983,14,14,14,14,14,14,14,14,14,14
270110,0,1,1983,5,5,5,5,5,5,5,5,5,5
270110,1,1,1983,6,14,0,29,13,9,5,16,8,14
270111,1,1,1983,17,17,17,17,17,17,17,17,17,17
270112,1,1,1983,18,18,18,18,18,18,18,18,18,18
270113,1,1,1983,12,12,12,12,12,12,12,12,12,12
270113,2,1,1983,7,7,7,7,7,7,7,7,7,7
270114,1,1,1983,35,35,35,35,35,35,35,35,35,35
270115,1,1,1983,23,23,23,23,23,23,23,23,23,23
270116,0,1,1983,24,24,24,24,24,24,24,24,24,24
270116,1,1,1983,0,0,0,0,0,0,0,0,0,0
270117,1,1,1983,29,29,29,29,29,29,29,29,29,29
270118,1,1,1983,0,0,0,0,0,0,0,0,0,0
270118,2,1,1983,0,0,0,0,0,0,0,0,0,0
270119,1,1,1983,10,27,26,27,17,0,8,17,10,27
270120,1,1,1983,18,18,18,18,18,18,18,18,18,18
270121,1,1,1983,0,0,0,0,0,0,0,0,4,0
270121,2,1,1983,24,0,18,7,14,5,19,8,17,17
270123,1,1,1983,0,0,0,0,0,0,0,0,0,0
270123,2,1,1983,0,0,0,0,0,0,0,0,0,0
270124,1,1,1983,3,3,3,3,3,3,3,3,3,3
270125,1,1,1983,11,0,0,12,0,9,17,14,2,20
270125,2,1,1983,0,0,0,0,0,0,0,0,0,0
270126,1,1,1983,0,17,0,0,16,0,27,0,0,0
270127,1,1,1983,0,0,0,0,0,0,0,0,0,0
270127,2,1,1983,0,0,0,0,0,0,0,0,0,0
270128,1,1,1983,21,21,21,21,21,21,21,21,21,21
270129,1,1,1983,0,0,0,0,0,0,0,0,0,0
270129,2,1,1983,13,13,13,13,13,13,13,13,13,13
270130,1,1,1983,23,23,23,23,23,23,23,23,23,23
270131,1,1,1983,26,26,26,26,26,26,26,26,26,26
270132,1,1,1983,12,12,12,12,12,12,12,12,12,12
270132,2,1,1983,1,1,1,1,1,1,1,1,1,1
270133,1,1,1983,19,19,19,19,19,19,19,19,19,19
270133,2,1,1983,17,23,19,18,25,19,7,16,19,13
270134,1,1,1983,16,16,16,16,16,16,16,16,16,16
270135,1,1,1983,0,0,0,0,8,0,22,0,0,0
270135,2,1,1983,5,3,15,9,14,4,16,31,14,6
270136,1,1,1983,15,15,15,15,15,15,15,15,15,15
270137,1,1,1983,21,21,21,21,21,21,21,21,21,21
270138,1,1,1983,30,30,30,30,30,30,30,30,30,30
270138,2,1,1983,0,0,0,0,0,0,0,0,0,0
270139,1,1,1983,12,0,0,0,0,0,0,0,0,0
270139,2,1,1983,11,11,11,11,11,11,11,11,11,11
270140,1,1,1983,0,0,0,0,0,0,9,0,0,0
270140,2,1,1983,0,0,0,0,0,0,0,0,0,0
270141,1,1,1983,23,23,23,23,23,23,23,23,23,23
270141,2,1,1983,21,21,21,21,21,21,21,21,21,21
270142,1,1,1983,15,15,15,15,15,15,15,15,15,15
270143,1,1,1983,0,0,0,0,0,0,0,0,0,0
270143,2,1,1983,0,0,0,0,0,0,0,0,0,0
270144,1,1,1983,12,12,12,12,12,12,12,12,12,12
270145,1,1,1983,35,35,35,35,35,35,35,35,35,35
270146,1,1,1983,0,0,0,0,0,0,0,0,0,0
270146,2,1,1983,0,0,0,0,0,0,0,0,0,0
270147,0,1,1983,15,15,15,15,15,15,15,15,15,15
270147,0,2,1983,6,18,26,37,35,32,24,38,11,18
270147,1,1,1983,8,14,18,4,19,5,0,7,17,21
270148,0,1,1983,0,0,0,0,0,0,0,0,0,0
270148,1,1,1983,0,0,0,0,0,10,0,0,0,0
270149,1,1,1983,10,10,10,10,10,10,10,10,10,10
270150,0,1,1983,0,0,0,0,0,0,0,0,0,0
270150,1,1,1983,0,0,0,12,0,0,0,9,0,0
270151,1,1,1983,0,0,0,0,0,0,15,0,0,0
270152,1,1,1983,17,17,17,17,17,17,17,17,17,17
270152,2,1,1983,28,28,28,28,28,28,28,28,28,28
270153,0,1,1983,0,0,0,0,0,0,0,0,0,0
270153,1,1,1983,14,19,0,5,24,17,24,21,16,17
270154,1,1,1983,10,10,10,10,10,10,10,10,10,10
270154,2,1,1983,11,11,11,11,11,11,11,11,11,11
270155,1,1,1983,37,37,37,37,37,37,37,37,37,37
270156,1,1,1983,21,7,15,3,22,18,24,8,28,23
270157,1,1,1983,0,0,0,0,0,0,0,0,0,0
270158,1,1,1983,0,0,0,0,0,0,0,0,0,0
270158,2,1,1983,0,0,0,0,0,0,0,0,7,0
270159,1,1,1983,0,0,0,0,0,0,0,0,0,0
270159,2,1,1983,0,0,0,0,0,0,0,0,0,0
270160,0,1,1983,0,0,0,0,0,0,0,0,0,0
270160,1,1,1983,8,0,0,0,0,0,0,0,0,0
270161,1,1,1983,9,29,4,0,16,5,18,22,16,11
270162,1,1,1983,0,0,0,0,0,0,0,0,0,0
270162,2,1,1983,0,0,0,0,0,0,0,0,0,0
270163,0,1,1983,35,0,0,0,10,0,8,0,0,20
270163,1,1,1983,0,8,0,0,0,0,0,0,0,0
270164,1,1,1983,10,11,19,11,4,18,30,23,17,12
270164,2,1,1983,3,3,3,3,3,3,3,3,3,3
270165,1,1,1983,12,12,12,12,12,12,12,12,12,12
270166,1,1,1983,0,0,0,0,0,0,0,0,0,0
270166,2,1,1983,13,13,13,13,13,13,13,13,13,13
270167,1,1,1983,24,24,24,24,24,24,24,24,24,24
270167,2,1,1983,0,0,0,0,0,0,0,0,0,0
270169,1,1,1983,0,0,0,0,0,0,0,0,0,0
270169,2,1,1983,0,0,0,0,0,0,0,0,0,0
270170,1,1,1983,5,14,13,15,16,11,18,6,13,4
270171,1,1,1983,0,0,0,0,0,0,0,0,0,0
270171,2,1,1983,0,0,0,0,0,0,0,0,0,0
270172,1,1,1983,14,14,14,14,14,14,14,14,14,14
270173,1,1,1983,17,17,17,17,17,17,17,17,17,17
270173,2,1,1983,0,0,0,0,0,0,0,0,0,0
270174,0,1,1983,0,0,0,0,0,0,0,0,0,0
270174,0,2,1983,0,10,13,24,24,0,0,17,0,17
270174,1,1,1983,10,23,18,13,20,0,22,19,17,11
270175,0,1,1983,0,0,0,0,0,0,0,0,0,0
270175,1,1,1983,0,0,0,0,0,0,0,0,0,0
270176,1,1,1983,22,22,22,22,22,22,22,22,22,22
270177,1,1,1983,0,0,0,0,0,0,0,0,0,0
270177,2,1,1983,0,0,0,0,0,0,0,0,0,0
270178,1,1,1983,0,0,0,0,0,0,0,0,0,0
270179,1,1,1983,16,16,16,16,16,16,16,16,16,16
270179,2,1,1983,0,0,0,0,0,0,0,0,0,0
270180,1,1,1983,33,0,14,24,0,0,0,0,13,0
270180,2,1,1983,14,19,0,9,21,8,16,12,0,17
270181,1,1,1983,0,0,0,0,0,0,0,0,9,0
270182,1,1,1983,0,0,0,0,0,0,0,0,0,0
270182,2,1,1983,0,0,0,0,0,0,0,0,0,0
270183,1,1,1983,14,14,14,14,14,14,14,14,14,14
270184,1,1,1983,0,0,0,0,0,0,0,0,0,0
270184,2,1,1983,0,0,0,0,0,0,0,0,0,0
270185,0,1,1983,0,0,0,0,0,0,0,0,0,0
270185,1,1,1983,0,13,0,0,0,0,26,0,0,0
270186,1,1,1983,0,0,27,16,15,0,0,0,0,13
270187,1,1,1983,14,14,14,14,14,14,14,14,14,14
270188,1,1,1983,23,23,23,23,23,23,23,23,23,23
270189,1,1,1983,16,29,17,20,12,11,8,24,18,14
270190,1,1,1983,0,0,0,0,0,0,0,0,0,0
270190,2,1,1983,21,13,6,14,16,21,8,15,14,17
270191,1,1,1983,11,33,16,4,19,19,13,21,15,26
270192,1,1,1983,17,17,17,17,17,17,17,17,17,17
270193,1,1,1983,9,0,0,0,0,0,17,0,0,0
270193,2,1,1983,0,0,16,0,3,7,0,26,0,0
270194,1,1,1983,11,11,11,11,11,11,11,11,11,11
270195,1,1,1983,0,0,0,0,0,0,0,0,0,0
270195,2,1,1983,3,3,3,3,3,3,3,3,3,3
270196,1,1,1983,32,22,30,19,9,0,17,23,10,9
270197,1,1,1983,0,0,0,0,0,0,0,0,0,0
270197,2,1,1983,0,0,0,0,0,0,0,0,0,0
270198,1,1,1983,14,14,14,14,14,14,14,14,14,14
270199,1,1,1983,0,0,0,0,0,0,0,0,0,0
270199,2,1,1983,0,0,0,0,0,0,0,0,0,0
270200,0,1,1983,16,16,16,16,16,16,16,16,16,16
270200,1,1,1983,14,14,14,14,14,14,14,14,14,14
270201,1,1,1983,7,7,7,7,7,7,7,7,7,7
270202,1,1,1983,0,0,0,0,0,0,0,0,0,0
270202,2,1,1983,0,0,0,0,0,0,0,0,0,0
270203,0,1,1983,0,0,0,0,0,0,0,0,0,0
270203,1,1,1983,0,0,0,0,0,0,0,0,0,0
270204,1,1,1983,6,6,6,6,6,6,6,6,6,6
270204,2,1,1983,0,0,0,0,0,0,0,0,0,0
270205,1,1,1983,16,0,0,0,0,0,0,0,0,0
270206,1,1,1983,6,9,22,14,17,22,22,21,17,32
270207,1,1,1983,0,0,0,0,0,0,0,13,0,0
270208,1,1,1983,0,0,0,0,0,0,0,0,0,0
270208,2,1,1983,0,14,0,0,0,0,0,0,0,0
270209,1,1,1983,20,20,20,20,20,20,20,20,20,20
270210,1,1,1983,0,0,0,15,0,0,0,0,0,0
270210,2,1,1983,0,0,14,0,0,0,0,27,0,0
270211,1,1,1983,25,25,25,25,25,25,25,25,25,25
270211,2,1,1983,0,0,0,0,0,0,0,0,0,0
270212,0,1,1983,4,4,4,4,4,4,4,4,4,4
270212,1,1,1983,0,0,0,0,0,0,0,0,0,0
270214,1,1,1983,30,13,14,17,16,20,24,4,15,15
270215,1,1,1983,0,9,0,0,0,0,0,0,0,0
270215,2,1,1983,0,0,0,0,0,0,0,0,0,0
270215,3,1,1983,0,0,0,0,0,0,0,0,0,0
270216,1,1,1983,8,11,17,29,12,20,7,9,12,13
270217,1,1,1983,0,0,0,0,0,0,0,0,0,0
270217,2,1,1983,15,15,15,15,15,15,15,15,15,15
270218,1,1,1983,24,24,24,24,24,24,24,24,24,24
270219,1,1,1983,0,0,0,0,0,0,0,0,0,0
270219,2,1,1983,0,0,0,0,0,0,0,0,0,0
270219,3,1,1983,0,0,0,0,0,0,0,0,0,0
270220,0,1,1983,5,5,5,5,5,5,5,5,5,5
270220,1,1,1983,0,0,0,0,0,0,0,0,0,0
270221,1,1,1983,0,0,0,0,0,0,0,0,0,0
270221,2,1,1983,0,0,0,0,0,0,0,0,0,0
270222,1,1,1983,0,0,0,0,0,0,0,0,0,0
270222,2,1,1983,0,0,0,0,0,0,0,0,0,0
270223,1,1,1983,20,20,20,20,20,20,20,20,20,20
270224,1,1,1983,0,0,0,0,0,0,0,0,0,0
270225,1,1,1983,25,25,25,25,25,25,25,25,25,25
270226,1,1,1983,0,0,0,0,0,0,0,0,0,0
270226,2,1,1983,0,0,0,0,0,0,0,0,0,0
270227,1,1,1983,0,0,0,0,0,0,0,0,0,0
270228,1,1,1983,9,9,9,9,9,9,9,9,9,9
270228,2,1,1983,30,30,30,30,30,30,30,30,30,30
270229,1,1,1983,0,0,0,0,0,0,0,0,0,0
270229,2,1,1983,0,0,0,0,0,0,0,0,0,0
270230,1,1,1983,22,22,22,22,22,22,22,22,22,22
270231,1,1,1983,3,3,3,3,3,3,3,3,3,3
270232,1,1,1983,16,16,16,16,16,16,16,16,16,16
270233,0,1,1983,0,0,0,0,0,0,0,0,0,0
270233,1,1,1983,13,13,13,13,13,13,13,13,13,13
270234,1,1,1983,0,0,0,0,0,0,0,0,0,0
270235,1,1,1983,0,0,0,0,0,0,0,0,0,0
270235,2,1,1983,0,0,0,0,0,0,0,0,0,7
270236,1,1,1983,12,0,4,0,9,21,13,14,11,5
270238,1,1,1983,35,35,35,35,35,35,35,35,35,35
270239,0,1,1983,0,0,0,0,0,0,0,0,0,0
270239,1,1,1983,0,0,0,0,0,0,0,3,0,0
270241,1,1,1983,0,0,0,0,0,0,0,0,0,0
270241,2,1,1983,0,0,0,0,0,0,0,0,0,0
270242,1,1,1983,16,16,16,16,16,16,16,16,16,16
270243,1,1,1983,14,14,14,14,14,14,14,14,14,14
270245,1,1,1983,14,14,14,14,14,14,14,14,14,14
270246,1,1,1983,5,18,8,16,17,12,20,15,29,27
270246,2,1,1983,11,11,11,11,11,11,11,11,11,11
270247,1,1,1983,38,0,0,27,0,0,0,11,0,0
270248,1,1,1983,22,22,22,22,22,22,22,22,22,22
270248,2,1,1983,0,0,0,0,0,0,0,0,0,0
270249,1,1,1983,12,11,23,15,11,0,6,9,3,11
270249,2,1,1983,0,12,9,8,6,17,0,15,19,20
270250,1,1,1983,0,0,0,0,0,0,0,0,0,0
270250,2,1,1983,0,0,0,0,0,0,0,0,0,0
270251,1,1,1983,5,5,5,5,5,5,5,5,5,5
270251,2,1,1983,0,0,0,0,0,0,0,0,0,0
270252,1,1,1983,24,24,24,24,24,24,24,24,24,24
270253,1,1,1983,0,0,0,0,0,0,0,0,0,0
270254,1,1,1983,0,0,24,0,0,0,0,0,0,0
270254,2,1,1983,0,0,0,0,0,0,9,0,0,0
270255,1,1,1983,12,12,12,12,12,12,12,12,12,12
270256,1,1,1983,0,0,0,0,0,0,0,0,0,0
270256,2,1,1983,0,0,0,0,0,0,0,0,0,0
270257,1,1,1983,4,4,4,4,4,4,4,4,4,4
270258,1,1,1983,21,21,21,21,21,21,21,21,21,21
270259,1,1,1983,0,0,0,0,0,0,0,0,0,0
270259,2,1,1983,0,0,0,0,0,0,0,0,0,0
270259,3,1,1983,0,0,0,16,0,0,0,0,0,0
270260,0,1,1983,9,9,9,9,9,9,9,9,9,9
270260,1,1,1983,7,7,7,7,7,7,7,7,7,7
270261,0,1,1983,0,0,0,0,0,0,0,0,0,0
270261,1,1,1983,0,0,0,0,0,0,0,0,0,0
270262,1,1,1983,0,0,0,14,11,0,0,0,8,12
270263,1,1,1983,0,0,0,0,0,14,0,20,0,3
270263,2,1,1983,0,0,0,0,0,0,0,0,0,0
270264,1,1,1983,17,20,0,19,11,9,23,18,0,0
270265,1,1,1983,4,4,4,4,4,4,4,4,4,4
270265,2,1,1983,23,14,13,33,4,17,14,2,9,19
270266,1,1,1983,20,20,20,20,20,20,20,20,20,20
270267,1,1,1983,21,21,21,21,21,21,21,21,21,21
270268,1,1,1983,0,0,0,0,0,0,0,0,0,0
270268,2,1,1983,0,0,0,0,0,0,0,0,0,0
270269,0,1,1983,0,0,0,0,0,0,0,0,0,0
270269,1,1,1983,2,2,2,2,2,2,2,2,2,2
270270,0,1,1983,0,0,0,0,0,0,0,0,0,0
270270,1,1,1983,0,0,0,0,0,0,0,0,0,0
270271,0,1,1983,23,23,23,23,23,23,23,23,23,23
270271,1,1,1983,24,9,0,13,11,10,14,0,15,10
270271,2,1,1983,12,0,0,0,0,23,13,0,12,7
270272,0,1,1983,0,0,0,0,0,0,0,0,0,0
270272,1,1,1983,0,0,0,0,0,0,0,0,0,0
270273,1,1,1983,2,0,11,0,14,0,0,10,0,0
270273,2,1,1983,0,0,0,0,0,20,0,0,0,0
270274,1,1,1983,0,0,0,0,0,0,0,0,0,0
270274,2,1,1983,5,5,5,5,5,5,5,5,5,5
270275,0,1,1983,0,0,11,0,0,29,0,0,0,0
270275,1,1,1983,0,0,0,0,0,0,0,0,0,0
270276,1,1,1983,0,0,0,0,0,0,0,0,0,0
270276,2,1,1983,0,0,0,0,0,0,0,0,9,0
270277,1,1,1983,7,7,7,7,7,7,7,7,7,7
270277,2,1,1983,0,0,0,0,0,0,0,0,0,0
270278,0,1,1983,0,0,0,0,0,0,0,0,0,0
270278,1,1,1983,0,0,0,0,0,0,0,0,0,0
270279,1,1,1983,14,14,14,14,14,14,14,14,14,14
270280,1,1,1983,15,15,15,15,15,15,15,15,15,15
270281,1,1,1983,0,0,0,0,0,0,0,0,0,0
270281,2,1,1983,0,0,0,0,0,0,0,0,0,0
270282,1,1,1983,30,30,30,30,30,30,30,30,30,30
270283,1,1,1983,25,25,25,25,25,25,25,25,25,25
270284,1,1,1983,20,20,20,20,20,20,20,20,20,20
270285,0,1,1983,11,11,11,11,11,11,11,11,11,11
270285,1,1,1983,18,13,25,11,9,12,27,23,5,12
270286,1,1,1983,15,15,15,15,15,15,15,15,15,15
270287,2,1,1983,7,7,7,7,7,7,7,7,7,7
270288,1,1,1983,16,16,16,16,16,16,16,16,16,16
270288,2,1,1983,18,36,0,27,23,15,14,29,22,0
270289,1,1,1983,11,11,11,11,11,11,11,11,11,11
270289,2,1,1983,0,10,2,0,0,0,0,3,0,5
270290,1,1,1983,1,1,1,1,1,1,1,1,1,1
270291,1,1,1983,0,0,6,0,0,0,0,0,0,0
270291,2,1,1983,0,0,10,0,0,0,0,0,0,0
270292,0,1,1983,37,37,37,37,37,37,37,37,37,37
270292,1,1,1983,6,19,19,13,19,37,13,0,10,10
270293,0,1,1983,17,17,17,17,17,17,17,17,17,17
270293,1,1,1983,0,0,0,8,12,6,0,0,0,18
270294,1,1,1983,0,0,0,0,0,0,0,13,0,0
270294,2,1,1983,1,1,1,1,1,1,1,1,1,1
270294,3,1,1983,16,7,10,30,7,40,14,0,11,13
270295,0,1,1983,0,0,0,0,0,0,0,28,0,0
270295,1,1,1983,0,0,0,0,0,0,0,0,0,18
270296,1,1,1983,16,16,16,16,16,16,16,16,16,16
270297,1,1,1983,31,31,31,31,31,31,31,31,31,31
270298,1,1,1983,0,0,0,0,0,0,0,0,0,0
270299,1,1,1983,14,14,14,14,14,14,14,14,14,14
270300,1,1,1983,0,0,11,30,0,14,0,19,9,19
270301,1,1,1983,8,20,19,0,0,0,9,11,21,16
270302,1,1,1983,2,2,2,2,2,2,2,2,2,2
270303,1,1,1983,5,19,13,0,20,26,14,24,18,25
270304,1,1,1983,0,0,0,0,0,0,0,0,0,0
270304,2,1,1983,0,0,0,0,0,0,0,0,0,0
270305,0,1,1983,0,0,0,0,0,0,0,0,0,0
270305,1,1,1983,0,0,0,0,0,0,0,0,0,0
270306,1,1,1983,0,0,0,0,0,0,0,0,0,0
270306,2,1,1983,0,0,0,0,0,0,0,0,0,0
270307,1,1,1983,24,24,24,24,24,24,24,24,24,24
270308,1,1,1983,19,19,19,19,19,19,19,19,19,19
270309,1,1,1983,11,11,11,11,11,11,11,11,11,11
270310,1,1,1983,14,6,0,0,0,0,0,0,6,5
270310,2,1,1983,0,0,0,0,0,0,0,0,0,0
270311,1,1,1983,18,18,18,18,18,18,18,18,18,18
270312,0,1,1983,25,25,25,25,25,25,25,25,25,25
270312,1,1,1983,0,0,0,0,0,0,0,0,0,0
270313,1,1,1983,0,0,0,0,0,0,0,0,0,0
270313,2,1,1983,0,0,0,0,0,0,0,0,0,0
270314,1,1,1983,0,0,0,0,0,0,0,0,0,0
270314,2,1,1983,0,0,17,0,0,0,0,0,0,0
270315,1,1,1983,0,0,0,0,0,0,0,0,0,0
270315,2,1,1983,0,0,0,0,0,0,0,0,0,0
270316,1,1,1983,0,0,0,0,0,0,0,0,0,0
270316,2,1,1983,12,12,12,12,12,12,12,12,12,12
270317,1,1,1983,13,13,13,13,13,13,13,13,13,13
270318,1,1,1983,0,0,0,0,0,0,0,0,0,0
270318,2,1,1983,0,0,0,0,0,0,0,0,0,0
270319,1,1,1983,8,31,18,24,14,30,8,11,16,20
270320,1,1,1983,0,0,0,0,0,0,0,0,0,0
270320,2,1,1983,0,0,0,0,0,0,0,0,0,0
270321,0,1,1983,0,0,0,0,22,0,0,18,0,12
270321,1,1,1983,21,23,10,0,24,0,0,0,0,23
270322,0,1,1983,0,0,0,0,0,0,0,0,0,0
270322,1,1,1983,0,0,0,0,0,0,0,0,0,11
270323,1,1,1983,11,16,19,19,11,5,25,28,12,21
270324,1,1,1983,0,0,0,0,0,0,0,0,0,0
270325,1,1,1983,0,0,0,0,0,0,0,0,0,0
270325,2,1,1983,0,0,0,0,0,0,0,0,0,0
270326,1,1,1983,0,0,0,0,0,0,0,0,0,0
270326,2,1,1983,15,34,14,12,0,6,0,13,12,14
270327,1,1,1983,0,0,0,0,0,0,0,0,0,0
270328,1,1,1983,28,28,28,28,28,28,28,28,28,28
270328,2,1,1983,0,0,0,0,0,0,0,0,0,0
270329,1,1,1983,0,0,0,0,0,0,0,0,0,0
270329,2,1,1983,0,0,0,0,0,0,0,0,9,0
270330,0,1,1983,0,0,0,0,0,0,0,0,0,0
270330,0,2,1983,0,0,0,0,0,0,0,0,0,0
270330,1,1,1983,18,32,0,0,18,0,0,17,0,0
270331,1,1,1983,0,0,0,0,0,0,0,0,0,0
270332,1,1,1983,5,5,5,5,5,5,5,5,5,5
270333,0,1,1983,0,0,0,0,0,0,0,0,0,0
270333,1,1,1983,0,0,0,0,0,0,0,0,0,0
270334,1,1,1983,23,8,11,14,9,11,5,15,15,28
270334,2,1,1983,0,0,0,0,0,0,0,0,0,0
270335,1,1,1983,0,0,0,0,0,0,0,0,0,0
270335,2,1,1983,0,0,0,0,0,0,0,0,0,0
270336,1,1,1983,19,19,19,19,19,19,19,19,19,19
270337,0,1,1983,30,0,0,0,0,0,0,0,0,0
270337,1,1,1983,0,0,0,16,13,13,0,0,0,0
270338,1,1,1983,0,0,0,0,0,0,0,0,0,0
270338,2,1,1983,3,3,3,3,3,3,3,3,3,3
270339,1,1,1983,24,24,24,24,24,24,24,24,24,24
270340,1,1,1983,17,17,17,17,17,17,17,17,17,17
270341,1,1,1983,12,22,5,23,29,0,25,5,16,14
270342,1,1,1983,8,8,8,8,8,8,8,8,8,8
270342,2,1,1983,7,7,7,7,7,7,7,7,7,7
270343,1,1,1983,9,26,0,21,27,3,13,0,21,0
270344,1,1,1983,0,0,0,0,0,0,0,0,27,0
270345,0,1,1983,0,0,0,0,0,0,0,0,0,0
270345,1,1,1983,0,0,0,0,0,0,0,0,0,0
270346,1,1,1983,7,7,7,23,12,12,6,5,14,16
270346,2,1,1983,20,15,25,18,15,14,8,20,20,9
270347,1,1,1983,23,23,23,23,23,23,23,23,23,23
270348,1,1,1983,0,0,0,0,0,0,0,0,0,0
270348,2,1,1983,0,0,0,0,0,0,0,0,0,0
270349,0,1,1983,18,18,18,18,18,18,18,18,18,18
270349,1,1,1983,13,13,13,13,13,13,13,13,13,13
270350,1,1,1983,0,0,0,0,0,0,0,0,0,0
270350,2,1,1983,0,0,0,0,0,0,0,0,0,0
270350,3,1,1983,0,21,0,0,0,0,0,0,0,0
270351,0,1,1983,0,0,0,0,0,0,0,0,0,0
270351,1,1,1983,0,0,0,0,0,0,0,0,0,0
270352,1,1,1983,0,0,0,0,0,0,0,0,0,0
270352,2,1,1983,0,0,0,0,0,0,0,0,0,0
270353,1,1,1983,12,12,12,12,12,12,12,12,12,12
270354,1,1,1983,15,15,15,15,15,15,15,15,15,15
270354,2,1,1983,0,15,0,0,0,0,0,0,0,0
270355,1,1,1983,14,14,21,21,18,18,0,21,0,9
270356,1,1,1983,21,17,14,14,10,0,12,0,18,13
270356,2,1,1983,0,0,0,7,0,0,0,0,0,0
270357,0,1,1983,22,22,22,22,22,22,22,22,22,22
270357,1,1,1983,10,10,10,10,10,10,10,10,10,10
270358,0,1,1983,0,0,0,0,0,0,0,0,0,0
270358,1,1,1983,0,0,0,0,0,0,0,0,0,0
270359,1,1,1983,0,21,0,0,0,0,0,0,0,0
270359,2,1,1983,17,0,0,0,0,0,0,0,0,0
270360,1,1,1983,19,19,19,19,19,19,19,19,19,19
270361,1,1,1983,0,0,0,0,0,0,0,0,0,0
270361,2,1,1983,0,0,0,0,0,0,0,0,0,0
270362,1,1,1983,0,0,0,0,0,0,0,0,0,0
270363,1,1,1983,0,0,0,0,0,0,0,0,0,0
270363,2,1,1983,15,16,16,16,16,5,15,11,11,12
270364,1,1,1983,0,0,0,0,0,0,0,0,0,0
270364,2,1,1983,0,0,0,0,0,0,0,0,0,0
270365,0,1,1983,0,0,0,17,0,0,0,0,0,0
270365,1,1,1983,2,2,2,2,2,2,2,2,2,2
270366,1,1,1983,0,0,0,0,0,0,0,0,0,0
270367,1,1,1983,12,12,12,12,12,12,12,12,12,12
270368,1,1,1983,18,18,18,18,18,18,18,18,18,18
270368,2,1,1983,0,0,0,0,0,0,0,0,0,0
270369,1,1,1983,0,0,0,0,0,0,0,0,0,0
270369,2,1,1983,0,0,0,0,0,0,0,0,0,0
270370,1,1,1983,0,0,0,0,0,0,0,0,0,0
270371,0,1,1983,0,0,0,0,0,0,0,0,0,0
270371,1,1,1983,0,0,0,0,0,0,0,0,0,0
270372,1,1,1983,21,21,21,21,21,21,21,21,21,21
270373,1,1,1983,0,0,0,0,0,0,0,0,0,0
270373,2,1,1983,0,0,0,0,0,0,0,0,0,0
270374,1,1,1983,0,0,0,0,0,0,0,0,0,0
270374,2,1,1983,11,11,11,11,11,11,11,11,11,11
270375,1,1,1983,25,25,25,25,25,25,25,25,25,25
270376,1,1,1983,0,0,0,0,0,0,0,0,0,0
270376,2,1,1983,0,7,0,0,0,0,0,0,0,9
270377,1,1,1983,33,4,19,12,22,10,11,7,13,9
270378,1,1,1983,17,17,17,17,17,17,17,17,17,17
270379,0,1,1983,17,17,17,17,17,17,17,17,17,17
270379,1,1,1983,0,11,0,13,22,5,0,0,30,15
270380,1,1,1983,0,0,0,0,0,0,0,0,0,0
270380,2,1,1983,0,0,0,0,0,0,0,0,0,0
270382,1,1,1983,0,0,0,0,0,0,0,0,0,0
270383,0,1,1983,1,1,1,1,1,1,1,1,1,1
270383,1,1,1983,14,14,14,14,14,14,14,14,14,14
270384,1,1,1983,4,4,4,4,4,4,4,4,4,4
270385,1,1,1983,14,14,14,14,14,14,14,14,14,14
270386,1,1,1983,16,16,16,16,16,16,16,16,16,16
270387,1,1,1983,9,9,9,9,9,9,9,9,9,9
270388,1,1,1983,0,0,0,0,0,0,10,0,0,0
270388,2,1,1983,0,0,0,0,0,0,0,0,0,0
270389,1,1,1983,26,26,26,26,26,26,26,26,26,26
270390,1,1,1983,22,22,22,22,22,22,22,22,22,22
270391,1,1,1983,19,19,19,19,19,19,19,19,19,19
270392,1,1,1983,0,0,0,0,0,0,0,0,0,0
270392,2,1,1983,27,27,27,27,27,27,27,27,27,27
270393,1,1,1983,0,0,0,0,0,0,0,0,0,0
270394,1,1,1983,0,0,0,0,0,0,0,0,0,0
270394,2,1,1983,0,0,0,0,0,0,0,0,0,0
270395,1,1,1983,0,0,0,0,0,9,0,0,0,0
270395,2,1,1983,0,0,0,0,0,0,0,0,0,0
270396,1,1,1983,0,0,0,0,0,0,0,0,0,0
270396,2,1,1983,0,0,0,0,0,0,0,0,0,0
270397,0,1,1983,9,0,16,0,0,20,18,16,0,21