ST_CASE,VEH_NO,PER_NO,YEAR,P1,P2,P3,P4,P5,P6,P7,P8,P9,P10
270397,1,1,1983,8,17,12,9,18,0,13,11,14,16
270398,1,1,1983,0,0,0,0,0,0,0,0,0,0
270398,2,1,1983,0,0,0,0,0,0,0,0,0,0
270399,1,1,1983,22,22,22,22,22,22,22,22,22,22
270399,2,1,1983,4,4,4,4,4,4,4,4,4,4
270400,1,1,1983,0,0,0,0,0,0,0,0,0,0
270401,1,1,1983,8,8,8,8,8,8,8,8,8,8
270402,1,1,1983,0,0,0,0,0,0,0,0,26,28
270402,2,1,1983,0,0,0,0,0,0,0,0,0,0
270403,1,1,1983,0,9,0,9,24,17,0,0,3,0
270404,1,1,1983,8,8,8,8,8,8,8,8,8,8
270404,2,1,1983,0,0,0,0,0,0,0,0,0,0
270405,1,1,1983,0,9,0,0,0,0,0,0,0,0
270405,2,1,1983,0,0,0,0,0,0,0,0,0,0
270406,1,1,1983,0,0,0,0,0,0,0,0,0,0
270406,2,1,1983,0,0,0,0,0,0,0,0,0,0
270407,1,1,1983,5,5,5,5,5,5,5,5,5,5
270408,1,1,1983,0,0,0,0,0,0,0,0,0,0
270409,1,1,1983,16,16,16,16,16,16,16,16,16,16
270410,1,1,1983,0,0,0,0,0,0,0,0,0,6
270410,2,1,1983,25,0,0,17,0,0,0,0,0,0
270410,3,1,1983,21,22,14,22,24,7,32,41,21,8
270411,1,1,1983,4,4,4,4,4,4,4,4,4,4
270411,2,1,1983,0,0,0,0,0,0,0,0,0,0
270412,1,1,1983,0,0,0,0,0,0,0,0,0,0
270413,1,1,1983,0,0,0,0,0,0,0,0,0,0
270413,2,1,1983,0,0,0,0,0,0,0,0,0,0
270414,1,1,1983,38,38,38,38,38,38,38,38,38,38
270414,2,1,1983,0,0,0,0,0,0,0,0,0,0
270415,1,1,1983,0,0,0,0,0,0,0,0,0,0
270415,2,1,1983,0,0,0,0,0,0,0,0,0,0
270416,1,1,1983,16,16,16,16,16,16,16,16,16,16
270417,1,1,1983,22,20,15,15,16,22,25,12,20,21
270418,0,1,1983,19,19,19,19,19,19,19,19,19,19
270418,1,1,1983,10,10,10,10,10,10,10,10,10,10
270419,1,1,1983,0,0,0,0,0,0,0,0,0,0
270420,1,1,1983,15,15,15,15,15,15,15,15,15,15
270421,1,1,1983,12,12,12,12,12,12,12,12,12,12
270422,1,1,1983,5,12,16,9,17,26,0,14,17,15
270422,2,1,1983,0,0,0,0,0,0,0,0,0,0
270423,1,1,1983,0,0,0,0,0,0,0,0,0,0
270423,2,1,1983,0,0,0,0,0,0,0,0,0,0
270424,0,1,1983,22,22,22,22,22,22,22,22,22,22
270424,1,1,1983,17,17,8,11,18,15,23,36,29,13
270425,0,1,1983,0,0,0,0,0,0,0,0,0,0
270425,0,2,1983,0,0,0,0,17,16,12,0,0,0
270425,0,3,1983,46,24,0,16,0,14,0,16,0,0
270425,0,4,1983,20,16,19,9,24,17,13,10,28,9
270425,0,5,1983,11,7,12,0,17,7,12,0,0,0
270425,0,6,1983,0,27,0,0,0,0,13,0,17,0
270425,0,7,1983,0,16,14,18,0,0,19,14,0,13
270425,0,8,1983,0,0,0,0,0,0,5,0,0,0
270425,2,1,1983,15,15,15,15,15,15,15,15,15,15
270426,1,1,1983,0,0,0,0,0,0,0,0,0,0
270426,2,1,1983,0,0,0,0,0,0,0,0,0,0
270427,1,1,1983,0,0,0,0,0,0,0,0,0,0
270428,1,1,1983,0,0,0,0,0,0,0,0,0,0
270428,2,1,1983,0,0,0,0,0,0,0,0,0,0
270429,1,1,1983,0,0,0,0,0,0,0,0,0,0
270430,1,1,1983,0,0,0,0,0,0,0,0,0,0
270431,1,1,1983,0,0,0,0,0,0,0,0,0,0
270431,2,1,1983,0,0,0,0,0,0,9,0,0,0
270432,1,1,1983,22,22,22,22,22,22,22,22,22,22
270433,1,1,1983,0,0,0,0,0,0,0,0,0,0
270433,2,1,1983,0,0,0,0,0,0,0,0,0,0
270434,1,1,1983,4,4,4,4,4,4,4,4,4,4
270435,1,1,1983,7,7,7,7,7,7,7,7,7,7
270436,1,1,1983,0,0,0,0,0,0,0,0,0,0
270437,1,1,1983,0,0,0,0,0,0,0,0,0,0
270437,2,1,1983,8,0,0,0,0,0,0,0,9,0
270438,1,1,1983,33,33,33,33,33,33,33,33,33,33
270439,1,1,1983,19,19,19,19,19,19,19,19,19,19
270440,1,1,1983,0,0,0,0,0,0,9,0,0,0
270440,2,1,1983,0,0,0,0,0,0,0,0,0,0
270441,1,1,1983,18,18,18,18,18,18,18,18,18,18
270442,1,1,1983,20,20,20,20,20,20,20,20,20,20
270443,1,1,1983,0,0,0,0,0,0,0,0,0,0
270444,1,1,1983,0,0,0,0,0,0,0,0,0,0
270444,2,1,1983,0,0,0,0,0,0,0,0,0,0
270445,1,1,1983,21,21,21,21,21,21,21,21,21,21
270446,1,1,1983,0,0,0,0,11,0,0,0,8,0
270446,2,1,1983,0,0,0,0,0,0,0,0,0,0
270447,1,1,1983,20,20,20,20,20,20,20,20,20,20
270447,2,1,1983,22,21,8,10,21,22,3,14,22,20
270448,1,1,1983,26,26,26,26,26,26,26,26,26,26
270449,1,1,1983,0,0,0,0,0,0,0,0,0,0
270449,2,1,1983,0,0,0,0,0,0,0,0,0,0
270450,1,1,1983,0,0,0,0,0,0,0,0,0,0
270450,2,1,1983,0,0,5,0,0,0,12,0,0,8
270451,0,1,1983,0,0,0,0,0,0,0,0,0,0
270451,1,1,1983,0,0,0,0,0,0,0,0,0,0
270452,1,1,1983,23,23,23,23,23,23,23,23,23,23
270453,1,1,1983,0,0,0,0,0,0,0,0,0,0
270453,2,1,1983,27,4,15,31,19,8,17,17,12,24
270454,1,1,1983,0,0,0,0,0,0,0,0,0,0
270454,2,1,1983,0,0,0,0,0,0,0,0,0,0
270455,1,1,1983,0,0,0,0,0,0,0,0,0,0
270455,2,1,1983,0,0,0,0,0,0,0,0,0,0
270456,1,1,1983,0,0,0,0,0,0,0,0,0,0
270456,2,1,1983,23,23,23,23,23,23,23,23,23,23
270457,1,1,1983,10,10,10,10,10,10,10,10,10,10
270458,1,1,1983,0,0,0,0,0,0,0,0,0,0
270458,2,1,1983,0,0,0,0,0,0,0,0,0,0
270459,1,1,1983,0,0,0,0,0,0,0,0,0,0
270459,2,1,1983,0,0,0,0,0,0,0,0,0,0
270460,1,1,1983,0,0,0,0,0,0,0,0,0,0
270460,2,1,1983,0,0,0,0,0,0,0,0,0,0
270460,3,1,1983,9,0,0,0,0,0,0,0,0,0
270461,0,1,1983,13,0,0,0,0,0,0,0,0,0
270461,0,2,1983,0,0,0,0,0,0,0,0,0,0
270461,1,1,1983,0,0,0,0,0,0,0,0,0,0
270462,1,1,1983,0,0,0,0,0,0,0,0,0,0
270462,2,1,1983,0,0,0,0,0,0,0,0,0,0
270463,0,1,1983,0,0,0,0,0,0,0,0,0,0
270463,1,1,1983,0,0,0,0,0,0,0,0,0,0
270464,1,1,1983,0,0,0,0,0,0,0,0,0,0
270464,2,1,1983,36,0,10,17,0,0,0,0,0,0
270465,1,1,1983,0,0,0,0,0,0,0,0,0,0
270465,2,1,1983,0,0,0,0,0,0,0,0,0,0
270465,3,1,1983,0,0,0,0,0,0,0,0,0,0
270466,1,1,1983,0,0,0,0,0,0,0,0,0,0
270466,2,1,1983,0,0,0,0,0,0,0,0,0,0
270467,1,1,1983,0,0,0,0,21,0,0,0,0,0
270467,2,1,1983,0,0,0,0,0,0,0,0,0,0
270468,1,1,1983,0,0,0,0,0,0,0,0,0,0
270469,1,1,1983,0,0,0,0,0,0,0,0,2,0
270469,2,1,1983,13,13,13,13,13,13,13,13,13,13
270470,0,1,1983,0,0,0,0,0,0,0,0,0,0
270470,1,1,1983,1,1,1,1,1,1,1,1,1,1
270471,1,1,1983,0,0,0,0,0,0,0,0,0,0
270471,2,1,1983,0,0,0,0,0,0,0,0,0,0
270472,1,1,1983,0,0,0,0,0,0,0,0,0,0
270472,2,1,1983,0,0,0,0,0,0,0,0,0,0
270473,0,1,1983,16,0,0,28,0,0,19,0,0,0
270473,1,1,1983,0,0,0,0,0,0,0,0,0,0
270474,0,1,1983,0,0,0,0,0,0,0,0,0,0
270474,1,1,1983,0,0,0,0,0,0,0,0,0,0
270475,1,1,1983,0,0,0,0,0,0,0,0,0,0
270475,2,1,1983,11,11,11,11,11,11,11,11,11,11
270476,1,1,1983,0,0,0,0,0,0,0,0,0,0
270476,2,1,1983,0,0,0,9,0,0,0,0,0,0
270477,1,1,1983,8,9,0,0,11,0,19,4,0,7
270477,2,1,1983,16,18,18,0,8,4,12,3,6,12
270478,1,1,1983,0,0,0,0,10,0,0,0,0,0
270478,2,1,1983,15,15,15,15,15,15,15,15,15,15
270479,1,1,1983,0,0,0,0,0,5,0,0,0,0
270479,2,1,1983,0,0,12,0,0,0,0,0,0,0
270480,0,1,1983,0,0,0,0,0,0,0,0,0,0
270480,1,1,1983,19,32,21,17,25,18,16,24,27,20
270481,1,1,1983,0,0,0,0,0,0,0,0,0,0
270481,2,1,1983,0,0,0,0,0,0,0,0,0,0
270482,1,1,1983,20,20,20,20,20,20,20,20,20,20
270483,1,1,1983,0,0,0,0,0,0,0,0,0,0
270483,2,1,1983,0,0,0,0,0,0,0,0,0,0
270485,1,1,1983,0,27,22,22,0,13,18,0,8,0
270486,1,1,1983,0,0,20,0,0,0,0,0,0,0
270486,2,1,1983,0,0,0,0,0,0,0,0,0,0
270487,1,1,1983,5,5,5,5,5,5,5,5,5,5
270488,0,1,1983,0,0,0,0,0,0,0,0,0,0
270488,1,1,1983,0,0,0,0,0,0,0,0,11,5
270489,0,1,1983,0,15,0,0,18,0,0,0,15,0
270489,1,1,1983,0,0,0,0,0,0,0,0,0,0
270490,0,1,1983,0,0,0,0,0,0,0,0,13,0
270490,1,1,1983,0,0,0,0,0,0,21,0,0,0
270491,1,1,1983,0,0,0,0,0,0,0,0,0,0
270491,2,1,1983,0,0,0,0,0,0,0,0,0,0
270492,1,1,1983,27,27,27,27,27,27,27,27,27,27
270493,1,1,1983,21,21,21,21,21,21,21,21,21,21
270494,1,1,1983,0,0,0,0,0,0,0,0,0,0
270495,1,1,1983,0,0,0,0,0,0,0,0,0,0
270495,2,1,1983,0,0,0,0,0,0,0,0,0,0
270496,1,1,1983,0,0,0,0,0,0,0,0,0,0
270496,2,1,1983,23,23,23,23,23,23,23,23,23,23
270498,1,1,1983,0,0,0,0,0,0,0,0,0,18
270498,2,1,1983,0,0,0,0,0,0,0,0,0,0
270498,3,1,1983,0,0,0,0,0,0,0,0,0,0
270498,4,1,1983,0,0,0,0,0,0,0,0,0,0
270498,5,1,1983,0,0,0,0,0,0,0,0,0,0
270499,1,1,1983,0,0,0,0,0,0,0,0,0,0
270499,2,1,1983,0,0,0,0,0,0,0,0,0,19
270500,1,1,1983,10,10,10,10,10,10,10,10,10,10
270501,1,1,1983,19,14,0,9,3,0,6,11,1,7
270502,1,1,1983,0,0,0,0,0,0,15,0,0,0
270502,2,1,1983,0,0,0,14,9,22,29,7,0,13
270503,1,1,1983,0,0,0,0,0,0,0,0,0,0
270503,2,1,1983,0,0,0,0,0,0,0,0,7,0
270504,1,1,1983,0,0,0,0,0,0,0,0,0,0
270504,2,1,1983,0,0,0,0,0,30,0,0,0,0
270504,3,1,1983,0,0,0,0,0,0,0,0,0,0
270506,1,1,1983,0,0,0,0,0,0,0,0,0,0
270506,2,1,1983,0,0,0,0,0,0,0,0,0,0
270506,3,1,1983,0,0,0,0,0,0,0,4,0,0
270507,1,1,1983,0,0,0,0,0,0,0,0,0,0
270507,2,1,1983,0,0,0,0,0,0,0,0,0,0
270508,1,1,1983,15,25,16,15,10,13,19,21,13,21
270509,0,1,1983,0,0,0,0,0,0,0,0,0,0
270509,1,1,1983,0,0,0,0,0,0,0,0,0,0
280001,0,1,1983,27,19,20,22,11,18,22,31,22,22
280001,1,1,1983,19,0,15,33,7,9,21,26,12,8
280002,1,1,1983,21,27,0,0,11,21,20,13,24,25
280003,1,1,1983,19,0,12,0,19,0,0,22,0,0
280003,2,1,1983,0,20,27,0,0,20,0,0,0,0
280004,1,1,1983,0,17,19,21,22,14,16,7,13,11
280005,1,1,1983,14,5,0,0,13,27,0,34,31,12
280006,1,1,1983,0,0,0,0,0,14,0,0,0,0
280006,2,1,1983,0,0,0,0,0,0,0,0,0,0
280007,0,1,1983,0,0,0,0,0,0,0,0,0,0
280007,1,1,1983,0,0,0,0,24,0,0,0,0,10
280008,0,1,1983,0,0,0,0,0,0,0,0,0,0
280008,1,1,1983,0,0,0,0,0,0,15,0,18,13
280009,1,1,1983,0,0,0,24,0,0,0,0,0,0
280009,2,1,1983,0,0,0,30,0,0,0,0,11,20
280010,0,1,1983,0,0,0,0,0,0,0,0,0,0
280010,1,1,1983,22,18,0,13,20,0,0,0,0,0
280011,1,1,1983,0,30,0,4,0,0,0,0,0,0
280012,0,1,1983,0,0,0,0,0,0,0,0,0,0
280012,1,1,1983,30,14,13,12,8,14,9,22,12,14
280013,1,1,1983,0,0,12,0,8,0,0,0,0,0
280013,2,1,1983,15,6,0,0,0,14,0,0,12,11
280014,1,1,1983,0,0,0,0,0,0,0,0,0,4
280015,1,1,1983,0,0,0,16,0,0,0,0,24,0
280015,2,1,1983,0,0,0,0,0,17,12,0,0,0
280016,1,1,1983,0,0,0,0,12,12,13,0,0,0
280017,1,1,1983,0,0,0,0,18,0,0,0,0,16
280017,2,1,1983,0,0,0,0,0,0,0,0,0,0
280018,1,1,1983,0,0,26,0,0,0,0,0,0,0
280018,2,1,1983,0,0,0,0,0,0,0,0,0,0
280019,0,1,1983,0,0,0,0,0,0,0,0,0,0
280019,1,1,1983,0,0,0,0,37,12,18,11,0,0
280019,2,1,1983,6,26,14,15,7,4,5,17,12,16
280020,1,1,1983,0,0,0,0,0,0,0,0,0,0
280020,2,1,1983,9,0,0,0,0,0,13,12,0,0
280021,0,1,1983,72,0,19,13,0,42,0,0,0,0
280021,1,1,1983,18,10,8,9,14,0,12,10,3,9
280022,0,1,1983,0,0,0,0,0,0,0,0,0,0
280022,1,1,1983,0,0,0,0,0,0,0,0,0,0
280023,1,1,1983,16,14,11,0,0,0,7,7,20,9
280023,2,1,1983,0,0,0,0,0,0,0,0,0,0
280024,1,1,1983,36,0,0,0,11,0,0,19,14,0
280024,2,1,1983,27,0,0,13,0,0,0,0,0,10
280025,1,1,1983,21,0,0,12,0,9,22,0,0,10
280025,2,1,1983,37,0,16,0,0,26,0,0,0,34
280026,1,1,1983,0,0,27,10,0,0,0,0,0,0
280026,2,1,1983,0,0,0,0,0,3,27,0,0,0
280027,1,1,1983,0,0,0,20,13,0,0,0,14,6
280028,1,1,1983,0,0,0,0,0,0,0,0,0,0
280028,2,1,1983,18,18,18,18,18,18,18,18,18,18
280029,1,1,1983,28,27,24,27,28,4,19,26,17,9
280030,1,1,1983,0,0,0,7,0,0,0,11,0,0
280030,2,1,1983,0,0,0,0,0,0,0,0,0,0
280031,1,1,1983,0,21,0,14,0,0,0,0,0,0
280031,2,1,1983,0,0,0,0,0,0,14,0,0,0
280032,1,1,1983,16,16,19,21,0,22,21,17,29,0
280033,0,1,1983,38,15,32,15,0,11,0,14,0,0
280033,1,1,1983,0,0,0,14,0,0,0,29,0,0
280034,1,1,1983,0,0,0,17,0,0,0,20,0,0
280034,2,1,1983,0,0,0,0,12,0,21,0,25,0
280035,1,1,1983,0,0,0,0,0,0,0,0,0,0
280036,0,1,1983,0,22,30,0,0,0,0,10,22,0
280036,1,1,1983,11,17,25,15,9,0,0,17,0,0
280037,1,1,1983,16,20,20,17,6,11,14,13,20,23
280038,1,1,1983,25,28,28,9,26,13,9,17,25,19
280040,1,1,1983,0,0,0,0,0,0,0,0,0,0
280040,2,1,1983,0,0,0,8,0,0,0,0,0,0
280041,1,1,1983,22,0,0,4,0,0,8,10,0,0
280042,1,1,1983,0,0,0,0,0,0,16,16,0,0
280042,2,1,1983,0,0,0,0,0,0,0,0,0,0
280043,1,1,1983,21,0,6,25,0,0,0,0,0,0
280044,1,1,1983,0,0,0,0,0,0,8,0,0,0
280044,2,1,1983,0,0,0,0,0,0,0,0,0,0
280045,1,1,1983,0,0,0,0,0,0,16,0,0,0
280045,2,1,1983,0,0,0,20,0,0,0,0,0,0
280045,3,1,1983,12,15,0,0,0,0,21,0,0,12
280046,0,1,1983,18,17,7,27,18,19,33,0,15,0
280046,1,1,1983,15,13,17,17,15,6,19,19,19,31
280047,0,1,1983,0,0,0,0,0,0,0,0,0,0
280047,1,1,1983,0,8,0,0,17,0,8,0,0,0
280048,1,1,1983,25,0,0,18,15,0,13,12,11,0
280049,1,1,1983,14,5,0,10,7,0,0,0,0,14
280050,1,1,1983,0,0,0,0,0,0,0,0,0,0
280051,1,1,1983,27,25,14,0,26,16,11,30,13,21
280052,1,1,1983,0,0,17,10,0,14,18,0,6,7
280053,1,1,1983,0,0,8,0,0,0,0,0,0,0
280054,1,1,1983,20,21,0,11,17,17,18,21,23,8
280055,1,1,1983,0,0,0,0,0,20,0,0,0,0
280056,1,1,1983,0,0,0,0,0,0,6,0,0,0
280056,2,1,1983,0,0,0,0,0,0,0,0,0,0
280057,1,1,1983,0,14,0,0,0,0,0,9,0,0
280057,2,1,1983,0,0,0,0,0,0,0,0,0,0
280058,0,1,1983,24,0,15,0,16,16,0,0,0,18
280058,1,1,1983,0,0,0,15,0,0,21,14,0,38
280059,1,1,1983,19,26,18,21,25,27,11,14,49,20
280060,1,1,1983,8,0,0,12,0,0,0,0,0,9
280060,2,1,1983,0,16,0,15,29,14,27,14,25,20
280061,1,1,1983,17,0,0,0,2,0,0,0,0,0
280061,2,1,1983,0,10,0,16,0,5,8,14,0,0
280062,1,1,1983,0,0,0,9,0,0,24,17,0,4
280063,1,1,1983,6,0,0,32,15,26,10,25,20,13
280064,1,1,1983,16,16,16,16,16,16,16,16,16,16
280065,1,1,1983,0,0,0,0,0,0,0,0,0,0
280065,2,1,1983,0,0,20,0,0,0,0,0,0,0
280066,1,1,1983,0,0,0,0,0,0,0,0,0,0
280067,1,1,1983,15,0,22,5,14,0,0,30,0,20
280068,1,1,1983,0,0,0,0,0,0,0,0,0,0
280069,0,1,1983,34,37,0,31,32,16,10,0,22,24
280069,1,1,1983,0,0,12,0,0,18,0,0,0,0
280070,1,1,1983,6,13,21,15,5,33,0,19,22,9
280071,1,1,1983,16,34,0,8,18,28,0,40,0,0
280071,2,1,1983,20,19,33,28,16,0,40,0,0,34
280072,1,1,1983,0,0,0,0,0,0,0,0,0,0
280073,1,1,1983,0,0,0,0,0,0,0,0,0,0
280073,2,1,1983,0,0,0,0,0,0,0,0,0,0
280074,1,1,1983,0,0,19,0,0,0,20,15,4,0
280075,1,1,1983,0,0,0,0,0,0,16,0,32,0
280076,1,1,1983,17,19,11,0,0,9,9,26,7,15
280077,1,1,1983,0,0,0,0,0,7,0,0,28,0
280077,2,1,1983,0,0,36,0,8,0,0,0,0,21
280077,3,1,1983,0,0,0,0,0,0,0,0,0,0
280077,4,1,1983,0,0,0,0,0,0,0,15,0,24
280078,0,1,1983,36,0,0,0,18,0,0,0,0,4
280078,1,1,1983,6,0,0,0,0,0,33,0,0,11
280079,1,1,1983,0,20,0,19,14,0,10,0,0,0
280079,2,1,1983,0,0,0,24,0,5,14,0,0,0
280080,1,1,1983,0,28,12,18,21,20,18,16,5,0
280081,1,1,1983,0,19,0,0,0,0,0,8,0,0
280082,1,1,1983,9,10,17,22,17,21,23,15,13,9
280083,1,1,1983,27,0,0,0,0,0,0,9,0,5
280084,1,1,1983,22,22,22,22,22,22,22,22,22,22
280085,1,1,1983,0,0,15,0,0,57,0,15,17,0
280085,2,1,1983,0,0,0,34,0,0,6,0,0,18
280086,1,1,1983,13,27,13,11,28,23,21,8,7,10
280087,1,1,1983,19,16,23,14,17,14,20,0,30,27
280088,0,1,1983,0,21,0,7,10,0,0,0,0,0
280088,1,1,1983,26,0,0,13,0,0,0,0,0,0
280089,0,1,1983,0,0,0,0,0,0,0,0,0,0
280089,1,1,1983,0,0,0,0,0,0,0,0,0,0
280090,1,1,1983,30,0,0,14,0,13,19,22,0,25
280091,1,1,1983,15,23,23,14,12,24,5,36,16,12
280092,0,1,1983,0,0,0,0,0,0,0,0,0,0
280092,1,1,1983,13,10,0,0,0,0,0,0,0,4
280093,1,1,1983,27,10,0,0,9,0,4,0,6,18
280093,2,1,1983,8,0,0,0,0,0,0,8,0,0
280094,1,1,1983,10,19,14,21,0,0,8,0,0,0
280095,1,1,1983,26,12,0,24,11,15,34,0,14,17
280096,1,1,1983,18,5,15,10,22,9,18,21,14,26
280097,1,1,1983,0,0,0,0,0,0,0,0,0,8
280097,2,1,1983,8,13,10,21,29,15,0,11,6,10
280098,1,1,1983,0,0,0,0,0,0,0,0,0,0
280098,2,1,1983,0,0,0,22,0,0,0,0,0,0
280099,1,1,1983,14,13,24,14,12,0,9,0,25,0
280100,1,1,1983,0,0,0,0,0,0,0,0,0,0
280101,1,1,1983,0,0,8,27,16,26,19,0,0,0
280102,1,1,1983,13,9,0,25,12,0,12,18,15,24
280103,1,1,1983,0,0,0,0,0,0,0,0,16,0
280103,2,1,1983,0,0,0,0,0,0,0,0,0,0
280104,1,1,1983,0,22,0,4,15,18,12,15,0,14
280105,1,1,1983,0,20,0,14,0,0,0,0,38,25
280106,1,1,1983,0,0,0,23,35,18,19,45,0,0
280107,0,1,1983,0,0,0,0,0,0,0,0,0,0
280107,1,1,1983,0,0,0,20,0,0,0,0,0,0
280108,1,1,1983,0,5,7,0,8,14,3,6,8,7
280108,2,1,1983,0,0,0,0,0,0,0,0,0,0
280109,1,1,1983,12,10,21,18,12,11,21,10,6,8
280110,1,1,1983,0,0,0,0,0,0,0,0,0,0
280110,2,1,1983,10,20,30,17,22,3,9,9,16,19
280111,1,1,1983,24,0,0,0,0,19,10,0,0,15
280111,2,1,1983,21,0,0,0,0,0,0,0,0,18
280112,0,1,1983,9,0,21,0,0,0,27,31,21,0
280112,1,1,1983,0,24,15,25,15,19,3,0,18,12
280113,1,1,1983,0,0,0,0,0,0,0,0,0,0
280114,1,1,1983,14,0,0,19,0,32,16,0,0,19
280115,1,1,1983,21,21,21,21,21,21,21,21,21,21
280116,1,1,1983,0,0,0,0,0,0,0,0,0,0
280116,2,1,1983,0,0,0,0,0,0,0,0,0,0
280117,1,1,1983,21,0,0,17,24,15,16,0,0,0
280118,1,1,1983,22,0,0,0,0,39,0,0,0,0
280119,1,1,1983,0,29,0,17,0,0,23,0,0,8
280120,1,1,1983,20,0,0,0,10,3,0,0,37,0
280121,0,1,1983,0,0,0,0,0,0,0,0,0,0
280121,1,1,1983,16,6,12,18,24,31,34,0,24,0
280122,1,1,1983,0,42,25,35,0,0,27,0,0,0
280123,1,1,1983,20,3,0,19,0,11,20,0,0,26
280123,2,1,1983,0,0,0,0,0,0,0,0,0,0
280124,1,1,1983,0,0,24,20,12,20,15,0,26,40
280125,1,1,1983,0,0,18,0,0,0,0,0,0,0
280125,2,1,1983,0,0,0,0,0,6,0,0,0,0
280126,1,1,1983,0,17,0,0,0,0,0,0,0,0
280127,1,1,1983,0,0,18,0,0,0,16,0,11,0
280127,2,1,1983,23,0,16,0,0,0,0,11,9,0
280128,1,1,1983,0,0,10,0,50,0,0,0,0,9
280128,2,1,1983,14,0,0,0,0,0,0,0,0,0
280129,1,1,1983,0,0,0,0,0,0,0,0,0,0
280129,2,1,1983,0,0,0,0,0,0,0,0,0,0
280130,1,1,1983,0,0,0,0,0,0,0,0,0,29
280130,2,1,1983,22,27,8,0,0,0,0,0,0,0
280131,0,1,1983,8,19,15,21,12,26,49,40,23,21
280131,0,2,1983,0,23,0,0,0,28,0,4,44,0
280131,1,1,1983,7,7,7,7,7,7,7,7,7,7
280132,1,1,1983,31,22,8,22,13,6,17,32,18,13
280132,2,1,1983,0,0,0,13,0,0,0,0,0,0
280133,1,1,1983,0,0,0,0,0,0,0,0,0,0
280133,2,1,1983,32,24,21,28,0,22,17,0,12,22
280134,1,1,1983,0,0,0,0,0,0,0,0,0,0
280135,1,1,1983,19,15,13,19,21,17,26,18,0,30
280136,1,1,1983,37,7,14,13,11,10,7,0,17,23
280137,1,1,1983,0,0,0,0,0,0,0,0,0,0
280138,1,1,1983,21,14,11,25,24,15,0,4,14,5
280139,0,1,1983,0,0,0,0,0,0,0,0,0,0
280139,1,1,1983,0,0,0,0,0,0,0,0,0,0
280140,1,1,1983,0,0,0,0,0,0,0,0,0,0
280140,2,1,1983,0,0,0,0,0,0,0,0,0,0
280141,1,1,1983,0,0,0,0,0,0,0,0,0,0
280141,2,1,1983,0,0,16,0,0,0,0,0,0,0
280142,1,1,1983,12,0,0,11,16,22,25,0,29,10
280142,2,1,1983,0,0,0,6,0,0,0,0,26,0
280143,1,1,1983,0,0,0,0,12,0,0,0,0,0
280144,1,1,1983,13,13,13,13,13,13,13,13,13,13
280145,1,1,1983,0,0,0,0,0,0,0,0,16,0
280146,1,1,1983,15,9,0,0,0,0,20,0,23,14
280147,1,1,1983,0,0,0,0,0,0,0,0,0,0
280147,2,1,1983,0,0,0,0,0,0,0,0,0,0
280148,1,1,1983,17,17,17,17,17,17,17,17,17,17
280149,1,1,1983,0,0,0,0,0,0,0,0,0,0
280150,1,1,1983,0,0,0,0,0,0,0,0,0,0
280150,2,1,1983,0,0,0,0,0,0,0,0,0,26
280151,1,1,1983,0,0,33,23,22,7,20,17,0,16
280152,1,1,1983,0,0,0,0,0,0,0,0,0,0
280153,1,1,1983,8,0,0,0,0,0,0,11,0,0
280153,2,1,1983,0,0,0,0,0,0,0,0,0,0
280153,3,1,1983,0,0,20,0,0,0,0,0,0,0
280154,0,1,1983,0,0,0,0,0,0,0,0,0,0
280154,1,1,1983,26,26,26,26,26,26,26,26,26,26
280155,1,1,1983,0,0,0,0,0,0,0,0,0,0
280156,0,1,1983,0,0,0,0,0,0,0,0,0,0
280156,1,1,1983,0,0,0,0,0,0,0,0,0,0
280157,1,1,1983,0,0,0,0,0,22,20,28,11,19
280157,2,1,1983,5,24,26,0,24,18,17,19,21,0
280158,1,1,1983,0,0,0,0,0,0,0,0,0,0
280158,2,1,1983,10,20,26,5,25,0,20,0,0,10
280159,0,1,1983,0,0,0,0,0,0,0,0,0,0
280159,1,1,1983,0,0,0,0,0,0,0,0,0,0
280160,1,1,1983,17,0,0,11,28,19,0,20,0,14
280161,1,1,1983,8,0,33,10,7,11,5,0,7,17
280161,2,1,1983,0,0,0,0,0,0,0,0,0,0
280161,3,1,1983,0,0,0,0,0,0,0,0,0,0
280162,1,1,1983,0,32,0,0,0,25,22,19,8,0
280162,2,1,1983,0,0,18,0,0,0,0,0,0,0
280162,3,1,1983,0,13,0,0,33,0,0,0,0,0
280163,0,1,1983,24,0,14,0,0,0,21,25,0,0
280163,1,1,1983,9,0,6,0,0,0,19,0,0,8
280164,0,1,1983,16,12,0,14,0,9,0,0,0,15
280164,1,1,1983,0,0,4,22,10,12,8,10,0,0
280165,0,1,1983,20,11,19,42,19,15,0,24,13,13
280165,1,1,1983,0,20,0,0,8,0,17,0,33,0
280166,1,1,1983,4,19,0,0,0,0,0,0,0,10
280166,2,1,1983,0,0,0,17,0,0,31,0,6,31
280167,1,1,1983,22,23,20,20,25,22,13,27,23,18
280168,1,1,1983,0,0,0,0,0,0,0,0,0,0
280168,2,1,1983,0,0,0,0,0,0,0,0,0,0
280169,1,1,1983,0,0,0,0,0,0,0,0,0,0
280169,2,1,1983,0,0,0,0,0,0,0,0,0,0
280170,1,1,1983,0,0,0,0,0,0,0,0,0,0
280170,2,1,1983,0,0,0,0,0,0,0,0,0,0
280171,1,1,1983,0,0,0,0,0,0,0,0,0,0
280172,1,1,1983,23,17,20,0,16,23,33,17,0,8
280173,0,1,1983,0,0,31,17,15,26,30,0,0,0
280173,1,1,1983,9,5,18,21,7,35,11,0,20,0
280174,0,1,1983,0,0,0,0,0,0,0,0,0,0