ST_CASE,VEH_NO,PER_NO,YEAR,P1,P2,P3,P4,P5,P6,P7,P8,P9,P10
280174,1,1,1983,0,0,0,0,0,0,0,0,0,0
280175,1,1,1983,0,0,0,0,0,0,0,0,0,0
280176,1,1,1983,0,0,0,0,0,0,0,0,13,0
280176,2,1,1983,0,0,8,20,0,23,0,0,0,0
280177,1,1,1983,28,0,48,14,25,12,10,10,0,0
280178,1,1,1983,3,11,13,14,27,6,12,15,8,31
280179,1,1,1983,0,0,0,0,0,0,0,0,0,0
280179,2,1,1983,0,0,0,0,0,0,0,0,0,0
280180,1,1,1983,20,18,12,30,0,9,17,22,34,14
280181,1,1,1983,18,20,18,19,20,22,20,10,15,5
280182,1,1,1983,10,23,20,22,3,17,7,16,20,9
280183,1,1,1983,20,6,0,16,3,18,17,24,13,0
280184,1,1,1983,23,16,28,38,8,21,27,21,36,38
280185,1,1,1983,0,0,0,0,0,0,0,0,0,0
280186,0,1,1983,0,0,0,0,0,0,0,0,0,0
280186,1,1,1983,24,13,4,0,16,0,10,0,0,0
280187,0,1,1983,0,0,0,0,0,0,0,0,0,0
280187,1,1,1983,0,0,9,0,14,17,7,17,22,0
280188,1,1,1983,0,0,9,0,20,20,14,26,9,11
280188,2,1,1983,0,0,0,0,0,0,0,0,0,0
280189,0,1,1983,0,0,0,0,0,0,0,0,0,0
280189,1,1,1983,0,0,0,0,0,0,0,0,0,0
280190,1,1,1983,6,10,22,22,0,28,0,0,8,24
280191,1,1,1983,12,5,19,22,27,4,19,0,19,0
280191,2,1,1983,0,0,0,0,0,0,0,0,0,0
280192,1,1,1983,0,0,0,0,0,0,0,0,0,0
280192,2,1,1983,0,0,0,0,0,0,0,0,0,0
280192,3,1,1983,0,0,0,0,0,0,0,0,0,0
280193,1,1,1983,0,0,0,0,0,0,0,0,0,0
280193,2,1,1983,0,0,0,0,0,0,0,0,0,0
280194,1,1,1983,0,41,24,28,20,10,0,25,0,23
280195,1,1,1983,0,0,0,0,0,0,0,0,0,0
280195,2,1,1983,0,0,0,0,0,0,0,0,0,0
280196,0,1,1983,0,0,24,0,0,26,33,20,19,18
280196,1,1,1983,15,12,0,18,18,0,11,12,7,0
280197,1,1,1983,12,0,0,0,0,0,0,0,0,0
280198,1,1,1983,33,0,0,8,0,6,12,35,10,0
280199,1,1,1983,11,22,25,15,25,13,18,25,19,0
280200,1,1,1983,24,13,18,19,25,9,34,19,23,21
280200,2,1,1983,0,0,0,0,0,0,0,0,0,0
280200,3,1,1983,0,15,18,0,16,13,0,18,19,18
280201,1,1,1983,0,0,0,0,0,0,0,0,0,0
280201,2,1,1983,0,0,0,0,0,0,0,0,0,0
280202,1,1,1983,0,0,21,0,16,25,0,0,27,0
280203,1,1,1983,30,33,49,14,31,25,27,37,24,32
280204,1,1,1983,0,12,11,25,0,20,0,0,0,0
280205,1,1,1983,20,19,0,12,16,20,32,17,13,15
280206,1,1,1983,17,6,14,5,17,16,4,11,8,6
280206,2,1,1983,0,0,0,0,0,0,0,0,0,0
280207,1,1,1983,15,17,8,15,19,17,20,0,18,5
280208,1,1,1983,0,0,0,0,0,0,0,0,0,0
280209,1,1,1983,0,0,0,0,0,0,0,0,0,0
280210,1,1,1983,0,0,0,0,0,0,0,0,0,0
280211,1,1,1983,11,24,8,14,26,20,15,5,12,16
280212,1,1,1983,0,0,0,0,0,0,0,0,0,0
280213,1,1,1983,0,0,0,0,0,0,0,0,0,0
280213,2,1,1983,17,18,20,16,21,21,13,21,20,0
280214,0,1,1983,0,0,0,0,0,0,0,0,0,0
280214,1,1,1983,15,15,15,15,15,15,15,15,15,15
280215,1,1,1983,15,0,18,0,0,22,11,12,0,25
280215,2,1,1983,11,21,8,9,13,10,32,19,22,15
280216,1,1,1983,0,0,0,0,0,0,0,0,0,0
280216,2,1,1983,0,0,0,0,0,0,0,0,0,0
280217,0,1,1983,0,0,0,0,0,0,0,0,0,0
280217,1,1,1983,0,0,0,0,0,0,0,0,0,0
280218,0,1,1983,16,41,19,10,22,22,32,17,26,26
280218,1,1,1983,0,0,0,0,0,0,0,0,0,0
280219,1,1,1983,0,0,14,0,19,0,0,0,0,0
280219,2,1,1983,29,0,0,13,0,0,0,20,0,14
280220,1,1,1983,0,0,0,0,0,0,0,0,0,0
280220,2,1,1983,0,6,10,12,5,7,30,23,16,16
280221,1,1,1983,0,36,17,0,0,0,0,12,11,0
280222,1,1,1983,18,15,12,34,10,16,15,20,10,14
280223,1,1,1983,19,0,0,28,0,0,0,0,0,0
280224,1,1,1983,24,21,11,12,18,19,10,10,17,4
280225,1,1,1983,0,0,0,0,0,11,0,0,11,0
280226,1,1,1983,15,25,22,25,10,20,27,10,24,20
280227,1,1,1983,0,0,0,0,0,0,0,0,0,0
280227,2,1,1983,13,32,17,13,9,17,13,10,30,16
280228,1,1,1983,0,0,16,0,0,0,0,0,0,20
280228,2,1,1983,0,0,0,0,0,0,0,0,0,0
280229,1,1,1983,0,20,0,4,13,0,28,0,0,0
280229,2,1,1983,0,0,0,0,0,18,0,0,0,22
280230,1,1,1983,6,11,11,8,15,14,27,0,5,8
280231,1,1,1983,19,17,24,0,14,26,6,14,11,19
280232,1,1,1983,11,5,14,18,10,26,18,15,15,0
280233,1,1,1983,0,0,0,0,0,0,0,0,0,0
280234,1,1,1983,0,0,0,0,0,0,0,0,0,0
280234,2,1,1983,0,0,0,0,0,0,0,0,0,0
280235,1,1,1983,19,3,10,17,13,12,18,22,10,11
280236,0,1,1983,0,0,0,0,0,0,0,0,0,0
280236,1,1,1983,0,0,0,0,0,0,0,0,0,0
280237,1,1,1983,0,0,0,27,0,0,0,0,0,0
280237,2,1,1983,0,0,17,0,0,0,0,0,0,0
280238,0,1,1983,20,21,20,26,25,12,19,33,24,19
280238,1,1,1983,0,0,0,0,0,0,0,0,0,0
280239,1,1,1983,15,20,12,22,16,16,18,16,16,29
280240,1,1,1983,0,0,0,0,0,0,0,0,0,0
280241,1,1,1983,0,0,0,0,0,0,0,0,0,0
280242,1,1,1983,0,0,0,0,0,0,0,0,0,0
280242,2,1,1983,0,0,0,0,0,0,0,0,0,0
280243,1,1,1983,10,9,16,7,17,27,17,0,0,14
280244,0,1,1983,21,13,40,0,22,17,0,15,45,0
280244,1,1,1983,8,15,7,8,21,9,5,9,7,14
280245,0,1,1983,12,15,46,22,11,29,0,14,19,24
280245,1,1,1983,0,0,0,0,0,0,0,0,0,0
280246,1,1,1983,0,0,0,0,0,0,0,0,0,0
280247,1,1,1983,0,0,0,0,0,0,0,0,0,0
280247,2,1,1983,0,0,0,0,0,0,0,0,0,0
280248,0,1,1983,0,0,0,0,0,0,0,0,0,0
280248,1,1,1983,0,0,0,0,0,0,0,0,0,0
280249,1,1,1983,29,29,29,29,29,29,29,29,29,29
280249,2,1,1983,0,0,0,0,0,0,0,0,0,0
280250,1,1,1983,0,0,5,10,7,4,0,0,0,10
280251,0,1,1983,18,23,35,22,23,12,23,23,45,18
280251,1,1,1983,0,0,0,0,0,0,0,0,0,0
280252,1,1,1983,23,14,21,30,17,18,5,18,20,21
280253,1,1,1983,3,0,0,14,0,0,16,23,0,8
280254,1,1,1983,0,0,0,0,0,0,0,0,0,0
280254,2,1,1983,0,0,0,0,0,0,0,0,0,0
280255,1,1,1983,0,0,0,0,0,0,0,0,0,0
280255,2,1,1983,0,0,0,0,0,0,0,0,0,0
280255,3,1,1983,0,0,0,0,0,0,0,0,0,0
280256,1,1,1983,0,0,0,0,0,0,0,0,0,0
280256,2,1,1983,0,0,0,0,0,0,0,0,0,0
280257,1,1,1983,0,0,0,0,0,0,0,0,0,0
280258,1,1,1983,0,0,0,0,0,0,0,0,0,0
280259,1,1,1983,10,0,0,0,18,0,0,0,0,0
280259,2,1,1983,0,28,16,26,26,27,0,0,0,15
280260,0,1,1983,0,0,0,0,0,0,0,0,0,0
280260,1,1,1983,5,16,5,17,31,22,8,21,2,14
280261,0,1,1983,13,15,31,17,26,0,24,33,42,0
280261,1,1,1983,6,13,29,14,38,18,11,10,41,16
280262,0,1,1983,0,0,0,0,0,0,0,0,0,0
280262,1,1,1983,0,0,0,0,0,0,0,0,0,0
280263,1,1,1983,12,18,14,0,36,18,21,15,0,16
280263,2,1,1983,21,29,0,0,0,18,0,15,25,10
280264,1,1,1983,0,0,0,0,0,0,0,7,0,0
280264,2,1,1983,0,0,0,0,0,0,0,0,0,0
280265,0,1,1983,0,0,0,0,0,0,0,0,0,0
280265,1,1,1983,0,0,0,0,0,0,0,0,0,0
280266,1,1,1983,0,0,0,0,0,0,0,0,0,0
280267,1,1,1983,0,0,0,0,0,0,0,0,0,0
280267,2,1,1983,0,0,0,0,0,0,0,0,0,0
280268,1,1,1983,0,0,0,0,0,0,0,0,0,0
280268,2,1,1983,0,0,0,0,0,0,0,0,0,0
280269,1,1,1983,0,0,0,0,0,0,12,10,0,0
280270,1,1,1983,12,27,19,12,0,0,17,0,0,0
280271,1,1,1983,13,3,0,12,23,0,0,0,10,0
280271,2,1,1983,0,0,0,0,0,0,0,0,0,0
280272,0,1,1983,0,0,0,0,0,0,0,0,0,0
280272,1,1,1983,0,0,0,0,0,0,0,0,0,0
280273,1,1,1983,0,0,0,0,0,0,0,0,0,0
280273,2,1,1983,0,0,0,0,0,0,0,0,0,0
280274,1,1,1983,15,0,14,17,33,0,0,0,0,42
280275,1,1,1983,0,0,0,0,0,0,0,0,0,0
280275,2,1,1983,0,0,0,0,0,0,0,0,0,0
280276,1,1,1983,19,36,43,25,34,0,18,18,7,23
280277,1,1,1983,8,0,0,0,0,0,0,0,0,18
280277,2,1,1983,25,0,0,0,11,12,13,0,32,22
280278,1,1,1983,0,0,0,0,0,0,0,0,0,0
280278,2,1,1983,0,0,0,0,0,0,0,0,0,0
280279,1,1,1983,0,0,0,0,0,0,0,0,0,0
280279,2,1,1983,0,0,0,0,0,0,0,0,0,0
280280,1,1,1983,0,0,0,0,0,0,0,0,0,0
280281,1,1,1983,23,30,13,24,20,13,20,6,31,21
280281,2,1,1983,0,0,0,0,0,0,0,0,0,0
280282,1,1,1983,0,23,12,19,14,34,19,0,24,0
280283,1,1,1983,7,6,23,12,0,3,15,0,0,0
280284,0,1,1983,0,0,0,28,0,48,18,27,12,0
280284,1,1,1983,0,0,0,30,45,0,6,10,13,13
280285,0,1,1983,16,5,18,0,24,15,19,24,25,27
280285,1,1,1983,0,0,0,0,0,4,5,0,20,0
280286,1,1,1983,0,0,0,0,0,0,0,0,0,0
280286,2,1,1983,0,0,0,0,0,0,0,0,0,0
280287,1,1,1983,0,0,0,0,0,0,0,0,0,0
280288,1,1,1983,0,0,0,0,0,0,0,0,0,0
280288,2,1,1983,0,0,0,0,0,0,0,0,0,0
280289,1,1,1983,7,4,0,0,19,19,8,0,0,0
280290,1,1,1983,22,22,22,22,22,22,22,22,22,22
280291,1,1,1983,0,0,0,0,0,0,0,0,0,0
280291,2,1,1983,0,0,0,0,0,0,0,0,0,0
280292,0,1,1983,0,0,0,0,0,0,0,0,0,0
280292,1,1,1983,0,0,0,0,0,0,0,0,0,0
280293,0,1,1983,0,0,0,0,0,0,0,0,0,0
280293,1,1,1983,0,26,0,14,0,0,11,0,5,0
280294,1,1,1983,0,0,0,0,0,0,0,0,0,0
280295,1,1,1983,0,0,0,0,0,0,0,0,0,0
280296,1,1,1983,19,0,13,16,15,26,17,17,12,6
280297,0,1,1983,0,0,0,0,0,0,0,0,0,0
280297,1,1,1983,0,0,0,0,0,0,0,0,0,0
280298,1,1,1983,21,27,31,10,19,7,13,16,29,24
280299,1,1,1983,0,0,17,20,20,0,0,0,0,18
280300,1,1,1983,0,0,0,0,0,0,0,0,0,0
280300,2,1,1983,0,0,0,0,0,0,0,0,0,0
280301,1,1,1983,0,0,0,0,0,0,0,0,0,12
280301,2,1,1983,0,0,0,0,0,0,0,0,0,0
280302,1,1,1983,0,0,0,0,0,0,0,0,0,0
280302,2,1,1983,0,0,0,0,0,20,0,0,0,0
280303,1,1,1983,12,37,0,8,0,0,12,10,14,0
280303,2,1,1983,0,0,0,0,0,0,0,0,0,0
280304,1,1,1983,18,17,13,24,27,29,23,22,16,9
280305,0,1,1983,0,0,0,0,0,0,0,0,0,0
280305,1,1,1983,0,0,0,0,0,0,0,0,0,0
280306,0,1,1983,0,0,0,0,0,0,0,0,0,0
280306,1,1,1983,0,0,0,0,0,0,0,0,23,0
280307,1,1,1983,3,17,19,12,24,16,23,0,0,9
280308,1,1,1983,12,24,10,16,30,19,27,9,34,24
280309,1,1,1983,23,0,8,11,2,20,20,8,11,14
280309,2,1,1983,0,0,0,0,0,0,0,0,0,0
280310,0,1,1983,0,0,0,0,0,0,0,0,0,0
280310,1,1,1983,0,0,0,0,0,0,0,0,0,0
280311,1,1,1983,0,24,0,16,0,11,0,10,0,0
280312,1,1,1983,0,0,0,0,0,0,0,0,0,0
280312,2,1,1983,0,0,0,0,0,0,0,0,0,0
280313,0,1,1983,0,0,0,0,0,0,0,0,0,0
280313,1,1,1983,0,0,0,0,0,0,0,0,0,0
280314,0,1,1983,21,0,25,22,11,0,17,0,42,20
280314,1,1,1983,0,0,0,0,0,0,0,0,0,0
280315,1,1,1983,25,18,22,25,8,15,22,9,18,17
280316,1,1,1983,0,0,0,0,0,0,0,0,17,7
280317,1,1,1983,16,0,0,0,0,0,0,0,0,0
280318,1,1,1983,19,28,15,11,0,11,18,12,0,19
280319,1,1,1983,0,0,0,0,0,0,0,0,0,0
280319,2,1,1983,0,0,0,0,0,0,0,0,0,0
280320,1,1,1983,4,18,16,23,20,17,35,17,15,10
280321,1,1,1983,0,19,0,17,0,0,11,0,0,0
280322,1,1,1983,0,0,0,24,0,0,0,0,0,12
280323,1,1,1983,0,0,0,0,0,0,0,0,0,0
280324,1,1,1983,13,18,25,21,22,9,12,4,12,14
280325,1,1,1983,0,0,0,0,0,0,0,0,0,0
280326,1,1,1983,0,0,0,0,0,0,0,0,0,0
280327,1,1,1983,15,0,0,35,27,19,0,14,0,0
280328,1,1,1983,31,8,0,29,0,8,7,9,0,0
280329,1,1,1983,0,0,0,0,0,0,0,0,0,0
280330,1,1,1983,0,0,0,0,0,0,0,0,0,13
280331,0,1,1983,0,0,7,16,0,0,0,0,34,17
280331,1,1,1983,0,0,18,0,0,5,6,0,0,8
280332,1,1,1983,0,0,0,0,0,0,0,0,0,0
280332,2,1,1983,23,23,23,23,23,23,23,23,23,23
280333,1,1,1983,7,27,6,13,6,29,32,28,15,11
280334,1,1,1983,0,32,0,0,0,0,0,29,0,8
280335,1,1,1983,0,0,0,0,0,0,0,0,0,0
280335,2,1,1983,0,0,0,9,5,0,0,15,0,27
280336,1,1,1983,0,0,0,0,0,0,0,0,0,0
280336,2,1,1983,0,12,0,19,16,20,0,15,38,0
280337,1,1,1983,32,24,14,0,24,16,8,22,0,30
280337,2,1,1983,0,0,0,0,0,0,0,0,0,0
280338,1,1,1983,0,0,0,0,0,0,0,0,0,0
280339,0,1,1983,0,0,0,0,0,0,0,0,0,0
280339,1,1,1983,0,0,0,0,0,0,0,0,0,0
280340,1,1,1983,0,0,0,0,0,0,0,0,0,0
280340,2,1,1983,0,0,0,0,0,0,0,0,0,0
280340,3,1,1983,0,0,0,2,0,4,0,0,0,0
280341,0,1,1983,22,19,7,0,0,5,13,0,37,0
280341,1,1,1983,0,0,0,0,0,0,0,0,0,0
280342,1,1,1983,19,12,0,23,0,0,38,0,0,0
280343,1,1,1983,0,11,0,0,0,0,0,0,0,15
280344,1,1,1983,0,0,16,0,12,21,8,0,0,18
280345,1,1,1983,0,13,18,13,0,0,0,0,26,0
280346,1,1,1983,14,11,15,22,8,7,26,14,29,16
280347,0,1,1983,31,0,0,0,0,0,0,0,0,0
280347,1,1,1983,0,0,0,0,0,35,0,0,0,0
280348,1,1,1983,0,0,0,0,23,0,0,0,0,0
280348,2,1,1983,12,0,0,0,0,5,0,3,0,0
280349,1,1,1983,0,0,0,0,11,0,0,0,0,0
280349,2,1,1983,0,0,0,7,0,0,14,0,0,0
280350,1,1,1983,0,11,9,2,0,19,0,0,0,15
280351,1,1,1983,0,0,0,0,0,0,0,0,0,0
280351,2,1,1983,0,0,0,0,0,0,0,0,0,0
280351,3,1,1983,0,0,0,0,0,0,0,0,0,0
280351,4,1,1983,0,0,0,0,7,0,0,0,0,0
280352,1,1,1983,0,0,0,0,0,0,0,0,0,0
280352,2,1,1983,0,0,0,0,0,0,0,0,0,0
280353,1,1,1983,0,0,16,0,0,0,0,0,0,14
280354,0,1,1983,0,0,0,0,0,15,0,0,0,0
280354,1,1,1983,0,0,0,0,0,0,0,0,0,0
280355,1,1,1983,0,0,0,0,0,0,0,0,0,0
280356,1,1,1983,0,6,0,0,14,21,14,15,0,7
280356,2,1,1983,0,0,0,4,0,0,0,0,0,0
280357,1,1,1983,0,0,0,0,0,0,0,0,0,0
280357,2,1,1983,17,17,17,17,17,17,17,17,17,17
280358,1,1,1983,0,0,0,0,0,12,0,6,0,0
280359,1,1,1983,0,0,0,0,0,0,0,0,0,0
280359,2,1,1983,0,0,0,0,0,0,0,11,0,0
280360,1,1,1983,0,0,0,0,0,0,0,0,0,0
280361,1,1,1983,32,0,27,7,17,19,13,0,12,14
280362,0,1,1983,0,0,0,0,0,0,0,0,0,0
280362,1,1,1983,0,0,0,0,0,0,0,0,16,0
280363,1,1,1983,8,14,20,39,0,11,18,15,17,0
280364,1,1,1983,0,0,34,0,19,0,0,0,0,0
280364,2,1,1983,23,0,0,0,0,0,0,0,24,0
280365,1,1,1983,0,0,0,0,0,0,0,0,0,0
280365,2,1,1983,0,0,0,0,0,0,0,0,0,0
280366,1,1,1983,24,0,0,0,0,0,0,0,14,0
280367,1,1,1983,28,10,14,0,6,29,7,0,11,0
280368,1,1,1983,0,0,0,0,12,0,0,0,0,23
280369,1,1,1983,29,0,0,0,0,7,0,0,0,0
280370,1,1,1983,19,32,0,22,12,10,0,16,17,8
280371,0,1,1983,0,0,0,0,0,0,0,0,0,0
280371,1,1,1983,19,19,19,19,19,19,19,19,19,19
280372,1,1,1983,31,8,0,21,23,27,21,14,10,18
280373,0,1,1983,23,0,0,0,0,0,17,0,0,20
280373,1,1,1983,0,18,0,0,0,0,0,0,0,0
280374,1,1,1983,0,0,0,0,0,0,0,0,0,0
280374,2,1,1983,0,0,0,0,0,0,0,0,0,0
280375,1,1,1983,0,0,0,0,0,0,0,0,0,0
280375,2,1,1983,0,0,0,0,0,0,0,0,0,0
280376,1,1,1983,7,7,7,7,7,7,7,7,7,7
280376,2,1,1983,13,0,0,0,0,0,0,0,0,0
280377,1,1,1983,0,0,0,21,12,0,0,0,0,11
280377,2,1,1983,0,0,0,0,0,0,0,0,0,0
280378,0,1,1983,0,0,0,0,0,0,0,0,0,0
280378,0,2,1983,0,0,0,0,0,0,0,0,0,0
280378,1,1,1983,0,0,0,0,0,0,0,0,0,0
280379,0,1,1983,0,0,0,0,0,0,0,0,0,0
280379,1,1,1983,0,0,0,0,0,0,0,0,0,0
280380,1,1,1983,0,0,0,0,0,0,0,0,0,0
280381,0,1,1983,18,22,22,9,15,15,29,17,0,0
280381,1,1,1983,0,0,29,16,18,21,15,0,10,1
280382,1,1,1983,0,0,20,0,0,0,10,16,0,0
280383,1,1,1983,5,8,0,0,0,19,0,11,0,0
280384,1,1,1983,0,0,0,0,0,0,12,0,0,15
280384,2,1,1983,0,0,0,0,0,0,0,0,10,0
280385,1,1,1983,0,12,0,0,0,0,0,7,9,17
280386,0,1,1983,0,0,15,16,26,41,0,0,16,37
280386,1,1,1983,0,0,0,28,0,11,10,18,27,0
280387,1,1,1983,0,0,0,0,12,0,0,0,0,0
280387,2,1,1983,0,0,0,0,15,0,0,0,20,0
280388,1,1,1983,0,0,24,0,0,35,18,9,35,0
280388,2,1,1983,0,30,0,0,20,0,44,17,0,0
280389,0,1,1983,0,0,0,0,0,0,0,0,0,0
280389,1,1,1983,0,0,0,0,0,0,0,0,0,0
280390,0,1,1983,0,0,0,0,0,0,0,0,0,0
280390,1,1,1983,0,0,0,0,0,0,0,0,0,0
280391,0,1,1983,0,0,0,0,0,0,0,0,0,0
280391,1,1,1983,0,0,0,0,0,0,0,0,8,0
280392,1,1,1983,0,16,0,7,0,0,0,32,0,25
280393,1,1,1983,0,0,0,0,0,0,0,0,0,0
280393,2,1,1983,0,0,0,0,0,11,0,23,40,0
280394,1,1,1983,6,0,26,5,30,0,16,0,0,11
280395,1,1,1983,5,0,0,0,8,21,13,0,15,0
280396,1,1,1983,0,0,0,0,0,0,50,0,0,0
280397,1,1,1983,0,0,24,19,0,18,29,0,4,4
280398,1,1,1983,13,17,11,20,7,13,16,18,26,31
280399,1,1,1983,2,10,9,19,0,18,26,0,13,27
280400,1,1,1983,15,4,10,0,0,0,3,15,3,0
280401,1,1,1983,0,10,0,0,0,0,0,0,0,10
280402,1,1,1983,0,0,0,0,0,0,0,0,0,0
280402,2,1,1983,23,0,0,0,0,0,0,26,0,0
280403,1,1,1983,0,0,0,0,0,0,0,0,0,0
280403,2,1,1983,0,0,0,12,0,0,0,0,0,0
280404,1,1,1983,0,24,0,0,0,0,0,32,0,0
280405,1,1,1983,0,0,0,0,0,0,0,0,0,0
280405,2,1,1983,0,0,0,0,0,0,0,0,0,0
280406,1,1,1983,0,0,0,0,0,0,0,0,8,0
280406,2,1,1983,0,0,24,0,0,0,0,0,0,0
280406,3,1,1983,0,0,0,0,0,0,0,0,0,0
280407,1,1,1983,0,0,0,0,0,0,0,0,0,0
280408,0,1,1983,0,0,6,0,0,27,19,14,17,0
280408,1,1,1983,19,19,19,19,19,19,19,19,19,19
280409,1,1,1983,25,16,35,10,15,0,0,14,18,11
280410,1,1,1983,22,20,27,19,0,26,19,8,13,16
280411,1,1,1983,0,0,0,0,0,0,0,0,23,0
280411,2,1,1983,16,16,16,16,16,16,16,16,16,16
280412,1,1,1983,0,12,0,22,13,21,5,0,22,10
280413,1,1,1983,0,0,0,0,0,0,0,0,0,0
280414,1,1,1983,0,0,19,0,0,0,12,0,7,15
280415,1,1,1983,0,0,0,0,0,0,0,0,0,0
280416,1,1,1983,19,0,0,0,0,11,0,0,0,0
280417,1,1,1983,0,0,0,0,0,0,0,0,0,0
280418,0,1,1983,41,0,0,26,0,10,28,10,30,16
280418,1,1,1983,0,0,0,0,0,0,0,0,17,0
280419,0,1,1983,25,0,17,29,0,19,18,29,0,0
280419,1,1,1983,22,14,22,0,33,0,0,13,22,0
280420,1,1,1983,0,0,0,0,0,0,0,0,0,0
280420,2,1,1983,0,0,0,0,0,8,0,7,0,11
280421,0,1,1983,0,0,17,0,0,0,0,0,0,0
280421,1,1,1983,0,0,0,0,0,0,0,0,0,0
280422,1,1,1983,0,10,0,0,0,0,0,0,0,0
280422,2,1,1983,0,0,0,0,0,0,3,0,0,0
280423,0,1,1983,13,21,0,0,0,0,0,16,0,0
280423,1,1,1983,13,0,0,0,0,0,0,0,0,0
280424,0,1,1983,0,0,0,0,0,0,0,0,16,0
280424,1,1,1983,0,0,0,0,0,20,0,0,0,0
280425,1,1,1983,14,14,14,14,14,14,14,14,14,14
280426,1,1,1983,0,16,23,36,24,29,15,33,23,9
280427,1,1,1983,0,0,0,0,10,0,0,0,0,0
280427,2,1,1983,0,22,7,17,0,0,0,0,0,0
280428,0,1,1983,0,0,0,0,0,0,0,0,0,0
280428,0,2,1983,0,0,0,0,0,0,0,0,0,0
280428,1,1,1983,0,0,0,0,4,0,0,0,0,0
280429,1,1,1983,14,0,12,0,0,0,0,0,26,0
280429,2,1,1983,0,0,6,0,0,0,0,0,0,0
280430,1,1,1983,0,14,0,0,0,0,0,0,0,0
280430,2,1,1983,0,9,25,0,0,0,0,24,0,0
280431,1,1,1983,0,0,0,27,0,0,12,0,19,0
280432,1,1,1983,0,0,0,0,0,0,0,0,0,0
280432,2,1,1983,0,0,0,0,0,0,0,0,0,0
280433,1,1,1983,15,25,18,10,11,11,0,12,0,0
280434,1,1,1983,0,12,0,0,0,0,0,0,0,0
280434,2,1,1983,0,0,0,0,0,0,0,0,0,0
280435,1,1,1983,0,0,0,0,0,0,0,0,0,0
280435,2,1,1983,0,0,0,5,0,0,0,0,0,0
280435,3,1,1983,0,0,0,0,0,0,0,0,0,0
280436,1,1,1983,0,0,0,0,0,0,0,0,0,0
280436,2,1,1983,0,0,0,0,0,0,0,0,0,0
280437,1,1,1983,0,0,17,0,0,0,0,0,0,0
280438,1,1,1983,0,0,0,0,0,0,0,0,0,0
280438,2,1,1983,0,11,0,0,0,0,11,10,0,6
280439,1,1,1983,11,11,11,11,11,11,11,11,11,11
280440,1,1,1983,0,17,17,0,0,0,4,0,0,0
280440,2,1,1983,0,0,0,0,0,0,0,0,0,0
280441,1,1,1983,26,0,8,0,0,0,0,6,0,12
280442,1,1,1983,34,25,16,11,0,13,18,0,23,0
280443,1,1,1983,0,0,0,28,0,0,21,0,0,0
280444,1,1,1983,24,21,14,18,0,0,36,33,16,18
280445,1,1,1983,0,0,0,7,0,0,0,0,22,0
280446,0,1,1983,23,13,18,12,18,0,0,0,0,4
280446,1,1,1983,0,0,0,0,0,0,0,0,0,0
280447,1,1,1983,0,0,0,0,0,12,0,0,0,0
280448,1,1,1983,0,0,0,0,0,15,0,0,0,0
280448,2,1,1983,0,0,0,0,0,0,0,0,0,0
280449,1,1,1983,0,0,0,0,0,0,0,0,0,0
280450,1,1,1983,0,18,0,0,0,0,0,0,0,0
280451,1,1,1983,0,0,0,0,0,0,0,0,0,0
280451,2,1,1983,31,21,33,0,34,14,11,27,27,10
280452,1,1,1983,0,0,0,0,0,0,0,0,0,0
280453,1,1,1983,0,0,0,0,0,0,0,0,0,0
280454,1,1,1983,0,0,0,0,0,0,0,0,0,0
280455,1,1,1983,0,0,0,0,0,0,22,0,0,0
280456,1,1,1983,0,0,0,0,0,0,0,0,0,0
280456,2,1,1983,0,0,0,0,0,0,0,0,0,0
280457,0,1,1983,34,20,0,0,0,0,0,0,0,0
280457,1,1,1983,0,19,0,0,0,0,0,0,0,0
280458,1,1,1983,0,0,0,0,0,0,0,0,0,0
280458,2,1,1983,0,0,0,0,0,0,9,0,0,0
280459,1,1,1983,18,12,0,17,20,10,6,22,7,10
280460,1,1,1983,20,30,0,0,0,0,0,0,0,0
280461,1,1,1983,25,25,25,25,25,25,25,25,25,25
280462,1,1,1983,0,0,0,0,0,3,0,0,0,0
280463,0,1,1983,0,0,0,0,0,0,0,0,0,0
280463,1,1,1983,0,0,0,0,0,0,0,0,0,0
280464,1,1,1983,18,22,4,19,0,11,14,16,0,0
280465,1,1,1983,20,20,20,20,20,20,20,20,20,20
280466,1,1,1983,31,31,31,31,31,31,31,31,31,31
280467,1,1,1983,14,14,14,14,14,14,14,14,14,14
280468,1,1,1983,0,0,0,0,0,0,0,0,0,0
280468,2,1,1983,0,0,0,0,0,0,0,0,0,0
280469,1,1,1983,0,13,0,11,14,0,0,14,0,0
280470,1,1,1983,0,0,0,0,0,0,0,0,0,0
280470,2,1,1983,0,0,0,0,0,0,0,0,0,0
280471,1,1,1983,26,14,27,21,21,23,0,28,0,33
280472,0,1,1983,0,0,0,0,0,0,0,0,0,0
280472,1,1,1983,0,0,0,0,0,17,0,9,0,0
280473,1,1,1983,0,0,0,0,0,0,16,14,20,0
280474,1,1,1983,0,0,0,0,0,0,0,0,0,0
280475,1,1,1983,0,0,0,0,0,0,0,0,0,0
280475,2,1,1983,0,0,0,0,0,0,0,0,0,0
280476,1,1,1983,13,0,0,0,0,0,0,0,0,0
280476,2,1,1983,0,0,0,0,8,0,0,0,23,0
280477,1,1,1983,0,0,0,0,0,0,0,0,0,0
280477,2,1,1983,11,0,0,0,0,0,0,0,0,0
280478,1,1,1983,19,26,32,25,18,27,0,28,20,15
280479,1,1,1983,20,11,0,17,0,19,16,0,22,0
280480,1,1,1983,0,0,0,16,0,0,0,0,0,0
280480,2,1,1983,0,0,0,0,0,0,0,17,0,0
280480,3,1,1983,0,0,0,0,0,0,0,0,0,0
280481,0,1,1983,0,0,0,27,0,0,0,0,25,0
280481,1,1,1983,0,13,0,0,0,0,0,0,0,0