ST_CASE,VEH_NO,PER_NO,YEAR,P1,P2,P3,P4,P5,P6,P7,P8,P9,P10
280482,1,1,1983,14,14,14,14,14,14,14,14,14,14
280482,2,1,1983,0,0,0,0,0,11,0,0,0,0
280483,1,1,1983,0,0,0,0,0,0,0,0,0,0
280484,0,1,1983,0,0,0,0,0,0,0,14,0,0
280484,1,1,1983,0,0,0,0,0,0,0,0,0,0
280485,1,1,1983,0,0,0,0,0,0,30,0,0,0
280486,1,1,1983,16,0,26,13,0,15,0,0,20,0
280487,1,1,1983,0,0,0,0,0,0,0,0,0,0
280488,1,1,1983,0,16,0,0,0,0,0,0,0,18
280488,2,1,1983,0,9,0,0,24,11,32,8,0,0
280489,1,1,1983,0,0,4,0,0,0,0,0,0,0
280489,2,1,1983,14,22,23,0,24,0,0,13,3,23
280490,1,1,1983,0,0,0,0,0,0,0,0,0,0
280490,2,1,1983,0,0,0,0,0,0,0,0,0,9
280491,1,1,1983,0,0,0,0,0,0,0,0,0,0
280491,2,1,1983,0,0,0,0,0,0,0,0,22,0
280492,0,1,1983,0,0,18,33,0,41,21,0,31,0
280492,1,1,1983,0,0,0,0,0,12,19,0,0,0
280493,1,1,1983,0,0,0,0,0,0,0,0,12,0
280494,1,1,1983,17,17,19,0,0,23,5,0,0,35
280495,1,1,1983,0,0,0,0,0,0,10,0,0,0
280496,1,1,1983,15,22,15,16,15,20,5,4,4,8
280497,1,1,1983,17,0,6,11,31,0,0,25,13,16
280498,1,1,1983,0,0,0,0,0,0,10,0,0,0
280498,2,1,1983,0,0,0,0,0,0,0,0,0,0
280499,1,1,1983,0,0,26,0,0,25,0,0,16,0
280500,0,1,1983,0,0,0,0,0,0,0,0,0,0
280500,1,1,1983,0,0,0,0,0,0,0,0,0,0
280501,1,1,1983,17,0,0,0,0,0,0,0,0,0
280501,2,1,1983,0,0,0,0,0,0,0,0,0,0
280502,1,1,1983,0,0,0,0,0,0,0,0,0,0
280502,2,1,1983,0,0,0,0,0,0,0,0,0,0
280503,1,1,1983,0,0,0,0,0,0,0,0,0,0
280504,1,1,1983,0,0,8,0,0,14,18,0,0,0
280504,2,1,1983,0,0,0,0,0,0,0,0,0,3
280505,1,1,1983,0,0,0,7,0,0,0,2,0,0
280505,2,1,1983,0,0,0,0,12,0,0,0,0,14
280506,1,1,1983,0,16,17,0,17,0,0,0,0,0
280507,1,1,1983,22,14,27,25,40,25,0,0,25,15
280508,1,1,1983,17,14,37,0,19,0,10,17,25,0
280508,2,1,1983,0,0,15,17,18,0,12,0,0,0
280509,1,1,1983,0,0,0,0,0,0,0,0,0,0
280509,2,1,1983,0,0,0,0,0,0,0,0,0,0
280510,0,1,1983,0,0,0,0,0,0,22,0,0,0
280510,1,1,1983,0,0,0,0,0,0,0,0,0,0
280511,1,1,1983,0,0,0,0,3,17,0,0,0,15
280511,2,1,1983,0,0,0,0,0,0,0,0,0,0
280512,1,1,1983,0,0,0,0,0,0,0,0,0,0
280512,2,1,1983,0,0,0,0,0,0,0,0,0,0
280513,1,1,1983,0,0,0,0,0,0,0,0,0,0
280514,1,1,1983,0,0,0,0,0,0,0,0,0,0
280514,2,1,1983,0,0,0,0,0,0,0,0,0,0
280515,1,1,1983,0,15,7,0,13,0,0,12,0,0
280516,1,1,1983,0,0,0,0,0,0,0,0,0,0
280516,2,1,1983,0,0,0,0,0,0,0,0,0,0
280517,1,1,1983,14,0,0,25,0,13,0,0,0,15
280517,2,1,1983,0,0,0,0,0,0,0,23,0,5
280518,1,1,1983,0,0,0,0,0,0,0,0,0,0
280518,2,1,1983,0,0,0,0,0,0,0,0,0,0
280519,1,1,1983,11,17,18,22,22,21,14,19,0,9
280520,1,1,1983,0,0,0,0,0,0,0,0,25,0
280520,2,1,1983,0,0,0,0,0,0,0,0,0,0
280521,1,1,1983,0,0,0,19,11,25,0,19,0,24
280522,1,1,1983,0,0,0,0,0,0,0,0,0,0
280523,1,1,1983,25,0,13,0,0,0,0,0,0,11
280523,2,1,1983,0,0,0,0,0,0,0,0,0,0
280524,1,1,1983,0,0,0,2,28,19,33,0,11,0
280524,2,1,1983,0,0,0,0,0,0,0,0,0,17
280525,1,1,1983,18,0,14,10,0,0,6,15,26,19
280526,1,1,1983,20,25,33,0,20,0,25,26,0,20
280527,1,1,1983,14,12,0,0,20,0,16,0,0,0
280528,1,1,1983,0,0,0,0,0,0,0,0,0,0
280529,1,1,1983,0,0,0,0,0,0,0,0,0,0
280530,1,1,1983,30,17,22,13,9,18,38,0,15,19
280531,1,1,1983,0,0,0,0,0,0,0,0,0,0
280532,1,1,1983,0,0,0,0,0,0,0,0,0,0
280532,2,1,1983,0,0,0,0,0,0,0,0,0,15
280533,1,1,1983,0,0,0,0,0,0,0,0,0,0
280533,2,1,1983,0,0,0,0,0,0,13,9,0,0
280534,1,1,1983,20,0,0,0,0,3,0,0,0,27
280535,1,1,1983,0,0,0,0,13,15,0,0,0,0
280535,2,1,1983,0,0,0,29,0,0,0,0,0,0
280536,1,1,1983,0,0,0,0,0,0,0,0,0,0
280536,2,1,1983,15,15,15,15,15,15,15,15,15,15
280537,1,1,1983,13,13,13,13,13,13,13,13,13,13
280538,1,1,1983,0,0,0,0,0,0,0,0,10,0
280539,1,1,1983,12,12,12,12,12,12,12,12,12,12
280540,1,1,1983,0,0,0,0,0,0,0,0,0,0
280541,1,1,1983,18,0,15,0,12,14,0,7,6,0
280542,1,1,1983,27,27,27,27,27,27,27,27,27,27
280543,1,1,1983,0,0,0,0,5,0,0,0,0,0
280544,1,1,1983,0,0,0,0,0,0,0,0,0,0
280544,2,1,1983,0,0,0,0,0,0,0,0,0,0
280545,1,1,1983,0,0,0,0,0,0,39,8,0,0
280545,2,1,1983,0,0,0,0,0,0,0,0,0,0
280546,1,1,1983,22,0,0,26,0,0,0,0,7,16
280546,2,1,1983,0,0,0,0,0,0,0,0,0,0
280547,1,1,1983,11,0,13,24,0,0,0,0,21,0
280548,1,1,1983,0,0,0,0,0,0,0,0,0,0
280548,2,1,1983,0,0,0,0,0,0,0,0,0,0
280549,1,1,1983,8,0,25,22,0,17,27,0,20,57
280550,1,1,1983,0,0,0,0,14,0,0,0,0,0
280550,2,1,1983,0,0,0,0,26,0,15,0,0,0
280551,1,1,1983,0,0,0,0,0,0,0,0,0,0
280551,2,1,1983,37,37,37,37,37,37,37,37,37,37
280552,1,1,1983,0,0,20,0,0,0,0,0,0,0
280553,1,1,1983,13,17,26,25,8,15,30,27,12,9
280554,1,1,1983,19,10,15,18,12,0,16,13,6,0
280555,1,1,1983,0,0,0,20,0,19,0,16,11,13
280556,1,1,1983,0,0,0,0,0,0,0,0,0,0
280556,2,1,1983,0,0,0,0,0,0,0,0,0,0
280557,1,1,1983,0,0,0,0,0,0,0,0,0,39
280557,2,1,1983,29,0,14,0,0,7,0,0,0,0
280558,0,1,1983,0,0,0,0,0,0,0,0,0,0
280558,1,1,1983,0,0,0,0,0,0,0,0,0,0
280559,1,1,1983,0,0,0,0,0,0,0,0,0,24
280559,2,1,1983,0,4,0,12,0,7,0,15,9,0
280560,0,1,1983,0,0,0,15,24,35,0,6,16,7
280560,1,1,1983,0,0,0,0,0,0,28,0,0,18
280561,0,1,1983,21,0,0,0,0,0,26,15,0,0
280561,1,1,1983,0,0,0,0,0,0,15,0,6,0
280562,1,1,1983,14,14,14,14,14,14,14,14,14,14
280562,2,1,1983,18,0,0,0,0,0,0,0,0,0
280563,1,1,1983,0,10,18,0,13,0,23,17,13,35
280564,1,1,1983,25,0,29,0,33,0,0,17,0,21
280565,1,1,1983,8,0,0,19,0,9,0,0,0,11
280566,0,1,1983,0,0,0,0,0,0,8,18,0,22
280566,1,1,1983,0,0,0,0,0,0,0,0,0,0
280567,0,1,1983,0,0,0,0,0,12,0,0,0,0
280567,1,1,1983,0,0,0,0,0,0,0,24,0,0
280568,0,1,1983,0,0,0,0,0,0,0,0,0,0
280568,1,1,1983,0,0,0,0,0,0,0,0,0,0
280569,1,1,1983,26,0,0,0,0,0,0,0,0,15
280570,1,1,1983,0,0,0,0,0,0,0,14,8,0
280571,1,1,1983,0,0,0,27,0,0,0,0,0,0
280572,1,1,1983,17,0,0,0,29,0,17,0,6,8
280573,1,1,1983,0,13,0,12,0,0,34,12,0,4
280574,1,1,1983,0,0,0,0,0,0,27,0,0,13
280574,2,1,1983,15,15,15,15,15,15,15,15,15,15
280575,1,1,1983,0,0,0,0,0,0,0,0,0,0
280576,1,1,1983,0,10,10,0,11,12,22,18,13,19
280577,0,1,1983,22,0,20,0,10,0,0,0,0,32
280577,1,1,1983,0,0,0,0,0,0,0,0,0,0
280578,1,1,1983,0,0,10,0,0,0,0,0,0,0
280578,2,1,1983,0,0,16,0,12,14,0,0,9,19
280579,1,1,1983,0,0,0,0,0,0,0,0,0,0
280579,2,1,1983,0,0,0,0,0,0,0,0,0,0
280580,1,1,1983,0,0,37,0,0,14,19,21,0,5
280581,1,1,1983,0,8,0,0,0,0,0,0,0,0
280582,1,1,1983,0,0,0,0,0,0,0,0,0,0
280583,1,1,1983,0,0,0,0,0,0,0,0,0,0
280583,2,1,1983,0,0,0,0,0,0,0,0,0,0
280583,3,1,1983,0,0,0,0,0,0,0,24,0,0
280584,0,1,1983,0,0,0,0,0,15,0,0,0,0
280584,1,1,1983,0,0,0,0,0,0,0,0,0,0
280585,1,1,1983,0,0,0,0,0,13,0,22,0,0
280586,1,1,1983,0,0,0,0,0,0,0,0,0,0
280586,2,1,1983,0,15,0,0,0,0,0,0,0,17
280587,1,1,1983,0,0,0,8,0,0,0,0,0,0
280588,0,1,1983,23,23,23,23,23,23,23,23,23,23
280588,1,1,1983,0,0,0,0,0,0,0,0,0,0
280589,1,1,1983,0,2,0,0,0,0,0,0,0,0
280590,1,1,1983,0,0,0,0,0,0,0,0,0,0
280590,2,1,1983,0,0,0,0,0,0,0,0,0,0
280591,1,1,1983,0,0,0,0,0,0,0,0,0,0
280591,2,1,1983,0,0,0,0,0,0,0,0,0,0
280592,0,1,1983,14,14,14,14,14,14,14,14,14,14
280592,1,1,1983,0,0,0,0,0,0,0,0,0,0
280593,1,1,1983,0,0,31,0,4,0,0,0,0,0
280594,0,1,1983,0,0,0,0,0,24,0,0,0,0
280594,1,1,1983,0,0,27,0,0,0,0,0,0,18
280595,1,1,1983,27,0,32,11,0,0,0,15,7,0
280596,1,1,1983,0,0,0,0,16,0,23,0,21,25
280597,1,1,1983,0,0,0,21,0,0,0,0,0,0
280598,1,1,1983,0,0,0,0,0,0,0,0,0,12
280598,2,1,1983,0,0,0,0,0,0,0,0,0,0
280599,1,1,1983,0,0,5,0,0,0,7,12,0,0
280600,1,1,1983,0,0,0,0,0,0,0,0,0,0
280600,2,1,1983,0,0,0,0,0,0,0,0,0,0
280601,1,1,1983,0,0,0,0,0,0,0,0,0,0
280602,1,1,1983,19,0,19,11,23,13,16,0,12,18
280603,1,1,1983,0,0,0,0,0,0,0,0,0,0
280603,2,1,1983,0,0,0,0,0,0,0,0,0,0
280604,1,1,1983,0,0,0,0,0,0,0,0,0,0
280604,2,1,1983,0,0,0,0,0,0,0,0,0,0
280605,1,1,1983,0,0,0,0,0,0,0,0,0,0
280605,2,1,1983,0,0,0,0,0,0,0,0,0,0
280606,1,1,1983,0,0,0,0,0,0,0,0,0,0
280606,2,1,1983,0,0,0,0,0,0,0,0,0,0
280607,1,1,1983,0,0,14,0,0,0,7,0,0,0
280607,2,1,1983,0,0,0,8,0,0,0,0,0,0
280608,1,1,1983,0,0,27,0,0,0,0,0,0,0
280609,1,1,1983,29,29,29,29,29,29,29,29,29,29
280609,2,1,1983,0,0,0,0,0,0,0,0,0,0
280610,1,1,1983,0,10,0,28,22,28,9,23,0,29
280611,1,1,1983,0,0,13,0,0,0,0,0,0,0
280612,0,1,1983,0,0,0,0,0,0,0,0,0,0
280612,1,1,1983,0,0,0,0,0,0,0,0,0,0
280613,1,1,1983,19,0,0,0,0,0,19,0,0,0
280613,2,1,1983,0,16,0,0,0,0,10,0,20,0
280614,1,1,1983,8,0,0,0,0,0,0,0,0,0
280614,2,1,1983,12,0,0,0,0,38,0,0,15,0
280614,3,1,1983,0,0,0,0,0,0,0,0,0,0
280615,1,1,1983,21,0,11,32,10,0,0,26,31,12
280616,1,1,1983,0,0,0,0,0,0,0,0,0,0
280616,2,1,1983,0,0,0,32,0,0,0,0,0,0
280616,3,1,1983,0,0,0,0,0,0,0,0,0,0
280617,1,1,1983,19,19,19,19,19,19,19,19,19,19
280617,2,1,1983,0,0,0,0,0,0,0,0,0,0
280618,1,1,1983,18,18,18,18,18,18,18,18,18,18
280619,1,1,1983,16,16,16,16,16,16,16,16,16,16
280620,1,1,1983,0,0,0,0,0,0,0,0,0,0
280620,2,1,1983,0,0,21,0,0,31,19,0,0,0
280621,1,1,1983,19,19,19,19,19,19,19,19,19,19
280622,1,1,1983,16,16,16,16,16,16,16,16,16,16
280623,1,1,1983,0,0,0,0,0,0,0,0,0,0
280623,2,1,1983,14,14,14,14,14,14,14,14,14,14
280624,1,1,1983,25,0,6,24,6,15,0,21,0,17
280625,1,1,1983,14,14,14,14,14,14,14,14,14,14
280626,1,1,1983,18,18,18,18,18,18,18,18,18,18
280627,1,1,1983,0,0,0,0,0,0,0,0,0,0
280627,2,1,1983,0,15,20,0,0,0,0,0,13,0
290001,1,1,1983,10,10,10,10,10,10,10,10,10,10
290002,1,1,1983,0,13,8,13,30,13,20,24,0,11
290003,1,1,1983,21,21,21,21,21,21,21,21,21,21
290004,1,1,1983,22,33,23,11,19,33,0,6,0,0
290004,2,1,1983,7,6,0,19,12,13,0,18,19,7
290005,1,1,1983,0,0,0,0,0,0,0,0,0,0
290006,0,1,1983,0,0,0,0,0,0,0,0,0,0
290006,1,1,1983,0,21,0,0,0,0,0,0,0,0
290007,0,1,1983,0,0,0,0,0,0,0,0,0,0
290007,1,1,1983,0,0,0,0,0,0,0,0,0,7
290008,1,1,1983,0,19,0,0,0,0,0,0,0,15
290009,0,1,1983,23,23,23,23,23,23,23,23,23,23
290009,1,1,1983,0,0,0,4,0,0,0,0,0,0
290010,1,1,1983,0,6,0,0,28,0,0,8,14,0
290011,1,1,1983,19,20,0,7,0,0,0,0,0,19
290012,1,1,1983,0,0,0,0,0,0,0,0,0,0
290013,1,1,1983,7,7,7,7,7,7,7,7,7,7
290014,1,1,1983,0,0,0,0,0,0,0,0,0,0
290014,2,1,1983,0,0,17,0,0,0,0,0,0,0
290014,3,1,1983,0,0,0,0,0,0,0,0,0,0
290014,4,1,1983,0,0,0,0,0,0,0,0,0,0
290015,1,1,1983,0,0,0,0,0,0,0,0,0,0
290015,2,1,1983,21,24,12,0,0,19,0,18,0,0
290016,1,1,1983,0,12,7,31,35,22,20,15,19,30
290017,1,1,1983,11,15,12,0,0,0,4,23,14,37
290017,2,1,1983,0,17,0,0,25,10,8,22,45,15
290018,1,1,1983,16,16,16,16,16,16,16,16,16,16
290019,1,1,1983,21,33,26,21,16,35,21,26,36,28
290020,1,1,1983,0,0,0,0,0,0,0,0,0,0
290021,1,1,1983,0,0,0,0,0,0,0,0,0,0
290021,2,1,1983,0,0,0,0,0,0,0,0,0,0
290022,1,1,1983,13,13,13,13,13,13,13,13,13,13
290023,1,1,1983,0,0,0,0,0,0,13,24,0,0
290024,1,1,1983,21,21,21,21,21,21,21,21,21,21
290025,1,1,1983,0,0,0,0,0,0,0,0,0,0
290026,0,1,1983,0,0,0,0,0,0,0,0,0,0
290026,1,1,1983,0,0,0,0,0,0,12,13,0,0
290027,1,1,1983,10,15,23,18,14,14,12,17,24,6
290028,0,1,1983,1,1,1,1,1,1,1,1,1,1
290028,0,2,1983,19,26,22,19,0,33,15,8,8,12
290028,1,1,1983,21,21,21,21,21,21,21,21,21,21
290029,1,1,1983,0,11,18,18,0,10,0,0,0,0
290030,1,1,1983,0,31,16,22,9,15,16,34,21,16
290031,1,1,1983,0,0,15,0,0,0,0,0,0,8
290031,2,1,1983,15,0,0,7,0,0,0,0,20,0
290032,1,1,1983,0,0,0,0,0,0,0,0,0,0
290033,0,1,1983,0,0,0,0,0,0,0,0,0,0
290033,1,1,1983,0,0,0,0,0,0,0,0,0,0
290033,2,1,1983,0,0,0,0,0,0,0,0,0,0
290034,1,1,1983,21,21,21,21,21,21,21,21,21,21
290034,2,1,1983,0,0,0,0,0,0,0,0,0,18
290035,1,1,1983,0,0,0,0,0,0,0,0,0,0
290035,2,1,1983,0,0,0,0,0,0,0,0,0,0
290035,3,1,1983,0,0,0,0,0,0,0,0,0,0
290036,0,1,1983,0,0,0,0,0,0,0,18,0,0
290036,1,1,1983,0,0,0,0,0,0,0,0,0,0
290037,1,1,1983,18,20,23,9,13,0,18,8,14,22
290038,1,1,1983,8,27,5,4,6,13,18,8,20,7
290039,1,1,1983,0,0,0,0,0,0,0,0,16,0
290039,2,1,1983,0,0,0,0,0,0,0,0,0,0
290040,1,1,1983,0,0,0,0,0,0,0,0,0,0
290041,1,1,1983,14,7,14,13,26,17,18,19,7,21
290041,2,1,1983,7,13,4,10,18,24,7,11,13,18
290042,1,1,1983,0,0,0,0,0,0,0,0,0,0
290042,2,1,1983,0,0,0,0,0,0,0,0,0,0
290043,0,1,1983,12,12,12,12,12,12,12,12,12,12
290043,1,1,1983,0,0,0,0,0,0,0,0,6,0
290044,1,1,1983,36,36,36,36,36,36,36,36,36,36
290045,1,1,1983,21,14,9,0,10,0,11,11,10,18
290045,2,1,1983,19,14,23,0,24,13,22,21,18,0
290046,1,1,1983,0,0,0,0,0,0,0,0,0,0
290046,2,1,1983,0,0,0,0,0,0,0,0,0,0
290047,0,1,1983,23,0,8,0,23,23,0,0,19,0
290047,1,1,1983,0,0,0,0,0,0,0,0,0,0
290048,1,1,1983,5,0,0,0,0,12,20,0,0,13
290048,2,1,1983,0,0,0,0,0,0,0,0,0,0
290049,1,1,1983,33,23,40,51,0,18,0,6,4,25
290050,1,1,1983,0,0,0,0,0,0,0,0,0,0
290050,2,1,1983,0,0,0,0,0,0,0,0,0,0
290051,1,1,1983,0,0,0,0,0,0,0,0,0,17
290051,2,1,1983,8,33,13,18,10,22,25,17,15,10
290052,1,1,1983,13,21,12,17,15,19,23,12,23,14
290053,1,1,1983,24,14,18,19,15,25,17,16,32,2
290054,1,1,1983,26,16,24,16,0,0,0,22,6,26
290055,0,1,1983,0,0,0,0,0,0,0,0,0,0
290055,0,2,1983,0,0,0,21,0,0,0,18,0,0
290055,1,1,1983,0,0,0,0,0,0,0,0,0,11
290056,0,1,1983,0,0,20,0,0,0,0,0,22,0
290056,1,1,1983,0,0,0,4,0,0,8,0,8,8
290057,1,1,1983,0,0,0,0,0,0,0,0,0,0
290057,2,1,1983,0,0,0,0,0,0,0,0,0,23
290058,1,1,1983,6,6,6,6,6,6,6,6,6,6
290058,2,1,1983,13,15,37,7,19,34,0,0,18,15
290059,0,1,1983,0,0,0,0,0,28,12,0,0,0
290059,1,1,1983,0,0,0,0,0,0,0,0,0,0
290060,1,1,1983,0,0,0,0,0,0,0,0,0,42
290060,2,1,1983,0,0,0,0,0,0,0,0,10,0
290061,1,1,1983,14,0,0,0,32,0,0,29,0,0
290062,0,1,1983,0,0,0,0,0,0,0,0,0,29
290062,1,1,1983,0,0,0,0,0,0,0,0,0,0
290063,1,1,1983,0,0,0,0,0,0,0,7,0,0
290063,2,1,1983,0,0,15,0,28,12,26,18,21,10
290063,3,1,1983,0,0,0,0,0,0,0,0,0,0
290064,0,1,1983,16,0,18,11,25,25,7,26,26,24
290064,1,1,1983,8,0,0,0,18,17,0,0,0,0
290065,1,4,1983,0,13,15,0,9,18,17,27,16,26
290066,1,1,1983,14,11,35,0,16,0,26,7,2,11
290066,2,1,1983,0,0,0,0,0,10,0,0,0,0
290066,3,1,1983,0,24,0,0,0,8,0,0,7,0
290067,1,1,1983,13,21,9,9,9,36,9,24,15,0
290068,1,1,1983,0,0,0,0,0,0,0,0,0,0
290068,2,1,1983,0,0,0,0,0,0,0,0,0,0
290069,1,1,1983,0,0,21,10,0,0,0,0,0,36
290070,1,1,1983,0,15,22,16,12,0,40,0,19,8
290071,1,1,1983,20,10,11,10,22,8,13,25,18,12
290072,1,1,1983,17,17,17,17,17,17,17,17,17,17
290073,1,1,1983,0,0,0,0,0,0,0,0,0,0
290073,2,1,1983,24,0,9,22,0,0,0,0,0,0
290074,0,1,1983,0,0,0,0,0,0,0,0,0,0
290074,1,1,1983,0,0,0,0,0,0,0,0,0,0
290076,1,1,1983,0,0,0,0,0,0,0,0,0,0
290076,2,1,1983,0,0,0,14,0,0,0,0,0,0
290077,1,1,1983,15,26,10,0,25,24,20,25,28,23
290078,1,1,1983,7,19,25,22,18,16,15,33,26,0
290079,1,1,1983,8,8,8,8,8,8,8,8,8,8
290079,2,1,1983,0,32,0,0,0,19,20,0,20,0
290080,1,1,1983,0,2,0,0,23,18,0,0,16,0
290081,1,1,1983,0,0,0,0,0,0,0,0,0,0
290081,2,1,1983,0,0,0,0,0,0,0,0,0,0
290082,1,1,1983,0,21,0,0,0,0,28,13,0,0
290083,1,1,1983,19,11,9,24,12,14,0,30,23,0
290084,1,1,1983,29,29,29,29,29,29,29,29,29,29
290085,1,1,1983,18,7,12,22,31,12,13,14,30,24
290086,1,1,1983,0,0,0,0,0,0,0,0,0,0
290086,2,1,1983,0,0,0,0,0,0,13,16,13,0
290087,0,1,1983,0,15,26,34,11,11,19,26,0,0
290087,1,1,1983,0,0,22,0,0,0,0,0,0,0
290088,0,1,1983,0,0,0,0,0,0,0,0,0,0
290088,0,2,1983,0,0,0,0,0,0,0,0,0,0
290088,1,1,1983,39,27,9,18,12,22,17,6,25,0
290090,1,1,1983,25,25,25,25,25,25,25,25,25,25
290091,1,1,1983,26,0,0,28,0,0,0,0,0,0
290092,1,1,1983,0,0,0,0,0,0,0,0,0,30
290093,1,1,1983,7,7,7,7,7,7,7,7,7,7
290093,2,1,1983,0,0,0,19,0,15,31,0,0,0
290094,1,1,1983,16,0,31,14,17,9,32,13,21,0
290094,2,1,1983,1,1,1,1,1,1,1,1,1,1
290095,1,1,1983,32,25,25,8,11,30,28,34,20,22
290096,0,1,1983,33,33,33,33,33,33,33,33,33,33
290096,1,1,1983,0,0,0,0,0,0,0,0,0,0
290097,1,1,1983,0,0,15,0,0,0,0,0,0,0
290097,2,1,1983,2,3,8,13,19,0,0,0,13,37
290097,3,1,1983,0,0,0,0,0,0,0,0,0,0
290098,1,1,1983,0,0,24,21,0,16,22,0,0,23
290098,2,1,1983,0,23,0,6,20,0,0,0,0,0
290099,1,1,1983,21,0,3,27,17,0,8,0,0,33
290100,1,1,1983,8,0,0,0,18,0,0,0,0,5
290100,2,1,1983,0,0,0,0,0,0,0,0,0,0
290101,1,1,1983,0,0,0,0,0,25,0,0,0,0
290101,2,1,1983,0,0,0,0,0,0,0,0,0,0
290101,3,1,1983,0,13,0,0,12,8,14,0,0,37
290102,0,1,1983,0,0,0,0,0,0,0,0,0,0
290102,1,1,1983,0,0,0,0,0,0,0,0,0,0
290103,1,1,1983,20,17,24,10,9,6,5,20,13,0
290104,1,1,1983,0,0,0,0,0,0,0,0,0,0
290104,2,1,1983,0,0,0,0,13,0,0,0,0,0
290104,3,1,1983,25,25,25,25,25,25,25,25,25,25
290105,0,1,1983,0,0,0,0,0,0,4,0,17,0
290105,1,1,1983,0,0,0,0,0,0,0,0,0,0
290106,1,1,1983,0,0,0,0,0,0,0,0,0,0
290107,1,1,1983,0,0,0,15,0,0,0,0,0,0
290107,2,1,1983,0,0,0,0,0,0,0,0,0,0
290108,1,1,1983,15,0,16,9,0,17,0,28,0,13
290108,2,1,1983,9,0,0,0,0,10,0,0,0,0
290109,1,1,1983,0,0,0,0,0,0,0,0,0,4
290109,2,1,1983,13,13,13,13,13,13,13,13,13,13
290110,0,1,1983,22,22,22,22,22,22,22,22,22,22
290110,1,1,1983,0,0,0,22,0,6,21,0,10,0
290111,1,1,1983,19,17,8,20,26,8,17,18,13,7
290112,1,1,1983,14,14,14,14,14,14,14,14,14,14
290112,2,1,1983,16,16,16,16,16,16,16,16,16,16
290113,1,1,1983,0,0,0,0,0,0,0,0,0,0
290113,2,1,1983,0,0,0,0,14,0,0,0,0,0
290114,1,1,1983,31,0,0,0,0,0,0,0,0,0
290114,2,1,1983,0,0,0,0,0,0,0,0,0,0
290114,3,1,1983,0,0,0,0,0,0,0,0,0,4
290115,1,1,1983,0,0,0,0,0,0,0,0,0,0
290115,2,1,1983,0,0,11,0,0,18,0,0,0,0
290116,1,1,1983,0,0,0,0,0,15,0,0,19,0
290116,2,1,1983,0,0,0,0,0,0,0,0,0,0
290116,3,1,1983,0,0,0,0,0,0,0,0,0,0
290116,4,1,1983,0,0,0,0,0,0,0,0,0,0
290117,1,1,1983,0,0,0,0,0,0,0,0,32,0
290118,1,1,1983,0,2,13,0,9,16,0,0,0,0
290119,1,1,1983,18,13,0,35,6,29,8,22,11,14
290119,2,1,1983,0,0,0,0,0,0,0,0,18,19
290120,1,1,1983,18,0,4,13,4,16,11,13,21,0
290121,1,1,1983,23,14,0,13,17,0,16,0,0,8
290121,2,1,1983,0,0,0,0,0,0,0,0,0,0
290122,1,1,1983,0,0,0,0,0,0,0,0,0,0
290123,1,1,1983,15,14,30,0,0,0,0,7,0,19
290124,1,1,1983,0,0,0,7,0,0,0,0,0,12
290124,2,1,1983,0,0,0,0,0,0,0,0,0,0
290125,1,1,1983,0,0,0,0,0,0,0,0,0,0
290125,2,1,1983,0,0,0,0,0,0,0,0,0,0
290126,1,1,1983,21,21,21,21,21,21,21,21,21,21
290127,1,1,1983,10,7,25,23,0,22,12,6,16,7
290128,1,1,1983,0,0,0,0,0,0,0,0,0,0
290128,2,1,1983,0,0,0,18,23,0,0,0,22,8
290129,0,1,1983,31,31,31,31,31,31,31,31,31,31
290129,1,1,1983,0,0,20,0,0,0,0,17,0,0
290130,1,1,1983,0,12,7,0,0,17,15,0,17,0
290130,2,1,1983,0,23,16,20,14,0,0,30,18,23
290131,1,1,1983,12,27,0,12,0,16,9,0,19,0
290132,1,1,1983,0,15,19,0,19,27,31,0,0,8
290133,1,1,1983,16,18,21,9,18,22,21,22,0,24
290134,1,1,1983,14,12,11,6,16,7,0,10,7,14
290134,2,1,1983,0,0,0,0,0,0,0,0,0,0
290135,1,1,1983,0,0,0,0,0,0,0,0,0,0
290135,2,1,1983,0,0,0,0,0,0,0,0,0,0
290136,0,1,1983,0,0,0,0,0,0,0,0,0,0
290136,1,1,1983,0,0,0,0,0,0,0,0,0,0
290137,1,1,1983,24,23,14,12,23,0,0,12,10,20
290138,1,1,1983,0,13,0,12,12,0,21,0,0,17
290139,1,1,1983,3,27,7,16,14,7,13,16,11,14
290140,1,1,1983,23,30,0,44,23,19,0,0,14,0
290141,1,1,1983,0,0,0,24,20,0,0,0,0,0
290142,1,1,1983,0,0,0,9,2,0,0,0,0,32
290142,2,1,1983,0,0,14,0,8,0,0,0,7,0
290143,1,1,1983,10,18,14,15,41,21,3,10,35,18
290144,1,1,1983,16,17,11,27,18,9,10,27,36,19
290145,1,1,1983,0,0,0,0,0,0,0,0,0,0
290145,2,1,1983,0,0,0,0,0,0,0,0,0,0
290146,1,1,1983,26,0,42,0,0,10,0,31,15,35
290147,1,1,1983,0,18,0,26,0,0,0,0,0,0
290148,1,1,1983,0,0,0,0,0,0,0,17,0,0
290148,2,1,1983,32,23,25,11,16,19,23,5,33,24
290149,1,1,1983,0,0,0,0,0,0,0,17,0,0
290149,2,1,1983,0,0,0,0,0,0,0,0,0,0
290150,1,1,1983,0,0,0,0,0,18,0,20,0,0
290151,1,1,1983,0,0,0,0,0,0,0,0,0,0
290151,2,1,1983,0,0,0,0,0,0,0,0,0,0
290151,3,1,1983,0,0,0,0,0,0,0,0,0,17
290152,1,1,1983,16,15,12,46,0,14,0,24,19,0
290152,2,1,1983,9,16,18,26,7,22,13,2,20,19
290153,1,1,1983,24,0,0,21,0,16,0,0,8,24