ST_CASE,VEH_NO,PER_NO,YEAR,P1,P2,P3,P4,P5,P6,P7,P8,P9,P10
290154,1,1,1983,27,27,27,27,27,27,27,27,27,27
290155,1,1,1983,0,0,0,0,0,17,0,0,0,23
290155,2,1,1983,0,0,0,0,0,0,0,0,0,0
290156,1,1,1983,0,0,0,0,0,0,0,0,0,0
290156,2,1,1983,0,0,0,0,0,0,0,0,6,0
290157,1,1,1983,5,25,0,16,12,11,15,0,0,13
290157,2,1,1983,0,0,0,0,0,0,0,0,22,0
290158,1,1,1983,0,0,0,0,15,15,0,0,0,0
290159,1,1,1983,0,11,0,9,9,0,0,26,0,0
290160,0,1,1983,0,0,0,0,0,0,0,0,0,0
290160,1,1,1983,0,0,0,0,0,0,0,0,0,0
290161,1,1,1983,31,35,44,26,29,11,18,14,19,22
290162,1,1,1983,15,15,15,15,15,15,15,15,15,15
290163,0,1,1983,0,0,0,0,0,0,0,0,0,0
290163,1,1,1983,10,22,21,17,19,0,5,0,20,10
290164,1,1,1983,0,0,0,0,0,0,0,0,0,0
290164,2,1,1983,0,0,0,0,0,0,0,0,0,0
290165,1,1,1983,0,0,0,0,0,0,0,0,30,0
290166,0,1,1983,23,19,14,22,10,37,25,16,36,34
290166,1,1,1983,1,1,1,1,1,1,1,1,1,1
290167,1,1,1983,0,0,27,0,18,22,0,9,20,0
290168,1,1,1983,21,9,19,13,26,28,27,8,26,15
290168,2,1,1983,0,0,0,0,0,0,0,0,0,0
290169,1,1,1983,20,12,36,15,6,15,19,20,12,12
290170,1,1,1983,18,27,0,0,0,0,0,21,0,0
290170,2,1,1983,21,0,0,0,9,0,12,28,0,13
290171,1,1,1983,30,13,10,0,29,23,13,34,26,18
290172,1,1,1983,0,0,0,0,0,0,0,0,0,0
290172,2,1,1983,0,0,0,0,0,0,0,0,0,0
290173,1,1,1983,0,14,22,30,21,22,28,8,33,12
290174,1,1,1983,0,0,15,15,0,13,21,0,19,5
290174,2,1,1983,0,0,0,15,0,0,0,0,0,0
290175,1,1,1983,0,0,0,0,0,0,0,0,0,0
290175,2,1,1983,0,0,0,0,0,0,0,0,0,0
290176,1,1,1983,19,19,19,19,19,19,19,19,19,19
290177,1,1,1983,0,0,0,0,0,0,0,0,0,0
290178,1,1,1983,0,0,0,14,0,0,0,0,0,0
290178,2,1,1983,14,14,14,14,14,14,14,14,14,14
290179,0,1,1983,27,0,0,0,0,0,0,0,0,0
290179,1,1,1983,0,0,0,0,0,10,9,0,0,0
290180,0,1,1983,14,6,13,19,0,24,0,11,0,39
290180,1,1,1983,0,0,0,0,0,21,0,0,0,0
290181,1,1,1983,24,24,24,24,24,24,24,24,24,24
290181,2,1,1983,0,0,0,0,0,0,0,0,0,0
290181,3,1,1983,0,0,0,0,20,0,0,0,0,0
290181,4,1,1983,0,0,0,0,0,0,0,0,0,0
290182,1,1,1983,0,0,0,0,0,0,0,0,0,0
290182,2,1,1983,0,19,0,0,0,0,16,24,0,0
290183,1,1,1983,0,0,11,25,30,0,0,32,0,33
290184,1,1,1983,0,0,0,0,0,0,0,0,0,10
290184,2,1,1983,0,0,21,0,0,0,0,0,0,0
290185,1,1,1983,14,14,14,14,14,14,14,14,14,14
290185,2,1,1983,12,0,0,0,0,0,0,0,0,0
290186,1,1,1983,6,6,6,6,6,6,6,6,6,6
290187,1,1,1983,0,0,0,0,0,0,0,0,0,0
290187,2,1,1983,0,0,0,0,0,0,0,0,0,0
290188,1,1,1983,30,0,20,0,0,35,0,0,15,0
290188,2,1,1983,11,14,10,10,23,20,10,4,0,17
290189,1,1,1983,2,2,2,2,2,2,2,2,2,2
290189,2,1,1983,24,24,24,24,24,24,24,24,24,24
290190,1,1,1983,15,15,15,15,15,15,15,15,15,15
290191,1,1,1983,0,0,0,0,0,30,0,0,0,0
290192,1,1,1983,14,0,17,4,20,13,23,14,26,0
290193,1,1,1983,19,18,15,23,26,21,0,32,38,22
290194,1,1,1983,16,16,16,16,16,16,16,16,16,16
290195,1,1,1983,0,0,0,0,0,0,0,0,16,0
290196,1,1,1983,0,0,0,0,0,0,0,0,0,0
290196,2,1,1983,0,18,20,11,11,0,0,15,0,20
290197,1,1,1983,0,0,0,0,0,0,0,0,0,0
290197,2,1,1983,0,0,0,0,0,0,0,0,0,0
290197,3,1,1983,0,0,0,0,0,0,0,0,0,0
290197,4,1,1983,0,0,0,0,0,0,0,0,0,0
290198,0,1,1983,0,0,0,0,0,0,0,0,0,0
290198,1,1,1983,0,0,0,0,0,0,0,0,0,0
290199,1,1,1983,0,15,15,28,17,21,15,29,0,19
290200,1,1,1983,0,0,0,5,0,0,0,0,0,20
290201,1,1,1983,0,0,0,0,0,0,0,0,0,0
290202,1,1,1983,0,0,10,0,0,16,12,5,0,12
290203,0,1,1983,44,10,53,27,0,0,6,8,31,19
290203,1,1,1983,7,7,7,7,7,7,7,7,7,7
290204,1,1,1983,0,9,0,0,0,0,0,21,0,0
290204,2,1,1983,0,0,16,0,0,13,0,0,7,0
290204,3,1,1983,0,0,0,0,0,0,0,0,0,0
290205,1,1,1983,13,13,13,13,13,13,13,13,13,13
290205,2,1,1983,0,18,0,0,0,0,0,0,0,0
290206,0,1,1983,22,22,22,22,22,22,22,22,22,22
290206,1,1,1983,14,30,43,26,20,8,19,14,20,14
290207,1,1,1983,19,17,7,10,25,18,9,5,0,6
290208,1,1,1983,0,0,0,0,0,0,0,0,0,0
290208,2,1,1983,0,0,0,0,0,0,0,0,0,8
290208,3,1,1983,0,0,0,0,0,0,0,0,0,0
290209,0,1,1983,0,0,0,0,0,0,0,0,0,0
290209,1,1,1983,0,0,0,0,0,0,0,0,0,0
290210,1,1,1983,27,9,12,24,11,18,15,19,13,10
290211,1,1,1983,0,22,0,10,22,0,0,20,0,10
290212,1,1,1983,12,24,6,0,0,0,0,20,15,15
290212,2,1,1983,18,0,0,0,0,0,0,0,0,0
290213,1,1,1983,14,39,15,11,16,0,30,16,7,21
290214,1,1,1983,0,0,0,0,0,0,0,0,0,0
290214,2,1,1983,0,0,0,9,0,0,0,0,0,0
290215,1,1,1983,0,0,0,0,0,0,0,0,0,0
290216,0,1,1983,0,0,0,0,0,0,0,0,0,0
290216,1,1,1983,0,0,0,0,0,0,17,0,0,0
290217,1,1,1983,0,0,0,0,0,0,0,0,0,0
290217,2,1,1983,0,0,0,0,0,0,0,0,0,0
290218,1,1,1983,0,0,0,0,0,0,0,0,0,0
290218,2,1,1983,0,0,0,9,0,0,0,0,21,0
290218,3,1,1983,0,0,0,0,0,0,0,0,0,0
290218,4,1,1983,0,0,0,16,0,0,0,0,0,0
290219,1,1,1983,19,9,4,18,29,23,20,17,11,19
290220,1,1,1983,22,13,0,9,18,0,0,0,0,0
290221,0,1,1983,8,11,8,22,38,0,14,31,16,30
290221,1,1,1983,0,0,0,0,0,0,0,0,0,0
290222,1,1,1983,0,6,0,0,0,11,0,0,42,0
290222,2,1,1983,0,21,0,10,0,0,0,0,0,0
290223,1,1,1983,20,6,0,20,21,25,17,21,20,7
290223,2,1,1983,0,0,0,0,0,0,17,0,0,0
290224,1,1,1983,13,8,21,28,0,13,22,11,0,0
290225,1,1,1983,8,8,8,8,8,8,8,8,8,8
290226,1,1,1983,0,0,0,0,0,0,0,0,0,0
290226,2,1,1983,0,0,0,0,0,0,0,0,0,0
290227,1,1,1983,0,0,0,0,0,0,0,0,0,0
290228,1,1,1983,1,1,1,1,1,1,1,1,1,1
290229,0,1,1983,3,3,3,3,3,3,3,3,3,3
290229,1,1,1983,0,0,31,0,0,0,0,0,0,0
290230,1,1,1983,0,0,0,0,0,0,0,0,0,0
290230,2,1,1983,0,0,0,0,0,24,0,18,8,0
290231,1,1,1983,0,0,0,0,0,0,0,0,0,0
290231,2,1,1983,0,0,0,0,0,0,0,0,0,0
290232,1,1,1983,12,12,12,12,12,12,12,12,12,12
290233,1,1,1983,28,0,25,27,0,12,17,0,26,12
290234,1,1,1983,0,21,17,7,0,0,26,0,0,0
290235,1,1,1983,0,9,0,0,0,0,0,7,9,7
290236,1,1,1983,16,0,20,29,27,19,25,31,11,32
290237,1,1,1983,21,11,14,21,14,7,18,37,26,23
290238,1,1,1983,0,24,0,12,0,8,0,0,20,0
290238,2,1,1983,0,0,0,0,0,0,0,0,0,0
290239,1,1,1983,0,12,0,11,7,0,24,0,0,0
290239,2,1,1983,0,0,0,0,0,0,0,0,0,7
290240,1,1,1983,0,0,0,0,0,0,0,0,0,0
290240,2,1,1983,0,0,0,0,0,0,0,0,0,0
290240,3,1,1983,0,0,0,0,0,0,0,0,0,0
290241,1,1,1983,18,12,0,31,19,19,24,15,9,16
290242,0,1,1983,14,14,14,14,14,14,14,14,14,14
290242,1,1,1983,0,0,0,0,0,0,0,0,16,0
290243,1,1,1983,25,24,16,0,17,29,28,31,22,28
290244,1,1,1983,0,0,0,0,12,22,0,0,0,0
290244,2,1,1983,0,0,0,0,0,0,0,0,0,0
290245,0,1,1983,0,0,0,0,0,0,26,0,0,0
290245,1,1,1983,0,12,0,0,0,0,0,0,0,0
290246,1,1,1983,0,0,0,0,0,0,0,0,0,0
290246,2,1,1983,0,8,13,6,16,26,24,21,12,19
290247,1,1,1983,0,0,0,0,0,0,0,0,6,21
290247,2,1,1983,0,0,0,0,0,0,0,0,14,0
290248,1,1,1983,11,11,11,11,11,11,11,11,11,11
290249,1,1,1983,0,0,0,0,0,0,0,0,0,0
290249,2,1,1983,0,13,0,0,0,0,0,0,0,0
290250,0,1,1983,0,0,0,6,9,0,0,0,0,0
290250,1,1,1983,0,0,0,0,0,0,0,0,0,0
290250,2,1,1983,0,0,0,0,0,0,0,0,0,0
290251,1,1,1983,17,16,4,0,7,0,0,13,14,11
290252,0,1,1983,17,19,14,20,22,21,38,0,2,23
290252,1,1,1983,0,0,0,0,0,0,0,0,0,3
290253,1,1,1983,14,14,14,14,14,14,14,14,14,14
290254,1,1,1983,7,0,0,0,10,17,23,0,9,0
290255,1,1,1983,0,8,21,0,0,0,20,0,7,15
290256,1,1,1983,9,17,15,20,19,15,23,18,21,0
290257,1,1,1983,16,0,12,28,6,14,22,24,11,0
290257,2,1,1983,13,13,13,13,13,13,13,13,13,13
290258,1,1,1983,16,16,16,16,16,16,16,16,16,16
290259,1,1,1983,0,0,0,0,0,0,0,0,0,0
290259,2,1,1983,14,0,0,0,0,0,19,0,0,0
290260,1,1,1983,25,25,25,25,25,25,25,25,25,25
290260,2,1,1983,11,11,11,11,11,11,11,11,11,11
290260,3,1,1983,0,0,0,0,0,0,0,0,0,0
290261,1,1,1983,12,12,12,12,12,12,12,12,12,12
290261,2,1,1983,18,10,14,0,0,0,8,0,18,22
290262,1,1,1983,0,0,0,0,0,0,0,0,0,0
290263,1,1,1983,0,0,0,0,0,26,0,0,0,0
290264,0,1,1983,0,35,0,0,0,15,0,0,11,0
290264,1,1,1983,0,0,0,0,0,0,0,0,0,0
290265,1,1,1983,0,0,0,0,0,0,0,0,0,0
290265,2,1,1983,0,0,0,0,0,0,0,0,0,0
290266,1,1,1983,0,0,0,0,0,0,0,0,0,0
290267,0,1,1983,8,11,23,16,0,0,33,34,19,20
290267,1,1,1983,0,0,0,0,0,0,0,0,0,0
290268,1,1,1983,28,27,15,0,0,0,0,18,23,11
290268,2,1,1983,0,0,0,0,0,0,0,0,0,0
290269,1,1,1983,15,12,16,27,14,14,0,13,28,8
290270,1,1,1983,10,10,10,10,10,10,10,10,10,10
290271,1,1,1983,26,17,16,14,21,30,19,19,12,24
290271,2,1,1983,0,17,0,0,0,0,16,0,0,0
290272,1,1,1983,9,9,9,9,9,9,9,9,9,9
290272,2,1,1983,31,36,17,7,16,13,15,22,4,21
290273,1,1,1983,5,12,0,18,17,17,0,7,22,0
290274,1,1,1983,0,0,0,0,0,0,23,28,0,0
290275,1,1,1983,0,0,0,0,0,0,0,0,0,0
290275,2,1,1983,0,0,0,0,0,0,0,0,0,0
290276,1,1,1983,14,14,14,14,14,14,14,14,14,14
290277,0,1,1983,34,34,34,34,34,34,34,34,34,34
290277,1,1,1983,0,0,0,0,0,0,0,0,0,0
290278,1,1,1983,0,0,0,0,12,0,0,0,0,0
290278,2,1,1983,0,0,0,0,2,0,0,0,0,6
290279,1,1,1983,0,0,0,0,0,0,0,0,0,0
290279,2,1,1983,0,0,0,0,0,0,0,0,0,0
290280,1,1,1983,0,0,0,0,0,0,0,0,0,0
290280,2,1,1983,0,0,0,0,0,0,0,0,0,0
290281,1,1,1983,0,0,0,0,0,0,0,0,0,0
290281,2,1,1983,0,0,0,0,0,0,0,0,0,0
290282,1,1,1983,0,0,0,0,0,0,0,0,0,0
290282,2,1,1983,0,0,16,0,0,9,0,0,13,0
290282,3,1,1983,0,0,0,0,0,0,0,0,0,0
290283,1,1,1983,0,0,0,0,22,0,0,0,0,0
290283,2,1,1983,0,0,0,0,0,0,0,0,0,0
290283,3,1,1983,0,0,0,0,0,13,0,0,0,0
290284,1,1,1983,0,3,0,0,0,29,0,0,0,0
290284,2,1,1983,0,0,0,0,17,0,0,0,0,0
290285,1,1,1983,0,9,8,0,0,0,10,20,0,0
290285,2,1,1983,0,0,0,0,0,0,0,0,0,0
290286,0,1,1983,0,0,0,13,0,0,0,0,0,0
290286,1,1,1983,16,0,0,0,0,0,0,0,0,0
290287,0,1,1983,0,0,0,0,0,0,0,0,0,0
290287,1,1,1983,0,0,0,0,0,0,0,0,0,0
290288,0,1,1983,0,0,0,0,0,0,0,0,18,0
290288,1,1,1983,0,0,0,0,0,0,0,0,0,0
290289,1,1,1983,8,8,8,8,8,8,8,8,8,8
290290,1,1,1983,0,40,29,0,11,28,0,26,0,21
290291,1,1,1983,26,19,0,9,12,19,24,0,20,14
290292,1,1,1983,0,17,13,17,18,15,15,0,19,25
290292,2,1,1983,11,11,11,11,11,11,11,11,11,11
290293,0,1,1983,0,0,0,0,0,0,0,0,0,0
290293,1,1,1983,0,6,0,0,0,0,0,0,33,0
290294,1,1,1983,0,0,0,0,0,0,0,0,0,0
290294,2,1,1983,0,0,0,0,0,0,0,7,0,11
290294,3,1,1983,28,0,30,0,4,0,0,11,11,18
290295,1,1,1983,0,11,10,18,24,0,23,0,0,0
290296,1,1,1983,0,0,0,0,0,23,0,0,0,0
290296,2,1,1983,0,0,0,0,0,0,0,0,0,0
290297,1,1,1983,0,0,0,0,0,0,0,0,0,0
290297,2,1,1983,5,5,5,5,5,5,5,5,5,5
290298,0,1,1983,16,16,16,16,16,16,16,16,16,16
290298,1,1,1983,12,17,16,27,16,16,7,16,19,15
290299,1,1,1983,16,5,13,7,16,13,0,7,27,28
290299,2,1,1983,18,18,18,18,18,18,18,18,18,18
290300,1,1,1983,19,9,17,32,18,15,0,8,15,6
290300,2,1,1983,0,0,7,0,0,6,0,1,0,0
290301,1,1,1983,4,0,0,0,20,0,0,0,0,0
290301,2,1,1983,0,0,0,0,0,0,0,0,0,0
290302,1,1,1983,0,8,0,0,0,0,0,6,15,0
290303,1,1,1983,0,18,0,0,0,7,0,0,0,0
290304,1,1,1983,16,0,0,0,0,0,0,0,0,0
290305,1,1,1983,0,0,0,0,0,9,0,0,0,0
290306,1,1,1983,4,4,4,4,4,4,4,4,4,4
290306,2,1,1983,20,9,17,0,23,14,22,17,0,23
290307,1,1,1983,17,10,16,14,8,8,19,3,14,12
290308,0,1,1983,0,0,0,0,0,0,0,0,0,0
290308,1,1,1983,8,8,8,8,8,8,8,8,8,8
290309,1,1,1983,9,15,23,17,29,13,17,10,39,23
290310,0,1,1983,0,0,0,0,0,32,0,0,0,0
290311,1,1,1983,0,0,0,0,0,0,0,0,0,0
290311,2,1,1983,0,0,0,0,0,0,0,0,0,0
290312,1,1,1983,9,0,11,0,19,0,22,23,16,12
290312,2,1,1983,0,0,0,0,0,0,0,0,0,0
290313,1,1,1983,14,0,0,0,0,0,0,0,0,0
290313,2,1,1983,0,0,0,0,0,0,0,0,0,0
290314,1,1,1983,0,18,0,31,9,19,32,0,9,0
290315,1,1,1983,13,17,0,20,22,27,26,15,16,18
290316,1,1,1983,15,0,0,9,8,19,5,0,4,17
290317,1,1,1983,26,0,0,22,20,17,16,25,30,25
290318,1,1,1983,16,16,16,16,16,16,16,16,16,16
290319,1,1,1983,0,0,0,0,0,0,0,0,0,0
290320,1,1,1983,18,18,18,18,18,18,18,18,18,18
290321,1,1,1983,16,11,26,21,18,0,0,0,0,24
290322,1,1,1983,6,0,0,0,12,0,0,0,4,19
290322,2,1,1983,12,25,15,16,0,19,22,13,18,20
290323,1,1,1983,18,10,4,7,0,9,23,21,7,12
290324,1,1,1983,21,21,21,21,21,21,21,21,21,21
290324,2,1,1983,11,11,11,11,11,11,11,11,11,11
290325,1,1,1983,23,23,23,23,23,23,23,23,23,23
290326,1,1,1983,0,42,0,0,0,22,0,15,0,0
290327,1,1,1983,0,0,0,0,0,0,0,0,0,0
290328,1,1,1983,17,23,20,19,10,21,0,12,28,16
290329,1,1,1983,3,3,3,3,3,3,3,3,3,3
290329,2,1,1983,19,0,0,0,0,0,0,0,0,0
290330,1,1,1983,21,11,0,0,19,0,17,22,0,21
290331,0,1,1983,0,0,0,0,0,0,0,0,0,0
290331,1,1,1983,0,0,0,0,0,0,0,0,22,0
290332,1,1,1983,0,2,0,0,0,0,0,0,0,0
290333,1,1,1983,13,13,13,13,13,13,13,13,13,13
290333,2,1,1983,0,0,0,0,0,0,0,0,0,0
290334,0,1,1983,0,0,0,0,0,0,0,0,0,0
290334,1,1,1983,0,0,0,0,0,0,0,0,0,0
290335,1,1,1983,21,21,21,21,21,21,21,21,21,21
290335,2,1,1983,0,0,0,0,0,0,0,0,0,0
290336,1,1,1983,37,30,13,28,30,24,13,25,24,11
290336,2,1,1983,0,0,0,0,0,0,0,0,5,0
290337,1,1,1983,14,14,14,14,14,14,14,14,14,14
290338,1,1,1983,13,19,10,34,0,0,20,24,0,0
290339,0,1,1983,0,0,0,0,0,0,0,0,0,0
290339,1,1,1983,0,0,0,0,0,0,0,0,0,0
290340,1,1,1983,0,0,0,0,0,0,0,0,0,0
290341,1,1,1983,0,0,0,0,0,0,0,0,0,0
290341,2,1,1983,0,0,0,0,0,0,0,10,0,0
290342,1,1,1983,17,20,7,8,13,3,21,7,31,15
290343,1,1,1983,0,0,0,0,0,0,0,0,0,0
290344,1,1,1983,0,0,0,0,0,0,0,0,0,0
290345,0,1,1983,0,35,21,0,11,19,0,5,17,35
290345,1,1,1983,0,0,0,9,0,0,0,0,0,0
290346,1,1,1983,10,5,23,35,22,20,19,24,3,5
290346,2,1,1983,8,0,18,8,22,3,8,25,9,5
290347,1,1,1983,0,0,0,0,0,0,7,13,0,0
290348,0,1,1983,0,0,0,0,0,0,0,0,0,0
290348,1,1,1983,0,0,0,0,0,0,0,0,0,0
290349,1,1,1983,0,15,0,0,0,0,0,0,0,0
290349,2,1,1983,0,0,0,20,0,0,0,0,0,0
290350,1,1,1983,0,0,0,0,0,21,0,0,0,14
290351,1,1,1983,0,0,0,0,0,0,0,0,0,0
290351,2,1,1983,0,0,19,0,0,11,0,15,0,0
290352,1,1,1983,0,0,0,0,0,0,0,0,0,0
290353,0,1,1983,13,11,0,0,0,0,24,24,31,0
290353,1,1,1983,0,0,0,0,0,0,0,0,0,0
290354,1,1,1983,0,0,0,0,0,0,0,0,0,0
290354,2,1,1983,0,21,0,0,0,0,0,0,0,0
290355,1,1,1983,0,0,0,0,0,0,0,0,0,0
290355,2,1,1983,0,0,0,0,0,0,0,0,0,0
290356,0,1,1983,0,0,0,0,0,17,0,0,0,0
290356,1,1,1983,0,0,0,0,0,0,0,0,0,0
290357,1,1,1983,0,0,0,0,0,0,0,0,0,0
290358,1,1,1983,0,0,0,12,19,0,0,0,0,0
290359,0,1,1983,0,0,0,0,30,0,0,0,0,0
290359,0,2,1983,0,0,0,0,0,0,0,0,0,0
290359,1,1,1983,0,0,0,0,0,0,0,0,6,0
290359,2,1,1983,0,0,0,0,0,0,0,0,0,0
290360,1,1,1983,0,0,0,0,0,0,28,0,0,0
290360,2,1,1983,0,0,0,0,0,0,0,0,0,0
290361,1,1,1983,24,24,24,24,24,24,24,24,24,24
290362,1,1,1983,22,27,37,25,8,29,20,0,18,13
290363,1,1,1983,0,11,0,0,13,0,0,0,26,8
290364,1,1,1983,0,0,0,0,0,0,0,0,0,0
290364,2,1,1983,0,0,0,0,0,0,0,0,0,0
290364,3,1,1983,0,0,0,0,0,0,0,0,0,0
290365,1,1,1983,0,0,0,0,0,27,0,0,14,0
290365,2,1,1983,0,0,14,0,0,32,0,14,0,0
290366,1,1,1983,13,23,13,10,28,26,7,30,19,13
290367,1,1,1983,21,21,21,21,21,21,21,21,21,21
290367,2,1,1983,0,0,0,0,0,0,0,0,0,0
290368,1,1,1983,0,15,6,13,26,20,18,20,21,17
290369,1,1,1983,0,0,0,0,5,0,0,0,15,0
290370,1,1,1983,0,21,6,22,0,0,9,12,0,12
290371,1,1,1983,0,0,0,0,0,0,0,0,0,0
290371,2,1,1983,0,0,0,0,0,0,0,0,0,0
290372,1,1,1983,0,0,0,0,0,0,0,0,0,0
290372,2,1,1983,0,0,0,0,0,0,0,0,0,0
290373,1,1,1983,0,0,0,0,0,0,0,0,0,0
290373,2,1,1983,0,0,16,0,0,12,0,0,0,0
290374,1,1,1983,0,0,0,0,0,0,0,0,0,0
290375,1,1,1983,20,21,0,0,18,0,0,19,0,0
290376,1,1,1983,0,0,0,0,0,0,29,0,0,0
290376,2,1,1983,10,10,10,10,10,10,10,10,10,10
290377,1,1,1983,0,0,0,20,0,0,0,0,0,0
290378,1,1,1983,0,0,0,0,9,0,0,0,0,0
290378,2,1,1983,0,0,0,0,0,0,0,0,0,0
290379,1,1,1983,0,4,0,0,0,0,0,0,0,0
290379,2,1,1983,35,9,0,7,17,11,11,11,9,8
290380,1,1,1983,0,0,0,0,0,0,0,0,0,0
290380,2,1,1983,0,0,0,0,0,0,0,0,0,0
290381,0,1,1983,0,0,0,0,0,0,0,0,0,0
290381,1,1,1983,0,0,0,0,0,0,0,0,0,0
290382,0,1,1983,0,0,0,0,0,0,0,0,0,0
290382,1,1,1983,0,0,0,0,0,0,0,0,7,0
290383,1,1,1983,0,0,6,0,0,0,0,0,0,0
290384,0,1,1983,0,6,0,5,12,0,10,0,0,0
290384,0,2,1983,0,15,0,19,0,9,17,24,24,0
290384,1,1,1983,8,20,24,18,15,18,25,18,10,21
290385,1,1,1983,0,0,9,18,20,37,0,22,12,22
290386,1,1,1983,0,0,0,0,0,25,0,7,0,0
290386,2,1,1983,15,8,0,0,0,21,15,16,0,0
290387,1,1,1983,0,0,0,0,18,0,21,0,11,14
290388,1,1,1983,21,12,4,12,12,15,33,9,9,8
290389,1,1,1983,0,0,0,0,0,17,8,0,0,21
290390,0,1,1983,0,0,0,0,0,0,0,0,0,0
290390,0,2,1983,0,0,0,0,0,0,0,0,0,0
290390,1,1,1983,0,0,0,0,0,0,0,0,0,19
290391,0,1,1983,0,14,0,11,0,10,9,0,0,8
290391,1,1,1983,0,6,5,0,7,0,15,25,0,2
290392,1,1,1983,0,0,6,0,0,0,0,0,0,0
290392,2,1,1983,14,14,14,14,14,14,14,14,14,14
290393,1,1,1983,12,13,19,29,0,17,0,24,12,31
290394,1,1,1983,0,11,0,31,0,16,0,0,11,0
290395,1,1,1983,0,0,0,0,0,0,0,0,0,0
290395,2,1,1983,0,0,0,0,0,0,0,0,23,0
290396,1,1,1983,19,19,19,19,19,19,19,19,19,19
290397,1,1,1983,11,11,11,11,11,11,11,11,11,11
290398,1,1,1983,19,26,17,13,18,12,5,23,9,13
290399,1,1,1983,12,29,16,10,7,6,32,31,10,8
290400,1,1,1983,18,0,29,21,16,0,15,6,0,23
290401,0,1,1983,0,0,0,0,0,0,0,0,0,0
290401,1,1,1983,0,0,0,0,0,0,0,0,0,0
290402,0,1,1983,31,0,0,0,0,0,0,23,0,5
290402,1,1,1983,0,0,0,0,0,0,0,0,0,0
290403,1,1,1983,21,10,15,28,17,21,21,19,15,3
290404,1,1,1983,0,0,37,20,19,0,0,22,0,0
290405,1,1,1983,0,0,0,0,0,0,18,0,0,0
290406,1,1,1983,0,0,12,0,0,0,11,0,0,0
290406,2,1,1983,0,0,0,0,0,0,0,0,0,0
290406,3,1,1983,15,0,0,0,0,0,0,0,0,0
290407,1,1,1983,19,19,19,19,19,19,19,19,19,19
290407,2,1,1983,0,0,0,0,0,20,0,0,0,0
290408,1,1,1983,0,0,0,0,0,0,0,0,0,4
290409,1,1,1983,0,0,0,0,0,0,0,0,0,0
290409,2,1,1983,4,8,0,12,0,28,22,21,0,0
290410,1,1,1983,0,0,0,0,0,0,0,0,0,0
290411,1,1,1983,39,0,0,33,20,0,0,0,0,0
290412,1,1,1983,0,0,0,0,0,0,0,16,0,0
290412,2,1,1983,26,26,26,26,26,26,26,26,26,26
290413,1,1,1983,30,30,30,30,30,30,30,30,30,30
290413,2,1,1983,16,0,0,0,0,0,0,0,13,0
290414,1,1,1983,26,12,27,23,17,20,12,35,28,30
290415,1,1,1983,0,0,0,0,0,0,22,0,0,0
290415,2,1,1983,0,0,0,0,0,0,0,0,0,0
290415,3,1,1983,0,0,0,0,0,0,0,0,0,0
290415,4,1,1983,0,0,0,0,0,0,0,0,0,0
290416,0,1,1983,26,26,26,26,26,26,26,26,26,26
290416,1,1,1983,13,0,0,0,0,0,0,0,0,0
290417,1,1,1983,0,4,0,21,0,0,0,0,0,0
290417,2,1,1983,0,0,0,0,0,0,0,9,0,0
290418,1,1,1983,12,12,12,12,12,12,12,12,12,12
290419,1,1,1983,32,0,0,0,0,0,0,0,0,0
290419,2,1,1983,0,0,0,0,0,0,0,0,0,0
290420,1,1,1983,7,23,14,0,7,32,17,13,0,22
290421,1,1,1983,0,0,0,0,9,7,7,0,0,27
290421,2,1,1983,0,0,0,0,0,20,0,0,0,11
290422,1,1,1983,0,0,27,0,0,0,0,0,0,0
290423,1,1,1983,0,0,0,0,0,11,0,0,0,0
290423,2,1,1983,0,0,0,0,0,0,0,0,0,0
290423,3,1,1983,0,0,0,0,17,0,0,0,0,0
290424,1,1,1983,12,0,15,18,0,9,0,0,0,0
290424,2,1,1983,0,16,13,0,0,0,0,0,0,0
290425,1,1,1983,18,27,13,12,23,12,11,10,0,13
290426,1,1,1983,27,27,27,27,27,27,27,27,27,27
290427,1,1,1983,0,0,0,0,0,0,0,0,0,0
290427,2,1,1983,0,0,0,0,0,0,0,0,0,0
290428,1,1,1983,0,0,19,32,0,0,0,17,21,12
290428,2,1,1983,21,16,17,11,21,11,14,30,17,15
290429,1,1,1983,0,0,0,0,0,0,0,0,0,0
290430,1,1,1983,0,0,0,0,0,0,31,0,0,0
290430,2,1,1983,0,0,0,0,0,0,0,0,0,0
290431,1,1,1983,0,5,0,0,0,0,0,0,0,3
290432,0,1,1983,0,0,0,0,0,0,0,0,0,0
290432,1,1,1983,0,0,0,0,0,0,0,0,0,0
290433,0,1,1983,23,23,23,23,23,23,23,23,23,23
290433,1,1,1983,0,0,0,0,0,0,0,0,0,0
290434,1,1,1983,0,0,0,0,0,0,0,0,0,0
290434,2,1,1983,0,26,0,0,0,0,0,0,0,0
290435,1,1,1983,12,17,24,14,13,14,15,32,19,10
290436,1,1,1983,15,0,13,11,18,0,0,0,0,16
290436,2,1,1983,0,0,0,0,0,0,0,0,0,0
290437,1,1,1983,0,0,0,0,0,0,0,0,0,0
290437,2,1,1983,0,0,0,0,0,0,0,0,0,0
290438,1,1,1983,21,20,0,15,28,8,7,17,0,32
290439,1,1,1983,14,13,13,24,8,30,30,9,11,13
290440,1,1,1983,0,0,0,0,0,0,0,0,0,0
290440,2,1,1983,0,0,0,0,0,0,0,0,0,0
290442,0,1,1983,0,0,0,0,42,0,0,0,0,0
290442,1,1,1983,0,0,0,0,0,0,0,0,0,0