ST_CASE,VEH_NO,PER_NO,YEAR,P1,P2,P3,P4,P5,P6,P7,P8,P9,P10
290443,1,1,1983,15,15,15,15,15,15,15,15,15,15
290444,1,1,1983,0,0,0,0,0,0,0,7,0,0
290445,1,1,1983,28,28,28,28,28,28,28,28,28,28
290445,2,1,1983,0,0,0,0,0,0,0,0,0,0
290445,3,1,1983,0,0,0,0,0,0,0,0,0,0
290445,4,1,1983,0,0,0,0,0,0,0,0,0,0
290446,1,1,1983,14,15,23,35,20,14,18,9,4,24
290447,1,1,1983,0,0,0,0,0,0,0,0,0,0
290447,2,1,1983,0,0,0,0,0,0,0,0,0,0
290448,1,1,1983,0,0,0,0,0,0,0,0,0,0
290448,2,1,1983,0,0,0,0,0,0,0,0,0,0
290449,1,1,1983,7,7,7,7,7,7,7,7,7,7
290449,2,1,1983,0,0,0,0,0,0,5,0,0,0
290450,1,1,1983,0,0,0,0,0,0,0,0,0,18
290451,1,1,1983,0,0,0,0,14,5,0,0,0,0
290452,1,1,1983,6,5,14,0,12,17,0,11,0,20
290453,1,1,1983,0,0,0,0,0,0,0,0,0,11
290454,1,1,1983,12,22,19,29,16,16,16,9,0,3
290454,2,1,1983,0,0,0,0,0,0,0,0,0,0
290455,1,1,1983,0,0,0,0,20,0,0,0,0,0
290456,1,1,1983,6,11,11,33,7,0,7,15,18,24
290456,2,1,1983,7,6,19,13,0,0,0,26,18,0
290457,1,1,1983,0,14,0,0,12,0,0,0,0,0
290457,2,1,1983,13,9,15,5,11,13,28,18,29,17
290458,1,1,1983,14,20,25,7,13,15,25,28,9,0
290459,1,1,1983,30,6,0,19,19,12,11,7,14,28
290460,0,1,1983,0,0,0,0,0,0,0,0,0,0
290460,1,1,1983,0,0,0,0,0,16,0,0,0,0
290461,0,1,1983,0,0,0,0,0,0,0,0,0,0
290461,1,1,1983,0,0,0,0,0,0,0,0,0,0
290462,1,1,1983,30,9,14,21,10,34,15,12,30,24
290463,1,1,1983,33,19,33,19,19,19,0,13,12,19
290464,1,1,1983,14,13,11,11,20,10,16,0,15,17
290464,2,1,1983,0,0,0,0,0,0,0,0,0,0
290464,3,1,1983,0,0,0,19,4,0,0,0,0,0
290464,4,1,1983,0,0,0,0,0,0,8,0,0,18
290465,1,1,1983,6,0,36,3,20,12,0,18,14,15
290466,1,1,1983,10,0,0,0,0,12,10,19,0,20
290467,1,1,1983,0,0,0,0,0,0,0,0,0,0
290467,2,1,1983,0,0,0,0,0,0,0,0,0,0
290468,1,1,1983,0,0,0,0,0,0,0,0,0,0
290468,2,1,1983,0,0,0,0,0,0,0,0,0,0
290469,1,1,1983,17,15,0,22,0,0,0,0,0,10
290470,1,1,1983,0,0,0,0,0,0,0,0,0,0
290470,2,1,1983,0,0,0,0,0,0,0,0,0,0
290471,1,1,1983,15,4,0,38,14,12,0,15,18,12
290472,1,1,1983,0,0,0,0,0,0,0,0,0,0
290472,2,1,1983,0,18,0,0,0,0,16,0,13,0
290473,1,1,1983,0,0,0,14,20,0,0,0,0,0
290473,2,1,1983,0,0,0,0,0,0,0,0,0,0
290474,0,1,1983,16,0,0,19,0,0,0,0,20,33
290474,0,2,1983,10,22,13,19,45,11,30,0,28,18
290474,1,1,1983,12,21,11,16,8,12,20,8,5,12
290475,1,1,1983,0,0,0,0,0,0,0,0,0,0
290475,2,1,1983,0,0,0,0,0,0,0,0,0,0
290476,0,1,1983,21,31,17,28,39,9,0,24,10,41
290476,1,1,1983,12,2,12,12,15,9,21,18,25,26
290477,1,1,1983,0,0,0,0,0,0,0,0,0,0
290478,1,1,1983,7,8,15,22,7,8,10,17,5,18
290478,2,1,1983,0,0,0,0,0,0,0,0,9,0
290478,3,1,1983,0,0,0,0,0,0,0,0,0,0
290478,4,1,1983,0,0,0,0,0,0,0,0,0,0
290478,5,1,1983,0,0,0,0,0,0,0,0,0,0
290479,1,1,1983,16,0,0,0,0,0,13,0,0,0
290479,2,1,1983,0,0,0,0,13,0,0,0,0,0
290480,1,1,1983,21,0,4,12,21,9,0,38,23,45
290481,1,1,1983,0,0,0,0,0,0,0,0,0,0
290481,2,1,1983,0,0,0,0,0,0,0,0,0,0
290482,1,1,1983,8,10,18,10,21,0,0,25,16,10
290483,1,1,1983,16,24,0,12,15,13,7,15,18,11
290484,1,1,1983,0,0,0,0,0,0,0,0,0,0
290484,2,1,1983,0,0,0,0,0,0,0,0,0,0
290485,1,1,1983,13,18,31,22,26,16,18,10,12,7
290486,1,1,1983,1,1,1,1,1,1,1,1,1,1
290486,2,1,1983,0,0,0,12,2,12,0,0,0,0
290487,1,1,1983,0,0,0,0,0,0,0,0,0,0
290488,1,1,1983,11,11,11,11,11,11,11,11,11,11
290488,2,1,1983,17,0,16,0,0,14,27,0,21,5
290488,3,1,1983,21,21,21,21,21,21,21,21,21,21
290489,1,1,1983,0,13,18,8,14,15,13,9,14,0
290490,1,1,1983,24,6,3,7,14,0,12,0,15,13
290491,1,1,1983,0,0,0,24,19,34,16,39,14,33
290491,2,1,1983,10,7,6,5,12,3,12,14,10,0
290492,1,1,1983,14,14,14,14,14,14,14,14,14,14
290493,1,1,1983,12,18,27,11,19,0,10,11,34,10
290494,0,1,1983,18,18,18,18,18,18,18,18,18,18
290494,1,1,1983,6,29,5,0,12,20,9,7,7,13
290495,1,1,1983,0,0,0,0,0,0,0,0,0,0
290495,2,1,1983,0,0,0,0,0,0,0,0,0,0
290496,1,1,1983,0,0,0,0,0,0,0,0,0,0
290496,2,1,1983,0,0,0,0,0,0,0,0,0,0
290497,1,1,1983,0,0,0,0,0,0,0,0,0,0
290497,2,1,1983,0,0,0,0,0,0,0,0,0,0
290497,3,1,1983,0,0,0,0,0,0,0,0,0,0
290498,0,1,1983,0,0,0,0,5,30,0,0,0,0
290498,1,1,1983,23,25,11,6,5,22,18,13,11,8
290499,0,1,1983,0,26,0,0,5,18,0,0,0,0
290499,1,1,1983,0,0,0,0,0,0,0,0,0,0
290500,1,1,1983,0,0,0,0,11,0,0,0,0,0
290500,2,1,1983,0,11,0,0,0,0,0,0,0,7
290500,3,1,1983,0,0,15,0,0,0,0,0,0,0
290501,1,1,1983,0,0,0,0,0,0,0,0,0,0
290501,2,1,1983,0,0,7,0,0,0,0,0,0,0
290502,1,1,1983,11,11,11,11,11,11,11,11,11,11
290502,2,1,1983,0,0,0,0,0,0,0,19,0,0
290503,1,1,1983,15,0,12,8,29,16,29,14,7,13
290504,1,1,1983,0,0,0,0,0,0,0,0,0,0
290505,1,1,1983,28,28,28,28,28,28,28,28,28,28
290505,2,1,1983,0,0,0,0,0,8,0,0,0,0
290506,1,1,1983,0,0,0,0,0,0,0,0,0,0
290507,1,1,1983,0,0,0,0,0,0,0,0,0,0
290507,2,1,1983,0,0,0,0,0,0,0,0,0,0
290508,1,1,1983,31,0,16,0,9,22,0,10,17,13
290509,1,1,1983,5,12,16,9,25,11,3,18,32,7
290509,2,1,1983,0,0,0,0,0,17,0,0,12,0
290510,1,1,1983,0,29,15,0,0,0,0,0,14,0
290510,2,1,1983,0,10,0,0,0,0,0,0,0,0
290511,1,1,1983,0,0,0,0,0,0,0,0,0,0
290511,2,1,1983,0,0,0,0,13,0,0,0,0,14
290512,1,1,1983,15,15,15,15,15,15,15,15,15,15
290513,1,1,1983,21,0,27,22,0,19,0,18,0,7
290514,1,1,1983,0,24,12,24,20,12,0,0,0,14
290514,2,1,1983,0,0,0,0,0,0,0,0,0,0
290515,1,1,1983,9,9,9,9,9,9,9,9,9,9
290516,1,1,1983,0,0,0,0,0,0,0,0,0,0
290517,1,1,1983,0,0,0,0,25,0,0,0,0,26
290518,1,1,1983,16,18,24,28,10,8,0,19,0,11
290518,2,1,1983,0,5,0,0,0,0,0,0,0,0
290519,1,1,1983,0,22,0,0,0,0,0,0,0,0
290520,1,1,1983,0,0,0,27,0,0,0,0,0,0
290520,2,1,1983,0,0,22,0,0,17,0,4,0,0
290521,1,1,1983,26,8,13,20,29,10,16,0,15,20
290522,1,1,1983,11,11,11,11,11,11,11,11,11,11
290523,1,1,1983,15,15,15,15,15,15,15,15,15,15
290524,1,1,1983,18,18,18,18,18,18,18,18,18,18
290525,1,1,1983,11,14,13,18,7,12,17,14,6,15
290526,1,1,1983,21,21,21,21,21,21,21,21,21,21
290527,1,1,1983,24,25,17,10,10,25,15,17,12,9
290528,1,1,1983,26,26,26,26,26,26,26,26,26,26
290529,1,1,1983,8,14,7,14,10,21,31,8,31,12
290530,1,1,1983,14,14,14,14,14,14,14,14,14,14
290531,1,1,1983,17,25,21,23,11,0,18,13,20,35
290532,1,1,1983,0,8,0,15,12,17,0,0,10,4
290532,2,1,1983,0,0,0,0,0,0,0,0,0,0
290533,1,1,1983,0,0,0,0,0,0,0,0,0,0
290533,2,1,1983,19,0,0,12,0,0,0,0,0,0
290534,1,1,1983,3,12,20,14,21,0,13,6,0,23
290535,1,1,1983,15,15,15,15,15,15,15,15,15,15
290535,2,1,1983,0,0,24,0,0,0,0,0,0,0
290536,1,1,1983,0,15,0,9,18,10,16,8,15,0
290537,1,1,1983,0,0,0,0,0,0,0,0,0,0
290537,2,1,1983,0,0,0,0,0,0,0,0,0,0
290538,0,1,1983,0,0,0,0,0,0,0,0,0,0
290538,1,1,1983,0,0,0,0,0,7,0,0,0,0
290539,1,1,1983,22,22,22,22,22,22,22,22,22,22
290540,0,1,1983,0,29,0,0,8,14,18,19,26,15
290540,1,1,1983,0,18,0,0,11,0,0,0,0,0
290541,1,1,1983,27,25,0,7,40,9,0,0,18,20
290542,1,1,1983,21,14,18,11,22,27,22,4,23,9
290543,1,1,1983,26,0,0,0,0,0,0,0,0,0
290543,2,1,1983,0,15,0,0,0,14,20,0,0,16
290544,1,1,1983,7,0,0,13,0,0,0,0,0,0
290544,2,1,1983,14,14,14,14,14,14,14,14,14,14
290545,1,1,1983,22,22,22,22,22,22,22,22,22,22
290546,1,1,1983,0,0,0,0,0,0,0,0,0,0
290546,2,1,1983,0,10,0,0,0,0,0,0,0,0
290546,3,1,1983,0,0,19,0,0,12,0,0,24,26
290547,1,1,1983,17,0,12,0,15,0,24,0,0,13
290548,1,1,1983,21,21,21,21,21,21,21,21,21,21
290549,1,1,1983,10,14,0,0,3,0,13,10,19,0
290550,1,1,1983,0,0,0,0,0,0,0,0,0,0
290550,2,1,1983,7,7,7,7,7,7,7,7,7,7
290551,1,1,1983,22,17,0,12,17,11,12,14,24,14
290552,1,1,1983,13,9,0,9,25,0,21,12,19,18
290552,2,1,1983,0,8,0,0,4,0,24,16,0,5
290553,1,1,1983,13,37,19,0,38,35,21,31,0,15
290554,1,1,1983,0,0,0,0,0,0,0,0,0,0
290555,1,1,1983,0,0,0,0,0,0,0,0,0,0
290555,2,1,1983,20,22,31,0,20,16,0,0,0,0
290556,1,1,1983,0,0,0,0,0,0,0,0,0,0
290556,2,1,1983,0,0,0,0,0,0,0,0,7,0
290557,1,1,1983,0,0,0,0,0,0,0,0,11,0
290557,2,1,1983,0,0,0,0,0,0,0,0,0,0
290558,1,1,1983,8,20,15,23,11,6,8,26,26,27
290559,1,1,1983,0,25,18,23,21,29,15,13,30,21
290560,1,1,1983,0,0,0,0,0,0,0,0,0,0
290560,2,1,1983,0,0,0,0,0,0,0,0,0,0
290561,1,1,1983,0,0,0,0,0,0,0,0,5,0
290561,2,1,1983,0,0,0,0,0,0,0,0,0,0
290561,3,1,1983,0,0,0,0,0,0,0,16,0,0
290562,1,1,1983,20,6,0,5,0,0,0,0,0,18
290563,1,1,1983,4,19,18,18,29,17,15,10,32,8
290564,1,1,1983,0,0,0,0,0,0,0,0,0,0
290564,2,1,1983,0,0,0,0,0,0,0,0,0,0
290565,1,1,1983,12,11,33,32,7,10,10,20,8,18
290565,2,1,1983,0,0,0,20,14,6,18,4,28,6
290566,1,1,1983,12,12,12,12,12,12,12,12,12,12
290567,1,1,1983,13,3,2,10,17,32,11,12,17,9
290568,1,1,1983,20,11,21,0,8,14,0,26,27,8
290569,1,1,1983,0,0,0,0,0,0,0,0,0,0
290569,2,1,1983,0,0,0,0,0,0,0,0,0,0
290570,1,1,1983,0,0,0,26,0,0,0,0,0,0
290570,2,1,1983,0,24,0,0,0,0,0,0,0,0
290571,1,1,1983,0,0,0,0,0,0,0,0,0,0
290571,2,1,1983,0,0,0,0,0,0,0,0,0,0
290572,1,1,1983,0,0,0,0,0,0,0,0,0,0
290573,1,1,1983,11,20,22,10,17,18,14,15,23,17
290573,2,1,1983,0,0,18,0,0,0,0,7,0,0
290574,1,1,1983,0,20,13,0,9,0,0,0,0,20
290574,2,1,1983,0,0,0,0,0,0,0,0,0,0
290574,3,1,1983,0,0,0,0,0,0,0,0,0,0
290575,1,1,1983,0,0,6,0,20,0,9,0,27,0
290576,1,1,1983,0,7,0,0,15,0,0,0,3,0
290576,2,1,1983,0,0,0,0,0,0,0,0,0,0
290577,0,1,1983,0,0,0,0,0,0,0,0,0,0
290577,1,1,1983,0,26,13,11,15,10,15,16,11,16
290578,1,1,1983,8,58,0,14,0,0,22,0,16,31
290578,2,1,1983,31,0,0,0,0,0,0,0,0,0
290578,3,1,1983,0,0,0,0,0,0,0,0,0,0
290579,1,1,1983,19,0,0,0,0,0,0,0,15,0
290579,2,1,1983,14,0,0,0,0,0,0,0,0,0
290580,1,1,1983,22,22,22,22,22,22,22,22,22,22
290580,2,1,1983,0,0,0,0,0,0,0,0,0,0
290581,1,1,1983,0,15,0,0,11,24,27,0,0,0
290581,2,1,1983,5,15,0,0,17,0,9,5,11,0
290582,1,1,1983,28,24,9,13,4,21,29,22,15,15
290583,1,1,1983,0,0,14,6,0,0,0,0,0,0
290584,1,1,1983,18,0,20,0,0,0,22,0,31,0
290585,0,1,1983,22,22,22,22,22,22,22,22,22,22
290585,1,1,1983,0,0,16,0,0,36,0,12,24,15
290586,1,1,1983,0,0,0,0,0,0,0,0,0,0
290587,1,1,1983,0,0,0,0,0,0,0,0,0,12
290587,2,1,1983,0,0,0,0,0,0,0,0,0,0
290587,3,1,1983,0,0,0,0,0,0,0,0,0,0
290588,1,1,1983,14,0,0,0,18,0,0,0,0,23
290589,1,1,1983,0,0,0,0,4,0,0,0,0,0
290589,2,1,1983,0,0,0,0,13,0,0,2,0,0
290590,1,1,1983,3,3,3,3,3,3,3,3,3,3
290591,1,1,1983,26,0,0,9,11,24,20,22,17,24
290592,0,1,1983,0,0,0,0,0,0,0,0,0,0
290592,1,1,1983,0,0,0,0,0,0,0,0,0,0
290593,1,1,1983,0,0,0,0,0,1,15,0,0,0
290593,2,1,1983,0,0,0,0,0,0,0,0,0,0
290594,1,1,1983,0,0,0,0,0,0,0,0,0,0
290595,1,1,1983,21,21,21,21,21,21,21,21,21,21
290596,1,1,1983,9,20,15,18,23,19,16,10,22,7
290597,1,1,1983,7,19,48,6,14,18,0,0,0,18
290598,1,1,1983,17,1,22,8,15,25,18,13,5,7
290598,2,1,1983,10,0,0,0,0,15,8,29,21,26
290599,1,1,1983,22,22,22,22,22,22,22,22,22,22
290600,1,2,1983,25,14,18,22,18,16,21,22,5,13
290601,1,1,1983,0,35,0,0,22,20,21,0,11,0
290602,1,1,1983,21,21,21,21,21,21,21,21,21,21
290603,1,1,1983,30,7,29,21,7,28,6,12,12,13
290603,2,1,1983,0,0,0,0,0,0,0,0,0,0
290604,1,1,1983,21,21,21,21,21,21,21,21,21,21
290605,1,1,1983,0,0,0,0,0,0,0,0,0,0
290605,2,1,1983,0,0,0,3,25,0,29,0,0,0
290606,1,1,1983,0,0,0,0,0,0,0,0,0,0
290607,1,1,1983,23,22,9,26,6,0,0,13,13,24
290608,1,1,1983,16,22,9,15,14,10,22,5,11,15
290609,1,1,1983,23,0,0,0,0,0,0,0,0,0
290609,2,1,1983,36,0,0,0,0,0,0,0,0,0
290610,1,1,1983,17,17,17,17,17,17,17,17,17,17
290611,1,1,1983,13,13,13,13,13,13,13,13,13,13
290612,0,1,1983,0,25,0,38,0,0,14,0,0,0
290612,1,1,1983,0,0,0,0,0,0,13,0,0,0
290613,1,1,1983,25,25,25,25,25,25,25,25,25,25
290614,1,1,1983,16,0,0,0,14,0,0,11,40,0
290615,1,1,1983,21,5,18,18,0,0,6,24,2,13
290616,1,1,1983,20,21,18,21,17,0,22,7,28,10
290617,1,1,1983,29,29,29,29,29,29,29,29,29,29
290618,1,1,1983,0,0,0,0,0,0,0,0,0,0
290618,2,1,1983,0,0,0,0,0,0,0,0,0,0
290619,1,1,1983,0,21,0,15,19,0,3,0,0,22
290620,1,1,1983,0,0,0,0,0,0,0,0,0,0
290620,2,1,1983,0,0,0,0,0,0,0,0,0,0
290621,0,1,1983,0,0,7,0,22,0,0,0,0,0
290621,1,1,1983,0,0,0,0,0,0,0,0,0,0
290622,1,1,1983,19,0,0,0,0,0,0,0,10,0
290623,1,1,1983,0,0,0,0,0,0,0,0,0,0
290623,2,1,1983,0,0,0,0,0,0,0,0,0,0
290624,0,1,1983,0,0,0,0,14,0,0,0,0,0
290624,1,1,1983,0,0,0,0,0,0,0,17,0,0
290625,0,1,1983,0,0,0,0,0,0,0,0,0,0
290625,1,1,1983,0,0,0,0,0,0,0,0,12,0
290626,1,1,1983,0,0,0,0,0,0,0,0,0,0
290626,2,1,1983,0,17,0,0,0,13,0,0,0,0
290627,1,1,1983,0,0,0,0,0,0,0,0,0,0
290627,2,1,1983,0,0,0,0,0,0,0,0,0,0
290628,1,1,1983,2,2,2,2,2,2,2,2,2,2
290629,1,1,1983,22,24,28,25,0,22,0,14,0,25
290629,2,1,1983,12,11,7,0,18,11,13,0,4,28
290630,1,1,1983,23,16,25,32,32,36,0,4,9,30
290631,1,1,1983,0,0,0,0,0,0,0,0,0,0
290632,0,1,1983,12,0,0,0,0,0,0,0,0,0
290632,1,1,1983,0,0,0,0,0,0,0,0,0,0
290633,1,1,1983,0,0,0,0,0,0,0,0,0,0
290633,2,1,1983,0,0,0,0,0,0,13,0,0,8
290634,1,1,1983,33,0,18,26,29,14,18,18,37,35
290635,1,1,1983,15,0,0,10,0,0,0,7,8,0
290636,1,1,1983,23,19,19,12,23,0,12,33,0,0
290637,1,1,1983,10,16,0,0,11,0,18,12,0,0
290638,1,1,1983,12,17,14,28,25,24,15,22,18,15
290639,1,1,1983,0,0,0,0,0,0,0,0,0,0
290639,2,1,1983,0,5,0,0,0,0,0,0,0,0
290639,3,1,1983,0,0,0,0,0,0,0,0,0,0
290640,0,1,1983,15,0,26,0,0,0,27,0,0,11
290640,1,1,1983,4,0,6,0,18,0,0,0,17,0
290641,1,1,1983,0,0,0,0,0,0,0,14,0,0
290641,2,1,1983,0,0,0,0,0,0,14,8,0,0
290642,1,1,1983,16,0,3,10,11,0,0,11,17,0
290642,2,1,1983,0,0,0,0,0,20,0,0,0,0
290643,1,1,1983,10,28,4,16,6,12,15,8,8,19
290644,1,1,1983,0,0,0,0,0,0,0,0,0,0
290644,2,1,1983,0,0,0,0,30,11,0,9,11,0
290645,1,1,1983,0,0,0,0,0,0,0,0,0,0
290645,2,1,1983,0,0,0,0,0,0,0,0,0,0
290646,1,1,1983,17,17,17,17,17,17,17,17,17,17
290647,1,1,1983,14,0,18,14,28,11,14,21,14,17
290647,2,1,1983,0,19,0,0,15,0,24,0,0,32
290648,1,1,1983,16,16,16,16,16,16,16,16,16,16
290649,0,1,1983,0,2,21,16,9,6,0,14,11,40
290649,1,1,1983,0,0,0,0,0,0,0,7,0,0
290650,1,1,1983,8,12,8,7,28,11,8,21,9,10
290651,1,1,1983,16,9,24,13,7,8,13,14,9,4
290652,1,1,1983,7,23,28,0,25,15,0,14,19,0
290653,1,1,1983,0,0,0,0,0,0,0,0,0,0
290653,2,1,1983,0,0,15,0,11,0,10,13,9,0
290654,1,1,1983,0,16,0,0,0,0,16,29,0,0
290655,1,1,1983,0,0,0,0,0,0,0,0,0,0
290655,2,1,1983,0,0,0,0,0,0,0,0,0,0
290656,1,1,1983,0,19,0,0,10,27,15,31,17,20
290657,1,1,1983,27,13,22,9,34,18,19,32,15,22
290658,1,1,1983,0,0,0,0,0,0,0,0,0,0
290658,2,1,1983,0,0,0,0,0,0,0,0,30,0
290659,0,1,1983,0,30,0,24,0,0,0,0,30,41
290659,1,1,1983,0,0,0,0,0,0,0,0,0,0
290660,0,1,1983,21,21,21,21,21,21,21,21,21,21
290660,1,1,1983,0,0,0,0,0,0,0,0,0,0
290661,1,1,1983,30,0,0,0,27,17,6,0,19,0
290662,1,1,1983,0,0,0,0,0,0,0,0,0,6
290662,2,1,1983,17,17,17,17,17,17,17,17,17,17
290663,1,1,1983,0,0,0,0,4,8,0,0,0,0
290663,2,1,1983,0,0,0,0,0,0,0,9,0,0
290664,1,1,1983,0,0,0,0,0,0,0,0,0,0
290665,1,1,1983,28,15,27,34,15,27,9,6,17,9
290665,2,1,1983,0,0,0,0,0,14,0,0,0,0
290665,3,1,1983,0,9,18,9,22,16,0,0,0,0
290665,4,1,1983,0,0,0,0,0,0,7,0,0,0
290666,1,1,1983,0,14,0,0,0,0,0,0,0,0
290667,1,1,1983,0,0,0,0,0,0,0,23,0,0
290667,2,1,1983,0,0,0,0,0,0,0,0,0,0
290668,1,1,1983,8,7,7,22,15,16,5,8,19,0
290669,0,1,1983,0,0,0,0,0,0,0,0,0,0
290669,1,1,1983,0,19,0,0,0,0,0,0,0,0
290670,1,1,1983,0,21,14,16,21,21,18,20,32,6
290670,2,1,1983,0,0,0,22,0,0,0,0,0,0
290671,1,1,1983,0,0,0,0,0,0,0,0,0,0
290671,2,1,1983,15,15,15,15,15,15,15,15,15,15
290672,1,1,1983,25,12,20,32,28,26,13,14,0,8
290673,1,1,1983,0,0,0,0,0,21,0,21,0,0
290673,2,1,1983,0,0,0,0,15,0,0,0,0,0
290674,1,1,1983,28,17,37,14,16,18,9,8,0,0
290675,1,1,1983,0,0,0,0,0,0,0,0,0,0
290675,2,1,1983,0,0,0,0,0,0,0,0,0,0
290676,1,1,1983,15,17,24,7,6,14,14,4,20,13
290676,2,1,1983,0,0,0,0,0,0,12,0,13,0
290677,0,1,1983,16,7,0,21,0,35,0,0,0,18
290677,1,1,1983,0,0,0,0,0,13,0,0,0,0
290678,1,1,1983,0,0,16,0,0,0,0,0,0,0
290678,2,1,1983,0,0,0,0,0,0,0,0,0,0
290678,3,1,1983,0,0,0,0,0,0,0,0,0,0
290679,1,1,1983,0,0,21,3,0,0,0,0,0,0
290680,1,1,1983,26,26,26,26,26,26,26,26,26,26
290681,0,1,1983,0,22,23,30,40,52,0,0,20,0
290681,1,1,1983,0,22,0,15,14,18,25,15,0,0
290682,1,1,1983,23,23,23,23,23,23,23,23,23,23
290683,1,1,1983,0,0,0,0,24,0,0,0,0,0
290683,2,1,1983,0,0,0,0,0,0,0,0,0,0
290683,3,1,1983,0,0,0,0,0,0,0,0,0,0
290684,1,1,1983,21,0,32,0,17,22,18,31,32,18
290685,0,1,1983,18,18,18,18,18,18,18,18,18,18
290685,1,1,1983,0,0,0,0,0,0,0,0,0,0
290686,1,1,1983,0,0,0,0,0,0,0,0,0,0
290687,1,1,1983,0,0,0,0,0,0,0,0,0,0
290687,2,1,1983,15,15,15,15,15,15,15,15,15,15
290688,1,1,1983,0,0,0,0,0,0,0,0,0,0
290688,2,1,1983,0,0,0,0,24,19,0,13,0,0
290689,1,1,1983,12,11,9,15,11,10,6,15,16,16
290690,1,1,1983,0,0,0,0,0,0,0,0,0,0
290691,1,1,1983,0,0,0,0,0,0,0,0,0,0
290692,1,1,1983,20,20,20,20,20,20,20,20,20,20
290692,2,1,1983,0,0,0,0,0,0,0,0,0,0
290693,0,1,1983,0,0,0,12,0,20,0,0,0,0
290693,1,1,1983,0,0,0,0,0,0,0,0,0,0
290694,1,1,1983,0,0,0,0,0,0,0,0,0,0
290694,2,1,1983,0,0,0,0,0,0,0,0,0,0
290695,0,1,1983,0,24,31,0,0,17,21,0,0,0
290695,1,1,1983,11,11,11,11,11,11,11,11,11,11
290696,1,1,1983,0,0,0,0,0,0,0,0,0,0
290696,2,1,1983,0,0,0,0,0,0,0,0,10,0
290697,1,1,1983,37,37,37,37,37,37,37,37,37,37
290697,2,1,1983,0,0,0,0,0,0,0,0,0,0
290698,1,1,1983,0,0,0,0,0,0,0,0,0,0
290698,2,1,1983,0,0,0,0,0,0,0,0,0,0
290699,1,1,1983,0,0,0,0,6,0,0,0,0,0
290700,1,1,1983,0,0,0,0,0,0,0,0,0,0
290700,2,1,1983,7,19,17,12,21,6,14,14,15,2
290701,0,1,1983,0,0,19,0,0,0,0,0,0,0
290701,1,1,1983,0,0,13,24,0,0,0,0,0,0
290702,0,1,1983,0,0,0,0,0,0,0,0,0,0
290702,1,1,1983,0,0,0,0,0,0,0,0,0,0
290703,1,1,1983,25,25,25,25,25,25,25,25,25,25
290704,1,1,1983,17,10,24,26,12,20,9,22,14,17
290704,2,1,1983,0,0,0,0,0,0,0,0,0,0
290705,1,1,1983,13,13,13,13,13,13,13,13,13,13
290706,1,1,1983,17,10,24,22,5,9,12,24,18,0
290707,1,1,1983,20,22,20,13,33,9,19,44,14,25
290708,0,1,1983,0,0,0,0,0,0,0,0,0,0
290708,1,1,1983,0,0,0,0,0,0,0,0,0,0
290709,0,1,1983,20,32,40,25,31,16,28,13,26,10
290709,1,1,1983,0,0,0,0,0,0,0,0,10,0
290710,1,1,1983,9,21,21,0,24,0,16,0,31,16
290710,2,1,1983,0,0,0,30,8,0,0,0,0,0
290710,3,1,1983,0,0,0,0,0,0,0,0,0,0
290711,1,1,1983,0,0,0,0,0,0,0,0,0,0
290712,1,1,1983,29,6,0,12,26,32,14,25,25,11
290713,1,1,1983,9,9,9,9,9,9,9,9,9,9
290713,2,1,1983,0,0,0,0,0,0,0,0,0,0
290714,1,1,1983,0,0,0,0,0,0,0,0,0,0
290714,2,1,1983,0,0,0,0,14,0,0,0,0,0
290715,1,1,1983,0,0,0,0,0,0,0,0,0,0
290715,2,1,1983,0,0,0,0,0,0,0,0,0,0
290716,1,1,1983,0,0,0,0,0,0,0,0,0,0
290717,1,1,1983,0,0,0,0,0,0,0,0,0,0
290717,2,1,1983,0,0,0,0,0,0,0,0,0,0
290717,3,1,1983,0,0,0,0,0,0,0,0,0,0
290717,4,1,1983,0,0,0,0,0,0,0,0,0,0
290718,0,1,1983,30,0,27,8,17,24,0,11,22,18
290718,1,1,1983,0,0,18,0,0,0,0,0,0,10
290719,0,1,1983,0,0,0,0,0,0,0,0,0,0
290719,1,1,1983,0,0,0,0,0,0,0,0,0,0
290719,2,1,1983,7,4,7,9,12,7,21,3,12,2
290720,0,1,1983,0,0,20,39,10,29,18,0,13,0
290720,1,1,1983,0,0,0,0,0,0,0,0,0,0
290721,1,1,1983,0,0,0,0,0,0,0,0,0,0
290721,2,1,1983,0,0,0,0,0,0,0,0,0,0
290722,1,1,1983,15,19,30,23,19,10,15,10,18,19
290722,2,1,1983,0,0,0,0,0,0,0,0,0,0
290723,1,1,1983,0,0,0,0,0,0,0,0,0,0
290723,2,1,1983,0,0,0,0,0,0,0,0,0,0
290724,0,1,1983,0,0,17,0,0,21,0,0,26,0
290724,1,1,1983,0,0,0,0,0,0,0,0,0,0
290725,0,1,1983,0,0,0,0,0,0,0,0,0,0
290725,2,1,1983,0,0,0,0,0,0,0,0,0,0
290726,0,1,1983,27,0,30,0,37,0,0,0,0,11
290726,1,1,1983,0,0,0,0,0,0,0,0,0,0
290727,0,1,1983,25,25,25,25,25,25,25,25,25,25
290727,1,1,1983,5,9,10,0,4,6,8,22,11,22
290728,0,1,1983,0,0,12,0,0,0,0,0,0,0
290728,1,1,1983,0,0,0,0,0,0,0,13,0,0