ST_CASE,VEH_NO,PER_NO,YEAR,P1,P2,P3,P4,P5,P6,P7,P8,P9,P10
290729,1,1,1983,0,0,0,0,0,0,0,0,0,0
290730,0,1,1983,0,0,0,0,26,0,0,0,0,0
290730,1,1,1983,5,5,5,5,5,5,5,5,5,5
290731,1,1,1983,0,15,0,0,18,0,0,0,0,0
290731,2,1,1983,0,0,0,0,0,0,0,0,0,0
290732,1,1,1983,0,0,0,0,0,0,0,0,0,0
290732,2,1,1983,0,0,0,0,0,0,0,0,0,0
290733,1,1,1983,24,0,0,0,0,0,0,0,0,0
290733,2,1,1983,0,0,0,0,0,0,0,0,0,0
290734,1,1,1983,0,0,0,0,0,14,0,0,0,0
290734,2,1,1983,0,0,0,0,0,0,0,0,0,0
290735,0,1,1983,0,0,0,0,38,0,0,0,0,0
290735,1,1,1983,16,0,11,20,5,11,0,0,12,25
290736,1,1,1983,18,18,18,18,18,18,18,18,18,18
290736,2,1,1983,0,8,0,0,0,0,9,0,0,0
290737,1,1,1983,0,0,0,0,0,0,0,0,0,0
290737,2,1,1983,0,0,0,0,0,0,0,0,0,0
290738,1,1,1983,32,32,32,32,32,32,32,32,32,32
290738,2,1,1983,0,0,9,0,0,0,0,0,0,8
290739,1,1,1983,0,0,21,29,0,13,0,9,26,0
290739,2,1,1983,0,14,0,0,0,18,0,0,0,5
290740,1,1,1983,0,0,16,22,15,18,28,13,12,0
290740,2,1,1983,0,0,0,0,0,0,0,29,0,0
290741,1,1,1983,0,0,31,0,10,20,5,0,9,0
290742,1,1,1983,0,14,4,17,21,19,15,20,26,0
290743,1,1,1983,13,13,12,25,18,6,12,23,18,9
290743,2,1,1983,0,0,0,0,0,0,0,0,0,0
290744,1,1,1983,24,24,24,24,24,24,24,24,24,24
290745,1,1,1983,23,23,23,23,23,23,23,23,23,23
290745,2,1,1983,0,0,0,0,0,0,0,0,0,0
290746,1,1,1983,8,0,22,0,0,0,0,0,0,0
290746,2,1,1983,0,0,0,0,0,0,0,0,0,0
290747,1,1,1983,15,15,15,15,15,15,15,15,15,15
290747,2,1,1983,0,0,0,0,0,31,0,23,31,14
290748,1,1,1983,0,0,0,0,0,0,0,0,14,0
290748,2,1,1983,0,0,0,0,0,0,0,0,0,0
290749,1,1,1983,14,6,0,0,0,0,0,0,0,0
290749,2,1,1983,0,0,24,0,0,11,0,0,9,0
290750,1,1,1983,27,27,27,27,27,27,27,27,27,27
290751,0,1,1983,19,22,0,18,12,26,14,17,0,11
290752,1,1,1983,0,0,0,0,0,0,0,0,0,0
290752,2,1,1983,0,0,0,0,0,0,0,0,0,0
290753,1,1,1983,0,0,16,0,0,0,0,0,0,0
290753,2,1,1983,0,0,0,0,0,0,0,0,0,0
290754,1,1,1983,0,25,0,5,0,0,0,0,33,0
290754,2,1,1983,0,0,0,0,0,0,0,0,0,0
290755,1,1,1983,0,0,0,0,0,0,0,0,38,0
290755,2,1,1983,11,11,11,11,11,11,11,11,11,11
290756,1,1,1983,0,0,0,0,0,0,0,0,0,0
290756,2,1,1983,0,0,0,0,0,0,0,0,0,0
290757,1,1,1983,0,0,0,0,0,0,4,0,0,0
290757,2,1,1983,0,0,0,0,0,0,0,0,0,0
290757,3,1,1983,0,0,0,0,0,0,0,0,0,0
290758,1,1,1983,20,11,22,0,11,0,14,0,15,0
290759,1,1,1983,0,0,0,0,0,0,0,0,0,0
290759,2,1,1983,0,0,0,0,0,0,0,0,0,0
290760,0,1,1983,0,0,0,0,0,0,0,0,0,0
290760,1,1,1983,0,0,0,0,0,0,0,0,0,0
290761,1,1,1983,35,35,35,35,35,35,35,35,35,35
290762,1,1,1983,0,23,0,0,0,0,0,0,18,0
290762,2,1,1983,0,0,0,0,0,0,0,0,0,0
290763,1,1,1983,17,23,0,20,0,23,0,33,19,19
290763,2,1,1983,0,0,0,0,0,0,0,0,0,0
290764,1,1,1983,0,0,0,0,0,0,0,0,0,0
290764,2,1,1983,0,0,0,0,0,0,0,0,0,0
290765,0,1,1983,25,0,0,36,22,13,0,14,0,0
290765,1,1,1983,0,0,0,0,0,0,0,0,0,0
290765,2,1,1983,25,37,6,45,0,0,0,8,0,0
290766,1,1,1983,0,0,0,0,0,0,0,0,0,0
290766,2,1,1983,0,0,0,7,19,0,12,0,6,0
290767,0,1,1983,0,0,22,0,14,0,0,13,0,0
290767,1,1,1983,0,0,0,0,0,0,0,0,0,0
290768,1,1,1983,0,0,5,0,0,0,0,0,0,0
290769,1,1,1983,13,13,13,13,13,13,13,13,13,13
290770,1,1,1983,39,15,0,12,0,0,22,32,26,0
290771,0,1,1983,0,0,0,10,12,13,31,11,29,45
290771,1,1,1983,0,6,0,0,0,0,0,0,0,0
290772,1,1,1983,0,0,0,0,0,0,0,0,0,0
290773,1,1,1983,0,0,0,0,0,0,0,31,0,0
290773,2,1,1983,0,0,0,0,0,0,0,0,0,0
290774,1,1,1983,21,21,21,21,21,21,21,21,21,21
290774,2,1,1983,0,0,0,0,0,0,0,0,0,0
290775,1,1,1983,19,19,19,19,19,19,19,19,19,19
290776,1,1,1983,0,21,0,0,0,16,0,0,0,36
290777,1,1,1983,0,0,0,0,0,0,0,0,0,0
290777,2,1,1983,0,0,0,0,0,0,0,0,0,0
290778,1,1,1983,0,0,0,0,0,0,0,0,0,0
290778,2,1,1983,0,0,0,0,0,0,0,0,0,0
290779,1,1,1983,10,10,10,10,10,10,10,10,10,10
290780,1,1,1983,20,11,15,0,10,23,0,26,14,18
290780,2,1,1983,0,0,0,0,0,10,0,21,0,0
290781,1,1,1983,0,0,0,0,0,0,0,0,0,0
290782,1,1,1983,7,7,7,7,7,7,7,7,7,7
290783,1,1,1983,0,0,0,0,0,0,0,0,0,0
290783,2,1,1983,0,0,0,0,0,0,0,0,0,0
290784,1,1,1983,0,0,0,0,0,0,0,0,0,0
290784,2,1,1983,0,0,0,0,0,0,0,0,0,0
290785,1,1,1983,0,0,0,0,0,0,0,0,0,0
290785,2,1,1983,0,0,0,0,0,0,0,0,0,0
290786,1,1,1983,0,0,0,0,0,12,0,0,0,0
290786,2,1,1983,21,0,0,0,0,21,0,0,8,0
290787,0,1,1983,19,19,19,19,19,19,19,19,19,19
290787,1,1,1983,0,14,0,0,0,20,0,10,0,0
290787,2,1,1983,0,0,0,0,0,0,0,0,0,0
290787,3,1,1983,0,0,0,0,0,0,0,0,10,0
290787,4,1,1983,0,0,0,0,0,0,0,0,0,0
290788,1,1,1983,25,25,25,25,25,25,25,25,25,25
290789,0,1,1983,16,21,16,13,13,17,21,21,16,60
290789,1,1,1983,0,0,0,0,0,0,0,0,0,0
290790,1,1,1983,0,0,0,0,0,0,0,0,0,0
290790,2,1,1983,0,0,0,0,0,0,0,0,0,0
290791,0,1,1983,28,0,0,0,0,0,0,38,0,0
290791,1,1,1983,0,0,0,0,0,0,0,0,0,0
290792,1,1,1983,8,13,18,23,22,22,12,20,12,10
290793,1,1,1983,0,0,0,0,0,19,0,0,0,0
290793,2,1,1983,0,0,0,0,0,0,0,0,0,0
290794,1,1,1983,0,18,0,0,16,26,10,0,11,29
290795,0,1,1983,34,34,34,34,34,34,34,34,34,34
290795,1,1,1983,0,0,0,0,0,0,0,0,0,0
290795,2,1,1983,0,8,0,6,6,0,3,12,0,25
290796,1,1,1983,11,25,19,13,8,5,22,14,21,13
290796,2,1,1983,0,11,0,0,0,0,25,0,0,0
290797,1,1,1983,0,0,0,0,0,0,0,0,0,15
290798,1,1,1983,0,0,0,0,0,0,0,0,0,0
290798,2,1,1983,0,0,0,0,0,0,0,0,0,0
290799,0,1,1983,0,19,14,0,40,0,0,20,21,14
290799,1,1,1983,10,20,3,10,16,18,16,0,34,6
290800,0,1,1983,0,19,0,0,30,0,9,14,17,0
290800,0,2,1983,0,0,0,0,0,11,0,0,0,0
290800,1,1,1983,0,6,18,9,15,11,11,5,16,16
290801,0,1,1983,21,15,0,12,27,15,24,0,0,20
290801,1,1,1983,14,12,21,14,18,14,12,12,7,19
290802,0,1,1983,14,14,14,14,14,14,14,14,14,14
290802,2,1,1983,0,7,0,0,0,0,0,0,0,0
290803,1,1,1983,21,21,21,21,21,21,21,21,21,21
290803,2,1,1983,20,12,10,15,13,0,7,14,20,0
290804,1,1,1983,0,0,0,0,0,0,0,0,0,0
290804,2,1,1983,0,0,0,0,0,0,0,0,0,0
290805,1,1,1983,24,24,24,24,24,24,24,24,24,24
290805,2,1,1983,0,0,0,0,0,0,0,0,0,0
290806,1,1,1983,0,0,0,0,0,0,0,0,0,0
290806,2,1,1983,0,0,0,0,0,0,0,0,0,0
290807,1,1,1983,0,0,0,0,0,0,0,0,0,0
290807,2,1,1983,0,0,27,0,0,0,0,0,0,6
290808,1,1,1983,11,11,11,11,11,11,11,11,11,11
290808,2,1,1983,21,3,0,0,14,21,0,12,0,0
290809,0,1,1983,27,27,27,27,27,27,27,27,27,27
290809,1,1,1983,0,0,0,0,0,0,0,0,0,0
290810,0,1,1983,0,0,0,26,0,0,0,0,0,17
290810,1,1,1983,0,0,0,6,0,0,0,0,0,0
290811,1,1,1983,27,27,27,27,27,27,27,27,27,27
290811,2,1,1983,0,0,0,0,0,0,0,0,0,0
290812,0,1,1983,0,0,15,0,0,0,22,0,0,17
290812,0,2,1983,0,0,8,12,10,0,0,15,0,0
290812,0,3,1983,0,0,0,0,0,0,0,23,0,0
290812,1,1,1983,0,0,0,0,0,0,0,0,0,0
290813,1,1,1983,22,17,22,25,0,7,4,0,0,16
290813,2,1,1983,0,0,0,15,0,0,9,0,0,0
300001,1,1,1983,0,0,0,0,0,0,0,0,0,0
300002,1,1,1983,25,25,25,25,25,25,25,25,25,25
300002,2,1,1983,0,0,0,0,0,0,0,0,0,0
300003,1,1,1983,0,0,0,0,0,0,0,0,0,0
300003,2,1,1983,23,13,26,19,19,6,37,15,26,2
300004,1,1,1983,41,41,41,41,41,41,41,41,41,41
300005,1,1,1983,21,21,21,21,21,21,21,21,21,21
300006,0,1,1983,41,0,12,18,24,13,25,0,0,0
300006,1,1,1983,11,4,0,12,7,14,11,11,18,0
300007,0,1,1983,0,20,40,18,0,20,8,19,29,23
300007,1,1,1983,0,0,0,0,0,0,0,0,0,0
300008,1,1,1983,26,26,26,26,26,26,26,26,26,26
300009,0,1,1983,27,18,21,10,8,7,20,16,33,13
300009,1,1,1983,11,9,16,15,3,18,21,16,19,5
300010,1,1,1983,19,24,26,26,19,29,0,17,21,29
300010,2,1,1983,0,0,0,0,0,0,0,0,0,0
300011,1,1,1983,21,21,21,21,21,21,21,21,21,21
300012,0,1,1983,0,0,0,0,0,0,0,0,0,0
300012,1,1,1983,0,0,0,0,0,0,0,0,0,0
300013,1,1,1983,0,0,0,0,0,0,14,0,0,0
300014,1,1,1983,0,0,0,0,0,0,0,0,0,0
300015,1,1,1983,0,0,0,0,0,0,0,0,0,0
300016,0,1,1983,25,25,25,25,25,25,25,25,25,25
300016,1,1,1983,0,0,0,0,0,0,0,0,0,0
300017,1,1,1983,0,0,0,0,0,0,0,0,0,0
300018,1,1,1983,11,0,0,0,14,27,17,0,0,11
300019,1,1,1983,6,6,6,6,6,6,6,6,6,6
300020,1,1,1983,14,0,0,0,0,0,0,0,18,0
300021,1,1,1983,21,21,21,21,21,21,21,21,21,21
300022,0,1,1983,0,0,0,0,0,0,0,0,0,0
300022,1,1,1983,0,0,0,0,0,0,0,0,0,0
300023,1,1,1983,0,0,0,0,0,0,0,0,0,0
300023,2,1,1983,0,0,0,0,0,0,0,0,0,0
300024,0,1,1983,0,0,0,0,0,0,0,0,0,0
300024,1,1,1983,0,0,0,0,0,0,0,0,0,0
300025,1,1,1983,0,0,0,0,0,0,34,17,14,0
300026,1,1,1983,14,14,14,14,14,14,14,14,14,14
300027,1,1,1983,0,0,0,0,0,0,0,0,0,0
300028,1,1,1983,0,0,0,0,0,0,0,0,0,0
300029,1,1,1983,0,0,15,0,0,0,0,0,11,0
300029,2,1,1983,0,0,0,0,0,0,0,0,0,0
300029,3,1,1983,0,0,0,0,0,0,0,0,0,0
300030,1,1,1983,0,0,0,18,0,0,17,4,0,0
300031,1,1,1983,7,7,7,7,7,7,7,7,7,7
300031,2,1,1983,0,0,0,0,0,0,0,0,0,0
300032,1,1,1983,25,25,25,25,25,25,25,25,25,25
300033,1,1,1983,29,29,29,29,29,29,29,29,29,29
300034,1,1,1983,0,0,8,20,33,0,0,0,18,5
300035,1,1,1983,0,0,0,0,0,0,0,0,0,0
300036,1,1,1983,0,0,0,0,0,0,10,0,13,0
300036,2,1,1983,20,20,20,20,20,20,20,20,20,20
300037,1,1,1983,0,0,14,0,0,0,0,0,0,0
300037,2,1,1983,16,16,16,16,16,16,16,16,16,16
300038,1,1,1983,0,0,0,0,0,0,0,0,0,0
300038,2,1,1983,0,0,0,0,0,0,0,0,0,0
300039,1,1,1983,0,0,0,15,28,0,0,0,18,28
300040,1,1,1983,12,18,3,14,20,19,4,7,18,26
300040,2,1,1983,20,20,20,20,20,20,20,20,20,20
300041,1,1,1983,20,14,23,31,24,5,18,37,18,20
300042,0,1,1983,26,26,26,26,26,26,26,26,26,26
300042,1,1,1983,10,10,10,10,10,10,10,10,10,10
300043,1,1,1983,20,0,0,0,0,0,0,0,30,0
300043,2,1,1983,0,15,0,0,0,11,0,0,0,0
300044,1,1,1983,10,10,10,10,10,10,10,10,10,10
300045,1,1,1983,2,2,2,2,2,2,2,2,2,2
300046,0,1,1983,0,0,0,0,0,0,0,0,0,0
300046,1,1,1983,0,0,0,8,0,0,0,0,0,0
300047,0,1,1983,34,0,0,0,25,0,35,0,0,0
300047,1,1,1983,0,6,0,0,0,0,0,0,0,0
300048,1,1,1983,17,17,17,17,17,17,17,17,17,17
300049,1,1,1983,11,11,11,11,11,11,11,11,11,11
300050,1,1,1983,0,0,0,0,0,0,26,0,0,0
300051,1,1,1983,0,0,0,0,0,0,11,0,0,16
300052,1,1,1983,26,26,26,26,26,26,26,26,26,26
300053,1,1,1983,16,16,16,16,16,16,16,16,16,16
300054,1,1,1983,0,0,0,0,0,0,0,0,0,0
300055,1,1,1983,0,0,0,7,15,0,9,0,12,0
300055,2,1,1983,0,29,0,0,0,0,0,0,0,0
300056,1,1,1983,32,18,23,23,38,13,10,0,10,15
300057,1,1,1983,0,0,0,0,0,0,27,0,0,0
300057,2,1,1983,0,0,0,0,0,0,0,0,0,0
300057,3,1,1983,0,0,0,0,0,0,0,0,0,0
300058,1,1,1983,16,16,16,16,16,16,16,16,16,16
300059,1,1,1983,10,10,10,10,10,10,10,10,10,10
300060,1,1,1983,22,22,22,22,22,22,22,22,22,22
300061,1,1,1983,30,0,21,14,19,20,14,22,31,29
300062,1,1,1983,24,10,20,10,13,16,16,15,9,24
300063,0,1,1983,22,22,22,22,22,22,22,22,22,22
300063,1,1,1983,0,0,0,0,0,0,0,0,0,0
300064,1,1,1983,24,24,24,24,24,24,24,24,24,24
300065,1,1,1983,34,15,19,10,18,19,12,29,20,22
300066,1,1,1983,8,20,8,14,16,20,0,8,23,3
300067,1,1,1983,0,0,0,0,0,0,0,0,0,0
300067,2,1,1983,20,20,20,20,20,20,20,20,20,20
300068,1,1,1983,23,23,23,23,23,23,23,23,23,23
300069,0,1,1983,33,33,33,33,33,33,33,33,33,33
300069,1,1,1983,0,0,0,0,0,0,0,0,0,0
300070,1,1,1983,21,24,15,18,30,6,21,17,18,31
300071,1,1,1983,24,24,24,24,24,24,24,24,24,24
300071,2,1,1983,17,17,17,17,17,17,17,17,17,17
300072,1,1,1983,16,16,16,16,16,16,16,16,16,16
300073,1,1,1983,15,15,15,15,15,15,15,15,15,15
300074,1,1,1983,17,17,17,17,17,17,17,17,17,17
300074,2,1,1983,0,0,0,0,0,0,0,0,0,0
300075,1,1,1983,7,7,7,7,7,7,7,7,7,7
300076,1,1,1983,7,11,10,17,17,13,20,21,13,24
300077,1,1,1983,0,0,0,0,0,0,0,0,0,0
300077,2,1,1983,23,23,23,23,23,23,23,23,23,23
300078,1,1,1983,0,0,0,0,0,0,0,0,0,0
300079,1,1,1983,37,37,37,37,37,37,37,37,37,37
300080,1,1,1983,0,0,0,0,0,0,0,0,0,0
300081,1,1,1983,18,18,18,18,18,18,18,18,18,18
300082,1,1,1983,0,0,0,0,4,20,24,0,8,0
300082,2,1,1983,0,0,0,0,0,0,0,0,0,0
300083,1,1,1983,0,0,0,0,0,0,0,0,0,0
300083,2,1,1983,15,15,15,15,15,15,15,15,15,15
300084,0,1,1983,27,8,31,20,39,15,14,55,31,19
300084,1,1,1983,0,0,0,0,0,0,0,0,0,0
300085,1,1,1983,26,26,26,26,26,26,26,26,26,26
300086,1,1,1983,0,0,0,0,0,0,0,0,0,0
300086,2,1,1983,0,0,0,0,0,0,0,0,0,0
300087,1,1,1983,24,24,24,24,24,24,24,24,24,24
300088,0,1,1983,31,0,0,0,21,26,45,0,39,0
300088,1,1,1983,0,0,0,0,17,0,12,0,0,13
300089,1,1,1983,1,1,1,1,1,1,1,1,1,1
300090,0,1,1983,0,0,0,0,0,0,0,0,0,0
300090,1,1,1983,0,0,0,0,0,0,0,0,0,0
300091,0,1,1983,0,0,0,0,0,0,0,0,0,0
300091,1,1,1983,0,0,0,0,0,0,0,0,0,0
300092,1,1,1983,0,0,0,0,0,0,0,0,0,0
300093,1,1,1983,0,0,0,0,0,0,0,0,0,0
300094,0,1,1983,7,7,7,7,7,7,7,7,7,7
300094,0,2,1983,0,8,19,12,0,0,21,0,0,0
300094,0,3,1983,0,21,0,0,34,20,0,0,16,0
300094,1,1,1983,22,22,22,22,22,22,22,22,22,22
300095,1,1,1983,17,17,17,17,17,17,17,17,17,17
300096,1,1,1983,20,25,17,25,16,20,9,6,10,7
300096,2,1,1983,30,26,0,0,15,0,0,15,16,0
300097,1,1,1983,17,17,17,17,17,17,17,17,17,17
300098,1,1,1983,20,20,20,20,20,20,20,20,20,20
300098,2,1,1983,28,28,28,28,28,28,28,28,28,28
300099,1,1,1983,28,28,28,28,28,28,28,28,28,28
300100,1,1,1983,24,19,25,10,15,6,20,19,23,15
300101,1,1,1983,0,0,0,0,0,0,0,0,0,0
300102,1,1,1983,0,0,0,0,0,0,0,0,0,0
300103,1,1,1983,11,20,21,11,0,0,0,14,20,0
300104,1,1,1983,8,8,8,8,8,8,8,8,8,8
300105,1,1,1983,21,21,21,21,21,21,21,21,21,21
300106,1,1,1983,0,0,0,0,0,0,5,0,0,0
300107,1,1,1983,30,30,30,30,30,30,30,30,30,30
300108,1,1,1983,25,25,25,25,25,25,25,25,25,25
300108,2,1,1983,0,0,0,0,0,0,0,0,0,0
300109,1,1,1983,0,0,0,0,0,0,0,0,0,0
300110,0,1,1983,0,0,0,26,0,0,0,0,31,0
300110,2,1,1983,0,0,0,0,0,0,0,0,0,0
300111,1,1,1983,0,0,0,0,0,0,0,0,0,0
300111,2,1,1983,0,0,0,0,0,0,0,0,0,0
300112,0,1,1983,23,0,33,0,0,0,29,0,0,19
300112,1,1,1983,0,15,0,0,0,0,0,0,0,0
300113,1,1,1983,0,0,0,0,0,0,0,0,0,0
300114,1,1,1983,16,16,26,24,18,17,5,12,24,17
300115,1,1,1983,0,0,0,0,0,0,0,0,0,0
300116,1,1,1983,0,0,0,19,0,0,0,0,0,0
300116,2,1,1983,0,0,0,0,0,0,0,0,0,0
300116,3,1,1983,0,0,0,0,0,0,0,0,0,0
300117,1,1,1983,0,0,0,0,0,0,0,0,0,0
300117,2,1,1983,23,23,23,23,23,23,23,23,23,23
300118,0,1,1983,0,0,0,0,0,0,0,0,0,0
300118,1,1,1983,0,0,0,0,0,0,0,0,0,0
300119,1,1,1983,17,17,17,17,17,17,17,17,17,17
300120,1,1,1983,9,9,9,9,9,9,9,9,9,9
300121,1,1,1983,0,8,0,0,27,0,23,21,0,24
300122,1,1,1983,1,1,1,1,1,1,1,1,1,1
300122,2,1,1983,0,0,0,0,0,0,0,0,0,0
300123,1,1,1983,5,5,5,5,5,5,5,5,5,5
300124,1,1,1983,0,0,0,0,0,0,0,0,0,0
300124,2,1,1983,0,0,0,0,0,0,0,0,0,0
300125,1,1,1983,26,26,26,26,26,26,26,26,26,26
300126,1,1,1983,0,0,0,0,0,0,0,0,0,0
300126,2,1,1983,0,21,0,0,0,0,0,0,0,0
300126,3,1,1983,0,0,0,0,0,0,0,0,0,17
300127,1,1,1983,11,14,18,14,17,17,11,0,15,28
300128,1,1,1983,0,13,25,0,3,10,0,9,0,7
300129,1,1,1983,13,13,13,13,13,13,13,13,13,13
300130,1,1,1983,0,0,0,0,0,0,0,0,0,0
300130,2,1,1983,0,11,0,0,0,0,11,0,3,0
300131,1,1,1983,0,0,0,0,0,0,0,18,0,0
300132,1,1,1983,0,0,0,0,0,0,0,0,0,0
300133,1,1,1983,0,4,10,0,9,0,0,0,0,14
300134,1,1,1983,0,0,0,12,0,0,0,0,0,0
300134,2,1,1983,17,0,23,0,0,0,12,2,0,0
300135,1,1,1983,15,23,5,16,3,15,16,0,14,7
300135,2,1,1983,0,0,0,0,0,0,10,0,0,0
300136,1,1,1983,0,0,0,0,0,0,0,0,0,0
300137,1,1,1983,23,23,23,23,23,23,23,23,23,23
300138,1,1,1983,23,23,23,23,23,23,23,23,23,23
300139,1,1,1983,24,20,24,18,11,21,24,0,13,23
300139,2,1,1983,0,0,0,0,0,0,0,0,0,0
300140,1,1,1983,1,1,1,1,1,1,1,1,1,1
300141,1,1,1983,16,20,22,19,19,6,28,18,29,21
300142,1,1,1983,0,0,0,0,0,0,0,0,0,0
300143,1,1,1983,0,0,0,0,0,0,0,0,0,0
300143,2,1,1983,1,1,1,1,1,1,1,1,1,1
300144,1,1,1983,0,0,0,0,0,0,0,0,0,0
300144,2,1,1983,3,3,3,3,3,3,3,3,3,3
300145,1,1,1983,11,11,11,11,11,11,11,11,11,11
300146,1,1,1983,0,0,0,0,0,0,0,0,0,0
300146,2,1,1983,2,2,2,2,2,2,2,2,2,2
300147,1,1,1983,0,0,0,0,0,0,0,0,0,0
300148,1,1,1983,0,0,0,0,0,0,0,0,0,0
300148,2,1,1983,23,23,23,23,23,23,23,23,23,23
300149,1,1,1983,0,0,0,0,0,0,0,0,0,0
300149,2,1,1983,0,0,0,0,0,0,0,0,0,19
300150,1,1,1983,18,0,0,0,0,0,0,0,0,18
300150,2,1,1983,0,0,0,0,0,0,0,0,0,0
300151,0,1,1983,0,0,0,0,0,0,0,0,0,0
300151,1,1,1983,0,0,0,0,0,0,0,0,0,0
300152,1,1,1983,29,29,29,29,29,29,29,29,29,29
300152,2,1,1983,0,0,0,0,0,0,0,0,0,0
300153,1,1,1983,0,0,0,0,0,0,0,0,0,0
300154,1,1,1983,22,22,22,22,22,22,22,22,22,22
300155,0,1,1983,25,8,7,13,4,24,24,36,8,19
300155,1,1,1983,0,0,0,0,8,0,0,0,0,0
300156,0,1,1983,29,29,29,29,29,29,29,29,29,29
300156,1,1,1983,10,10,10,10,10,10,10,10,10,10
300156,2,1,1983,12,12,12,12,12,12,12,12,12,12
300157,1,1,1983,0,0,0,20,0,0,4,0,0,0
300157,2,1,1983,0,0,0,0,0,0,0,0,0,0
300158,1,1,1983,0,0,0,0,0,0,0,0,0,0
300159,1,1,1983,15,15,15,15,15,15,15,15,15,15
300160,0,1,1983,17,17,17,17,17,17,17,17,17,17
300160,0,2,1983,0,3,0,0,0,0,27,17,0,0
300160,1,1,1983,8,16,26,29,15,16,16,19,13,12
300161,1,1,1983,0,0,0,0,0,0,0,0,0,0
300162,1,1,1983,22,22,22,22,22,22,22,22,22,22
300162,2,1,1983,0,0,0,0,0,0,0,0,0,0
300162,3,1,1983,0,0,0,0,0,0,0,0,4,0
300163,1,1,1983,10,15,14,0,0,0,0,0,0,0
300164,0,1,1983,24,24,24,24,24,24,24,24,24,24
300164,1,1,1983,7,7,7,7,7,7,7,7,7,7
300165,1,1,1983,28,28,28,28,28,28,28,28,28,28
300166,1,1,1983,17,24,8,18,16,12,16,0,13,6
300166,2,1,1983,0,0,0,0,0,0,0,0,0,0
300167,1,1,1983,10,9,26,10,19,7,19,13,10,20
300168,1,1,1983,17,23,20,29,14,27,30,33,27,29
300169,1,1,1983,16,16,16,16,16,16,16,16,16,16
300170,1,1,1983,0,0,0,0,0,0,0,0,0,0
300170,2,1,1983,20,20,20,20,20,20,20,20,20,20
300171,1,1,1983,0,0,0,0,0,0,0,0,0,0
300172,1,1,1983,0,0,0,0,0,0,0,0,0,0
300173,1,1,1983,0,6,24,19,2,13,14,3,14,7
300174,1,1,1983,19,19,19,19,19,19,19,19,19,19
300175,1,1,1983,0,16,23,15,0,21,0,0,0,0
300175,2,1,1983,16,16,16,16,16,16,16,16,16,16
300176,1,1,1983,25,25,25,25,25,25,25,25,25,25
300177,1,1,1983,20,20,20,20,20,20,20,20,20,20
300178,1,1,1983,8,8,8,8,8,8,8,8,8,8
300179,1,1,1983,0,8,14,0,0,0,0,0,15,26
300180,1,1,1983,0,21,26,25,11,17,24,22,12,17
300181,1,1,1983,0,0,0,0,0,0,0,0,0,0
300182,1,1,1983,8,8,8,8,8,8,8,8,8,8
300183,1,1,1983,19,19,19,19,19,19,19,19,19,19
300184,1,1,1983,0,9,9,13,18,0,22,17,11,21
300185,1,1,1983,18,18,18,18,18,18,18,18,18,18
300186,1,1,1983,28,28,28,28,28,28,28,28,28,28
300187,1,1,1983,18,18,18,18,18,18,18,18,18,18
300187,2,1,1983,0,0,0,0,0,0,0,0,0,0
300188,1,1,1983,0,0,0,0,0,0,0,0,5,0
300188,2,1,1983,16,16,16,16,16,16,16,16,16,16
300189,0,1,1983,0,0,0,0,0,0,0,0,0,0
300189,1,1,1983,0,0,0,0,0,0,0,0,0,0
300190,1,1,1983,19,5,17,7,13,10,22,19,9,30
300190,2,1,1983,0,29,11,6,8,18,14,27,8,13
300191,1,1,1983,14,14,14,14,14,14,14,14,14,14
300192,1,1,1983,25,25,25,25,25,25,25,25,25,25
300193,1,1,1983,24,37,15,19,15,17,18,29,29,20
300194,1,1,1983,0,0,0,0,0,39,0,0,0,0
300195,1,1,1983,0,0,0,0,0,0,0,0,0,0
300195,2,1,1983,26,26,26,26,26,26,26,26,26,26
300196,1,1,1983,31,31,31,31,31,31,31,31,31,31
300197,1,1,1983,20,20,20,20,20,20,20,20,20,20
300197,2,1,1983,4,26,10,15,5,0,19,0,12,21
300198,1,1,1983,16,16,16,16,16,16,16,16,16,16
300199,1,1,1983,0,0,0,0,0,0,0,0,0,0
300199,2,1,1983,20,20,20,20,20,20,20,20,20,20
300200,1,1,1983,19,19,19,19,19,19,19,19,19,19
300201,1,1,1983,22,22,22,22,22,22,22,22,22,22
300202,1,1,1983,11,29,12,14,11,9,11,38,19,14
300203,1,1,1983,17,12,21,19,18,12,9,9,9,6
300204,1,1,1983,8,14,4,17,17,19,24,10,17,30
300204,2,1,1983,0,0,0,0,32,0,0,0,12,0
300205,1,1,1983,12,6,12,5,13,16,7,13,7,15
300206,1,1,1983,16,17,0,16,12,33,16,9,23,6
300207,1,1,1983,0,0,0,0,0,0,0,0,0,0
300207,2,1,1983,0,0,0,0,0,0,0,0,0,0
300207,3,1,1983,0,0,0,0,0,0,0,0,0,0
300208,1,1,1983,19,19,19,19,19,19,19,19,19,19