ST_CASE,VEH_NO,PER_NO,YEAR,P1,P2,P3,P4,P5,P6,P7,P8,P9,P10
300209,1,1,1983,13,13,13,13,13,13,13,13,13,13
300210,1,1,1983,22,22,22,22,22,22,22,22,22,22
300211,1,1,1983,0,0,0,0,0,0,0,0,16,10
300212,0,1,1983,0,0,0,0,0,0,0,0,0,0
300212,1,1,1983,15,15,15,15,15,15,15,15,15,15
300213,1,1,1983,0,0,0,0,0,0,0,0,0,0
300214,1,1,1983,24,24,24,24,24,24,24,24,24,24
300215,1,1,1983,0,0,0,0,0,0,0,0,0,0
300215,2,1,1983,0,0,0,0,0,0,0,0,0,0
300216,1,1,1983,0,0,0,0,0,0,0,0,0,0
300216,2,1,1983,0,0,0,0,0,0,0,0,0,0
300217,1,1,1983,21,21,21,21,21,21,21,21,21,21
300217,2,1,1983,9,9,9,9,9,9,9,9,9,9
300218,1,1,1983,0,13,14,0,26,16,0,26,13,11
300218,2,1,1983,0,0,0,0,0,0,0,0,0,0
300219,1,1,1983,13,13,13,13,13,13,13,13,13,13
300220,0,1,1983,19,19,19,19,19,19,19,19,19,19
300220,1,1,1983,0,0,0,0,0,0,0,0,0,0
300221,1,1,1983,0,0,0,0,0,0,0,0,0,0
300222,1,1,1983,17,17,17,17,17,17,17,17,17,17
300223,1,1,1983,0,0,0,0,0,0,0,0,0,0
300224,1,1,1983,43,43,43,43,43,43,43,43,43,43
300225,1,1,1983,23,23,23,23,23,23,23,23,23,23
300226,1,1,1983,19,19,19,19,19,19,19,19,19,19
300227,1,1,1983,14,14,14,14,14,14,14,14,14,14
300228,1,1,1983,0,0,0,0,0,0,0,0,0,0
300229,0,1,1983,27,27,27,27,27,27,27,27,27,27
300229,1,1,1983,4,4,4,4,4,4,4,4,4,4
300230,1,1,1983,0,0,0,0,0,0,0,0,0,0
300231,1,1,1983,0,0,0,0,0,0,0,0,0,0
300232,1,1,1983,0,0,0,0,0,0,0,0,0,0
300233,1,1,1983,0,0,0,0,0,0,0,0,0,0
300234,1,1,1983,29,29,29,29,29,29,29,29,29,29
300235,1,1,1983,0,0,0,0,0,0,0,0,0,0
300236,1,1,1983,15,15,15,15,15,15,15,15,15,15
300237,1,1,1983,0,0,0,0,0,0,0,0,0,0
300238,1,1,1983,0,0,0,0,0,0,0,0,0,0
300239,1,1,1983,30,30,30,30,30,30,30,30,30,30
300239,2,1,1983,0,0,0,0,0,0,0,0,0,0
300240,1,1,1983,23,23,23,23,23,23,23,23,23,23
300241,1,1,1983,13,13,13,13,13,13,13,13,13,13
300242,1,1,1983,0,0,0,0,0,0,0,0,0,0
300242,2,1,1983,0,0,0,0,0,0,0,0,14,0
300243,1,1,1983,0,0,0,0,0,0,0,0,0,0
300244,1,1,1983,8,8,8,8,8,8,8,8,8,8
300244,2,1,1983,0,0,0,0,0,0,0,0,0,0
300245,1,1,1983,0,0,0,0,0,0,0,0,14,0
300246,1,1,1983,0,0,0,0,0,0,0,0,0,0
300246,2,1,1983,0,0,0,0,0,0,0,0,0,0
300247,1,1,1983,53,53,53,53,53,53,53,53,53,53
300247,2,1,1983,0,13,0,0,0,0,0,0,0,0
300248,1,1,1983,0,0,0,0,0,0,0,0,0,0
300248,2,1,1983,0,0,0,0,0,0,3,0,0,0
300249,1,1,1983,10,10,10,10,10,10,10,10,10,10
300250,1,1,1983,0,0,7,0,0,0,14,0,0,0
300250,2,1,1983,0,0,0,0,0,0,0,5,0,0
300251,0,1,1983,0,0,0,0,0,0,0,0,0,0
300251,1,1,1983,0,0,0,0,21,0,0,0,0,0
300252,1,1,1983,0,0,0,0,0,0,0,0,0,0
300252,2,1,1983,0,0,0,0,0,0,0,0,0,0
300253,0,1,1983,0,0,0,0,0,0,0,16,14,22
300253,1,1,1983,19,23,11,18,14,9,21,15,13,12
310001,1,1,1983,0,0,0,0,0,0,0,0,0,0
310001,2,1,1983,0,0,0,0,0,0,0,0,0,0
310002,1,1,1983,0,0,0,0,0,0,0,0,0,0
310002,2,1,1983,0,0,0,0,0,0,0,0,0,0
310003,1,1,1983,39,39,39,39,39,39,39,39,39,39
310003,2,1,1983,3,3,3,3,3,3,3,3,3,3
310004,0,1,1983,0,0,0,0,0,0,0,0,0,0
310004,1,1,1983,0,0,0,0,0,0,0,0,0,0
310005,1,1,1983,0,0,0,0,0,0,0,0,0,0
310005,2,1,1983,0,0,0,0,0,0,0,0,0,0
310006,1,1,1983,0,0,0,0,0,0,17,0,0,0
310007,1,1,1983,0,0,0,0,0,0,0,0,0,0
310008,1,1,1983,0,0,0,0,0,0,0,0,0,0
310008,2,1,1983,0,0,0,0,0,29,0,0,0,0
310009,1,1,1983,0,0,0,0,0,0,0,0,0,0
310010,1,1,1983,0,0,0,0,0,0,0,0,0,0
310010,2,1,1983,0,0,0,0,0,0,0,0,0,0
310011,1,2,1983,10,10,10,10,10,10,10,10,10,10
310012,1,1,1983,0,0,0,0,0,0,0,0,0,0
310012,2,1,1983,0,0,0,0,0,0,0,0,0,0
310013,1,1,1983,0,0,0,0,0,0,0,0,0,0
310013,2,1,1983,0,0,0,0,0,0,0,0,0,0
310014,1,1,1983,0,0,0,0,0,0,0,0,0,0
310014,2,1,1983,0,0,0,0,0,0,0,0,0,0
310015,1,1,1983,0,0,0,0,0,0,0,0,0,0
310015,2,1,1983,0,0,0,0,0,0,0,0,0,0
310016,1,1,1983,17,17,17,17,17,17,17,17,17,17
310016,2,1,1983,20,20,20,20,20,20,20,20,20,20
310017,1,1,1983,0,0,0,0,0,37,0,0,0,0
310017,2,1,1983,0,0,0,0,0,0,0,0,0,0
310018,0,1,1983,17,9,0,4,12,13,25,0,19,0
310018,1,1,1983,0,0,0,0,0,0,0,13,0,0
310019,1,1,1983,13,13,13,13,13,13,13,13,13,13
310020,1,1,1983,0,11,0,16,27,0,0,0,0,0
310020,2,1,1983,0,0,0,0,0,0,0,0,0,0
310021,1,1,1983,13,30,14,3,6,12,23,18,12,23
310022,0,1,1983,33,33,33,33,33,33,33,33,33,33
310022,1,1,1983,0,0,0,0,0,0,0,0,0,0
310022,2,1,1983,0,0,0,0,0,0,0,0,0,0
310023,1,1,1983,0,0,0,0,0,0,0,0,0,0
310023,2,1,1983,0,0,0,0,0,0,0,0,0,0
310024,1,1,1983,0,0,0,0,0,0,0,0,0,0
310024,2,1,1983,0,0,0,0,0,0,0,0,0,0
310025,1,1,1983,8,0,0,0,0,0,0,19,0,0
310025,2,1,1983,0,0,12,31,0,0,24,7,5,0
310026,1,1,1983,6,6,6,6,6,6,6,6,6,6
310026,2,1,1983,11,11,11,11,11,11,11,11,11,11
310027,0,1,1983,0,18,19,29,29,24,10,0,13,24
310027,1,1,1983,10,8,0,21,26,8,6,20,9,23
310028,0,1,1983,0,0,0,0,0,0,0,0,0,0
310028,0,2,1983,0,19,0,17,23,11,20,24,26,21
310028,1,1,1983,10,10,10,10,10,10,10,10,10,10
310029,1,1,1983,0,0,0,0,0,0,0,0,0,0
310029,2,1,1983,0,0,0,0,0,0,0,0,0,0
310030,1,1,1983,0,0,0,0,15,0,0,0,0,0
310031,1,1,1983,0,0,0,0,0,0,25,0,0,10
310031,2,1,1983,0,0,0,0,0,0,0,0,0,0
310031,3,1,1983,0,0,0,0,0,0,0,0,0,0
310032,1,1,1983,0,0,0,0,0,0,0,0,0,0
310032,2,1,1983,0,0,0,0,0,0,0,0,0,0
310033,1,1,1983,11,0,0,0,0,15,0,0,0,0
310033,2,1,1983,0,0,0,0,0,0,15,0,0,0
310034,1,1,1983,0,0,0,0,0,0,0,0,0,0
310035,1,1,1983,0,0,0,0,0,0,0,0,0,0
310035,2,1,1983,0,0,0,0,0,0,0,0,0,0
310036,1,1,1983,0,0,0,0,0,0,0,0,0,0
310037,1,1,1983,0,0,0,0,0,0,0,0,0,0
310037,2,1,1983,0,0,0,0,0,0,0,0,0,0
310038,1,1,1983,0,0,0,0,0,0,0,0,0,0
310038,2,1,1983,0,0,0,0,0,0,0,0,0,0
310039,1,1,1983,0,0,0,0,0,0,0,0,0,0
310039,2,1,1983,0,0,0,0,0,0,0,0,0,0
310040,1,1,1983,0,0,0,0,0,0,0,0,0,0
310040,2,1,1983,0,0,0,0,0,0,0,0,0,0
310041,0,1,1983,0,0,0,0,0,0,0,0,0,0
310041,1,1,1983,0,0,0,0,0,0,0,0,0,0
310042,1,1,1983,0,0,8,30,0,0,0,0,0,0
310042,2,1,1983,0,0,0,0,0,0,0,0,0,0
310043,1,1,1983,0,0,0,0,0,0,0,0,0,0
310043,2,1,1983,0,0,0,0,0,0,0,0,0,0
310044,1,1,1983,0,0,0,0,0,0,0,0,0,0
310044,2,1,1983,0,0,0,0,0,0,0,0,0,0
310045,1,1,1983,0,0,0,0,0,0,0,0,0,0
310045,2,1,1983,0,0,0,0,0,0,0,0,0,0
310045,3,1,1983,0,0,0,0,0,0,0,0,0,0
310046,0,1,1983,0,0,27,25,0,10,0,14,25,13
310046,1,1,1983,0,0,0,14,0,0,0,0,0,0
310047,1,1,1983,0,0,0,0,0,0,0,0,0,0
310047,2,1,1983,26,26,26,26,26,26,26,26,26,26
310048,1,1,1983,18,18,18,18,18,18,18,18,18,18
310049,1,1,1983,15,15,15,15,15,15,15,15,15,15
310050,1,1,1983,20,0,0,0,0,0,0,11,0,0
310050,2,1,1983,0,0,0,0,0,0,0,0,0,0
310050,3,1,1983,0,0,0,0,0,0,0,0,0,0
310051,1,1,1983,0,0,0,0,0,0,0,0,0,0
310051,2,1,1983,0,0,0,0,0,0,0,0,0,0
310052,1,1,1983,0,15,0,0,0,0,0,0,0,0
310052,2,1,1983,0,12,0,0,0,0,0,0,0,0
310053,1,1,1983,0,0,0,0,0,0,0,0,0,0
310054,1,1,1983,0,9,17,11,0,17,32,18,0,17
310054,2,1,1983,11,12,0,0,0,0,14,0,0,3
310055,1,1,1983,27,27,27,27,27,27,27,27,27,27
310056,1,1,1983,19,19,19,19,19,19,19,19,19,19
310057,1,1,1983,0,0,0,0,0,0,0,0,0,0
310057,2,1,1983,0,0,0,0,0,0,0,0,0,0
310058,1,1,1983,19,19,19,19,19,19,19,19,19,19
310058,2,1,1983,13,13,13,13,13,13,13,13,13,13
310059,1,1,1983,28,28,28,28,28,28,28,28,28,28
310060,0,1,1983,0,0,0,0,0,0,0,0,0,0
310060,0,2,1983,0,0,0,0,0,0,0,0,0,0
310060,1,1,1983,30,30,30,30,30,30,30,30,30,30
310061,1,1,1983,18,18,18,18,18,18,18,18,18,18
310062,1,1,1983,14,14,14,14,14,14,14,14,14,14
310063,1,1,1983,4,4,4,4,4,4,4,4,4,4
310064,1,1,1983,0,0,0,12,13,9,18,7,21,0
310064,2,1,1983,0,0,0,0,0,0,0,0,0,0
310064,3,1,1983,0,0,0,0,0,0,0,0,0,0
310065,1,1,1983,2,2,2,2,2,2,2,2,2,2
310066,1,1,1983,14,14,14,14,14,14,14,14,14,14
310067,1,1,1983,0,0,0,0,0,0,0,0,0,0
310067,2,1,1983,13,13,13,13,13,13,13,13,13,13
310068,0,1,1983,0,0,0,0,0,0,0,0,0,0
310068,1,1,1983,0,0,0,0,0,0,0,0,0,0
310069,1,1,1983,0,0,0,0,0,0,0,0,0,0
310069,2,1,1983,0,0,0,0,0,0,0,0,0,0
310070,1,1,1983,0,0,0,0,0,0,0,0,0,0
310070,2,1,1983,0,0,0,0,0,0,0,0,0,0
310071,1,1,1983,33,33,33,33,33,33,33,33,33,33
310072,1,1,1983,0,0,0,0,0,0,0,0,0,0
310072,2,1,1983,30,30,30,30,30,30,30,30,30,30
310073,1,1,1983,9,9,9,9,9,9,9,9,9,9
310073,2,1,1983,12,12,12,12,12,12,12,12,12,12
310073,3,1,1983,0,0,0,0,0,0,0,0,0,0
310074,0,1,1983,0,0,0,0,0,0,0,0,0,0
310074,1,1,1983,0,0,0,0,0,0,0,0,0,0
310075,1,1,1983,0,0,0,0,0,0,0,0,0,0
310075,2,1,1983,0,0,0,0,0,0,0,0,0,0
310076,1,1,1983,9,9,9,9,9,9,9,9,9,9
310077,0,1,1983,0,0,0,0,0,0,0,0,0,0
310077,1,1,1983,0,0,0,0,0,0,0,0,0,0
310078,1,1,1983,0,0,0,0,0,0,0,0,0,0
310078,2,1,1983,0,0,0,0,0,0,0,0,0,3
310079,1,1,1983,0,0,0,0,0,0,0,13,0,0
310079,2,1,1983,6,6,6,6,6,6,6,6,6,6
310080,1,1,1983,22,22,22,22,22,22,22,22,22,22
310080,2,1,1983,0,0,0,0,0,0,0,0,0,0
310081,0,1,1983,0,0,13,0,0,0,0,0,0,0
310081,1,1,1983,0,0,0,0,0,0,0,0,0,0
310082,0,1,1983,5,5,5,5,5,5,5,5,5,5
310082,1,1,1983,0,0,0,0,0,0,0,0,0,0
310083,1,1,1983,13,13,13,13,13,13,13,13,13,13
310084,1,1,1983,21,21,21,21,21,21,21,21,21,21
310085,1,1,1983,0,0,0,0,0,0,0,0,0,0
310085,2,1,1983,0,0,0,0,0,0,0,0,0,0
310086,1,1,1983,7,7,7,7,7,7,7,7,7,7
310087,1,1,1983,0,0,0,0,0,0,0,0,0,0
310087,2,1,1983,0,0,0,0,0,0,0,0,0,0
310088,1,1,1983,0,0,0,0,0,0,0,0,0,0
310088,2,1,1983,12,14,14,11,14,18,16,21,7,27
310089,1,1,1983,24,24,24,24,24,24,24,24,24,24
310090,1,2,1983,0,0,0,0,0,0,0,0,0,0
310091,1,1,1983,0,0,0,0,0,0,0,0,0,0
310091,2,1,1983,0,0,0,0,0,0,0,0,0,0
310092,1,1,1983,0,0,0,0,0,0,0,0,0,0
310092,2,1,1983,24,24,24,24,24,24,24,24,24,24
310093,1,1,1983,0,0,0,0,0,0,0,0,0,0
310093,2,1,1983,0,0,0,0,0,0,0,0,0,0
310094,1,1,1983,12,0,21,4,0,0,22,0,0,24
310094,2,1,1983,19,0,29,0,0,17,22,8,17,14
310096,1,1,1983,0,0,0,0,0,0,0,0,0,0
310096,2,1,1983,0,0,0,0,0,0,0,0,0,0
310097,1,1,1983,19,19,19,19,19,19,19,19,19,19
310098,1,1,1983,3,3,3,3,3,3,3,3,3,3
310098,2,1,1983,10,7,10,0,14,21,0,15,0,11
310099,1,1,1983,11,11,11,11,11,11,11,11,11,11
310100,1,1,1983,0,17,0,15,19,24,9,18,16,20
310100,2,1,1983,5,24,11,6,0,15,0,11,0,13
310101,1,1,1983,21,21,21,21,21,21,21,21,21,21
310102,1,1,1983,0,0,0,0,0,0,0,0,0,0
310102,2,1,1983,7,7,7,7,7,7,7,7,7,7
310103,0,1,1983,0,0,0,0,0,0,0,0,0,0
310103,1,1,1983,0,0,0,0,0,0,0,0,0,0
310104,1,1,1983,15,15,15,15,15,15,15,15,15,15
310105,1,1,1983,24,24,24,24,24,24,24,24,24,24
310106,1,1,1983,0,0,0,0,0,0,0,0,0,0
310106,2,1,1983,0,0,0,0,0,0,0,0,0,0
310107,1,1,1983,0,0,0,0,0,0,0,0,0,0
310108,1,1,1983,0,0,0,0,0,0,0,0,0,0
310108,2,1,1983,0,0,0,0,0,0,0,0,0,0
310109,1,1,1983,20,20,20,20,20,20,20,20,20,20
310110,1,1,1983,22,22,22,22,22,22,22,22,22,22
310111,1,1,1983,15,15,15,15,15,15,15,15,15,15
310112,1,1,1983,0,0,0,0,0,0,0,0,0,0
310113,1,1,1983,0,0,0,0,0,0,0,0,0,0
310114,1,1,1983,0,0,0,0,0,0,0,0,0,0
310115,1,1,1983,0,0,0,0,0,0,0,0,0,0
310115,2,1,1983,0,0,0,0,0,0,0,0,0,0
310115,3,1,1983,0,0,0,0,0,0,0,0,0,0
310116,1,1,1983,36,0,0,19,26,24,16,0,33,7
310117,1,1,1983,22,13,14,8,0,0,0,12,0,8
310118,1,1,1983,0,0,0,0,0,0,0,0,0,0
310119,1,1,1983,18,18,18,18,18,18,18,18,18,18
310120,1,1,1983,0,0,0,0,0,0,0,0,0,0
310120,2,1,1983,0,0,0,0,0,0,0,0,0,0
310121,1,1,1983,0,0,0,0,0,0,0,0,0,0
310122,1,1,1983,18,18,18,18,18,18,18,18,18,18
310122,2,1,1983,19,7,15,25,27,0,21,16,19,6
310123,1,1,1983,15,6,21,17,0,29,14,16,30,11
310124,1,1,1983,0,0,0,0,0,0,0,0,0,0
310125,2,1,1983,0,0,0,0,0,0,0,18,0,0
310126,1,1,1983,21,13,8,14,14,12,19,16,29,26
310127,1,1,1983,15,15,15,15,15,15,15,15,15,15
310128,0,1,1983,0,0,0,0,0,0,0,0,0,0
310128,1,1,1983,0,0,0,0,0,0,0,0,0,0
310129,1,1,1983,13,13,13,13,13,13,13,13,13,13
310130,1,1,1983,0,0,0,0,0,0,0,0,0,0
310131,1,1,1983,6,6,6,6,6,6,6,6,6,6
310132,1,1,1983,0,0,0,0,0,0,0,0,0,0
310132,2,1,1983,0,0,0,0,0,0,0,0,0,0
310133,0,1,1983,0,0,0,0,0,0,0,0,0,0
310133,1,1,1983,0,0,0,0,0,0,0,0,0,0
310134,1,1,1983,18,18,18,18,18,18,18,18,18,18
310135,1,1,1983,26,26,26,26,26,26,26,26,26,26
310136,1,1,1983,6,7,9,13,20,17,0,0,0,19
310136,2,1,1983,27,0,26,10,9,0,0,33,19,17
310137,1,1,1983,0,0,0,0,0,0,0,0,0,0
310137,2,1,1983,0,0,0,0,0,0,0,0,0,0
310138,1,1,1983,0,0,0,0,0,0,0,0,0,0
310139,1,1,1983,22,0,27,18,0,0,20,0,10,14
310140,0,1,1983,33,33,33,33,33,33,33,33,33,33
310140,1,1,1983,0,0,0,0,0,0,0,0,0,0
310141,0,1,1983,0,0,19,0,12,0,0,0,0,0
310141,1,1,1983,25,25,25,25,25,25,25,25,25,25
310142,0,1,1983,0,0,0,0,0,0,0,0,0,0
310142,1,1,1983,19,19,19,19,19,19,19,19,19,19
310143,1,1,1983,0,0,0,0,0,0,0,0,0,0
310144,1,1,1983,0,0,0,0,0,0,0,0,0,0
310144,2,1,1983,0,0,0,0,0,0,0,0,0,0
310145,0,1,1983,7,7,7,7,7,7,7,7,7,7
310145,1,1,1983,4,4,4,4,4,4,4,4,4,4
310146,1,1,1983,33,33,33,33,33,33,33,33,33,33
310147,1,1,1983,22,9,0,0,9,22,12,8,11,16
310148,1,1,1983,15,15,15,15,15,15,15,15,15,15
310148,2,1,1983,0,0,0,0,0,0,0,0,0,0
310149,1,1,1983,0,0,0,0,0,0,0,0,0,0
310149,2,1,1983,0,0,17,17,0,24,15,0,0,0
310150,1,1,1983,0,0,0,0,0,0,0,32,0,0
310150,2,1,1983,0,0,0,0,0,0,0,0,0,0
310151,1,1,1983,0,0,0,0,0,0,0,0,0,0
310151,2,1,1983,0,0,0,0,0,0,0,0,0,0
310152,1,1,1983,0,0,0,0,0,0,0,0,0,0
310152,2,1,1983,19,19,19,19,19,19,19,19,19,19
310153,0,1,1983,0,0,26,0,0,0,0,0,0,0
310153,1,1,1983,0,0,0,0,0,0,0,0,0,0
310154,1,1,1983,0,0,0,0,0,0,0,0,0,0
310154,2,1,1983,26,26,26,26,26,26,26,26,26,26
310155,1,1,1983,0,0,0,0,0,0,0,0,0,0
310155,2,1,1983,0,0,0,0,0,0,0,0,0,0
310156,1,1,1983,2,2,2,2,2,2,2,2,2,2
310157,1,1,1983,0,0,0,0,0,0,0,0,0,0
310158,1,1,1983,0,0,0,0,0,0,0,0,0,0
310158,2,1,1983,0,0,0,0,0,0,0,0,0,0
310159,1,1,1983,25,25,25,25,25,25,25,25,25,25
310160,0,1,1983,0,0,0,0,0,0,0,0,0,0
310160,1,1,1983,0,0,0,0,0,0,0,0,0,0
310161,0,1,1983,0,0,0,0,0,0,0,0,0,0
310161,1,1,1983,0,0,0,0,0,0,0,0,0,0
310162,1,1,1983,0,13,16,17,0,0,28,0,16,22
310163,1,1,1983,27,27,27,27,27,27,27,27,27,27
310164,0,1,1983,0,0,0,0,0,0,0,0,0,0
310164,1,1,1983,0,0,0,0,0,0,0,0,0,0
310165,1,1,1983,9,0,0,0,0,0,0,0,0,12
310166,1,1,1983,0,0,0,0,0,0,0,0,0,0
310166,2,1,1983,6,6,6,6,6,6,6,6,6,6
310167,1,1,1983,0,0,0,0,0,0,0,0,0,0
310168,0,1,1983,0,0,0,0,0,0,0,0,0,0
310168,1,1,1983,0,0,0,0,0,0,0,0,0,0
310169,1,1,1983,0,0,0,0,0,0,0,0,0,0
310169,2,1,1983,0,0,0,0,0,0,0,0,0,0
310170,1,1,1983,0,0,0,0,0,0,0,0,0,0
310170,2,1,1983,0,0,0,0,0,0,0,0,0,0
310171,1,1,1983,12,12,12,12,12,12,12,12,12,12
310171,2,1,1983,10,10,10,10,10,10,10,10,10,10
310172,0,1,1983,0,0,0,0,0,0,0,0,0,0
310172,1,1,1983,0,0,0,0,0,0,0,0,0,0
310173,1,1,1983,0,0,0,0,0,0,0,0,0,0
310174,1,1,1983,0,0,0,0,0,0,0,0,0,0
310174,2,1,1983,0,0,0,0,0,0,0,0,0,0
310175,1,1,1983,27,27,27,27,27,27,27,27,27,27
310176,1,1,1983,0,0,0,0,0,0,0,0,0,0
310176,2,1,1983,14,0,0,0,23,0,0,0,0,0
310177,1,1,1983,24,24,24,24,24,24,24,24,24,24
310178,1,1,1983,0,0,0,0,0,0,0,0,0,0
310178,2,1,1983,30,30,30,30,30,30,30,30,30,30
310179,1,1,1983,12,12,12,12,12,12,12,12,12,12
310180,1,1,1983,15,15,15,15,15,15,15,15,15,15
310181,1,1,1983,0,0,0,0,0,0,0,0,0,0
310182,0,1,1983,0,0,0,0,0,0,0,0,0,0
310182,1,1,1983,0,0,0,0,0,0,0,0,0,0
310183,1,1,1983,14,14,14,14,14,14,14,14,14,14
310184,1,1,1983,20,20,20,20,20,20,20,20,20,20
310184,2,1,1983,0,0,0,0,0,8,0,0,0,0
310185,1,1,1983,0,0,0,0,0,0,0,0,0,0
310185,2,1,1983,0,0,0,0,0,0,0,0,0,0
310186,1,1,1983,28,28,28,28,28,28,28,28,28,28
310187,1,1,1983,36,36,36,36,36,36,36,36,36,36
310188,1,1,1983,22,22,22,22,22,22,22,22,22,22
310189,1,1,1983,0,0,0,0,0,0,0,0,0,0
310189,2,1,1983,14,14,14,14,14,14,14,14,14,14
310190,1,1,1983,11,11,11,11,11,11,11,11,11,11
310190,2,1,1983,24,24,24,24,24,24,24,24,24,24
310191,1,1,1983,18,18,18,18,18,18,18,18,18,18
310192,1,1,1983,17,17,17,17,17,17,17,17,17,17
310192,2,1,1983,0,0,0,0,0,0,0,0,0,0
310193,1,1,1983,18,18,18,18,18,18,18,18,18,18
310193,2,1,1983,0,0,0,0,0,0,0,0,0,0
310193,3,1,1983,0,0,0,0,0,0,0,0,0,0
310194,1,1,1983,0,0,0,0,0,0,0,0,0,0
310194,2,1,1983,0,0,0,0,0,0,0,0,0,0
310195,1,1,1983,12,12,12,12,12,12,12,12,12,12
310196,1,1,1983,18,18,18,18,18,18,18,18,18,18
310197,1,1,1983,21,21,21,21,21,21,21,21,21,21
310198,1,1,1983,0,0,0,0,0,0,0,0,10,15
310199,1,1,1983,0,0,13,7,8,10,0,0,0,0
310199,2,1,1983,24,0,24,28,24,25,0,0,0,0
310200,1,1,1983,0,0,0,0,0,0,0,0,0,0
310200,2,1,1983,0,0,0,0,0,0,0,0,0,0
310201,1,1,1983,0,0,0,0,0,0,0,0,0,0
310201,2,1,1983,0,0,0,0,0,0,0,0,0,0
310202,1,1,1983,0,0,0,0,0,0,0,0,0,0
310202,2,1,1983,0,0,0,0,0,0,0,0,0,0
310203,1,1,1983,0,0,0,0,0,0,0,0,0,0
310203,2,1,1983,0,0,0,0,0,0,0,0,0,0
310204,1,1,1983,7,7,7,7,7,7,7,7,7,7
310204,2,1,1983,33,13,26,14,0,26,32,22,21,15
310205,1,1,1983,0,0,0,0,0,0,0,0,0,0
310205,2,1,1983,6,6,6,6,6,6,6,6,6,6
310206,1,1,1983,21,21,21,21,21,21,21,21,21,21
310206,2,1,1983,23,23,23,23,23,23,23,23,23,23
310207,1,1,1983,0,0,0,0,0,0,0,0,0,0
310207,2,1,1983,0,0,0,0,0,0,0,0,0,0
310208,1,1,1983,0,0,0,0,0,0,0,0,0,0
310208,2,1,1983,0,0,0,0,0,0,0,0,0,0
310209,1,1,1983,0,0,0,0,0,0,0,0,0,0
310209,2,1,1983,0,0,0,0,0,0,0,0,0,0
310210,1,1,1983,0,0,0,0,0,0,0,14,0,9
310211,1,1,1983,0,0,0,0,0,0,0,0,0,0
310211,2,1,1983,0,14,0,16,0,0,0,0,12,0
310212,1,1,1983,0,0,0,0,0,0,0,0,0,0
310213,1,1,1983,0,0,0,0,0,0,0,0,0,0
310213,2,1,1983,0,0,0,0,0,0,0,0,0,0
310214,1,1,1983,0,0,0,0,0,0,0,0,0,0
310214,2,1,1983,12,12,12,12,12,12,12,12,12,12
310215,1,1,1983,0,0,11,0,0,6,0,0,0,0
310215,2,1,1983,0,0,0,0,0,0,0,0,0,0
310216,1,1,1983,0,0,0,0,0,0,0,0,0,0
310216,2,1,1983,0,0,0,0,0,0,0,0,0,0
310216,3,1,1983,0,0,0,0,0,0,0,0,23,14
310217,1,1,1983,0,0,0,0,0,0,0,0,0,0
310217,2,1,1983,0,0,0,0,0,0,0,0,0,0
310218,1,1,1983,5,5,5,5,5,5,5,5,5,5
310218,2,1,1983,18,18,18,18,18,18,18,18,18,18
310218,3,1,1983,0,0,0,0,0,0,0,0,0,0
310219,1,1,1983,0,0,0,0,0,0,0,0,0,0
310219,2,1,1983,0,0,0,0,0,0,0,0,0,0
310220,1,1,1983,9,9,9,9,9,9,9,9,9,9
310221,1,1,1983,0,0,0,0,0,0,0,0,13,0
310221,2,1,1983,0,0,0,0,0,0,0,0,0,0
310222,1,1,1983,0,0,0,0,0,0,0,0,0,0
310222,2,1,1983,0,0,0,0,0,0,0,0,0,0
320001,1,1,1983,0,0,0,0,0,0,0,0,0,0
320002,1,1,1983,26,26,26,26,26,26,26,26,26,26
320003,1,1,1983,3,3,3,3,3,3,3,3,3,3
320004,1,1,1983,13,13,13,13,13,13,13,13,13,13
320004,2,1,1983,0,0,0,0,0,0,0,0,0,0
320005,0,1,1983,0,0,0,0,0,0,0,0,0,0
320005,1,1,1983,14,17,4,7,10,0,0,6,0,27
320006,1,1,1983,0,0,0,0,0,0,0,0,0,0
320007,1,1,1983,0,0,0,0,0,0,0,0,0,0
320008,1,1,1983,26,26,26,26,26,26,26,26,26,26
320008,2,1,1983,14,0,0,0,0,0,5,7,0,0
320009,0,1,1983,39,39,39,39,39,39,39,39,39,39
320009,1,1,1983,0,0,0,0,15,0,0,0,0,7
320010,1,1,1983,0,0,0,0,0,0,0,0,0,0
320011,1,1,1983,0,0,0,0,0,0,0,0,0,0
320011,2,1,1983,0,0,0,0,0,0,0,0,0,0
320012,1,1,1983,0,0,0,0,0,0,0,0,0,0
320012,2,1,1983,0,0,0,5,0,0,0,0,0,0
320012,3,1,1983,0,0,0,0,0,0,0,0,0,0
320013,1,1,1983,21,21,21,21,21,21,21,21,21,21
320014,0,1,1983,17,0,0,0,35,0,17,0,0,20
320014,1,1,1983,0,0,0,0,0,0,0,0,0,0
320015,0,1,1983,0,0,0,0,0,0,0,0,0,0
320015,1,1,1983,25,25,25,25,25,25,25,25,25,25
320016,0,1,1983,0,0,0,0,0,0,0,0,0,0
320016,0,2,1983,0,0,0,0,0,0,0,0,0,0
320016,1,1,1983,11,11,11,11,11,11,11,11,11,11
320017,1,1,1983,0,0,0,0,0,0,0,0,0,0
320017,2,1,1983,20,20,20,20,20,20,20,20,20,20
320018,0,1,1983,0,0,0,0,0,0,0,0,0,0
320018,1,1,1983,16,16,16,16,16,16,16,16,16,16
320019,0,1,1983,0,0,0,0,0,0,0,0,0,0
320019,1,1,1983,0,0,0,0,0,0,0,0,0,0
320020,0,1,1983,0,0,0,0,0,0,0,0,0,0