ST_CASE,VEH_NO,PER_NO,YEAR,P1,P2,P3,P4,P5,P6,P7,P8,P9,P10
330105,3,1,1983,0,0,0,0,0,0,0,0,0,0
330106,1,1,1983,14,14,14,14,14,14,14,14,14,14
330107,0,1,1983,0,0,0,0,0,0,0,0,0,0
330107,1,1,1983,9,0,11,0,16,14,0,0,0,0
330108,0,1,1983,0,0,0,0,0,0,0,0,0,0
330108,1,1,1983,0,0,0,0,0,0,0,0,0,0
330109,1,1,1983,0,0,0,0,0,0,0,0,0,0
330110,1,1,1983,0,0,0,0,0,0,0,0,0,0
330111,1,1,1983,0,0,0,0,0,0,0,0,0,0
330112,1,1,1983,15,15,15,15,15,15,15,15,15,15
330113,1,1,1983,0,0,0,0,0,10,0,0,0,0
330113,2,1,1983,0,0,0,0,0,0,0,0,0,0
330114,1,1,1983,19,17,12,16,22,19,22,28,15,16
330115,1,1,1983,18,0,20,18,21,23,13,14,15,11
330116,1,1,1983,0,0,0,0,0,0,0,0,0,0
330117,1,1,1983,21,21,21,21,21,21,21,21,21,21
330118,1,1,1983,23,23,23,23,23,23,23,23,23,23
330118,2,1,1983,0,0,0,0,0,0,0,0,0,0
330119,1,1,1983,26,26,26,26,26,26,26,26,26,26
330120,1,1,1983,18,18,18,18,18,18,18,18,18,18
330121,1,1,1983,14,14,14,14,14,14,14,14,14,14
330122,1,1,1983,18,18,18,18,18,18,18,18,18,18
330123,1,1,1983,0,0,0,0,0,0,0,0,0,0
330123,2,1,1983,0,0,0,0,0,0,0,0,0,0
330124,0,1,1983,0,0,0,0,0,0,0,0,0,0
330124,1,1,1983,0,0,0,0,0,0,0,0,0,0
330125,1,1,1983,0,0,0,0,0,0,0,0,0,0
330126,1,1,1983,0,0,0,0,0,0,0,0,0,0
330126,2,1,1983,15,15,15,15,15,15,15,15,15,15
330127,1,1,1983,0,0,0,0,0,0,0,0,0,0
330128,1,1,1983,12,12,12,12,12,12,12,12,12,12
330129,1,1,1983,14,14,14,14,14,14,14,14,14,14
330130,1,1,1983,23,23,23,23,23,23,23,23,23,23
330130,2,1,1983,0,0,0,0,0,0,0,0,0,0
330131,1,1,1983,16,16,16,16,16,16,16,16,16,16
330132,1,1,1983,23,33,12,19,11,18,30,23,17,17
330133,0,1,1983,0,0,0,0,0,0,0,0,0,0
330133,1,1,1983,18,18,18,18,18,18,18,18,18,18
330134,1,1,1983,0,0,0,18,0,0,0,0,0,0
330135,1,1,1983,16,17,9,0,18,14,22,22,10,15
330136,1,1,1983,30,30,30,30,30,30,30,30,30,30
330136,2,1,1983,0,0,0,0,0,0,0,0,0,0
330137,0,1,1983,0,0,0,0,0,0,0,0,0,0
330137,1,1,1983,0,0,0,0,0,0,0,0,0,0
330138,0,1,1983,0,0,0,0,0,0,0,0,0,0
330138,1,1,1983,0,0,0,0,0,0,0,0,0,0
330139,0,1,1983,0,0,0,0,0,0,0,0,0,0
330139,1,1,1983,0,0,0,0,0,0,0,0,0,0
330140,0,1,1983,0,0,0,0,0,0,0,0,0,0
330140,0,2,1983,0,0,0,0,0,0,18,0,0,0
330140,1,1,1983,15,15,15,15,15,15,15,15,15,15
330141,1,1,1983,18,18,18,18,18,18,18,18,18,18
330142,1,1,1983,26,26,26,26,26,26,26,26,26,26
330142,2,1,1983,0,0,0,0,0,0,0,0,0,0
330143,1,1,1983,0,0,0,0,0,0,0,0,0,0
330144,1,1,1983,20,20,20,20,20,20,20,20,20,20
330145,1,1,1983,0,0,0,0,0,0,0,0,0,0
330145,2,1,1983,0,0,0,0,0,0,0,0,0,0
330146,0,1,1983,0,0,0,0,0,0,0,0,0,0
330146,1,1,1983,0,0,0,0,0,0,0,0,0,0
330147,1,1,1983,0,0,0,0,0,0,0,0,0,0
330148,1,1,1983,18,18,18,18,18,18,18,18,18,18
330149,1,1,1983,0,0,0,0,0,0,0,0,0,0
330150,1,1,1983,0,0,0,0,0,0,0,0,0,0
330150,2,1,1983,0,0,0,0,0,0,0,0,0,0
330151,1,1,1983,0,0,0,0,0,0,0,0,0,0
330151,2,1,1983,0,0,0,0,0,0,0,0,0,0
330152,0,1,1983,0,0,0,0,0,0,0,0,0,0
330152,1,1,1983,0,0,0,0,0,0,0,0,0,0
330153,1,1,1983,8,8,8,8,8,8,8,8,8,8
330153,2,1,1983,16,16,16,16,16,16,16,16,16,16
330154,1,1,1983,15,15,15,15,15,15,15,15,15,15
330154,2,1,1983,0,0,0,0,0,0,0,0,0,0
330154,3,1,1983,0,0,0,0,0,0,0,0,0,0
330154,4,1,1983,0,0,0,0,0,0,0,0,0,0
330155,1,1,1983,0,0,0,0,0,0,0,0,0,0
330155,2,1,1983,0,0,0,0,0,0,0,0,0,0
330156,1,1,1983,0,0,0,0,0,0,0,0,0,0
330156,2,1,1983,0,0,0,0,0,0,0,0,0,0
330157,1,1,1983,0,0,0,0,0,0,0,0,0,0
330157,2,1,1983,23,23,23,23,23,23,23,23,23,23
330158,1,1,1983,15,0,0,0,0,16,0,0,0,0
330159,1,1,1983,0,0,0,0,0,0,0,0,0,0
330159,2,1,1983,0,0,0,0,0,0,0,0,0,0
330160,1,1,1983,22,8,22,21,21,21,0,20,21,7
330160,2,1,1983,0,0,0,0,0,0,0,0,0,0
330161,0,1,1983,0,0,0,0,0,0,0,0,0,0
330161,0,2,1983,0,0,0,0,0,0,0,0,0,0
330161,0,3,1983,0,0,0,0,0,0,0,0,0,0
330161,1,1,1983,36,17,19,16,14,23,20,16,18,17
330162,0,1,1983,0,0,0,0,0,22,0,0,0,0
330162,1,1,1983,0,0,0,0,0,0,0,0,0,0
330163,0,1,1983,0,0,0,0,0,0,0,0,0,0
330163,1,1,1983,0,17,4,0,12,0,0,0,0,11
330164,1,1,1983,18,18,18,18,18,18,18,18,18,18
330165,1,1,1983,23,23,23,23,23,23,23,23,23,23
330166,0,1,1983,0,0,0,0,0,0,0,0,0,0
330166,1,1,1983,13,14,17,11,19,17,24,18,26,14
340001,0,1,1983,0,25,0,35,0,0,0,13,0,34
340001,1,1,1983,2,2,2,2,2,2,2,2,2,2
340002,1,1,1983,0,0,0,0,0,0,0,0,0,0
340003,1,1,1983,0,0,0,0,0,0,0,0,0,0
340003,2,1,1983,0,0,0,0,0,0,0,0,0,0
340003,3,1,1983,0,0,0,0,0,0,0,0,0,0
340004,1,1,1983,14,14,14,14,14,14,14,14,14,14
340005,1,1,1983,16,16,16,16,16,16,16,16,16,16
340006,1,1,1983,0,0,0,0,0,0,0,0,0,0
340006,2,1,1983,0,0,0,0,0,0,0,0,0,0
340006,3,1,1983,0,0,0,0,0,0,0,0,16,0
340007,1,1,1983,0,0,0,0,0,0,0,0,0,0
340007,2,1,1983,10,0,0,0,0,0,0,0,0,0
340008,0,1,1983,22,22,22,22,22,22,22,22,22,22
340008,1,1,1983,0,0,0,0,0,0,0,0,0,20
340009,0,1,1983,0,0,0,0,0,0,0,0,0,0
340009,1,1,1983,10,0,10,13,0,12,20,0,14,21
340010,1,1,1983,16,16,16,16,16,16,16,16,16,16
340011,1,1,1983,0,0,0,0,0,0,0,0,0,0
340012,1,1,1983,0,0,0,0,0,0,0,0,0,0
340013,1,1,1983,0,0,0,0,0,0,0,0,0,0
340014,1,1,1983,0,0,0,0,0,0,7,0,0,0
340014,2,1,1983,0,0,0,0,0,0,0,0,0,0
340015,0,1,1983,0,0,0,0,0,0,0,0,0,0
340015,1,1,1983,0,20,0,0,0,0,0,0,0,0
340016,0,1,1983,16,16,16,16,16,16,16,16,16,16
340016,1,1,1983,0,0,0,0,0,0,0,0,0,0
340017,1,1,1983,0,24,15,29,6,2,0,9,26,0
340017,2,1,1983,0,14,27,19,21,18,25,3,0,17
340018,0,1,1983,0,0,0,0,0,0,0,0,0,0
340018,2,1,1983,0,0,0,0,0,0,0,0,0,0
340019,0,1,1983,0,0,0,0,0,0,0,0,0,0
340019,1,1,1983,0,0,0,0,0,0,0,0,0,0
340020,0,1,1983,0,0,0,0,0,0,0,0,0,0
340020,1,1,1983,0,0,0,0,0,0,0,0,0,0
340021,1,1,1983,11,11,11,11,11,11,11,11,11,11
340022,0,1,1983,0,0,0,0,0,0,0,0,0,0
340022,1,1,1983,0,0,0,0,0,0,0,0,0,0
340023,1,1,1983,4,14,0,0,0,0,0,0,0,24
340023,2,1,1983,0,0,0,0,0,0,0,0,0,0
340024,1,1,1983,24,0,0,0,0,21,0,0,0,0
340024,2,1,1983,0,0,0,0,0,0,0,0,0,0
340025,1,1,1983,0,10,8,0,42,0,0,14,0,2
340025,2,1,1983,10,10,10,10,10,10,10,10,10,10
340026,1,1,1983,0,0,0,0,0,0,0,0,0,0
340027,0,1,1983,29,11,29,10,37,17,18,17,21,17
340027,1,1,1983,12,12,12,12,12,12,12,12,12,12
340028,1,1,1983,15,15,15,15,15,15,15,15,15,15
340029,1,1,1983,8,8,8,8,8,8,8,8,8,8
340029,2,1,1983,0,0,0,0,0,0,0,0,0,0
340030,1,1,1983,17,17,17,17,17,17,17,17,17,17
340031,0,1,1983,0,0,0,0,0,0,0,0,0,0
340031,1,1,1983,19,19,19,19,19,19,19,19,19,19
340032,1,1,1983,0,0,0,0,0,0,0,0,0,0
340033,1,1,1983,12,12,12,12,12,12,12,12,12,12
340034,1,1,1983,9,25,23,23,15,13,4,34,11,12
340035,1,1,1983,0,0,0,0,0,0,0,0,0,0
340036,0,1,1983,13,13,0,0,9,13,23,11,0,0
340036,1,1,1983,0,0,0,0,0,0,0,0,18,0
340037,0,1,1983,20,20,20,20,20,20,20,20,20,20
340037,1,1,1983,0,0,0,0,0,0,0,0,0,0
340038,0,1,1983,0,0,0,0,0,0,0,0,0,0
340038,1,1,1983,2,2,2,2,2,2,2,2,2,2
340039,1,1,1983,0,0,0,0,0,0,0,0,0,0
340039,2,1,1983,17,17,17,17,17,17,17,17,17,17
340040,1,1,1983,23,23,23,23,23,23,23,23,23,23
340041,1,1,1983,11,11,11,11,11,11,11,11,11,11
340042,1,1,1983,0,0,0,0,0,0,0,0,0,0
340042,2,1,1983,9,9,9,9,9,9,9,9,9,9
340043,1,1,1983,16,16,16,16,16,16,16,16,16,16
340044,1,1,1983,0,0,0,0,0,0,0,0,0,0
340044,2,1,1983,0,0,0,0,0,0,0,0,0,0
340044,3,1,1983,0,0,0,0,0,0,0,0,0,0
340045,1,1,1983,0,0,0,0,0,0,0,0,0,0
340045,2,1,1983,24,24,24,24,24,24,24,24,24,24
340046,1,1,1983,0,0,0,0,0,0,0,0,0,0
340046,2,1,1983,0,0,0,0,0,0,0,0,0,20
340047,1,1,1983,9,9,9,9,9,9,9,9,9,9
340048,1,1,1983,12,20,17,11,9,19,15,14,17,0
340049,1,1,1983,0,0,0,0,0,0,0,0,0,0
340049,2,1,1983,0,0,0,0,0,0,0,0,0,0
340050,0,1,1983,0,0,0,0,0,0,0,0,0,0
340050,1,1,1983,0,0,0,0,0,0,0,8,0,0
340051,1,1,1983,0,0,0,0,0,0,0,0,0,0
340051,2,1,1983,0,0,0,0,0,0,0,17,0,0
340051,3,1,1983,0,0,0,0,0,0,0,0,0,0
340053,1,1,1983,24,24,24,24,24,24,24,24,24,24
340053,2,1,1983,0,21,0,0,0,0,0,4,0,0
340054,1,1,1983,0,0,0,0,0,0,0,0,0,21
340054,2,1,1983,0,0,0,0,0,0,0,0,0,0
340055,1,1,1983,0,0,0,0,0,0,0,0,0,0
340056,0,1,1983,16,16,16,16,16,16,16,16,16,16
340056,1,1,1983,0,0,0,0,0,0,0,0,0,0
340057,0,1,1983,16,16,16,16,16,16,16,16,16,16
340057,0,2,1983,34,0,0,0,24,12,0,19,34,23
340057,1,1,1983,19,19,19,19,19,19,19,19,19,19
340058,1,1,1983,0,0,0,0,0,26,0,15,0,0
340060,0,1,1983,31,31,31,31,31,31,31,31,31,31
340060,1,1,1983,29,0,0,0,0,0,0,0,0,0
340061,0,1,1983,0,0,0,0,0,0,0,0,0,0
340061,1,1,1983,0,0,0,0,0,0,0,0,0,0
340062,1,1,1983,0,0,0,0,0,0,0,0,0,0
340062,2,1,1983,0,0,0,0,0,0,0,0,0,0
340063,1,1,1983,0,0,0,0,0,0,0,0,0,0
340063,2,1,1983,0,0,0,0,0,0,0,0,0,0
340064,0,1,1983,10,10,10,10,10,10,10,10,10,10
340064,1,1,1983,0,0,0,0,0,0,0,0,0,0
340065,1,1,1983,2,2,2,2,2,2,2,2,2,2
340066,1,1,1983,0,0,0,0,0,0,0,0,0,0
340066,2,1,1983,0,0,0,0,0,27,0,0,0,0
340066,3,1,1983,0,0,0,0,0,0,0,0,0,0
340067,0,1,1983,8,0,0,0,0,0,0,0,36,0
340067,1,1,1983,0,0,0,0,0,0,0,0,0,0
340068,1,1,1983,13,13,13,13,13,13,13,13,13,13
340069,1,1,1983,18,18,18,18,18,18,18,18,18,18
340070,0,1,1983,0,0,0,0,0,0,0,0,0,0
340070,1,1,1983,0,0,0,0,0,0,0,0,0,0
340071,1,1,1983,0,0,0,0,0,0,0,0,0,0
340072,1,1,1983,0,0,0,0,0,0,0,0,0,0
340073,0,1,1983,0,0,0,0,0,0,0,0,0,0
340073,1,1,1983,12,0,25,0,0,0,4,17,10,0
340074,1,1,1983,0,0,0,0,0,0,0,0,0,0
340076,0,1,1983,16,16,16,16,16,16,16,16,16,16
340076,1,1,1983,0,0,0,0,0,0,0,0,0,0
340077,0,1,1983,0,0,0,0,0,0,0,0,0,0
340077,1,1,1983,0,0,0,0,0,0,0,0,0,0
340078,2,1,1983,31,31,31,31,31,31,31,31,31,31
340078,3,1,1983,0,0,0,0,0,0,0,0,0,0
340079,1,1,1983,0,0,0,0,0,0,0,0,0,0
340080,1,1,1983,0,0,0,0,0,0,0,0,0,0
340080,2,1,1983,0,0,0,0,0,0,0,0,0,0
340080,3,1,1983,0,0,0,0,0,0,0,0,0,0
340080,4,1,1983,0,0,0,0,0,0,0,0,0,0
340080,5,1,1983,0,0,0,0,0,0,0,0,0,0
340081,1,1,1983,6,6,6,6,6,6,6,6,6,6
340082,0,1,1983,28,28,28,28,28,28,28,28,28,28
340082,1,1,1983,41,0,23,0,14,38,7,8,7,6
340083,0,1,1983,0,0,0,0,0,0,0,0,0,18
340083,1,1,1983,0,0,0,0,0,0,0,0,0,0
340084,0,1,1983,0,0,0,0,0,0,0,0,0,0
340084,1,1,1983,0,0,0,0,0,0,0,0,0,0
340085,1,1,1983,0,0,0,0,0,0,0,0,0,0
340085,2,1,1983,0,0,0,0,0,0,0,0,0,0
340086,1,1,1983,0,0,0,0,0,0,0,0,0,0
340086,2,1,1983,0,0,0,0,0,0,0,0,0,0
340087,1,1,1983,0,23,0,10,0,0,0,30,0,37
340087,2,1,1983,15,15,15,15,15,15,15,15,15,15
340088,1,1,1983,0,0,0,0,0,0,0,0,0,0
340088,2,1,1983,0,0,0,0,0,0,0,0,0,0
340088,3,1,1983,0,0,0,0,0,0,0,0,13,0
340089,0,1,1983,0,22,0,37,16,0,0,15,0,0
340089,0,2,1983,25,13,0,6,7,29,0,14,0,0
340089,1,1,1983,13,13,13,13,13,13,13,13,13,13
340090,1,1,1983,13,13,13,13,13,13,13,13,13,13
340091,0,1,1983,34,34,34,34,34,34,34,34,34,34
340091,1,1,1983,0,0,0,0,0,0,0,0,0,8
340092,0,1,1983,0,0,0,0,0,0,0,0,0,0
340092,1,1,1983,0,0,0,0,0,0,0,0,0,0
340093,1,1,1983,0,0,0,0,0,0,0,0,0,0
340093,2,1,1983,0,0,0,0,0,0,0,0,0,0
340094,1,1,1983,0,0,0,0,0,0,0,0,0,0
340094,2,1,1983,0,0,0,0,0,0,0,0,0,0
340095,0,1,1983,15,0,24,0,21,0,0,12,0,13
340095,1,1,1983,0,0,0,0,0,0,0,0,0,0
340096,1,1,1983,19,19,19,19,19,19,19,19,19,19
340097,0,1,1983,15,15,15,15,15,15,15,15,15,15
340097,1,1,1983,0,0,0,0,0,0,0,0,0,0
340098,1,1,1983,0,0,0,0,0,0,0,0,0,0
340098,2,1,1983,0,0,0,0,0,0,0,0,0,0
340099,1,1,1983,0,0,0,0,0,0,0,0,0,0
340099,2,1,1983,24,24,24,24,24,24,24,24,24,24
340100,1,1,1983,21,21,21,21,21,21,21,21,21,21
340100,2,1,1983,0,0,0,0,0,0,0,0,0,0
340100,3,1,1983,0,0,0,0,0,0,0,0,0,0
340101,1,1,1983,3,3,3,3,3,3,3,3,3,3
340102,1,1,1983,16,16,16,16,16,16,16,16,16,16
340103,1,1,1983,0,0,0,0,0,0,0,0,0,0
340103,2,1,1983,0,0,0,0,0,0,0,0,0,0
340104,0,1,1983,15,15,15,15,15,15,15,15,15,15
340104,1,1,1983,0,0,0,0,0,0,0,0,0,0
340105,1,1,1983,19,19,19,19,19,19,19,19,19,19
340106,1,1,1983,0,0,0,0,0,0,0,0,0,0
340106,2,1,1983,0,0,0,0,0,0,0,0,0,0
340107,1,1,1983,0,0,0,0,0,0,0,0,0,0
340108,0,1,1983,0,0,0,0,0,0,0,0,0,0
340108,1,1,1983,0,0,0,0,14,0,0,0,0,0
340109,0,1,1983,0,0,0,0,0,0,0,0,0,0
340109,1,1,1983,0,0,0,0,0,0,0,0,0,0
340110,0,1,1983,0,0,0,0,0,0,0,0,0,0
340110,1,1,1983,0,0,0,0,0,0,0,0,0,6
340110,2,1,1983,0,0,0,0,0,0,0,0,0,0
340111,0,1,1983,0,0,27,0,0,0,0,33,0,0
340111,1,1,1983,0,0,0,0,0,0,0,0,0,0
340112,1,1,1983,0,23,21,0,0,0,0,22,0,11
340113,1,1,1983,7,7,7,7,7,7,7,7,7,7
340114,1,1,1983,9,9,9,9,9,9,9,9,9,9
340115,1,1,1983,17,17,17,17,17,17,17,17,17,17
340116,0,1,1983,15,15,0,0,0,0,27,0,0,0
340116,1,1,1983,0,0,0,0,0,0,0,0,0,0
340117,1,1,1983,19,19,19,19,19,19,19,19,19,19
340117,2,1,1983,0,0,0,6,0,0,0,0,10,13
340118,1,1,1983,0,2,10,32,14,17,20,14,9,14
340119,0,1,1983,29,29,29,29,29,29,29,29,29,29
340119,0,2,1983,11,13,0,29,30,29,0,16,17,25
340119,1,1,1983,15,0,0,7,0,0,0,10,0,0
340120,1,1,1983,19,19,19,19,19,19,19,19,19,19
340121,0,1,1983,18,16,11,23,0,17,33,8,1,23
340121,1,1,1983,0,0,0,0,0,0,0,0,0,0
340122,1,1,1983,16,16,16,16,16,16,16,16,16,16
340123,0,1,1983,0,0,0,0,0,0,0,0,0,0
340123,1,1,1983,0,0,0,0,0,0,0,0,0,0
340125,1,1,1983,27,27,27,27,27,27,27,27,27,27
340126,0,1,1983,30,22,38,31,9,17,37,14,12,25
340126,1,1,1983,17,13,23,12,19,13,0,4,17,6
340127,0,1,1983,0,0,0,0,0,0,0,0,0,0
340127,1,1,1983,12,0,0,9,0,0,4,0,0,0
340128,1,1,1983,0,0,0,0,0,0,0,0,0,0
340128,2,1,1983,0,0,0,0,0,0,0,0,0,0
340129,1,1,1983,22,22,22,22,22,22,22,22,22,22
340129,2,1,1983,18,0,0,0,14,0,0,0,0,0
340130,0,1,1983,0,0,0,0,0,0,0,0,0,0
340130,1,1,1983,0,0,0,0,0,0,0,0,0,8
340131,1,1,1983,0,0,6,0,0,0,0,11,0,0
340131,2,1,1983,0,0,0,0,0,0,0,0,0,0
340132,0,1,1983,0,0,0,0,0,0,0,0,0,0
340133,0,1,1983,0,0,0,0,0,0,0,0,0,0
340134,1,1,1983,14,14,14,14,14,14,14,14,14,14
340135,0,1,1983,0,0,0,0,0,0,0,0,0,0
340135,1,1,1983,0,0,0,0,0,0,0,0,0,0
340135,2,1,1983,0,0,0,0,0,0,0,0,0,0
340135,3,1,1983,0,0,0,0,0,0,0,0,0,0
340136,1,1,1983,17,17,17,17,17,17,17,17,17,17
340136,2,1,1983,0,0,0,8,0,0,0,0,0,0
340137,0,1,1983,0,0,0,0,0,0,0,0,0,0
340137,0,2,1983,27,23,14,31,15,13,0,6,29,24
340137,1,1,1983,5,5,24,0,28,8,15,17,13,34
340138,1,1,1983,0,0,0,21,8,11,10,12,13,26
340138,2,1,1983,0,0,0,0,0,0,0,0,0,0
340139,1,1,1983,23,23,23,23,23,23,23,23,23,23
340140,0,1,1983,0,0,0,0,0,0,0,0,0,0
340140,1,1,1983,0,0,0,0,0,0,0,0,0,0
340141,0,1,1983,0,0,0,0,0,0,0,0,0,0
340141,1,1,1983,0,0,0,0,31,0,0,0,0,0
340142,1,1,1983,18,18,18,18,18,18,18,18,18,18
340143,1,1,1983,16,16,16,16,16,16,16,16,16,16
340143,2,1,1983,0,0,0,18,4,0,0,0,0,0
340143,3,1,1983,4,4,4,4,4,4,4,4,4,4
340144,0,1,1983,0,0,0,0,0,0,0,0,0,0
340144,1,1,1983,0,0,0,0,0,10,0,0,0,0
340145,0,1,1983,18,18,18,18,18,18,18,18,18,18
340145,1,1,1983,0,0,0,0,0,0,0,0,0,0
340146,0,1,1983,0,0,0,0,0,0,0,0,0,0
340146,0,2,1983,7,7,7,7,7,7,7,7,7,7
340146,1,1,1983,2,2,2,2,2,2,2,2,2,2
340147,1,1,1983,18,18,18,18,18,18,18,18,18,18
340147,2,1,1983,0,0,0,22,0,0,0,0,0,0
340148,0,1,1983,16,16,16,16,16,16,16,16,16,16
340148,1,1,1983,47,11,0,0,8,0,0,14,0,8
340148,2,1,1983,0,0,0,0,0,0,0,0,0,0
340149,0,1,1983,22,22,22,22,22,22,22,22,22,22
340149,1,1,1983,4,12,31,8,13,3,14,7,20,21
340150,1,1,1983,24,24,24,24,24,24,24,24,24,24
340150,2,1,1983,0,12,0,0,0,14,24,0,25,0
340151,1,1,1983,0,0,0,0,0,0,0,0,0,0
340151,2,1,1983,15,15,15,15,15,15,15,15,15,15
340152,1,1,1983,14,14,14,14,14,14,14,14,14,14
340153,1,1,1983,0,0,17,0,0,0,0,0,0,0
340153,2,1,1983,0,0,0,0,0,0,0,0,0,0
340154,0,1,1983,25,25,25,25,25,25,25,25,25,25
340154,1,1,1983,0,0,0,0,0,0,0,0,0,0
340155,1,1,1983,14,14,14,14,14,14,14,14,14,14
340155,2,1,1983,0,0,0,0,0,0,0,0,0,0
340155,3,1,1983,0,0,0,0,0,0,0,0,0,0
340156,0,1,1983,2,2,2,2,2,2,2,2,2,2
340156,1,1,1983,0,0,0,0,0,0,0,0,0,0
340157,1,1,1983,13,13,13,13,13,13,13,13,13,13
340158,0,1,1983,0,0,0,0,0,0,0,0,0,0
340158,1,1,1983,0,0,0,0,0,0,0,0,0,0
340159,1,1,1983,0,0,0,0,0,0,0,0,0,0
340159,2,1,1983,0,0,0,0,0,0,0,0,0,0
340160,0,1,1983,0,0,0,0,0,0,0,0,0,0
340160,1,1,1983,0,0,0,0,0,0,0,0,0,0
340161,1,1,1983,0,0,0,0,0,0,0,0,0,0
340162,0,1,1983,0,0,0,0,0,0,0,0,0,0
340162,1,1,1983,0,0,0,0,0,0,0,0,0,0
340163,1,1,1983,0,24,9,0,25,0,24,0,0,0
340164,1,1,1983,0,0,0,0,0,0,0,0,0,0
340164,2,1,1983,0,0,0,0,0,0,0,0,0,0
340165,1,1,1983,0,0,0,0,0,0,0,0,0,0
340165,2,1,1983,0,0,0,0,0,0,0,0,0,0
340166,1,1,1983,11,11,11,11,11,11,11,11,11,11
340167,1,1,1983,12,12,12,12,12,12,12,12,12,12
340168,1,1,1983,0,0,0,0,0,0,0,0,0,0
340168,2,1,1983,0,0,0,0,0,0,10,0,0,0
340169,1,1,1983,10,0,0,0,5,25,0,0,0,0
340169,2,1,1983,0,0,0,0,0,0,0,0,0,0
340170,0,1,1983,0,19,0,21,0,12,17,15,13,33
340170,1,1,1983,0,0,0,0,0,0,0,0,0,0
340172,1,1,1983,0,0,0,0,0,0,0,0,0,0
340172,2,1,1983,0,0,0,0,0,0,0,0,0,0
340173,1,1,1983,18,18,18,18,18,18,18,18,18,18
340174,1,1,1983,0,0,0,0,0,0,0,0,0,0
340174,2,1,1983,0,0,0,0,0,0,0,0,0,0
340175,1,1,1983,17,17,17,17,17,17,17,17,17,17
340175,2,1,1983,0,0,0,7,0,0,0,0,0,0
340176,1,1,1983,0,0,0,0,0,0,0,0,0,0
340176,2,1,1983,0,0,0,0,0,0,0,0,0,0
340177,1,1,1983,14,14,14,14,14,14,14,14,14,14
340177,2,1,1983,0,0,0,0,0,0,0,0,0,0
340178,0,1,1983,0,0,0,0,0,0,0,0,0,0
340178,1,1,1983,0,0,0,0,0,0,0,0,0,0
340179,1,1,1983,9,9,9,9,9,9,9,9,9,9
340180,1,1,1983,0,0,0,0,0,0,0,0,0,0
340181,1,1,1983,0,0,0,0,0,0,0,0,0,0
340181,2,1,1983,0,0,0,0,0,0,22,0,0,0
340182,0,1,1983,16,16,16,16,16,16,16,16,16,16
340182,1,1,1983,21,21,21,21,21,21,21,21,21,21
340183,0,1,1983,0,0,0,0,0,0,0,0,0,0
340183,1,1,1983,0,0,0,0,0,0,0,0,0,0
340184,1,1,1983,0,0,0,0,0,0,0,0,0,0
340185,0,1,1983,0,0,0,0,0,0,0,0,0,0
340185,1,1,1983,0,0,0,0,0,0,0,0,0,0
340187,1,1,1983,17,17,17,17,17,17,17,17,17,17
340187,2,1,1983,14,0,0,0,24,0,0,0,0,0
340188,1,1,1983,18,18,18,18,18,18,18,18,18,18
340189,0,1,1983,0,0,0,0,0,0,0,0,0,0
340189,1,1,1983,0,0,0,3,16,0,0,0,0,0
340190,1,1,1983,0,0,0,0,0,0,0,0,0,0
340191,1,1,1983,0,0,0,0,0,0,0,0,0,0
340192,0,1,1983,0,0,0,0,0,0,0,0,0,0
340192,1,1,1983,10,22,9,17,17,29,7,25,12,0
340192,2,1,1983,19,0,0,0,16,0,0,0,0,1
340193,0,1,1983,0,0,0,0,0,0,0,0,0,0
340193,1,1,1983,0,0,0,0,0,0,0,0,0,0
340194,0,1,1983,25,0,0,0,19,0,0,11,0,0
340194,0,2,1983,0,0,0,0,22,19,12,0,0,0
340194,1,1,1983,0,0,0,0,0,0,0,0,0,0
340195,1,1,1983,18,18,18,18,18,18,18,18,18,18
340195,2,1,1983,0,0,0,0,0,0,0,0,0,0
340196,1,1,1983,9,9,9,9,9,9,9,9,9,9
340197,0,1,1983,0,0,0,0,0,0,0,0,0,0
340197,1,1,1983,0,0,0,0,0,0,0,0,0,0
340198,0,1,1983,11,0,0,0,28,0,0,27,13,0
340198,1,1,1983,0,0,0,0,0,0,0,0,0,0
340199,0,1,1983,34,34,34,34,34,34,34,34,34,34
340199,1,1,1983,0,0,0,0,0,0,0,0,0,0
340200,1,1,1983,0,0,0,0,0,0,0,0,0,0
340200,2,1,1983,0,0,0,0,0,0,0,0,0,0
340201,0,1,1983,0,0,0,0,0,26,0,29,0,0
340201,0,2,1983,13,0,12,13,15,26,22,34,0,0
340201,1,1,1983,15,15,15,15,15,15,15,15,15,15
340202,0,1,1983,0,0,0,0,0,0,0,0,0,0
340202,1,1,1983,0,0,0,0,0,0,0,0,0,0
340203,1,1,1983,22,22,22,22,22,22,22,22,22,22
340204,1,1,1983,0,5,23,0,0,0,0,0,0,0
340206,1,1,1983,4,4,4,4,4,4,4,4,4,4
340207,0,1,1983,30,29,4,0,10,0,8,0,34,15
340207,1,1,1983,27,8,19,9,10,9,24,28,22,17
340208,1,1,1983,13,13,13,13,13,13,13,13,13,13
340208,2,1,1983,13,13,13,13,13,13,13,13,13,13
340209,1,1,1983,0,29,0,0,0,0,0,0,29,0
340209,2,1,1983,0,0,0,0,0,0,0,0,0,7
340210,1,1,1983,0,0,0,0,0,0,0,0,0,0
340211,0,1,1983,0,0,0,0,0,0,21,0,0,23
340211,1,1,1983,19,19,19,19,19,19,19,19,19,19
340212,1,1,1983,0,0,0,0,0,24,20,0,0,13