ST_CASE,VEH_NO,PER_NO,YEAR,P1,P2,P3,P4,P5,P6,P7,P8,P9,P10
340212,2,1,1983,18,18,18,18,18,18,18,18,18,18
340213,1,1,1983,16,16,16,16,16,16,16,16,16,16
340214,1,1,1983,4,4,4,4,4,4,4,4,4,4
340214,2,1,1983,0,0,0,0,0,0,0,0,0,0
340215,0,1,1983,0,0,0,0,0,0,0,0,0,0
340215,1,1,1983,17,0,16,0,11,0,24,0,0,0
340216,1,1,1983,21,21,21,21,21,21,21,21,21,21
340217,0,1,1983,8,8,8,8,8,8,8,8,8,8
340217,1,1,1983,10,10,10,10,10,10,10,10,10,10
340218,0,1,1983,8,8,8,8,8,8,8,8,8,8
340218,1,1,1983,13,13,13,13,13,13,13,13,13,13
340219,1,1,1983,22,22,22,22,22,22,22,22,22,22
340221,0,1,1983,0,0,0,0,0,0,0,0,0,0
340221,1,1,1983,0,0,0,16,0,0,0,0,0,0
340222,0,1,1983,0,0,0,0,0,0,0,0,0,0
340222,1,1,1983,0,0,0,0,0,22,0,0,0,0
340223,1,1,1983,0,11,0,0,0,0,0,0,0,0
340223,2,1,1983,0,0,0,0,0,0,0,0,0,0
340224,1,1,1983,29,29,29,29,29,29,29,29,29,29
340225,1,1,1983,30,22,27,13,15,22,6,9,32,24
340226,0,1,1983,0,0,0,0,0,0,0,0,0,0
340226,1,1,1983,0,15,0,14,9,0,15,0,0,0
340227,1,1,1983,0,0,0,0,0,0,0,0,0,0
340227,2,1,1983,10,10,10,10,10,10,10,10,10,10
340227,3,1,1983,0,0,0,15,0,0,0,0,0,0
340228,1,1,1983,0,0,0,0,0,0,0,0,0,0
340228,2,1,1983,14,14,14,14,14,14,14,14,14,14
340229,0,1,1983,0,0,0,0,0,0,0,0,23,0
340229,1,1,1983,0,0,0,0,0,0,0,0,0,0
340230,1,1,1983,0,0,0,0,0,0,0,0,0,0
340232,1,1,1983,0,0,0,0,0,0,0,0,0,0
340232,2,1,1983,0,0,0,0,0,0,0,0,0,0
340233,1,1,1983,0,0,0,0,0,0,0,0,0,0
340233,2,1,1983,0,0,0,0,0,0,0,0,0,0
340234,1,2,1983,15,15,15,15,15,15,15,15,15,15
340235,1,1,1983,4,4,4,4,4,4,4,4,4,4
340236,0,1,1983,0,0,0,0,0,0,0,0,0,0
340236,1,1,1983,0,0,0,0,0,0,0,0,0,0
340237,1,1,1983,15,15,15,15,15,15,15,15,15,15
340238,1,1,1983,12,12,12,12,12,12,12,12,12,12
340239,1,1,1983,11,0,9,0,0,0,0,0,0,0
340239,2,1,1983,0,15,10,0,0,0,0,0,15,20
340240,1,1,1983,0,0,0,0,0,0,0,0,0,0
340240,2,1,1983,0,0,0,0,0,0,0,0,0,0
340241,1,1,1983,0,0,0,0,0,0,0,0,0,0
340241,2,1,1983,15,15,15,15,15,15,15,15,15,15
340242,0,1,1983,0,0,0,0,0,0,0,0,0,0
340242,1,1,1983,0,0,0,0,0,0,0,0,0,0
340243,1,1,1983,7,7,7,7,7,7,7,7,7,7
340244,1,1,1983,17,17,17,17,17,17,17,17,17,17
340245,1,1,1983,15,15,15,15,15,15,15,15,15,15
340246,1,1,1983,0,0,0,0,0,0,0,0,0,0
340248,1,1,1983,17,17,17,17,17,17,17,17,17,17
340248,2,1,1983,0,0,0,0,0,0,0,0,0,0
340249,0,1,1983,0,0,0,0,0,0,0,0,0,0
340249,1,1,1983,0,0,0,0,0,0,0,0,0,0
340250,1,1,1983,13,13,13,13,13,13,13,13,13,13
340251,1,1,1983,0,0,0,0,0,0,0,0,0,0
340251,2,1,1983,0,0,0,0,0,0,0,0,0,0
340251,3,1,1983,0,0,0,0,0,0,0,0,0,0
340252,1,1,1983,0,0,0,0,0,0,0,0,0,0
340252,2,1,1983,0,0,0,0,0,0,0,0,0,12
340253,1,1,1983,15,15,15,15,15,15,15,15,15,15
340254,1,1,1983,10,27,19,0,15,0,27,31,23,11
340255,1,1,1983,0,0,0,0,0,0,0,0,0,0
340256,1,1,1983,37,37,37,37,37,37,37,37,37,37
340257,1,1,1983,0,0,0,0,0,0,0,0,0,0
340258,1,1,1983,17,17,17,17,17,17,17,17,17,17
340259,1,1,1983,0,0,0,0,0,0,0,0,0,0
340259,2,1,1983,0,0,0,0,0,0,0,0,0,0
340260,1,1,1983,0,0,0,0,0,0,0,0,0,0
340260,2,1,1983,0,0,0,0,0,0,0,0,0,0
340261,0,1,1983,0,0,0,0,0,0,0,0,0,0
340261,0,2,1983,22,0,4,18,21,8,0,0,6,0
340261,0,3,1983,0,0,27,16,0,26,7,0,9,0
340261,0,4,1983,12,0,35,0,0,17,0,0,16,18
340261,0,5,1983,7,0,0,0,22,0,14,15,0,0
340261,1,1,1983,0,0,9,6,0,16,14,0,8,11
340262,1,1,1983,0,0,0,0,0,0,0,0,0,0
340263,0,1,1983,28,0,0,0,0,0,0,35,20,14
340263,1,1,1983,0,0,0,0,0,0,0,0,0,0
340264,0,1,1983,0,0,0,0,11,0,35,0,0,43
340264,1,1,1983,9,9,9,9,9,9,9,9,9,9
340264,2,1,1983,0,5,0,0,10,11,14,0,0,0
340265,0,1,1983,19,19,19,19,19,19,19,19,19,19
340265,0,2,1983,21,9,0,28,13,16,29,32,0,25
340265,1,1,1983,0,0,0,24,5,0,0,27,15,0
340266,0,1,1983,0,0,0,0,0,0,0,0,0,0
340266,1,1,1983,0,0,0,0,0,17,0,0,0,0
340267,0,1,1983,0,0,0,7,0,0,0,0,0,25
340267,1,1,1983,0,0,0,0,0,0,0,0,0,0
340268,0,1,1983,0,0,0,0,0,0,0,0,0,0
340268,1,1,1983,0,0,0,0,0,0,5,0,0,7
340269,1,1,1983,13,0,0,17,0,0,13,26,18,0
340270,0,1,1983,0,0,0,18,0,0,0,0,0,5
340270,1,1,1983,0,0,0,0,0,0,0,0,0,0
340272,1,1,1983,4,4,20,23,9,8,12,8,12,22
340273,1,1,1983,17,0,0,14,0,0,0,0,13,7
340273,2,1,1983,1,1,1,1,1,1,1,1,1,1
340274,0,1,1983,0,0,0,0,0,0,0,0,0,0
340274,1,1,1983,0,0,0,0,0,0,0,0,0,0
340275,1,1,1983,0,0,0,0,0,0,0,0,0,0
340275,2,1,1983,19,19,19,19,19,19,19,19,19,19
340276,1,1,1983,0,0,0,0,0,0,0,0,0,0
340276,2,1,1983,0,0,0,0,0,0,0,0,0,0
340277,1,1,1983,0,0,0,0,0,0,19,15,0,0
340278,1,1,1983,0,0,0,0,0,0,0,0,0,0
340279,0,1,1983,2,2,2,2,2,2,2,2,2,2
340279,1,1,1983,0,0,9,0,0,0,0,14,0,0
340280,1,1,1983,22,22,22,22,22,22,22,22,22,22
340280,2,1,1983,0,0,12,0,0,0,0,0,0,0
340281,0,1,1983,13,13,13,13,13,13,13,13,13,13
340281,1,1,1983,15,10,8,6,11,24,7,24,20,13
340282,1,1,1983,0,0,0,0,0,0,0,0,0,17
340282,2,1,1983,0,0,0,0,0,0,0,0,0,0
340283,1,1,1983,20,20,20,20,20,20,20,20,20,20
340284,1,1,1983,0,0,0,0,0,0,0,0,3,0
340284,2,1,1983,0,0,0,0,0,0,0,0,0,0
340285,1,1,1983,5,5,5,5,5,5,5,5,5,5
340286,1,1,1983,0,0,0,0,0,0,0,0,0,0
340286,2,1,1983,0,0,0,0,0,0,0,0,0,0
340287,1,1,1983,8,8,8,8,8,8,8,8,8,8
340288,1,1,1983,20,20,20,20,20,20,20,20,20,20
340289,1,1,1983,0,0,0,0,0,0,0,0,0,0
340290,0,1,1983,0,0,0,0,0,0,0,0,0,0
340290,1,1,1983,0,0,0,0,0,0,0,0,0,0
340291,1,1,1983,3,3,3,3,3,3,3,3,3,3
340291,2,1,1983,0,0,0,0,0,0,0,0,16,0
340292,0,1,1983,0,0,0,0,0,0,0,0,0,0
340292,1,1,1983,0,0,0,0,0,0,0,0,0,0
340293,1,1,1983,17,17,17,17,17,17,17,17,17,17
340294,1,1,1983,0,0,0,0,0,0,0,0,0,0
340294,2,1,1983,0,0,0,0,0,0,0,0,0,0
340295,1,1,1983,0,0,0,0,0,0,0,0,0,0
340295,2,1,1983,0,0,0,0,0,0,0,0,0,0
340295,3,1,1983,0,0,0,0,0,0,0,0,0,0
340296,1,1,1983,0,0,10,0,0,0,0,24,0,0
340296,2,1,1983,16,16,16,16,16,16,16,16,16,16
340297,1,1,1983,0,0,0,0,0,0,0,0,0,0
340297,2,1,1983,0,0,0,0,0,0,0,0,0,0
340298,0,1,1983,0,0,0,0,0,0,0,0,0,0
340298,1,1,1983,0,0,0,0,0,0,0,0,0,0
340299,1,1,1983,0,0,0,0,0,0,0,0,0,0
340300,0,1,1983,24,24,24,24,24,24,24,24,24,24
340300,1,1,1983,2,2,2,2,2,2,2,2,2,2
340301,1,1,1983,0,0,0,0,0,15,0,0,0,0
340301,2,1,1983,0,0,0,0,0,0,0,0,0,0
340302,1,1,1983,0,0,0,0,0,0,0,0,0,0
340302,2,1,1983,28,28,28,28,28,28,28,28,28,28
340303,1,1,1983,8,8,8,8,8,8,8,8,8,8
340304,1,1,1983,0,0,0,0,0,0,0,0,0,0
340304,2,1,1983,19,19,19,19,19,19,19,19,19,19
340305,1,1,1983,13,15,6,13,16,3,11,6,50,6
340305,2,1,1983,17,17,17,17,17,17,17,17,17,17
340306,1,1,1983,0,0,0,0,0,0,0,0,0,0
340306,2,1,1983,0,0,0,0,19,0,0,0,13,0
340306,3,1,1983,8,8,8,8,8,8,8,8,8,8
340307,0,1,1983,3,3,3,3,3,3,3,3,3,3
340307,1,1,1983,23,0,0,0,0,0,0,0,0,0
340308,1,1,1983,17,17,17,17,17,17,17,17,17,17
340309,1,1,1983,6,6,6,6,6,6,6,6,6,6
340310,1,1,1983,0,0,0,0,21,0,0,12,0,0
340310,2,1,1983,0,0,0,0,0,0,0,0,0,0
340311,0,1,1983,24,0,14,37,0,0,0,21,26,43
340311,1,1,1983,0,10,6,12,19,27,18,8,14,0
340312,1,1,1983,0,0,0,0,0,0,0,0,14,0
340314,1,1,1983,20,20,20,20,20,20,20,20,20,20
340315,1,1,1983,0,0,0,0,0,0,0,0,0,0
340316,1,1,1983,19,19,19,19,19,19,19,19,19,19
340316,2,1,1983,4,4,4,4,4,4,4,4,4,4
340316,3,1,1983,0,0,15,0,0,0,0,0,0,0
340317,1,1,1983,0,15,0,0,0,0,22,37,0,0
340317,2,1,1983,0,0,0,0,0,0,0,0,0,0
340318,1,1,1983,0,0,0,0,0,0,0,0,5,0
340318,2,1,1983,20,20,20,20,20,20,20,20,20,20
340319,1,1,1983,24,24,24,24,24,24,24,24,24,24
340320,1,1,1983,12,12,12,12,12,12,12,12,12,12
340321,1,1,1983,0,0,0,0,0,0,0,0,0,0
340321,2,1,1983,0,0,0,0,0,0,0,0,0,0
340322,1,1,1983,16,9,19,32,13,25,27,16,4,18
340323,0,1,1983,14,0,24,0,0,0,24,23,0,0
340323,1,1,1983,0,0,0,0,0,0,0,0,0,0
340324,0,1,1983,0,0,0,0,0,0,0,0,0,0
340324,0,2,1983,16,0,0,0,23,15,10,0,0,10
340324,1,1,1983,0,0,0,0,0,0,0,0,0,0
340325,1,1,1983,0,0,0,0,0,0,0,0,0,0
340326,0,1,1983,0,0,0,0,0,0,0,0,0,0
340326,1,1,1983,0,0,0,0,0,18,0,0,0,0
340327,1,1,1983,0,3,0,0,0,17,0,0,0,0
340327,2,1,1983,0,0,0,0,0,0,16,0,0,0
340327,3,1,1983,0,0,0,0,0,0,0,0,0,0
340327,4,1,1983,0,0,0,0,0,0,0,0,0,0
340328,1,1,1983,13,13,13,13,13,13,13,13,13,13
340329,1,1,1983,10,10,10,10,10,10,10,10,10,10
340329,2,1,1983,4,4,4,4,4,4,4,4,4,4
340330,1,1,1983,0,0,0,0,13,0,0,38,0,0
340330,2,1,1983,0,0,15,0,0,0,0,0,16,0
340331,1,1,1983,14,17,0,21,8,9,17,12,6,16
340331,2,1,1983,0,0,0,0,0,0,0,0,0,0
340332,0,1,1983,0,0,0,0,0,0,0,0,0,0
340332,1,1,1983,0,0,0,0,0,0,0,0,0,0
340333,0,1,1983,0,0,19,14,0,0,0,0,0,4
340333,1,1,1983,0,0,0,0,0,0,0,0,0,10
340334,0,1,1983,17,17,17,17,17,17,17,17,17,17
340334,1,1,1983,0,0,15,17,0,0,0,0,0,0
340335,1,1,1983,8,26,0,26,32,25,4,10,8,22
340335,2,1,1983,0,0,0,0,0,0,0,0,21,22
340336,1,1,1983,31,0,0,0,0,0,0,0,0,0
340336,2,1,1983,0,0,0,0,0,0,0,0,0,0
340337,1,1,1983,16,16,10,28,0,28,12,27,6,0
340338,1,1,1983,0,0,0,11,8,0,2,17,0,0
340339,0,1,1983,0,0,0,0,0,0,0,0,0,0
340339,1,1,1983,0,0,0,0,0,0,0,0,0,0
340340,0,1,1983,0,0,0,0,0,0,0,0,0,0
340340,1,1,1983,0,0,0,0,0,0,0,0,0,0
340341,1,1,1983,0,0,0,0,0,0,0,0,0,0
340341,2,1,1983,0,0,0,0,0,0,0,0,0,0
340341,3,1,1983,0,0,0,0,0,0,0,0,0,0
340342,0,1,1983,0,0,0,0,0,0,0,0,0,0
340342,1,1,1983,0,0,0,0,18,0,0,0,0,0
340343,0,1,1983,0,0,0,0,0,0,0,0,0,0
340343,1,1,1983,0,0,0,0,0,0,0,0,0,0
340344,1,1,1983,15,15,15,15,15,15,15,15,15,15
340345,1,1,1983,11,11,11,11,11,11,11,11,11,11
340346,1,1,1983,0,0,0,0,0,0,8,0,0,0
340346,2,1,1983,11,11,11,11,11,11,11,11,11,11
340347,0,1,1983,0,0,0,0,0,0,0,0,0,0
340347,1,1,1983,0,0,0,0,0,0,0,0,0,0
340348,0,1,1983,32,35,20,14,13,32,0,20,0,0
340348,1,1,1983,10,7,22,0,31,9,18,12,0,18
340349,1,1,1983,0,0,0,0,0,0,0,0,0,0
340350,1,1,1983,8,8,8,8,8,8,8,8,8,8
340351,1,1,1983,18,18,18,18,18,18,18,18,18,18
340352,1,1,1983,0,0,0,0,0,0,0,0,0,0
340352,2,1,1983,23,23,23,23,23,23,23,23,23,23
340353,1,1,1983,0,0,0,0,0,0,0,0,0,0
340353,2,1,1983,0,0,0,0,0,0,0,0,0,0
340354,1,1,1983,0,0,16,0,0,0,0,0,0,26
340354,2,1,1983,0,0,0,0,0,0,0,0,0,0
340355,0,1,1983,0,0,0,0,0,0,0,0,0,0
340355,1,1,1983,0,0,0,0,0,0,0,0,0,0
340356,0,1,1983,24,24,24,24,24,24,24,24,24,24
340356,1,1,1983,0,0,0,0,0,7,10,0,0,0
340356,2,1,1983,0,0,0,0,0,0,0,0,0,0
340357,1,1,1983,12,0,0,0,0,0,0,4,0,0
340357,2,1,1983,0,0,0,0,0,0,0,0,0,0
340358,0,1,1983,0,0,0,0,0,0,0,0,0,0
340358,1,1,1983,0,0,0,0,0,0,0,0,0,0
340359,1,1,1983,0,0,0,0,0,0,0,0,0,0
340359,2,1,1983,0,0,0,0,0,0,0,0,0,0
340360,0,1,1983,9,9,9,9,9,9,9,9,9,9
340360,1,1,1983,10,10,10,10,10,10,10,10,10,10
340361,1,1,1983,10,10,10,10,10,10,10,10,10,10
340362,1,1,1983,15,15,15,15,15,15,15,15,15,15
340363,1,1,1983,0,0,0,0,0,0,0,0,0,0
340363,2,1,1983,0,0,0,0,0,0,0,0,0,0
340363,3,1,1983,0,0,0,0,0,0,0,0,0,0
340364,1,1,1983,0,0,0,0,0,0,0,0,8,0
340364,2,1,1983,0,0,0,0,0,0,0,0,0,0
340365,1,1,1983,0,0,0,0,0,0,0,0,0,0
340366,1,1,1983,14,14,14,14,14,14,14,14,14,14
340367,1,1,1983,15,15,15,15,15,15,15,15,15,15
340368,1,1,1983,0,0,0,0,0,0,0,0,0,0
340368,2,1,1983,11,11,11,11,11,11,11,11,11,11
340369,1,1,1983,0,0,0,0,0,0,0,0,18,0
340369,2,1,1983,0,0,0,0,0,0,0,0,0,0
340370,1,1,1983,13,13,13,13,13,13,13,13,13,13
340370,2,1,1983,10,10,10,10,10,10,10,10,10,10
340371,1,1,1983,19,19,19,19,19,19,19,19,19,19
340372,1,1,1983,0,0,0,0,0,0,0,0,0,0
340372,2,1,1983,4,4,4,4,4,4,4,4,4,4
340373,1,1,1983,0,0,0,0,0,0,0,0,0,0
340373,2,1,1983,24,0,10,19,0,15,12,18,33,14
340374,1,1,1983,12,12,12,12,12,12,12,12,12,12
340375,1,1,1983,0,0,15,0,27,0,0,0,0,0
340376,1,1,1983,0,0,0,0,0,0,0,0,0,0
340377,1,1,1983,11,11,11,11,11,11,11,11,11,11
340377,2,1,1983,0,0,0,0,0,0,0,0,0,0
340378,1,1,1983,10,10,10,10,10,10,10,10,10,10
340378,2,1,1983,0,0,0,0,0,0,0,0,0,0
340379,1,1,1983,0,0,0,0,0,0,0,0,0,0
340379,2,1,1983,0,0,0,0,0,0,0,0,0,0
340380,1,1,1983,0,0,0,0,0,0,0,0,0,0
340381,0,1,1983,0,0,0,0,0,0,0,0,0,0
340381,1,1,1983,24,17,0,13,4,9,16,17,16,16
340382,1,1,1983,0,0,0,0,0,0,0,0,0,0
340382,2,1,1983,0,0,0,0,0,0,0,0,0,0
340383,1,1,1983,25,25,25,25,25,25,25,25,25,25
340384,0,1,1983,0,0,0,0,0,0,0,0,0,0
340384,1,1,1983,0,0,0,0,0,0,0,0,0,0
340385,0,1,1983,22,22,22,22,22,22,22,22,22,22
340385,1,1,1983,0,6,0,0,12,7,0,0,0,0
340386,0,1,1983,0,0,0,0,0,0,0,0,0,0
340386,1,1,1983,0,0,0,0,0,0,0,0,0,0
340387,0,1,1983,0,0,0,0,0,0,0,0,0,0
340387,0,2,1983,18,21,19,17,17,26,0,5,8,0
340387,1,1,1983,11,11,11,11,11,11,11,11,11,11
340388,1,1,1983,0,0,0,0,0,0,0,0,0,0
340388,2,1,1983,0,0,0,0,0,0,0,0,0,0
340389,1,1,1983,0,0,0,0,0,0,0,0,0,0
340389,2,1,1983,0,0,0,0,0,0,0,0,0,0
340390,1,1,1983,0,0,0,0,0,0,0,5,0,0
340391,0,1,1983,2,0,12,17,28,25,12,23,30,17
340391,1,1,1983,0,0,0,0,0,0,0,0,0,0
340392,1,1,1983,0,0,0,0,0,0,0,15,0,0
340393,0,1,1983,0,0,0,0,0,0,0,0,0,0
340393,1,1,1983,0,0,0,0,0,0,0,0,0,0
340394,1,1,1983,0,0,0,0,0,0,0,0,0,0
340394,2,1,1983,0,0,0,0,0,0,0,0,0,0
340395,0,1,1983,14,14,14,14,14,14,14,14,14,14
340395,1,1,1983,10,10,0,0,18,0,0,0,0,0
340396,1,1,1983,0,0,0,0,0,0,0,0,0,0
340396,2,1,1983,0,0,0,0,0,6,0,0,0,0
340397,1,1,1983,0,0,0,0,0,0,0,0,0,0
340398,1,1,1983,18,18,18,18,18,18,18,18,18,18
340399,0,1,1983,1,1,1,1,1,1,1,1,1,1
340399,1,1,1983,0,0,0,0,0,0,0,0,0,0
340400,1,1,1983,0,0,0,0,0,0,0,0,0,0
340400,2,1,1983,0,0,0,0,0,0,0,0,0,0
340401,1,1,1983,0,0,0,0,0,0,0,0,0,0
340403,0,1,1983,0,0,20,0,0,0,0,0,0,0
340403,1,1,1983,0,0,23,8,0,0,0,0,0,0
340404,1,1,1983,12,12,12,12,12,12,12,12,12,12
340405,1,1,1983,0,0,0,0,0,0,0,0,0,0
340406,1,1,1983,1,1,1,1,1,1,1,1,1,1
340406,2,1,1983,0,0,0,0,0,0,0,0,0,0
340406,3,1,1983,0,0,0,0,0,0,0,0,0,0
340406,4,1,1983,0,0,0,0,0,0,0,0,0,0
340407,1,1,1983,0,0,0,0,0,0,0,0,0,0
340407,2,1,1983,0,0,0,0,0,0,0,0,0,0
340408,1,1,1983,16,19,18,19,21,0,28,0,0,24
340409,1,1,1983,0,0,0,0,0,0,0,0,0,0
340409,2,1,1983,6,6,6,6,6,6,6,6,6,6
340410,1,1,1983,0,0,0,0,0,0,0,0,0,0
340411,0,1,1983,0,0,0,0,0,0,0,0,0,0
340411,0,2,1983,0,0,0,0,0,0,0,0,0,0
340411,1,1,1983,18,17,25,24,28,7,24,19,21,37
340412,1,1,1983,0,0,0,0,0,0,0,0,0,0
340412,2,1,1983,12,12,12,12,12,12,12,12,12,12
340413,1,1,1983,0,0,0,0,0,0,0,0,0,0
340414,1,1,1983,0,0,0,0,0,0,0,0,0,0
340415,0,1,1983,0,0,0,0,0,0,29,0,0,0
340415,0,2,1983,20,0,0,0,0,0,0,0,0,0
340415,0,3,1983,0,0,0,0,0,0,0,0,0,0
340415,1,1,1983,18,0,0,0,0,0,0,0,0,0
340416,0,1,1983,0,0,0,0,0,0,0,0,0,0
340416,1,1,1983,0,0,0,0,0,0,0,0,0,0
340417,1,1,1983,0,0,0,0,0,0,0,0,0,0
340417,2,1,1983,23,12,17,0,6,0,0,23,5,0
340418,1,1,1983,18,18,18,18,18,18,18,18,18,18
340419,1,1,1983,0,0,0,0,0,0,0,0,0,0
340420,1,1,1983,13,13,13,13,13,13,13,13,13,13
340421,1,1,1983,11,14,0,0,17,0,10,0,0,18
340422,1,1,1983,9,24,4,5,18,15,6,15,17,8
340423,1,1,1983,16,16,16,16,16,16,16,16,16,16
340423,2,1,1983,0,0,0,13,8,0,0,0,0,0
340424,1,1,1983,14,14,14,14,14,14,14,14,14,14
340425,1,1,1983,10,10,10,10,10,10,10,10,10,10
340426,1,1,1983,0,0,0,0,0,0,0,0,0,0
340426,2,1,1983,26,26,26,26,26,26,26,26,26,26
340426,3,1,1983,0,22,0,0,0,0,0,0,0,0
340426,4,1,1983,0,0,0,0,19,0,0,0,0,16
340427,0,1,1983,0,0,7,0,0,17,27,0,0,0
340427,0,2,1983,29,10,0,0,24,16,36,16,35,31
340427,1,1,1983,0,0,0,0,0,0,0,0,0,0
340428,1,1,1983,17,17,17,17,17,17,17,17,17,17
340429,0,1,1983,0,0,0,0,0,0,0,0,0,0
340429,1,1,1983,0,0,0,0,0,0,0,0,0,0
340430,1,1,1983,7,7,7,7,7,7,7,7,7,7
340431,0,1,1983,10,10,10,10,10,10,10,10,10,10
340431,0,2,1983,4,45,0,23,33,31,21,28,10,11
340431,1,1,1983,8,2,12,9,31,12,16,25,14,0
340432,1,1,1983,0,0,0,0,0,0,0,0,0,0
340433,0,1,1983,13,13,13,13,13,13,13,13,13,13
340433,1,1,1983,0,0,0,0,0,0,0,0,0,8
340434,0,1,1983,20,34,37,22,8,0,0,39,0,27
340434,1,1,1983,8,8,8,8,8,8,8,8,8,8
340435,1,1,1983,0,0,0,0,0,0,0,0,0,0
340435,2,1,1983,16,17,19,0,25,15,0,25,18,0
340436,0,1,1983,0,0,0,0,0,0,0,19,22,0
340436,1,1,1983,0,0,0,0,0,0,0,0,0,0
340437,0,1,1983,0,0,0,0,0,0,0,0,0,0
340437,1,1,1983,0,0,0,0,0,0,0,0,0,0
340438,1,1,1983,3,3,3,3,3,3,3,3,3,3
340439,1,1,1983,20,20,20,20,20,20,20,20,20,20
340440,1,1,1983,0,0,0,0,0,0,0,0,0,0
340440,2,1,1983,21,21,21,21,21,21,21,21,21,21
340441,0,1,1983,0,0,0,0,0,0,0,0,0,0
340441,1,1,1983,0,0,0,0,0,0,0,0,0,0
340442,1,1,1983,13,13,13,13,13,13,13,13,13,13
340442,2,1,1983,0,0,7,0,0,0,15,0,0,0
340443,0,1,1983,18,18,18,18,18,18,18,18,18,18
340443,1,1,1983,0,0,0,13,0,0,0,12,0,0
340444,1,1,1983,16,16,16,16,16,16,16,16,16,16
340445,1,1,1983,21,21,21,21,21,21,21,21,21,21
340445,2,1,1983,0,0,0,0,0,0,0,0,0,0
340446,1,1,1983,0,0,0,0,22,0,28,0,36,0
340446,2,1,1983,0,0,0,0,0,17,0,0,0,0
340447,1,1,1983,15,15,15,15,15,15,15,15,15,15
340448,1,1,1983,12,12,12,12,12,12,12,12,12,12
340449,1,1,1983,0,14,0,0,0,0,0,0,0,0
340449,2,1,1983,0,0,0,0,0,0,0,0,0,0
340450,1,1,1983,0,7,0,8,30,0,0,11,0,0
340451,1,1,1983,0,0,0,0,0,0,0,0,0,0
340451,2,1,1983,18,18,18,18,18,18,18,18,18,18
340452,1,1,1983,11,11,11,11,11,11,11,11,11,11
340453,1,1,1983,4,4,4,4,4,4,4,4,4,4
340454,1,1,1983,0,0,0,0,0,0,0,0,0,0
340454,2,1,1983,6,6,6,6,6,6,6,6,6,6
340455,1,1,1983,0,0,0,0,0,0,17,0,0,0
340455,2,1,1983,0,0,0,0,0,26,0,0,0,0
340456,1,1,1983,0,0,0,0,0,0,0,0,0,0
340457,0,1,1983,0,0,0,0,0,0,0,0,0,0
340457,1,1,1983,0,0,0,0,0,0,0,11,0,0
340458,1,1,1983,0,0,0,0,0,0,0,0,0,0
340459,1,1,1983,0,0,0,0,0,0,0,0,0,0
340460,0,1,1983,21,21,21,21,21,21,21,21,21,21
340460,1,1,1983,11,9,0,0,22,17,13,6,19,10
340461,1,1,1983,0,0,0,0,0,0,0,0,0,0
340461,2,1,1983,0,0,12,0,0,0,0,0,0,0
340462,1,1,1983,9,9,9,9,9,9,9,9,9,9
340463,1,1,1983,0,0,0,0,0,0,0,0,0,0
340463,2,1,1983,0,0,0,0,0,0,0,0,0,0
340464,0,1,1983,0,0,0,0,0,0,0,0,0,0
340464,1,1,1983,0,0,0,0,0,0,0,0,0,0
340465,1,1,1983,0,0,0,0,0,0,0,0,0,0
340465,2,1,1983,0,0,0,0,0,0,0,0,0,0
340466,0,1,1983,0,0,0,0,0,0,0,0,0,0
340466,1,1,1983,0,0,0,0,0,0,0,0,0,0
340467,1,1,1983,10,27,11,16,9,21,11,6,13,18
340467,2,1,1983,22,20,26,0,10,11,34,16,7,8
340468,1,1,1983,20,20,20,20,20,20,20,20,20,20
340468,2,1,1983,0,0,0,0,0,0,0,0,0,0
340469,1,1,1983,13,13,13,13,13,13,13,13,13,13
340469,2,1,1983,0,0,0,0,0,0,0,0,0,0
340470,0,1,1983,0,0,0,0,0,0,0,0,0,0
340470,1,1,1983,0,0,0,0,0,0,0,0,0,0
340471,1,1,1983,0,0,0,0,0,0,0,0,0,0
340471,2,1,1983,15,15,15,15,15,15,15,15,15,15
340472,1,1,1983,0,0,0,0,0,0,0,0,0,0
340474,0,1,1983,13,13,13,13,13,13,13,13,13,13
340474,1,1,1983,5,5,5,5,5,5,5,5,5,5
340474,2,1,1983,0,9,0,0,0,0,0,0,0,0
340475,1,1,1983,0,0,0,0,0,0,0,0,0,0
340475,2,1,1983,0,0,0,0,0,0,0,0,0,0
340476,1,1,1983,16,16,16,16,16,16,16,16,16,16
340477,1,1,1983,0,0,0,0,0,0,0,0,0,0
340477,2,1,1983,0,0,0,0,0,18,0,0,0,0
340478,1,1,1983,0,0,0,0,0,0,0,0,0,0
340479,1,1,1983,0,0,0,0,0,0,0,0,0,0
340479,2,1,1983,0,0,0,0,0,0,0,0,0,0
340480,1,1,1983,0,0,0,0,0,0,0,0,0,0
340480,2,1,1983,0,0,0,0,6,0,0,0,0,0
340481,0,1,1983,0,0,0,0,0,0,0,0,0,0
340481,1,1,1983,0,0,0,0,0,0,0,0,0,0
340482,1,1,1983,0,0,0,0,0,0,0,0,0,0
340482,2,1,1983,0,0,0,0,0,0,0,0,0,0
340483,0,1,1983,24,24,24,24,24,24,24,24,24,24
340483,1,1,1983,11,11,11,11,11,11,11,11,11,11
340484,1,1,1983,0,0,0,0,0,0,0,0,0,0
340485,1,1,1983,0,0,0,0,0,0,0,0,0,0
340486,1,1,1983,0,0,0,0,0,0,0,0,0,0
340486,2,1,1983,0,0,0,0,0,0,0,0,0,0
340487,0,1,1983,12,12,12,12,12,12,12,12,12,12
340487,1,1,1983,0,0,1,7,0,14,28,31,6,27
340488,0,1,1983,0,0,0,0,0,0,0,0,0,0
340488,1,1,1983,3,0,0,0,0,22,0,0,10,15