ST_CASE,VEH_NO,PER_NO,YEAR,P1,P2,P3,P4,P5,P6,P7,P8,P9,P10
340489,0,1,1983,0,0,0,0,0,0,0,0,0,0
340489,1,1,1983,0,8,0,0,0,13,14,0,10,5
340490,0,1,1983,0,0,0,0,0,0,0,0,0,0
340490,1,1,1983,0,0,0,0,0,0,0,0,0,0
340491,0,1,1983,0,0,0,0,0,0,0,0,0,0
340491,1,1,1983,0,0,0,0,0,0,0,0,0,0
340492,1,1,1983,0,0,0,0,0,0,0,0,0,0
340492,2,1,1983,0,0,0,0,0,0,0,0,0,0
340493,0,1,1983,0,0,0,0,0,0,0,0,0,0
340493,1,1,1983,6,6,6,6,6,6,6,6,6,6
340494,1,1,1983,16,14,15,15,3,0,0,0,20,9
340494,2,1,1983,0,0,0,0,0,0,0,0,0,0
340495,1,1,1983,22,22,22,22,22,22,22,22,22,22
340496,1,1,1983,0,0,0,0,0,0,0,0,0,0
340497,1,1,1983,14,0,0,0,0,0,0,0,0,12
340497,2,1,1983,5,4,0,22,0,4,15,14,18,0
340498,1,1,1983,11,11,11,11,11,11,11,11,11,11
340498,2,1,1983,0,0,0,0,0,0,0,0,19,0
340499,1,1,1983,0,0,0,0,0,0,0,0,0,0
340499,2,1,1983,9,9,9,9,9,9,9,9,9,9
340500,1,1,1983,18,18,18,18,18,18,18,18,18,18
340501,1,1,1983,0,0,0,0,0,0,0,0,0,0
340501,2,1,1983,18,18,18,18,18,18,18,18,18,18
340502,0,1,1983,25,25,25,25,25,25,25,25,25,25
340502,1,1,1983,7,7,7,7,7,7,7,7,7,7
340503,1,1,1983,22,22,22,22,22,22,22,22,22,22
340504,1,1,1983,5,5,5,5,5,5,5,5,5,5
340504,2,1,1983,19,19,19,19,19,19,19,19,19,19
340505,0,1,1983,0,0,0,0,0,0,0,0,0,0
340505,1,1,1983,0,0,0,0,0,0,0,0,0,0
340506,0,1,1983,0,0,0,0,0,0,0,0,0,0
340506,1,1,1983,20,0,10,12,0,14,9,0,0,9
340507,1,1,1983,0,0,0,0,0,0,0,0,0,0
340507,2,1,1983,0,0,0,0,0,0,0,0,0,0
340507,3,1,1983,0,0,0,0,0,0,0,0,0,0
340508,1,1,1983,20,20,20,20,20,20,20,20,20,20
340509,1,1,1983,0,0,0,0,0,0,0,0,0,0
340509,2,1,1983,0,0,0,0,0,0,0,0,0,0
340510,1,1,1983,6,0,17,0,9,2,24,5,0,12
340511,1,1,1983,0,0,0,0,0,0,0,0,0,0
340512,1,1,1983,0,0,0,0,0,0,0,0,0,0
340514,1,1,1983,0,0,0,0,0,0,0,0,0,0
340514,2,1,1983,0,0,0,0,0,0,0,0,0,0
340514,3,1,1983,13,13,13,13,13,13,13,13,13,13
340515,1,1,1983,12,12,12,12,12,12,12,12,12,12
340515,2,1,1983,0,0,0,0,0,0,0,0,0,0
340515,3,1,1983,0,0,0,0,0,0,0,0,0,0
340516,1,1,1983,10,10,10,10,10,10,10,10,10,10
340516,2,1,1983,0,0,0,0,0,0,0,0,0,0
340517,1,1,1983,9,9,9,9,9,9,9,9,9,9
340518,1,1,1983,15,15,15,15,15,15,15,15,15,15
340518,2,1,1983,0,6,0,0,0,0,0,0,0,7
340519,1,1,1983,15,15,15,15,15,15,15,15,15,15
340520,1,1,1983,19,19,19,19,19,19,19,19,19,19
340521,1,1,1983,9,9,9,9,9,9,9,9,9,9
340522,1,1,1983,7,7,7,7,7,7,7,7,7,7
340523,1,1,1983,0,0,0,0,0,0,0,0,0,0
340523,2,1,1983,0,0,0,10,0,0,0,0,0,0
340523,3,1,1983,0,0,0,0,0,0,0,0,0,0
340524,1,1,1983,14,0,0,0,0,10,0,0,11,23
340524,2,1,1983,20,0,0,0,0,0,0,0,17,0
340525,1,1,1983,18,18,18,18,18,18,18,18,18,18
340526,0,1,1983,0,0,0,0,0,0,0,0,0,0
340526,1,1,1983,13,13,13,13,13,13,13,13,13,13
340527,1,1,1983,31,3,23,9,16,17,25,10,4,15
340528,1,1,1983,4,4,4,4,4,4,4,4,4,4
340529,1,1,1983,0,0,0,0,0,0,0,0,0,0
340530,0,1,1983,0,0,0,0,0,0,0,0,0,0
340530,0,2,1983,0,17,0,12,0,0,0,0,0,0
340530,1,1,1983,6,6,6,6,6,6,6,6,6,6
340531,1,1,1983,21,21,21,21,21,21,21,21,21,21
340532,1,1,1983,0,0,26,0,0,0,0,0,0,0
340532,2,1,1983,0,13,15,0,0,0,0,18,0,0
340534,1,1,1983,0,0,0,0,0,0,0,0,0,0
340534,2,1,1983,21,21,21,21,21,21,21,21,21,21
340535,1,1,1983,13,13,13,13,13,13,13,13,13,13
340536,1,1,1983,6,6,6,6,6,6,6,6,6,6
340537,1,1,1983,13,13,13,13,13,13,13,13,13,13
340538,1,1,1983,0,0,0,0,0,0,0,0,0,0
340538,2,1,1983,0,0,0,0,0,0,0,0,0,0
340539,1,1,1983,9,0,19,0,0,3,0,15,0,0
340539,2,1,1983,0,0,0,0,0,0,0,0,0,0
340540,1,1,1983,0,0,0,0,0,0,0,0,0,0
340541,1,1,1983,0,0,0,0,0,0,0,0,0,0
340541,2,1,1983,0,0,0,0,0,0,0,0,0,0
340542,1,1,1983,0,0,0,0,0,28,0,21,13,0
340544,0,1,1983,23,16,22,24,0,0,21,0,36,33
340544,1,1,1983,0,0,0,0,0,0,0,14,0,0
340545,1,1,1983,0,0,0,0,0,0,0,0,0,0
340545,2,1,1983,0,0,0,0,0,0,0,0,0,0
340545,3,1,1983,0,0,0,0,0,16,0,0,0,0
340546,1,1,1983,0,0,0,19,0,23,0,17,0,3
340546,2,1,1983,9,9,9,9,9,9,9,9,9,9
340547,0,1,1983,0,0,0,0,0,0,0,0,0,0
340547,1,1,1983,0,0,0,0,0,0,0,0,0,0
340548,1,1,1983,0,0,0,0,0,0,0,0,0,0
340549,1,1,1983,0,0,0,0,0,0,0,0,0,0
340549,2,1,1983,0,0,0,0,0,0,0,0,14,10
340550,0,1,1983,21,21,21,21,21,21,21,21,21,21
340550,0,2,1983,20,21,26,0,14,0,15,13,12,35
340550,1,1,1983,0,0,27,15,13,11,7,0,30,4
340552,1,1,1983,26,26,26,26,26,26,26,26,26,26
340553,1,1,1983,38,38,38,38,38,38,38,38,38,38
340554,1,1,1983,0,0,0,0,0,0,0,0,0,0
340554,2,1,1983,0,0,0,0,0,0,0,0,0,0
340555,1,1,1983,0,0,0,0,0,0,0,0,0,0
340555,2,1,1983,0,0,0,0,0,0,0,0,0,0
340557,1,1,1983,0,0,0,0,0,0,0,0,0,0
340557,2,1,1983,20,20,20,20,20,20,20,20,20,20
340558,1,1,1983,0,0,0,0,0,0,0,0,0,0
340558,2,1,1983,0,0,0,0,0,0,0,0,0,0
340559,1,1,1983,0,0,0,0,0,0,0,0,0,0
340560,1,1,1983,0,0,0,0,0,0,0,0,16,0
340560,2,1,1983,0,0,0,0,0,0,0,0,0,0
340561,0,1,1983,16,16,16,16,16,16,16,16,16,16
340561,1,1,1983,0,0,0,0,0,0,0,0,0,0
340561,2,1,1983,0,0,0,0,0,0,0,0,0,0
340562,1,1,1983,12,12,12,12,12,12,12,12,12,12
340563,1,1,1983,0,0,0,0,0,0,0,0,0,0
340563,2,1,1983,0,0,0,0,0,0,0,0,0,0
340564,1,1,1983,0,0,0,0,0,0,0,0,0,0
340565,0,1,1983,0,0,0,0,0,0,0,0,0,0
340565,0,2,1983,0,0,0,0,0,0,0,0,0,0
340565,1,1,1983,0,0,0,0,0,0,0,22,0,0
340566,1,1,1983,9,9,9,9,9,9,9,9,9,9
340567,1,1,1983,16,16,16,16,16,16,16,16,16,16
340568,1,1,1983,0,0,0,0,0,0,0,0,0,0
340568,2,1,1983,23,23,23,23,23,23,23,23,23,23
340569,1,1,1983,0,0,0,0,0,0,0,0,0,0
340569,2,1,1983,23,21,17,0,7,11,13,16,16,15
340570,1,1,1983,13,13,13,13,13,13,13,13,13,13
340571,1,1,1983,13,13,13,13,13,13,13,13,13,13
340572,1,1,1983,10,10,10,10,10,10,10,10,10,10
340573,1,1,1983,7,17,13,8,4,19,15,10,17,20
340573,2,1,1983,11,11,11,11,11,11,11,11,11,11
340574,0,1,1983,0,0,0,0,0,0,0,0,0,0
340574,1,1,1983,0,0,0,0,0,0,0,0,0,0
340575,1,1,1983,0,0,0,0,0,0,0,0,21,0
340575,2,1,1983,0,0,0,0,0,0,0,0,0,0
340576,1,1,1983,0,0,6,0,0,0,0,0,0,7
340576,2,1,1983,7,7,7,7,7,7,7,7,7,7
340577,1,1,1983,23,23,23,23,23,23,23,23,23,23
340578,1,1,1983,0,0,0,0,0,0,0,0,0,0
340579,1,1,1983,17,17,17,17,17,17,17,17,17,17
340580,1,1,1983,7,7,7,7,7,7,7,7,7,7
340580,2,1,1983,0,0,0,0,0,0,0,0,0,0
340580,3,1,1983,20,12,16,23,0,13,0,16,12,0
340581,1,1,1983,0,0,0,0,0,0,0,0,0,0
340581,2,1,1983,0,0,0,0,0,0,0,0,0,0
340582,1,1,1983,0,0,0,0,0,0,0,0,0,0
340582,2,1,1983,0,0,0,0,0,0,0,0,0,0
340583,1,1,1983,30,30,30,30,30,30,30,30,30,30
340584,1,1,1983,0,0,0,0,0,0,0,0,0,0
340584,2,1,1983,0,0,0,0,0,0,0,0,0,0
340585,1,1,1983,0,0,0,0,0,0,0,0,0,0
340585,2,1,1983,18,18,18,18,18,18,18,18,18,18
340586,1,1,1983,0,0,0,0,0,0,0,0,0,0
340587,1,1,1983,22,22,22,22,22,22,22,22,22,22
340588,1,1,1983,16,16,16,16,16,16,16,16,16,16
340589,1,1,1983,0,0,0,0,0,0,0,0,0,0
340590,1,1,1983,19,19,19,19,19,19,19,19,19,19
340591,1,1,1983,11,11,11,11,11,11,11,11,11,11
340592,0,1,1983,0,0,0,0,0,0,0,0,0,0
340592,1,1,1983,0,0,0,0,0,0,0,0,0,0
340593,0,1,1983,22,22,22,22,22,22,22,22,22,22
340593,0,2,1983,0,11,21,21,24,14,0,0,0,0
340593,1,1,1983,14,14,13,9,19,11,19,17,26,3
340594,1,1,1983,27,27,27,27,27,27,27,27,27,27
340595,1,1,1983,10,4,7,6,10,0,12,5,0,13
340596,1,1,1983,0,0,0,0,0,0,0,0,11,22
340596,2,1,1983,0,15,0,0,0,0,0,0,20,0
340597,1,1,1983,0,0,0,0,0,0,0,0,0,0
340598,1,1,1983,0,0,0,0,0,0,0,0,0,0
340598,2,1,1983,18,18,18,18,18,18,18,18,18,18
340599,1,1,1983,0,0,0,0,0,0,0,0,0,0
340599,2,1,1983,17,17,17,17,17,17,17,17,17,17
340600,1,1,1983,29,29,29,29,29,29,29,29,29,29
340601,1,1,1983,24,24,24,24,24,24,24,24,24,24
340602,1,1,1983,0,0,0,0,0,0,0,0,0,0
340602,2,1,1983,12,12,12,12,12,12,12,12,12,12
340603,1,1,1983,0,0,0,0,0,0,0,0,0,0
340603,2,1,1983,0,0,0,0,0,0,0,0,0,0
340604,1,1,1983,13,13,13,13,13,13,13,13,13,13
340605,1,1,1983,24,24,24,24,24,24,24,24,24,24
340606,1,1,1983,4,4,4,4,4,4,4,4,4,4
340607,1,1,1983,0,0,0,0,0,0,0,0,0,0
340607,2,1,1983,0,0,0,0,0,0,0,0,34,0
340608,0,1,1983,12,12,12,12,12,12,12,12,12,12
340608,1,1,1983,0,0,0,0,0,0,0,0,0,17
340609,1,1,1983,21,21,21,21,21,21,21,21,21,21
340610,1,1,1983,0,0,0,0,0,0,0,0,0,0
340611,1,1,1983,12,12,12,12,12,12,12,12,12,12
340612,0,1,1983,0,0,0,0,0,0,0,0,0,0
340612,1,1,1983,0,0,0,0,0,0,0,0,0,0
340613,1,1,1983,0,0,0,0,0,0,0,0,0,0
340613,2,1,1983,0,0,0,0,0,0,0,0,0,0
340614,1,1,1983,15,15,15,15,15,15,15,15,15,15
340615,1,1,1983,0,0,0,0,0,0,0,20,0,0
340615,2,1,1983,0,0,0,0,0,0,0,0,0,0
340616,1,1,1983,24,15,3,11,0,25,14,0,11,9
340617,1,1,1983,0,0,0,0,0,0,0,0,0,0
340617,2,1,1983,0,0,0,0,0,0,0,0,0,0
340618,1,1,1983,0,0,0,0,0,0,0,0,0,0
340619,1,1,1983,0,0,0,0,0,0,0,0,0,0
340620,1,1,1983,0,0,0,0,0,0,0,0,0,0
340620,2,1,1983,0,0,0,0,0,0,0,0,0,0
340620,3,1,1983,0,0,0,0,0,0,0,0,0,0
340621,1,1,1983,25,25,25,25,25,25,25,25,25,25
340622,1,1,1983,0,0,0,0,0,0,0,0,0,0
340622,2,1,1983,0,0,0,0,0,0,0,0,0,0
340623,1,1,1983,0,0,0,0,0,0,0,0,0,0
340623,2,1,1983,0,0,0,0,0,0,0,0,0,0
340623,3,1,1983,0,0,0,6,0,0,0,0,0,0
340624,0,1,1983,0,0,0,0,0,0,0,0,0,0
340624,1,1,1983,11,11,11,11,11,11,11,11,11,11
340625,0,1,1983,24,24,24,24,24,24,24,24,24,24
340625,1,1,1983,0,0,0,0,0,0,0,0,0,0
340626,1,1,1983,0,0,0,8,0,0,0,0,0,0
340626,2,1,1983,0,0,0,0,0,0,0,0,0,0
340627,1,1,1983,15,0,23,12,16,15,0,30,20,12
340628,1,1,1983,0,0,0,0,0,0,0,0,0,0
340628,2,1,1983,0,0,0,0,0,0,0,0,0,0
340629,1,1,1983,0,0,0,0,0,0,0,0,0,0
340630,1,1,1983,0,0,0,0,0,0,0,0,0,0
340631,1,1,1983,0,7,0,0,0,0,0,0,0,0
340631,2,1,1983,0,0,0,0,0,0,0,0,0,0
340632,0,1,1983,0,0,0,0,0,0,0,0,0,0
340632,0,2,1983,27,23,15,34,18,0,0,11,23,15
340632,0,3,1983,17,25,0,10,33,0,33,0,0,0
340632,1,1,1983,0,9,0,0,0,0,0,0,25,0
340633,0,1,1983,0,0,0,0,0,0,0,0,0,0
340633,1,1,1983,0,0,0,0,0,0,23,0,0,0
340634,1,1,1983,17,0,0,0,0,0,0,0,0,0
340634,2,1,1983,0,0,0,0,0,0,0,0,3,0
340635,0,1,1983,0,25,0,0,0,0,7,0,0,14
340635,1,1,1983,16,8,8,25,25,20,15,7,6,12
340636,1,1,1983,13,13,13,13,13,13,13,13,13,13
340637,0,1,1983,0,0,0,0,0,0,0,0,0,0
340637,1,1,1983,0,0,27,0,0,0,0,0,0,0
340638,1,1,1983,0,0,0,0,0,0,0,0,0,0
340638,2,1,1983,0,0,0,0,0,0,12,0,0,0
340640,1,1,1983,27,21,20,7,9,13,0,12,0,0
340640,2,1,1983,21,15,0,0,0,26,0,0,0,0
340641,0,1,1983,0,0,0,0,0,0,0,0,0,0
340641,1,1,1983,0,0,0,0,0,0,26,0,0,0
340642,1,1,1983,9,9,9,9,9,9,9,9,9,9
340643,1,1,1983,0,0,0,0,0,0,0,0,0,0
340643,2,1,1983,0,0,0,0,0,0,0,0,0,0
340644,1,1,1983,0,0,0,0,0,0,0,0,0,0
340644,2,1,1983,0,0,0,0,0,0,0,0,0,0
340644,3,1,1983,0,0,0,0,0,0,0,0,0,0
340645,1,1,1983,0,0,0,0,0,0,0,0,19,0
340645,2,1,1983,28,28,28,28,28,28,28,28,28,28
340646,1,1,1983,21,0,13,13,0,0,0,0,0,17
340648,1,1,1983,0,0,0,0,0,0,0,0,0,0
340649,1,1,1983,0,34,0,0,0,0,0,0,0,0
340650,1,1,1983,0,8,9,14,7,0,26,0,12,0
340651,1,1,1983,0,0,0,0,0,0,0,0,0,0
340651,2,1,1983,0,0,0,0,0,0,0,0,0,0
340652,1,1,1983,20,20,20,20,20,20,20,20,20,20
340653,0,1,1983,0,0,0,0,0,0,0,0,0,0
340653,1,1,1983,6,0,18,0,0,0,11,0,13,18
340654,0,1,1983,0,0,0,0,0,0,0,0,0,0
340654,1,1,1983,0,0,0,0,0,0,0,0,0,0
340655,1,1,1983,0,0,0,0,0,0,0,0,0,0
340655,2,1,1983,0,0,0,0,0,0,0,0,0,0
340656,1,1,1983,16,16,16,16,16,16,16,16,16,16
340658,1,1,1983,0,0,0,0,0,0,0,0,0,0
340658,2,1,1983,6,6,6,6,6,6,6,6,6,6
340659,0,1,1983,0,12,0,0,0,0,0,0,0,0
340659,1,1,1983,0,0,0,0,0,0,0,0,0,0
340660,0,1,1983,0,0,0,0,0,0,0,0,0,0
340660,1,1,1983,21,0,21,0,0,22,13,0,0,0
340661,0,1,1983,0,0,10,0,0,0,0,0,0,0
340662,1,1,1983,6,16,36,22,20,20,16,0,20,29
340663,1,1,1983,0,2,0,21,0,7,0,29,0,0
340663,2,1,1983,0,0,0,0,0,0,0,0,0,17
340664,0,1,1983,0,0,0,0,0,0,0,0,0,0
340664,1,1,1983,0,0,0,0,0,10,0,0,0,0
340665,0,1,1983,23,0,0,30,0,0,0,0,0,0
340665,1,1,1983,0,0,0,12,0,0,0,0,0,0
340666,0,1,1983,0,0,0,0,0,0,0,0,0,0
340666,1,1,1983,0,0,0,0,0,0,0,0,0,0
340667,1,1,1983,0,0,0,0,0,0,0,0,0,0
340667,2,1,1983,0,0,0,0,0,0,0,0,0,17
340668,1,1,1983,0,27,21,21,31,0,23,23,0,12
340668,2,1,1983,6,16,10,17,9,0,0,9,0,18
340669,0,1,1983,0,0,0,0,0,0,0,0,0,0
340669,1,1,1983,0,0,0,0,0,0,0,0,0,0
340670,0,1,1983,0,0,0,0,0,0,0,0,0,0
340670,1,1,1983,0,0,0,0,0,0,0,0,0,0
340671,1,1,1983,0,0,0,0,0,0,0,0,0,0
340672,0,1,1983,0,0,0,0,0,0,0,0,0,0
340672,1,1,1983,0,0,0,0,8,0,0,0,23,0
340673,1,1,1983,0,0,0,0,21,0,0,12,0,0
340673,2,1,1983,14,14,14,14,14,14,14,14,14,14
340674,1,1,1983,0,0,0,0,0,0,0,0,0,0
340674,2,1,1983,0,0,15,0,0,0,0,0,0,0
340674,3,1,1983,0,0,0,0,0,0,0,0,0,0
340675,0,1,1983,16,16,16,16,16,16,16,16,16,16
340675,1,1,1983,11,0,0,13,21,18,21,0,22,20
340676,0,1,1983,0,0,0,0,0,0,0,0,0,0
340676,1,1,1983,0,0,0,0,0,0,0,0,0,11
340677,1,1,1983,0,0,0,0,0,0,0,0,0,0
340678,1,1,1983,0,0,0,0,0,0,0,0,0,0
340679,0,1,1983,14,14,14,14,14,14,14,14,14,14
340679,1,1,1983,0,0,0,0,0,0,0,0,0,0
340680,1,1,1983,0,0,0,0,0,0,0,0,0,0
340680,2,1,1983,0,0,0,0,0,0,0,0,0,0
340681,1,1,1983,0,0,0,0,0,0,0,0,0,0
340682,1,1,1983,0,0,0,0,0,0,0,0,0,0
340683,0,1,1983,0,0,0,0,0,0,0,0,0,0
340683,1,1,1983,0,0,0,0,0,0,0,0,0,0
340684,0,1,1983,0,0,0,0,0,0,0,0,0,0
340684,1,1,1983,0,0,0,0,0,0,0,0,0,0
340685,0,1,1983,0,0,31,31,0,37,0,0,0,0
340685,1,1,1983,0,0,0,0,0,0,0,0,0,0
340686,1,1,1983,13,13,13,13,13,13,13,13,13,13
340687,1,1,1983,0,0,0,0,0,0,0,0,0,0
340687,2,1,1983,0,6,0,0,0,0,0,0,0,0
340688,0,1,1983,0,0,0,0,0,0,0,0,0,0
340688,1,1,1983,0,0,0,0,20,0,0,0,0,0
340689,0,1,1983,0,0,0,0,0,0,0,0,0,0
340689,1,1,1983,0,0,0,0,0,0,0,0,0,0
340690,1,1,1983,0,0,0,0,0,0,0,0,0,0
340690,2,1,1983,0,0,0,0,0,0,0,0,0,0
340690,3,1,1983,0,0,0,0,0,0,0,0,0,0
340690,4,1,1983,0,0,29,0,0,0,0,0,0,0
340690,5,1,1983,0,0,0,0,0,0,0,0,0,0
340690,6,1,1983,0,0,0,0,0,0,0,0,0,0
340691,1,1,1983,13,13,13,13,13,13,13,13,13,13
340691,2,1,1983,0,0,0,0,0,0,0,0,0,0
340692,1,1,1983,0,0,0,0,0,0,0,0,0,0
340692,2,1,1983,29,29,29,29,29,29,29,29,29,29
340693,1,1,1983,0,0,0,0,0,0,0,0,0,0
340694,1,1,1983,10,10,10,10,10,10,10,10,10,10
340695,1,1,1983,23,23,23,23,23,23,23,23,23,23
340696,1,1,1983,0,0,0,0,0,0,0,0,0,0
340697,0,1,1983,19,19,19,19,19,19,19,19,19,19
340697,1,1,1983,18,8,16,10,14,11,0,8,19,0
340698,1,1,1983,0,0,0,0,0,0,0,0,0,0
340698,2,1,1983,0,0,0,0,0,0,0,0,0,0
340698,3,1,1983,0,0,0,0,0,0,0,0,0,0
340699,1,1,1983,8,8,8,8,8,8,8,8,8,8
340699,2,1,1983,0,0,0,0,0,0,0,0,0,0
340700,1,1,1983,0,0,0,0,0,0,0,0,0,0
340700,2,1,1983,0,0,0,0,0,0,0,0,0,0
340701,1,1,1983,1,1,1,1,1,1,1,1,1,1
340701,2,1,1983,22,22,22,22,22,22,22,22,22,22
340702,0,1,1983,0,0,0,0,0,0,0,0,0,0
340702,0,2,1983,0,0,0,0,17,7,16,0,0,19
340702,1,1,1983,0,0,0,0,0,0,0,0,0,0
340703,1,1,1983,0,0,0,0,0,0,0,0,0,0
340703,2,1,1983,14,14,14,14,14,14,14,14,14,14
340704,0,1,1983,15,35,10,21,23,27,20,27,14,21
340704,1,1,1983,0,0,0,0,0,6,16,31,0,4
340705,1,1,1983,21,21,21,21,21,21,21,21,21,21
340706,1,1,1983,20,20,20,20,20,20,20,20,20,20
340707,0,1,1983,0,0,0,0,0,0,0,0,0,0
340707,0,2,1983,0,0,0,0,0,0,0,0,0,0
340707,0,3,1983,0,0,0,0,0,0,0,0,0,0
340707,0,4,1983,0,0,0,0,0,0,0,0,0,0
340707,1,1,1983,0,0,0,0,0,0,0,0,0,0
340708,1,1,1983,0,0,9,0,18,4,6,0,0,0
340709,1,1,1983,14,14,14,14,14,14,14,14,14,14
340710,0,1,1983,0,0,0,18,0,0,0,0,0,0
340710,0,2,1983,0,0,0,0,0,0,0,0,0,0
340710,1,1,1983,14,14,14,14,14,14,14,14,14,14
340711,1,1,1983,0,0,0,0,0,26,0,0,0,0
340711,2,1,1983,0,0,0,0,0,0,0,0,0,0
340712,1,1,1983,21,21,21,21,21,21,21,21,21,21
340713,1,1,1983,3,3,3,3,3,3,3,3,3,3
340714,1,1,1983,0,0,0,0,0,0,0,0,0,0
340715,1,1,1983,26,0,17,7,0,0,0,0,4,6
340715,2,1,1983,0,0,0,0,0,0,0,0,0,0
340716,1,1,1983,0,0,0,0,0,0,0,0,0,0
340716,2,1,1983,0,0,0,0,0,0,0,0,0,0
340717,0,1,1983,0,26,23,0,0,0,0,0,0,0
340717,1,1,1983,0,0,0,0,0,0,0,0,0,0
340718,1,1,1983,6,6,6,6,6,6,6,6,6,6
340719,0,1,1983,0,0,0,0,0,0,0,0,0,0
340719,0,2,1983,0,0,0,0,0,0,0,0,0,0
340719,1,1,1983,0,0,0,0,0,17,0,0,0,0
340720,1,1,1983,15,15,15,15,15,15,15,15,15,15
340721,1,1,1983,0,0,0,0,0,0,0,0,8,0
340722,1,1,1983,12,22,0,23,11,0,10,0,9,0
340723,1,1,1983,0,0,0,0,0,0,0,0,0,0
340723,2,1,1983,0,0,0,0,0,0,0,0,0,0
340723,3,1,1983,0,0,0,0,0,0,0,0,0,0
340724,0,1,1983,0,0,0,0,0,12,0,0,18,18
340724,1,1,1983,0,0,0,0,0,0,0,0,0,0
340725,0,1,1983,0,0,0,0,0,0,0,0,0,0
340725,1,1,1983,0,0,0,0,0,0,0,0,0,0
340725,2,1,1983,0,0,0,0,0,0,0,0,0,0
340726,1,1,1983,0,0,5,0,0,8,0,0,0,0
340727,1,1,1983,0,0,0,0,0,0,0,0,0,0
340727,2,1,1983,0,0,0,0,0,0,0,0,0,0
340728,1,1,1983,10,10,10,10,10,10,10,10,10,10
340729,0,1,1983,17,17,17,17,17,17,17,17,17,17
340729,1,1,1983,0,0,5,21,0,0,0,0,8,0
340730,1,1,1983,0,0,0,0,0,0,0,0,0,0
340731,1,1,1983,0,0,0,0,0,0,0,0,0,0
340731,2,1,1983,0,0,0,0,0,0,0,0,0,0
340732,1,1,1983,0,0,0,0,0,0,0,0,0,0
340732,2,1,1983,4,4,4,4,4,4,4,4,4,4
340733,1,1,1983,15,15,15,15,15,15,15,15,15,15
340733,2,1,1983,0,0,0,0,0,0,0,0,0,0
340734,1,1,1983,6,6,6,6,6,6,6,6,6,6
340735,0,1,1983,0,0,0,0,0,0,0,0,0,0
340735,1,1,1983,0,0,7,0,0,0,0,0,0,0
340736,0,1,1983,7,7,7,7,7,7,7,7,7,7
340736,1,1,1983,0,0,0,0,0,0,0,0,0,0
340737,1,1,1983,0,0,0,0,0,0,0,0,0,0
340738,0,1,1983,0,0,0,0,0,0,0,0,0,0
340738,1,1,1983,0,0,0,0,0,0,0,0,0,0
340739,1,1,1983,12,12,12,12,12,12,12,12,12,12
340740,0,1,1983,2,2,2,2,2,2,2,2,2,2
340740,0,2,1983,2,2,2,2,2,2,2,2,2,2
340740,1,1,1983,12,12,12,12,12,12,12,12,12,12
340741,1,1,1983,0,0,0,0,0,0,0,0,0,0
340741,2,1,1983,6,6,6,6,6,6,6,6,6,6
340742,1,1,1983,0,0,0,0,0,0,0,0,0,0
340743,1,1,1983,13,13,13,13,13,13,13,13,13,13
340744,1,1,1983,21,21,21,21,21,21,21,21,21,21
340744,2,1,1983,0,0,0,0,0,0,0,0,0,0
340745,0,1,1983,0,0,0,0,0,0,0,0,0,0
340745,0,2,1983,0,0,19,19,14,0,0,0,0,0
340745,1,1,1983,0,0,0,24,0,0,0,0,0,0
340746,1,1,1983,0,0,0,0,0,0,0,0,0,0
340747,0,1,1983,0,0,0,0,0,0,0,0,0,0
340747,1,1,1983,0,0,6,0,0,0,0,0,0,0
340748,1,1,1983,0,0,0,0,0,0,0,0,0,0
340749,0,1,1983,0,0,0,0,0,0,0,0,0,0
340749,1,1,1983,0,0,0,0,0,0,0,0,0,0
340750,1,1,1983,0,0,0,0,0,0,0,0,0,0
340751,0,1,1983,0,0,0,0,0,0,0,0,0,0
340751,1,1,1983,0,0,0,0,0,0,0,0,0,0
340752,1,1,1983,24,24,24,24,24,24,24,24,24,24
340753,0,1,1983,17,0,0,0,0,0,14,0,0,0
340753,1,1,1983,0,0,0,0,0,0,0,0,0,0
340754,0,1,1983,0,0,0,0,0,0,0,0,0,0
340754,1,1,1983,0,14,9,0,0,0,0,0,0,0
340756,1,1,1983,0,14,0,0,0,0,0,0,0,0
340756,2,1,1983,0,0,0,0,0,0,0,0,0,0
340757,0,1,1983,23,9,0,17,0,23,20,16,9,26
340757,1,1,1983,21,11,17,29,16,22,20,11,9,28
340758,0,1,1983,0,0,0,0,0,0,0,0,0,0
340758,1,1,1983,0,0,0,0,0,0,0,0,0,0
340759,0,1,1983,15,10,12,0,32,15,12,0,15,5
340759,1,1,1983,19,9,0,32,8,0,9,32,11,0
340760,1,1,1983,10,0,0,0,0,0,0,35,14,14
340760,2,1,1983,0,0,0,0,0,0,0,0,0,0
340761,1,1,1983,0,0,0,0,0,0,0,0,0,0
340761,2,1,1983,0,0,0,0,0,0,0,0,0,0
340762,0,1,1983,0,0,0,0,0,0,0,0,0,0
340762,1,1,1983,19,19,19,19,19,19,19,19,19,19
340763,0,1,1983,0,0,4,32,6,11,22,0,43,21
340763,1,1,1983,0,0,0,0,0,0,0,0,0,0
340764,1,1,1983,0,0,0,0,0,0,0,0,0,0
340765,1,1,1983,0,0,0,0,0,0,0,0,13,0
340765,2,1,1983,0,0,0,0,0,0,0,0,0,0
340767,1,1,1983,23,0,24,25,22,6,7,0,18,10
340768,1,1,1983,0,0,0,0,0,0,0,0,12,9
340768,2,1,1983,0,0,0,0,0,0,0,0,0,0
340769,1,1,1983,0,0,0,0,0,0,0,0,0,0
340769,2,1,1983,0,0,0,0,0,0,0,0,0,0
340770,1,1,1983,16,16,16,16,16,16,16,16,16,16
340771,1,1,1983,0,0,0,0,0,0,0,0,0,17
340771,2,1,1983,0,0,0,0,0,0,0,0,0,0
340772,1,1,1983,13,13,13,13,13,13,13,13,13,13