ST_CASE,VEH_NO,PER_NO,YEAR,P1,P2,P3,P4,P5,P6,P7,P8,P9,P10
340773,0,1,1983,0,0,0,0,0,0,0,0,0,0
340773,1,1,1983,0,0,0,0,0,0,0,0,0,0
340775,0,1,1983,7,7,7,7,7,7,7,7,7,7
340775,1,1,1983,0,26,0,0,0,0,0,0,0,0
340776,0,1,1983,2,2,2,2,2,2,2,2,2,2
340776,1,1,1983,17,17,17,17,17,17,17,17,17,17
340777,0,1,1983,0,0,0,0,0,0,0,0,0,0
340777,1,1,1983,0,0,0,0,0,0,0,15,0,0
340778,1,1,1983,9,9,9,9,9,9,9,9,9,9
340779,0,1,1983,0,0,0,0,0,0,0,0,0,0
340779,1,1,1983,19,0,0,0,0,0,0,0,0,0
340781,1,1,1983,0,0,0,0,0,0,0,0,0,0
340781,2,1,1983,24,24,24,24,24,24,24,24,24,24
340782,1,1,1983,18,18,18,18,18,18,18,18,18,18
340783,1,1,1983,0,0,0,0,0,0,0,0,0,0
340783,2,1,1983,0,0,0,0,0,0,0,0,0,0
340784,1,1,1983,12,13,12,16,21,21,28,18,23,29
340784,2,1,1983,21,18,25,18,19,19,17,12,26,14
340785,1,1,1983,0,0,0,0,0,0,0,0,0,0
340785,2,1,1983,0,0,0,0,0,0,0,0,0,0
340785,3,1,1983,0,0,0,0,0,0,0,0,0,0
340786,1,1,1983,35,35,35,35,35,35,35,35,35,35
340787,0,1,1983,35,35,35,35,35,35,35,35,35,35
340787,1,1,1983,0,0,20,0,4,0,0,0,0,0
340789,1,1,1983,0,0,0,0,0,0,0,0,10,0
340789,2,1,1983,0,0,0,0,0,0,0,0,0,0
340790,1,1,1983,17,17,17,17,17,17,17,17,17,17
340791,1,1,1983,0,0,0,0,0,0,0,0,0,0
340792,1,1,1983,0,0,0,0,0,0,0,0,0,0
340792,2,1,1983,0,0,0,0,0,0,0,0,0,0
340793,1,1,1983,0,0,0,0,0,0,0,0,0,0
340793,2,1,1983,0,0,0,0,0,0,0,0,0,0
340794,1,1,1983,0,12,14,0,0,0,16,0,17,20
340795,1,1,1983,5,5,5,5,5,5,5,5,5,5
340796,0,1,1983,9,9,9,9,9,9,9,9,9,9
340796,1,1,1983,0,0,0,0,0,0,0,4,0,13
340797,1,1,1983,0,0,0,0,0,0,0,0,0,0
340798,0,1,1983,0,0,0,0,0,0,0,0,0,0
340798,1,1,1983,0,0,0,0,0,0,0,0,0,0
340799,1,1,1983,0,0,0,0,0,0,0,0,0,0
340799,2,1,1983,0,0,0,0,0,0,0,0,0,0
340799,3,1,1983,31,0,0,0,0,0,0,0,0,0
340800,0,1,1983,0,0,0,0,0,0,0,0,0,0
340800,1,1,1983,0,0,0,0,0,0,0,0,0,0
340801,1,1,1983,0,0,0,0,0,0,0,0,0,0
340801,2,1,1983,28,28,28,28,28,28,28,28,28,28
340802,1,1,1983,12,12,12,12,12,12,12,12,12,12
340802,2,1,1983,0,0,0,0,0,0,0,0,0,0
340803,1,1,1983,15,15,15,15,15,15,15,15,15,15
340804,1,1,1983,27,0,0,12,0,10,0,0,0,0
340805,0,1,1983,0,0,0,0,0,0,0,0,0,0
340805,1,1,1983,0,0,0,0,0,0,0,0,0,0
340806,0,1,1983,9,9,9,9,9,9,9,9,9,9
340806,1,1,1983,0,0,0,0,0,0,0,0,0,0
340807,1,1,1983,18,18,18,18,18,18,18,18,18,18
340808,1,1,1983,0,0,0,0,0,0,0,0,0,0
340808,2,1,1983,0,0,0,0,0,0,0,0,0,0
340809,1,1,1983,14,14,14,14,14,14,14,14,14,14
340810,0,1,1983,0,0,0,0,0,0,0,0,0,0
340810,1,1,1983,0,0,0,0,0,0,0,0,0,0
340811,1,1,1983,0,0,18,0,22,0,17,0,4,0
340811,2,1,1983,0,0,0,0,0,17,0,0,0,0
340812,1,1,1983,16,16,16,16,16,16,16,16,16,16
340813,0,1,1983,9,9,9,9,9,9,9,9,9,9
340813,0,2,1983,0,0,0,0,0,0,0,0,0,0
340813,1,1,1983,20,20,20,20,20,20,20,20,20,20
340814,1,1,1983,0,0,0,0,0,0,0,0,0,0
340816,0,1,1983,0,0,0,0,0,0,0,0,0,0
340816,1,1,1983,16,16,16,16,16,16,16,16,16,16
340817,1,1,1983,0,0,0,0,0,0,0,0,0,0
340817,2,1,1983,0,0,0,0,0,0,0,0,0,0
340818,0,1,1983,0,0,0,0,0,0,0,0,0,0
340818,1,1,1983,0,0,15,0,0,0,0,0,0,0
340819,1,1,1983,16,16,16,16,16,16,16,16,16,16
340820,1,1,1983,0,0,0,48,17,0,0,0,10,0
340821,1,1,1983,16,16,16,16,16,16,16,16,16,16
340822,0,1,1983,28,28,28,28,28,28,28,28,28,28
340822,1,1,1983,0,9,14,0,14,19,0,0,1,0
340822,2,1,1983,6,0,0,0,0,13,0,0,17,0
340823,0,1,1983,2,2,2,2,2,2,2,2,2,2
340823,1,1,1983,0,0,0,0,0,0,0,0,0,0
340824,1,1,1983,0,0,0,0,0,0,0,0,0,0
340825,1,1,1983,0,0,0,0,22,0,24,0,0,0
340825,2,1,1983,0,0,0,0,0,0,0,0,0,0
340826,1,1,1983,2,2,2,2,2,2,2,2,2,2
340827,1,1,1983,20,20,20,20,20,20,20,20,20,20
340828,1,1,1983,0,0,0,0,0,0,0,0,0,0
340828,2,1,1983,17,17,17,17,17,17,17,17,17,17
340829,0,1,1983,18,18,18,18,18,18,18,18,18,18
340829,1,1,1983,0,0,0,0,0,0,0,0,14,0
340830,1,1,1983,0,0,0,0,0,0,0,6,0,0
340830,2,1,1983,0,0,0,0,0,0,0,0,13,0
340831,0,1,1983,0,0,0,0,0,0,0,0,0,0
340831,1,1,1983,13,0,0,0,0,0,0,0,0,0
340832,0,1,1983,0,0,0,0,0,0,0,13,0,0
340832,1,1,1983,0,0,16,24,0,0,12,13,12,8
340834,0,1,1983,0,0,0,0,0,0,0,0,0,0
340834,1,1,1983,0,0,0,0,0,0,0,0,0,0
340835,1,1,1983,28,28,28,28,28,28,28,28,28,28
340836,1,1,1983,0,0,0,0,0,0,0,0,0,0
340836,2,1,1983,0,0,0,0,0,0,0,0,0,0
340837,1,1,1983,18,18,18,18,18,18,18,18,18,18
340838,1,1,1983,19,19,19,19,19,19,19,19,19,19
340839,1,1,1983,0,0,0,0,0,0,0,0,0,0
340841,1,1,1983,0,0,0,0,0,0,0,0,0,0
340841,2,1,1983,19,21,29,32,16,9,22,19,17,19
340842,1,1,1983,14,14,14,14,14,14,14,14,14,14
340843,1,1,1983,33,33,33,33,33,33,33,33,33,33
340844,0,1,1983,6,6,6,6,6,6,6,6,6,6
340844,1,1,1983,15,13,9,0,0,13,14,0,0,0
340845,1,1,1983,18,18,18,18,18,18,18,18,18,18
340845,2,1,1983,0,0,0,0,0,0,0,0,0,0
340845,3,1,1983,8,0,0,19,22,0,19,0,0,0
340846,1,1,1983,0,16,15,0,18,0,10,5,20,12
340846,2,1,1983,0,0,0,0,0,0,0,0,0,0
340847,1,1,1983,0,0,0,0,0,0,0,18,0,0
340847,2,1,1983,13,0,0,0,0,12,13,0,0,0
340848,1,1,1983,0,18,12,0,0,13,11,0,0,0
340849,1,1,1983,0,0,0,0,0,11,0,10,0,7
340850,1,1,1983,0,0,0,0,0,0,0,0,0,0
340850,2,1,1983,0,0,0,0,0,0,0,0,0,0
340851,0,1,1983,21,28,17,12,23,40,17,14,2,33
340851,1,1,1983,0,0,0,0,0,0,0,0,0,0
340852,1,1,1983,18,18,18,18,18,18,18,18,18,18
340853,1,1,1983,10,10,10,10,10,10,10,10,10,10
340853,2,1,1983,0,0,0,0,0,0,0,0,0,0
340853,3,1,1983,0,0,0,0,0,0,0,0,18,0
340854,1,1,1983,13,13,13,13,13,13,13,13,13,13
340855,1,1,1983,11,11,11,11,11,11,11,11,11,11
340856,1,1,1983,11,11,11,11,11,11,11,11,11,11
340857,1,1,1983,0,0,0,0,0,0,0,0,0,0
340859,1,1,1983,0,0,21,0,26,23,0,0,12,29
340860,0,1,1983,0,0,0,0,0,0,0,0,0,0
340860,1,1,1983,0,0,0,0,10,15,0,0,0,13
340861,0,1,1983,19,19,19,19,19,19,19,19,19,19
340861,1,1,1983,13,3,0,0,0,0,0,0,12,17
340862,1,1,1983,0,0,0,0,0,0,0,0,0,0
340862,2,1,1983,0,0,0,0,0,0,0,0,0,0
340863,1,1,1983,0,0,0,0,0,0,0,0,0,0
340863,2,1,1983,0,0,0,0,0,0,0,0,0,0
340863,3,1,1983,0,0,0,0,0,0,0,0,0,0
340864,1,1,1983,12,12,12,12,12,12,12,12,12,12
340865,1,1,1983,0,12,0,29,20,0,0,0,0,6
340865,2,1,1983,0,0,0,0,0,0,0,0,0,0
340866,1,1,1983,22,22,22,22,22,22,22,22,22,22
340867,1,1,1983,24,24,24,24,24,24,24,24,24,24
340868,2,1,1983,11,11,11,11,11,11,11,11,11,11
340869,1,1,1983,0,0,0,0,0,0,0,0,0,0
340870,1,1,1983,0,0,0,0,0,0,0,0,0,0
340870,2,1,1983,0,0,0,0,0,0,0,0,0,0
340871,1,1,1983,0,0,0,0,6,0,0,0,0,0
340871,2,1,1983,21,21,21,21,21,21,21,21,21,21
340871,3,1,1983,0,0,0,0,0,0,0,0,0,0
340872,1,1,1983,0,0,0,0,0,0,0,0,0,0
340872,2,1,1983,0,0,0,0,0,0,0,0,0,0
340873,1,1,1983,12,12,12,12,12,12,12,12,12,12
340874,0,1,1983,14,14,14,14,14,14,14,14,14,14
340874,1,1,1983,0,0,0,0,0,0,0,0,0,0
340875,1,1,1983,14,14,14,14,14,14,14,14,14,14
340875,2,1,1983,0,0,0,0,0,0,0,0,0,0
340876,1,1,1983,0,10,0,0,23,0,0,0,0,20
340877,0,1,1983,0,0,0,0,0,0,0,0,0,0
340877,1,1,1983,0,0,0,0,0,0,0,0,0,0
340878,1,3,1983,5,15,26,16,7,14,22,9,6,14
340878,2,1,1983,18,18,18,18,18,18,18,18,18,18
340879,1,1,1983,0,0,0,0,0,0,0,0,0,0
340879,2,1,1983,0,0,19,0,18,0,0,17,14,12
340880,1,1,1983,0,0,0,0,0,0,0,0,0,0
340882,0,1,1983,0,6,0,31,0,0,6,0,0,5
340882,1,1,1983,0,0,0,0,0,0,11,0,0,18
340884,0,1,1983,14,14,14,14,14,14,14,14,14,14
340884,1,1,1983,11,11,11,11,11,11,11,11,11,11
340885,1,1,1983,0,0,0,0,0,0,0,0,0,0
340886,0,1,1983,25,0,0,0,0,0,11,23,0,0
340886,0,2,1983,0,13,0,0,0,0,0,4,0,0
340886,1,1,1983,10,10,10,10,10,10,10,10,10,10
340887,1,1,1983,23,23,23,23,23,23,23,23,23,23
340889,1,1,1983,0,0,16,0,0,0,0,0,0,0
340889,2,1,1983,0,0,0,0,0,0,0,0,24,0
340890,1,1,1983,0,0,0,0,0,21,0,0,0,17
340891,0,1,1983,0,0,0,0,0,0,0,0,0,9
340891,1,1,1983,0,0,0,0,0,0,0,0,0,0
340892,1,1,1983,0,0,0,0,0,0,0,0,0,0
340892,2,1,1983,0,0,0,0,0,0,0,0,0,0
340894,1,1,1983,0,0,0,0,0,0,0,0,0,0
340895,1,1,1983,5,5,5,5,5,5,5,5,5,5
340896,1,1,1983,0,0,0,0,0,0,0,0,0,0
340896,2,1,1983,8,8,8,8,8,8,8,8,8,8
340897,1,1,1983,0,0,0,0,0,0,0,0,0,0
340898,1,1,1983,12,12,12,12,12,12,12,12,12,12
340899,1,1,1983,0,0,0,0,0,0,0,0,0,0
340899,2,1,1983,0,0,0,0,0,22,0,0,0,0
340900,1,1,1983,0,0,0,0,0,13,0,0,0,0
340901,0,1,1983,0,0,0,0,0,0,0,0,0,0
340901,1,1,1983,0,0,0,0,0,0,0,0,0,0
350001,1,1,1983,13,13,13,13,13,13,13,13,13,13
350002,1,1,1983,12,0,0,0,0,0,0,0,0,0
350003,1,1,1983,0,0,0,22,0,0,0,0,0,0
350004,1,1,1983,0,0,0,0,0,0,0,0,0,0
350004,2,1,1983,0,0,0,0,0,0,0,0,0,0
350005,0,1,1983,28,28,28,28,28,28,28,28,28,28
350005,1,1,1983,0,0,0,0,0,0,0,0,4,0
350006,1,1,1983,0,0,0,0,0,0,0,0,0,0
350006,2,1,1983,0,6,13,0,0,0,0,0,0,0
350007,0,1,1983,25,25,25,25,25,25,25,25,25,25
350007,1,1,1983,0,0,0,0,0,0,0,0,0,0
350008,1,1,1983,0,0,0,0,0,0,19,0,0,0
350009,0,1,1983,0,0,0,0,0,0,0,0,0,0
350009,1,1,1983,0,0,0,0,0,0,0,0,10,0
350010,1,1,1983,0,0,0,0,6,29,14,0,21,0
350010,2,1,1983,0,0,0,0,0,0,0,0,0,0
350011,1,1,1983,27,27,27,27,27,27,27,27,27,27
350012,0,1,1983,16,16,16,16,16,16,16,16,16,16
350012,1,1,1983,18,21,15,0,23,25,22,0,9,11
350013,1,1,1983,3,5,23,15,13,18,0,13,0,10
350013,2,1,1983,0,0,0,22,0,0,0,0,0,0
350014,1,1,1983,26,26,26,26,26,26,26,26,26,26
350014,2,1,1983,0,0,0,0,0,0,0,21,0,0
350015,1,1,1983,21,32,17,20,12,24,7,7,13,4
350015,2,1,1983,0,0,0,0,0,0,0,0,0,0
350016,1,1,1983,0,0,0,0,0,0,0,0,0,0
350016,2,1,1983,0,0,0,21,0,0,0,0,0,11
350017,1,1,1983,0,0,0,0,0,0,0,0,0,0
350017,2,1,1983,15,8,9,13,21,11,13,11,17,15
350018,1,1,1983,17,17,17,17,17,17,17,17,17,17
350019,1,1,1983,8,15,0,12,8,17,0,15,0,4
350020,0,1,1983,18,18,18,18,18,18,18,18,18,18
350020,1,1,1983,13,0,0,0,0,0,0,0,17,30
350021,0,1,1983,18,18,18,18,18,18,18,18,18,18
350021,1,1,1983,0,24,0,0,0,0,0,0,34,0
350022,1,1,1983,0,0,0,0,0,0,0,0,0,0
350022,2,1,1983,0,0,0,0,0,0,0,0,0,0
350023,0,1,1983,3,3,3,3,3,3,3,3,3,3
350023,1,1,1983,0,0,0,22,1,29,20,0,27,13
350024,1,1,1983,26,26,26,26,26,26,26,26,26,26
350024,2,1,1983,0,0,0,0,0,0,0,0,0,0
350025,1,1,1983,3,3,3,3,3,3,3,3,3,3
350025,2,1,1983,21,21,21,21,21,21,21,21,21,21
350026,1,1,1983,18,18,18,18,18,18,18,18,18,18
350027,1,1,1983,0,0,0,0,15,0,54,0,21,0
350028,1,1,1983,0,0,0,0,0,0,0,0,0,0
350028,2,1,1983,0,0,0,0,0,0,0,0,0,0
350029,1,1,1983,28,28,28,28,28,28,28,28,28,28
350030,1,1,1983,26,26,26,26,26,26,26,26,26,26
350031,0,1,1983,1,1,1,1,1,1,1,1,1,1
350031,1,1,1983,2,2,2,2,2,2,2,2,2,2
350032,1,1,1983,0,0,24,0,0,25,0,0,0,0
350033,1,1,1983,0,0,0,0,0,0,0,0,0,0
350033,2,1,1983,0,0,0,0,0,0,0,0,0,0
350034,0,1,1983,0,0,0,0,0,0,0,0,0,0
350034,1,1,1983,0,0,0,0,0,0,0,0,0,0
350035,1,1,1983,0,0,0,0,0,0,0,0,0,0
350035,2,1,1983,0,0,0,0,0,0,0,0,0,0
350036,1,1,1983,25,25,25,25,25,25,25,25,25,25
350037,1,1,1983,13,13,13,13,13,13,13,13,13,13
350038,1,1,1983,16,16,16,16,16,16,16,16,16,16
350038,2,1,1983,0,0,0,0,0,0,0,0,0,0
350039,1,1,1983,0,0,0,0,0,0,0,0,0,0
350040,0,1,1983,0,0,0,0,0,0,0,0,0,0
350040,1,1,1983,26,16,0,6,6,14,0,25,10,0
350041,1,1,1983,0,0,0,0,0,0,0,0,0,0
350041,2,1,1983,0,0,0,0,0,0,0,0,0,0
350042,1,1,1983,31,33,36,22,0,14,13,33,13,33
350043,1,1,1983,32,19,7,0,18,40,18,13,14,15
350043,2,1,1983,0,0,0,0,0,0,0,0,0,0
350044,1,1,1983,0,24,20,0,0,0,0,8,19,0
350045,1,1,1983,0,0,0,0,0,0,0,0,0,0
350045,2,1,1983,0,0,0,0,0,0,0,0,0,0
350046,0,1,1983,0,0,0,0,0,0,0,0,0,0
350046,2,1,1983,0,0,0,0,0,0,0,0,0,0
350047,0,1,1983,16,16,16,16,16,16,16,16,16,16
350047,1,1,1983,25,16,21,21,8,7,21,11,17,8
350048,0,1,1983,12,16,0,0,9,0,31,0,37,0
350048,1,1,1983,0,0,0,0,0,0,0,0,0,0
350049,1,1,1983,24,24,24,24,24,24,24,24,24,24
350050,1,1,1983,26,26,26,26,26,26,26,26,26,26
350050,2,1,1983,0,0,0,0,0,0,0,27,0,0
350051,1,1,1983,12,7,0,20,28,8,12,14,24,14
350051,2,1,1983,0,0,0,0,0,0,0,0,0,0
350052,1,1,1983,0,10,18,9,0,0,11,0,0,21
350052,2,1,1983,0,0,0,0,22,20,0,27,22,0
350053,1,1,1983,0,0,0,0,0,0,0,0,0,9
350053,2,1,1983,0,0,0,0,0,0,0,0,0,0
350054,1,1,1983,0,0,0,0,0,0,0,0,0,0
350055,1,1,1983,13,13,13,13,13,13,13,13,13,13
350056,1,1,1983,9,9,9,9,9,9,9,9,9,9
350057,1,1,1983,0,0,0,0,0,0,0,0,0,0
350058,1,1,1983,0,0,0,0,0,0,0,0,0,0
350058,2,1,1983,20,20,20,20,20,20,20,20,20,20
350059,1,1,1983,18,18,18,18,18,18,18,18,18,18
350059,2,1,1983,0,0,0,12,0,0,0,6,0,0
350060,1,1,1983,0,0,0,0,0,0,0,0,0,0
350060,2,1,1983,20,22,11,3,19,13,10,3,8,27
350061,1,1,1983,18,18,18,18,18,18,18,18,18,18
350062,0,1,1983,17,17,17,17,17,17,17,17,17,17
350062,1,1,1983,0,0,0,0,0,0,0,0,0,0
350063,1,1,1983,14,14,14,14,14,14,14,14,14,14
350064,1,1,1983,26,26,26,26,26,26,26,26,26,26
350065,1,1,1983,20,20,20,20,20,20,20,20,20,20
350066,1,1,1983,0,0,0,0,0,0,0,0,0,0
350067,1,1,1983,0,0,0,0,0,0,0,0,0,0
350068,1,1,1983,15,15,15,15,15,15,15,15,15,15
350068,2,1,1983,16,16,16,16,16,16,16,16,16,16
350069,1,1,1983,0,0,0,0,0,0,0,0,0,0
350069,2,1,1983,0,0,0,0,0,0,0,0,0,0
350070,1,1,1983,22,22,22,22,22,22,22,22,22,22
350071,1,1,1983,30,30,30,30,30,30,30,30,30,30
350071,2,1,1983,0,0,0,18,0,0,0,0,0,0
350072,0,1,1983,0,0,0,0,0,0,0,0,0,0
350072,1,1,1983,0,0,0,0,0,0,0,0,0,0
350073,1,1,1983,0,0,0,0,0,0,0,0,0,0
350073,2,1,1983,15,25,11,17,19,12,0,6,23,2
350074,1,1,1983,0,0,0,0,0,0,0,0,0,0
350074,2,1,1983,0,0,0,0,17,25,0,0,0,0
350075,0,1,1983,21,21,21,21,21,21,21,21,21,21
350075,1,1,1983,33,16,0,0,23,19,8,17,0,0
350076,1,1,1983,15,11,9,0,17,14,13,15,15,10
350077,0,1,1983,18,18,18,18,18,18,18,18,18,18
350077,1,1,1983,0,0,12,0,0,21,12,11,3,2
350078,1,1,1983,0,0,0,0,0,0,0,0,0,0
350078,2,1,1983,0,5,0,0,0,0,0,0,0,0
350079,1,1,1983,0,0,0,0,0,0,0,0,0,0
350079,2,1,1983,7,0,0,0,14,0,0,18,24,0
350080,0,1,1983,32,32,32,32,32,32,32,32,32,32
350080,1,1,1983,0,0,0,0,0,0,0,0,0,0
350080,2,1,1983,0,0,0,0,0,0,0,0,0,0
350080,3,1,1983,0,0,0,0,0,0,0,0,0,11
350081,1,1,1983,15,15,15,15,15,15,15,15,15,15
350082,0,1,1983,13,13,13,13,13,13,13,13,13,13
350082,1,1,1983,0,0,0,0,0,0,0,0,0,0
350083,1,1,1983,33,33,33,33,33,33,33,33,33,33
350083,2,1,1983,0,0,0,0,0,0,0,0,0,0
350084,1,1,1983,0,0,0,0,0,29,0,0,12,0
350085,1,1,1983,30,30,30,30,30,30,30,30,30,30
350086,1,1,1983,0,0,0,19,0,14,0,18,0,16
350087,1,1,1983,11,11,11,11,11,11,11,11,11,11
350088,1,1,1983,0,0,0,0,0,0,0,0,0,0
350088,2,1,1983,13,17,11,6,0,13,13,24,15,13
350089,0,1,1983,28,28,28,28,28,28,28,28,28,28
350089,1,1,1983,0,0,0,0,23,0,0,0,0,0
350090,0,1,1983,26,26,26,26,26,26,26,26,26,26
350090,1,1,1983,20,0,0,0,0,0,0,0,0,0
350091,1,1,1983,0,0,0,0,0,0,0,0,0,0
350091,2,1,1983,19,19,19,19,19,19,19,19,19,19
350092,1,1,1983,23,23,23,23,23,23,23,23,23,23
350093,1,1,1983,37,37,37,37,37,37,37,37,37,37
350094,1,1,1983,0,0,0,0,0,0,0,0,0,0
350095,0,1,1983,0,0,0,0,0,0,0,0,0,0
350095,1,1,1983,0,0,0,0,0,0,0,1,0,0
350096,0,1,1983,15,15,15,15,15,15,15,15,15,15
350096,1,1,1983,0,0,0,0,0,0,18,0,13,0
350097,1,1,1983,0,0,0,0,18,9,0,0,0,23
350098,1,1,1983,0,0,0,0,0,0,0,0,0,0
350099,1,1,1983,0,0,0,0,15,0,0,0,0,0
350099,2,1,1983,0,0,0,0,0,0,0,11,0,0
350100,1,1,1983,7,7,7,7,7,7,7,7,7,7
350101,0,1,1983,25,25,25,25,25,25,25,25,25,25
350101,1,1,1983,0,0,11,0,0,0,0,0,6,0
350102,1,1,1983,0,0,0,0,0,0,0,0,0,0
350103,1,1,1983,0,0,0,0,0,0,0,0,0,0
350105,0,1,1983,40,40,40,40,40,40,40,40,40,40
350105,1,1,1983,0,0,0,0,0,0,0,0,0,0
350106,1,1,1983,0,0,0,0,0,0,0,0,0,0
350107,1,1,1983,23,23,23,23,23,23,23,23,23,23
350108,0,1,1983,26,26,26,26,26,26,26,26,26,26
350108,1,1,1983,0,0,0,0,0,0,0,0,0,0
350109,1,1,1983,0,0,0,0,0,0,0,0,0,0
350109,2,1,1983,0,0,0,0,0,0,0,0,0,0
350110,1,1,1983,0,0,0,0,0,0,0,0,0,0
350110,2,1,1983,0,0,0,0,0,0,0,0,0,0
350111,1,1,1983,18,18,18,18,18,18,18,18,18,18
350111,2,1,1983,0,0,0,0,0,0,0,0,0,0
350112,0,1,1983,0,0,0,0,0,0,0,0,0,0
350112,1,1,1983,0,0,0,0,0,0,0,0,0,0
350113,1,1,1983,0,0,28,27,0,0,0,0,0,17
350114,0,1,1983,19,14,21,13,10,0,7,14,11,18
350114,1,1,1983,0,0,0,0,0,0,0,0,0,0
350115,1,1,1983,0,0,0,0,0,0,0,0,0,0
350115,2,1,1983,8,0,19,0,0,0,9,0,0,0
350115,3,1,1983,0,0,0,0,0,0,0,0,0,0
350116,1,1,1983,24,24,24,24,24,24,24,24,24,24
350117,1,1,1983,0,0,0,0,0,0,0,0,0,0
350117,2,1,1983,0,0,0,0,0,0,14,0,0,0
350118,0,1,1983,20,20,20,20,20,20,20,20,20,20
350118,1,1,1983,4,0,18,0,14,9,21,25,18,8
350119,1,1,1983,0,0,0,0,0,0,0,0,0,0
350119,2,1,1983,19,20,18,13,16,12,16,18,15,12
350120,1,1,1983,10,0,20,0,12,0,0,0,0,0
350121,1,1,1983,22,22,22,22,22,22,22,22,22,22
350121,2,1,1983,0,0,0,0,0,0,0,0,0,0
350122,1,1,1983,23,14,22,7,14,17,13,16,19,14
350123,1,1,1983,8,33,12,14,50,15,8,9,12,21
350124,1,1,1983,0,0,0,0,0,0,0,0,0,0
350125,1,1,1983,0,0,0,0,0,0,0,0,0,0
350126,0,1,1983,20,20,20,20,20,20,20,20,20,20
350126,1,1,1983,0,0,8,0,0,13,0,0,0,0
350127,1,1,1983,0,0,0,13,0,0,0,0,0,12
350127,2,1,1983,11,11,11,11,11,11,11,11,11,11
350128,0,1,1983,0,0,0,0,0,0,0,0,0,0
350128,1,1,1983,0,21,0,0,0,0,0,4,0,0
350129,1,1,1983,13,11,12,14,31,23,6,27,9,30
350130,1,1,1983,0,0,0,0,0,0,0,0,0,0
350130,2,1,1983,0,0,0,0,0,0,0,0,0,0
350131,1,1,1983,0,0,0,0,0,0,0,0,0,0
350131,2,1,1983,21,21,21,21,21,21,21,21,21,21
350132,1,1,1983,17,17,17,17,17,17,17,17,17,17
350132,2,1,1983,0,0,0,0,0,0,0,0,0,0
350133,1,1,1983,3,3,3,3,3,3,3,3,3,3
350133,2,1,1983,0,0,0,0,0,0,0,0,0,0
350134,1,1,1983,0,0,0,0,0,0,0,0,0,0
350135,1,1,1983,0,0,0,0,0,0,0,0,0,0
350135,2,1,1983,14,14,14,14,14,14,14,14,14,14
350136,1,1,1983,13,13,13,13,13,13,13,13,13,13
350137,0,1,1983,9,9,9,9,9,9,9,9,9,9
350137,1,1,1983,38,17,21,10,14,11,0,13,0,17
350138,1,1,1983,16,25,0,12,20,0,0,4,12,14
350138,2,1,1983,0,0,0,0,0,15,0,0,0,0
350139,1,1,1983,9,25,16,0,24,0,0,17,14,17
350140,1,1,1983,12,22,19,19,11,10,10,3,8,8
350140,2,1,1983,0,0,0,15,0,0,0,0,0,0
350140,3,1,1983,0,0,0,0,0,0,0,0,0,0
350141,1,1,1983,0,16,16,0,0,4,0,0,0,0
350141,2,1,1983,0,0,0,0,22,0,0,0,0,0
350142,1,1,1983,14,3,15,19,9,24,12,15,28,12
350143,1,1,1983,37,22,14,34,0,13,12,12,20,8
350144,1,1,1983,0,0,0,0,0,0,0,0,0,0
350144,2,1,1983,0,6,0,0,0,13,22,0,0,5
350145,1,1,1983,10,32,19,21,28,15,5,20,14,18
350146,0,1,1983,13,13,13,13,13,13,13,13,13,13
350146,1,1,1983,0,0,10,0,0,0,0,0,0,0
350147,1,1,1983,27,27,27,27,27,27,27,27,27,27
350148,1,1,1983,18,29,0,19,0,8,0,30,10,7
350149,1,1,1983,21,0,0,0,11,0,25,6,0,0
350150,1,1,1983,0,0,0,0,0,0,0,0,0,0
350150,2,1,1983,0,0,0,0,0,0,0,0,0,0
350151,1,1,1983,21,21,21,21,21,21,21,21,21,21
350152,1,1,1983,18,18,18,18,18,18,18,18,18,18
350152,2,1,1983,0,0,0,0,0,0,0,0,0,0
350153,1,1,1983,0,0,0,0,0,0,0,0,0,0
350153,2,1,1983,13,12,0,13,11,10,19,8,22,34
350154,1,1,1983,11,11,11,11,11,11,11,11,11,11
350155,1,1,1983,21,14,0,0,25,26,5,0,0,0
350156,1,1,1983,0,0,0,0,0,0,0,0,0,0
350157,0,1,1983,16,16,16,16,16,16,16,16,16,16
350157,1,1,1983,0,0,0,0,0,0,0,14,0,0
350158,1,1,1983,0,0,0,0,0,0,0,0,0,0
350158,2,1,1983,5,5,5,5,5,5,5,5,5,5
350159,1,1,1983,24,24,24,24,24,24,24,24,24,24
350160,0,1,1983,26,26,26,26,26,26,26,26,26,26
350160,1,1,1983,0,0,0,0,0,0,0,0,0,0
350161,1,1,1983,23,23,23,23,23,23,23,23,23,23
350162,0,1,1983,71,71,71,71,71,71,71,71,71,71
350162,1,1,1983,0,0,0,0,0,0,0,0,0,0
350163,1,1,1983,24,26,18,0,20,10,30,26,12,13
350164,1,1,1983,16,16,16,16,16,16,16,16,16,16
350164,2,1,1983,0,0,0,0,0,11,0,0,0,0
350165,1,1,1983,0,0,0,0,0,0,0,0,25,0