ST_CASE,VEH_NO,PER_NO,YEAR,P1,P2,P3,P4,P5,P6,P7,P8,P9,P10
350165,2,1,1983,0,0,0,0,0,0,0,0,0,0
350166,1,1,1983,13,13,13,13,13,13,13,13,13,13
350167,1,1,1983,19,23,21,19,15,10,25,12,16,30
350168,1,1,1983,17,17,17,17,17,17,17,17,17,17
350169,1,1,1983,0,0,0,0,14,0,0,0,0,0
350169,2,1,1983,0,0,0,12,0,0,0,0,0,0
350170,1,1,1983,9,18,0,15,11,15,0,9,0,6
350170,2,1,1983,0,0,0,0,0,0,0,0,0,0
350171,1,1,1983,0,0,14,15,13,28,31,30,26,16
350172,1,1,1983,14,25,45,22,21,20,35,29,14,22
350173,1,1,1983,0,0,0,0,0,0,0,0,0,0
350173,2,1,1983,27,11,8,6,29,23,25,22,7,20
350174,1,1,1983,18,18,18,18,18,18,18,18,18,18
350175,1,1,1983,16,16,16,16,16,16,16,16,16,16
350176,1,1,1983,0,0,0,0,15,0,0,0,18,0
350176,2,1,1983,0,0,0,0,0,0,0,0,0,0
350177,0,1,1983,0,0,0,0,0,0,0,0,0,0
350177,1,1,1983,0,0,0,0,0,0,0,0,0,0
350178,1,1,1983,28,28,28,28,28,28,28,28,28,28
350178,2,1,1983,0,0,0,12,0,0,0,0,0,0
350179,1,1,1983,0,0,0,0,0,0,0,0,0,0
350180,1,1,1983,14,10,8,16,13,13,15,15,4,12
350180,2,1,1983,0,9,27,14,21,20,24,13,13,15
350181,1,1,1983,18,18,18,18,18,18,18,18,18,18
350181,2,1,1983,0,0,19,0,0,0,0,0,0,29
350182,1,1,1983,0,0,0,0,0,0,0,0,0,0
350183,1,1,1983,0,0,0,0,0,0,0,0,0,0
350183,2,1,1983,4,0,9,8,28,0,11,12,12,7
350184,1,1,1983,0,0,0,0,0,0,0,0,0,0
350185,1,1,1983,17,15,23,15,15,20,5,15,16,15
350185,2,1,1983,10,0,0,0,0,0,0,6,0,0
350186,1,1,1983,14,0,9,0,0,0,0,9,0,4
350187,0,1,1983,27,27,27,27,27,27,27,27,27,27
350187,1,1,1983,21,9,0,28,17,10,17,13,2,11
350188,1,1,1983,0,0,0,0,0,0,6,0,0,0
350188,2,1,1983,0,0,0,0,0,0,0,0,0,0
350189,1,1,1983,0,0,0,0,0,0,0,0,0,0
350190,1,1,1983,0,0,0,0,0,0,0,0,0,0
350191,1,1,1983,0,0,0,0,0,0,0,0,0,0
350192,0,1,1983,18,18,18,18,18,18,18,18,18,18
350192,1,1,1983,0,0,0,0,0,0,0,0,0,0
350193,1,1,1983,0,0,12,15,31,0,21,0,15,0
350194,1,1,1983,0,0,0,0,0,0,0,0,0,0
350194,2,1,1983,0,0,0,18,0,0,0,0,0,0
350195,1,1,1983,0,0,0,0,0,0,0,0,0,0
350195,2,1,1983,0,0,0,0,0,0,10,11,14,0
350196,1,1,1983,25,25,25,25,25,25,25,25,25,25
350197,1,1,1983,15,17,16,3,4,22,0,12,7,8
350197,2,1,1983,0,0,0,0,0,0,0,0,0,0
350198,0,1,1983,21,21,21,21,21,21,21,21,21,21
350198,1,1,1983,0,0,0,0,0,0,0,0,0,0
350199,0,1,1983,0,0,0,0,0,0,0,0,0,0
350199,0,2,1983,17,0,11,10,31,36,41,19,10,14
350199,1,1,1983,0,0,0,0,9,0,0,16,20,18
350200,0,1,1983,0,0,0,0,0,0,0,0,0,0
350200,1,1,1983,0,0,0,0,8,0,0,0,0,0
350201,1,1,1983,13,11,22,12,10,13,14,17,15,18
350202,1,1,1983,0,15,0,23,0,0,17,0,0,0
350204,1,1,1983,20,20,20,20,20,20,20,20,20,20
350205,1,1,1983,17,17,17,17,17,17,17,17,17,17
350207,1,1,1983,0,0,0,0,0,0,0,0,0,0
350208,1,1,1983,9,8,32,23,7,20,5,15,16,18
350209,1,1,1983,0,0,0,0,0,0,0,0,0,19
350210,0,1,1983,32,0,11,10,0,44,26,0,0,19
350210,1,1,1983,7,13,7,13,14,17,3,18,7,0
350211,1,1,1983,22,22,22,22,22,22,22,22,22,22
350212,0,1,1983,26,26,26,26,26,26,26,26,26,26
350212,1,1,1983,16,23,20,0,20,13,6,20,44,9
350213,1,1,1983,12,12,12,12,12,12,12,12,12,12
350214,1,1,1983,32,32,32,32,32,32,32,32,32,32
350215,1,1,1983,0,0,0,0,0,0,0,0,0,0
350215,2,1,1983,10,10,10,10,10,10,10,10,10,10
350216,1,1,1983,0,0,0,0,0,0,0,0,0,0
350216,2,1,1983,0,0,0,0,0,0,0,0,0,0
350217,1,1,1983,0,0,0,0,0,0,0,0,0,0
350218,1,1,1983,4,7,12,13,8,4,7,19,24,19
350219,1,1,1983,0,0,0,0,0,0,0,0,0,0
350219,2,1,1983,2,2,2,2,2,2,2,2,2,2
350220,0,1,1983,0,0,0,0,0,0,0,0,0,0
350220,1,1,1983,0,0,0,0,0,0,0,0,0,0
350221,1,1,1983,25,25,25,25,25,25,25,25,25,25
350222,1,1,1983,0,0,0,0,0,0,0,0,0,0
350222,2,1,1983,0,0,0,0,0,0,0,0,0,0
350223,0,1,1983,46,46,46,46,46,46,46,46,46,46
350223,0,2,1983,34,34,34,34,34,34,34,34,34,34
350223,1,1,1983,0,0,0,0,0,0,0,0,13,0
350223,2,1,1983,0,0,0,0,0,16,0,0,0,0
350224,1,1,1983,32,32,32,32,32,32,32,32,32,32
350225,1,1,1983,9,9,9,9,9,9,9,9,9,9
350226,1,1,1983,23,23,23,23,23,23,23,23,23,23
350227,1,1,1983,0,0,0,0,0,0,0,0,0,0
350227,2,1,1983,0,0,0,0,0,0,0,0,0,0
350227,3,1,1983,0,0,0,0,0,0,0,0,0,0
350228,0,1,1983,23,15,3,27,17,9,12,16,6,22
350228,1,1,1983,0,0,0,24,0,11,0,0,0,15
350229,1,1,1983,0,0,0,0,0,0,0,0,0,0
350229,2,1,1983,0,0,0,0,0,0,0,0,0,0
350230,1,1,1983,3,3,3,3,3,3,3,3,3,3
350230,2,1,1983,0,0,0,0,0,7,0,4,21,0
350231,1,1,1983,0,0,0,0,0,0,0,0,0,0
350232,1,1,1983,13,13,13,13,13,13,13,13,13,13
350233,0,1,1983,0,0,0,0,0,0,0,0,0,0
350233,1,1,1983,0,0,0,0,0,0,0,0,0,0
350234,1,1,1983,15,8,22,12,9,9,30,21,30,22
350235,1,1,1983,15,15,15,15,15,15,15,15,15,15
350235,2,1,1983,21,21,21,21,21,21,21,21,21,21
350236,1,1,1983,24,0,33,7,0,0,25,19,0,0
350237,1,1,1983,35,21,46,26,0,13,17,26,13,39
350238,0,1,1983,36,25,29,0,8,8,22,13,18,19
350238,1,1,1983,0,0,0,0,0,0,0,0,0,0
350239,1,1,1983,0,0,0,0,0,0,8,0,0,0
350239,2,1,1983,17,0,0,0,0,0,0,0,0,0
350240,0,1,1983,10,10,10,10,10,10,10,10,10,10
350240,1,1,1983,8,16,0,0,0,0,0,0,0,0
350241,0,1,1983,0,27,29,39,0,0,38,28,27,0
350241,0,2,1983,20,20,20,20,20,20,20,20,20,20
350241,1,1,1983,15,0,0,0,10,0,0,30,17,0
350242,1,1,1983,23,23,23,23,23,23,23,23,23,23
350243,1,1,1983,14,23,7,26,19,4,14,14,7,20
350244,0,1,1983,24,24,24,24,24,24,24,24,24,24
350244,1,1,1983,16,0,0,0,0,0,0,19,0,0
350245,1,1,1983,0,0,0,0,0,0,0,0,0,0
350245,2,1,1983,0,24,8,0,0,0,0,0,29,13
350246,1,1,1983,0,0,0,0,11,0,0,0,0,0
350247,1,1,1983,0,0,0,23,0,0,0,0,0,0
350247,2,1,1983,0,0,0,21,0,17,0,0,0,0
350248,1,1,1983,0,0,18,0,31,15,7,12,0,19
350249,1,1,1983,0,0,0,0,0,0,0,0,0,0
350250,0,1,1983,3,0,9,0,10,11,0,0,0,0
350250,1,1,1983,4,12,0,0,11,16,5,0,0,18
350251,1,1,1983,0,0,0,0,0,0,0,0,0,5
350251,2,1,1983,0,0,0,0,0,0,0,6,0,0
350252,1,1,1983,14,14,14,14,14,14,14,14,14,14
350252,2,1,1983,0,0,0,0,0,0,0,0,0,0
350253,0,1,1983,35,36,0,0,24,0,10,26,15,0
350253,1,1,1983,15,7,12,0,5,22,3,20,9,9
350254,1,1,1983,15,13,18,0,14,12,23,6,0,20
350254,2,1,1983,17,21,0,0,0,0,0,0,0,0
350255,1,1,1983,24,19,25,22,31,20,27,10,36,6
350257,1,1,1983,15,0,8,15,0,10,28,23,0,17
350258,1,1,1983,0,0,0,0,0,0,0,0,0,0
350258,2,1,1983,0,0,0,0,0,0,0,0,0,0
350259,1,1,1983,0,0,0,0,0,0,0,0,0,0
350260,1,1,1983,7,21,23,20,23,37,7,11,19,4
350261,1,1,1983,0,0,0,0,0,0,0,0,0,0
350261,2,1,1983,0,0,0,0,0,0,0,0,0,0
350262,1,1,1983,0,0,0,0,5,11,0,0,0,0
350263,1,1,1983,15,20,8,7,13,26,15,17,8,14
350264,1,1,1983,0,15,23,8,0,12,0,0,5,0
350265,1,1,1983,24,21,35,15,14,17,20,11,19,22
350266,1,1,1983,0,0,0,25,0,6,17,0,0,0
350267,1,1,1983,11,45,0,8,17,7,14,30,16,3
350268,1,1,1983,20,20,20,20,20,20,20,20,20,20
350268,2,1,1983,15,0,9,0,0,0,3,20,0,0
350269,1,1,1983,20,0,26,20,21,12,8,13,4,15
350270,0,1,1983,0,9,0,0,19,0,0,0,0,0
350270,0,2,1983,5,0,0,0,0,6,0,12,0,0
350270,1,1,1983,30,0,11,13,10,7,3,23,11,21
350271,1,1,1983,24,0,0,0,0,0,0,0,0,14
350271,2,1,1983,0,0,0,0,0,0,0,0,0,0
350272,1,1,1983,21,12,13,5,13,0,8,9,5,13
350272,2,1,1983,17,26,19,13,6,18,23,25,13,18
350273,1,1,1983,0,0,0,21,0,0,0,0,0,0
350273,2,1,1983,0,0,0,0,0,0,0,0,0,0
350274,0,1,1983,28,37,16,0,19,14,32,30,33,7
350274,1,1,1983,27,0,0,0,0,0,0,0,33,0
350275,1,1,1983,14,10,17,9,16,11,5,12,6,25
350276,1,1,1983,0,0,0,0,10,0,0,0,0,0
350277,0,1,1983,0,0,24,23,0,0,0,26,0,11
350277,1,1,1983,14,8,23,8,20,41,11,14,8,19
350278,1,1,1983,8,0,15,8,0,0,0,10,0,0
350279,1,1,1983,24,17,0,25,21,0,0,32,19,12
350279,2,1,1983,0,0,0,0,0,0,0,0,0,0
350280,0,1,1983,14,0,0,24,13,0,0,6,0,0
350280,1,1,1983,18,33,5,5,13,20,16,23,10,17
350281,0,1,1983,27,27,27,27,27,27,27,27,27,27
350281,1,1,1983,0,0,0,0,0,21,0,0,0,0
350282,1,1,1983,18,18,18,18,18,18,18,18,18,18
350282,2,1,1983,4,4,4,4,4,4,4,4,4,4
350283,1,1,1983,19,19,19,19,19,19,19,19,19,19
350284,1,1,1983,24,24,24,24,24,24,24,24,24,24
350285,1,1,1983,0,0,0,0,0,0,0,0,0,0
350285,2,1,1983,0,0,0,0,0,0,0,0,0,0
350286,1,1,1983,0,0,0,0,0,0,0,0,0,0
350287,1,1,1983,0,0,0,0,0,0,0,0,0,0
350287,2,1,1983,0,0,0,0,0,0,0,17,0,21
350288,1,1,1983,13,13,13,13,13,13,13,13,13,13
350289,0,1,1983,17,17,17,17,17,17,17,17,17,17
350289,1,1,1983,0,0,0,0,0,6,0,0,0,0
350290,0,1,1983,0,0,0,0,0,0,0,0,0,0
350290,1,1,1983,39,14,0,24,8,14,0,10,12,15
350292,1,1,1983,9,18,26,15,13,0,12,19,20,28
350293,1,1,1983,3,0,25,0,7,29,10,22,15,11
350294,1,1,1983,0,0,0,0,0,0,0,0,0,0
350294,2,1,1983,0,0,0,0,0,0,0,0,13,0
350295,1,1,1983,21,0,0,0,0,0,0,0,16,0
350295,2,1,1983,0,0,0,0,0,0,0,0,0,0
350296,1,1,1983,0,19,13,0,9,0,0,0,9,19
350297,0,1,1983,19,19,19,19,19,19,19,19,19,19
350297,1,1,1983,0,6,0,0,15,0,8,10,28,0
350298,1,1,1983,0,0,0,0,0,0,0,0,0,0
350299,1,1,1983,11,11,11,11,11,11,11,11,11,11
350300,1,1,1983,12,14,19,11,10,6,14,7,22,20
350301,1,1,1983,28,12,0,20,9,0,12,17,22,14
350302,1,1,1983,28,28,28,28,28,28,28,28,28,28
350303,1,1,1983,16,0,0,22,15,11,6,8,11,24
350304,1,1,1983,0,0,0,0,0,0,0,0,0,0
350304,2,1,1983,0,0,0,0,0,0,0,0,0,0
350305,0,1,1983,14,14,14,14,14,14,14,14,14,14
350305,1,1,1983,5,0,0,18,0,0,0,0,0,0
350306,1,1,1983,0,0,0,0,0,0,0,0,0,0
350307,1,1,1983,32,15,27,17,28,11,10,19,11,13
350308,1,1,1983,0,0,0,0,0,0,0,0,0,0
350308,2,1,1983,0,0,0,0,0,0,0,0,0,12
350309,1,1,1983,0,0,0,0,0,0,0,0,0,0
350309,2,1,1983,0,0,0,0,0,0,0,0,0,0
350310,1,1,1983,0,0,0,0,0,0,0,0,0,0
350310,2,1,1983,0,0,0,0,0,0,0,0,0,0
350311,0,1,1983,15,0,15,18,11,25,33,24,11,18
350311,1,1,1983,0,0,0,0,0,0,0,0,0,0
350312,1,1,1983,16,16,16,16,16,16,16,16,16,16
350313,0,1,1983,19,19,19,19,19,19,19,19,19,19
350313,1,1,1983,11,0,20,16,8,23,16,14,14,25
350314,0,1,1983,21,14,13,21,26,16,12,8,21,29
350314,1,1,1983,0,0,0,0,0,0,0,0,0,0
350315,1,1,1983,0,0,0,0,0,0,0,0,0,0
350316,1,1,1983,28,17,13,0,8,9,11,7,29,35
350317,1,1,1983,16,4,5,19,18,23,12,23,23,26
350318,1,1,1983,13,14,22,27,25,15,9,27,19,10
350319,1,1,1983,20,20,20,20,20,20,20,20,20,20
350320,1,1,1983,0,0,0,0,0,0,0,0,0,0
350321,0,1,1983,19,0,8,0,29,0,0,15,29,13
350321,1,1,1983,0,0,0,0,0,0,0,0,0,0
350322,1,1,1983,18,12,0,0,11,8,4,12,7,14
350322,2,1,1983,0,0,0,0,0,0,0,0,0,0
350323,0,1,1983,0,0,13,0,0,15,0,0,20,0
350323,1,1,1983,0,21,0,0,0,0,0,0,0,0
350324,0,1,1983,0,0,0,0,0,0,0,0,0,0
350324,1,1,1983,0,0,0,0,12,0,0,0,0,0
350325,0,1,1983,0,0,0,0,0,0,0,0,0,0
350325,1,1,1983,2,0,0,4,0,28,0,0,5,0
350326,1,1,1983,0,0,0,8,14,0,8,18,0,22
350327,0,1,1983,0,0,0,0,0,0,0,0,0,0
350327,1,1,1983,0,0,0,0,0,0,0,0,0,0
350328,0,1,1983,41,41,41,41,41,41,41,41,41,41
350328,1,1,1983,10,10,10,10,10,10,10,10,10,10
350329,0,1,1983,23,23,23,23,23,23,23,23,23,23
350329,1,1,1983,0,0,26,0,0,0,0,0,8,10
350330,1,1,1983,13,23,19,8,15,4,19,12,18,19
350331,1,1,1983,0,0,0,0,0,0,0,0,0,0
350332,1,1,1983,13,13,13,13,13,13,13,13,13,13
350333,1,1,1983,1,1,1,1,1,1,1,1,1,1
350334,1,1,1983,13,16,7,17,30,10,10,22,14,22
350335,0,1,1983,0,0,0,0,0,0,0,0,0,0
350335,1,1,1983,0,0,0,0,0,0,0,0,0,0
350336,1,1,1983,0,0,0,0,0,0,0,0,14,0
350337,1,1,1983,0,0,0,0,0,0,0,0,0,0
350338,1,1,1983,0,0,0,0,0,0,0,0,0,0
350338,2,1,1983,26,26,26,26,26,26,26,26,26,26
350339,0,1,1983,0,0,0,0,0,0,0,0,0,0
350339,1,1,1983,0,0,0,0,0,0,0,0,0,0
350340,0,1,1983,30,30,30,30,30,30,30,30,30,30
350340,1,1,1983,0,0,0,11,0,0,0,0,0,0
350341,1,1,1983,21,21,21,21,21,21,21,21,21,21
350342,1,1,1983,0,0,0,0,0,0,0,0,0,0
350342,2,1,1983,2,2,2,2,2,2,2,2,2,2
350343,1,1,1983,0,0,0,0,0,0,0,0,0,0
350344,1,1,1983,10,15,12,32,6,0,8,21,34,5
350345,0,1,1983,38,38,38,38,38,38,38,38,38,38
350345,1,1,1983,19,26,14,8,20,15,3,15,0,6
350346,0,1,1983,0,0,0,0,0,0,0,0,0,0
350346,1,1,1983,0,0,0,0,0,0,0,0,0,0
350347,1,1,1983,24,11,22,9,8,12,12,27,23,0
350348,1,1,1983,0,0,0,0,0,0,0,0,0,0
350348,2,1,1983,0,0,0,0,0,0,0,0,0,0
350349,1,1,1983,9,16,16,31,16,11,3,22,10,24
350350,1,1,1983,28,28,28,28,28,28,28,28,28,28
350351,1,1,1983,14,14,14,14,14,14,14,14,14,14
350352,1,1,1983,21,21,21,21,21,21,21,21,21,21
350353,0,1,1983,20,20,20,20,20,20,20,20,20,20
350353,1,1,1983,9,14,0,22,16,0,26,0,0,4
350354,1,1,1983,28,28,28,28,28,28,28,28,28,28
350355,1,1,1983,0,13,0,0,0,0,0,0,0,11
350356,1,1,1983,0,17,15,29,0,25,0,0,0,14
350357,0,1,1983,31,31,31,31,31,31,31,31,31,31
350357,1,1,1983,0,0,0,22,7,0,0,0,17,18
350358,1,1,1983,14,0,19,0,17,6,14,19,9,13
350358,2,1,1983,0,0,0,0,0,0,0,0,0,0
350359,0,1,1983,11,11,11,11,11,11,11,11,11,11
350359,1,1,1983,27,10,15,24,12,24,12,0,23,18
350360,1,1,1983,0,0,0,0,0,0,0,0,0,0
350361,0,1,1983,10,10,10,10,10,10,10,10,10,10
350361,1,1,1983,0,0,0,0,0,0,0,0,0,0
350362,0,1,1983,0,0,0,0,0,0,0,0,0,0
350362,1,1,1983,0,0,0,0,0,0,0,0,13,0
350363,0,1,1983,28,28,28,28,28,28,28,28,28,28
350363,1,1,1983,0,0,0,0,0,0,0,0,0,11
350364,0,1,1983,36,36,36,36,36,36,36,36,36,36
350364,1,1,1983,0,0,0,0,0,0,0,0,0,0
350365,1,1,1983,13,18,13,19,20,24,10,19,14,9
350367,1,1,1983,8,8,8,8,8,8,8,8,8,8
350369,1,1,1983,16,16,16,16,16,16,16,16,16,16
350369,2,1,1983,0,0,0,0,0,0,0,0,0,0
350370,0,1,1983,0,0,0,0,0,0,0,0,0,0
350370,1,1,1983,0,0,0,0,0,0,0,0,0,0
350371,1,1,1983,0,0,0,0,0,0,0,0,0,0
350372,1,1,1983,0,0,0,0,0,0,0,0,0,0
350373,1,1,1983,2,0,0,0,0,0,6,8,0,0
350373,2,1,1983,23,23,23,23,23,23,23,23,23,23
350374,1,1,1983,24,24,24,24,24,24,24,24,24,24
350375,0,1,1983,19,0,15,0,0,31,0,0,0,17
350375,1,1,1983,0,0,0,0,0,0,12,0,0,0
350376,1,1,1983,0,0,20,0,16,19,20,0,14,0
350377,1,1,1983,0,0,0,0,0,0,0,0,4,0
350377,2,1,1983,0,0,0,0,0,0,0,0,0,0
350378,0,1,1983,0,0,0,0,0,0,0,0,0,0
350378,1,1,1983,0,0,12,0,0,0,0,0,0,0
350379,0,1,1983,19,19,19,19,19,19,19,19,19,19
350379,1,1,1983,0,0,0,0,0,0,0,0,0,0
350380,0,1,1983,39,18,18,3,27,26,14,6,7,0
350380,1,1,1983,0,0,0,0,0,0,0,0,0,0
350381,1,1,1983,0,0,0,0,0,0,0,0,0,0
350381,2,1,1983,0,0,0,0,0,0,0,0,0,0
350382,0,1,1983,10,10,10,10,10,10,10,10,10,10
350382,1,1,1983,0,0,0,0,27,0,0,0,30,0
350383,1,1,1983,0,0,0,0,0,0,0,0,0,0
350383,2,1,1983,0,0,0,0,0,0,0,0,0,0
350384,0,1,1983,0,33,19,12,0,0,20,26,0,41
350384,1,1,1983,0,10,0,0,0,0,0,0,0,0
350385,1,1,1983,0,0,0,0,0,0,0,0,0,0
350385,2,1,1983,0,0,0,0,0,0,0,0,0,0
350386,1,1,1983,18,18,18,18,18,18,18,18,18,18
350387,1,1,1983,21,21,21,21,21,21,21,21,21,21
350387,2,1,1983,0,0,0,0,0,0,0,0,0,0
350388,1,1,1983,0,0,0,0,0,0,0,0,0,0
350389,1,1,1983,20,23,41,6,13,27,6,17,5,31
350390,1,1,1983,0,0,0,0,0,0,0,0,0,0
350390,2,1,1983,0,0,0,0,0,0,0,0,0,0
350391,1,1,1983,19,30,31,16,6,12,16,18,12,24
350391,2,1,1983,0,0,0,0,0,0,0,0,0,0
350392,1,1,1983,5,5,5,5,5,5,5,5,5,5
350393,0,1,1983,23,23,23,23,23,23,23,23,23,23
350393,1,1,1983,0,0,0,0,0,0,0,0,0,0
350394,0,1,1983,0,0,0,0,17,0,0,34,0,0
350394,1,1,1983,14,0,0,0,0,0,0,0,0,0
350395,0,1,1983,27,27,27,27,27,27,27,27,27,27
350395,1,1,1983,0,0,0,0,0,0,0,0,0,0
350396,1,1,1983,0,0,0,0,0,0,0,13,0,0
350396,2,1,1983,0,0,0,0,0,0,0,0,0,0
350396,3,1,1983,0,15,11,0,0,0,0,0,0,0
350397,1,1,1983,0,0,0,0,0,0,0,0,0,0
350398,1,1,1983,0,0,0,0,0,0,0,0,0,0
350398,2,1,1983,0,0,0,0,0,0,0,0,0,0
350399,0,1,1983,0,0,0,0,0,0,0,0,0,0
350399,1,1,1983,0,0,0,0,0,0,0,0,0,0
350400,1,1,1983,12,28,19,17,0,7,13,18,16,20
350401,1,1,1983,0,0,0,0,0,0,0,0,0,0
350402,1,1,1983,0,0,0,0,0,0,0,0,0,0
350402,2,1,1983,21,30,10,24,6,7,18,14,26,14
350403,1,1,1983,0,0,0,0,0,0,0,0,0,0
350403,2,1,1983,0,0,0,0,0,0,22,0,0,0
350404,1,1,1983,0,0,0,0,0,0,0,0,0,0
350404,2,1,1983,29,29,29,29,29,29,29,29,29,29
350405,1,1,1983,12,12,12,12,12,12,12,12,12,12
350406,1,1,1983,15,16,26,20,23,13,7,21,18,16
350407,0,1,1983,26,26,26,26,26,26,26,26,26,26
350407,1,1,1983,0,0,0,0,0,0,0,0,0,0
350408,1,1,1983,15,15,15,15,15,15,15,15,15,15
350409,1,1,1983,0,0,0,0,0,0,0,0,0,0
350410,1,1,1983,9,9,9,9,9,9,9,9,9,9
350410,2,1,1983,6,15,21,13,23,31,17,6,21,18
350411,1,1,1983,20,20,20,20,20,20,20,20,20,20
350412,0,1,1983,25,25,25,25,25,25,25,25,25,25
350412,1,1,1983,28,15,7,9,0,14,22,5,9,0
350413,1,1,1983,0,0,0,0,0,0,0,0,0,0
350414,1,1,1983,0,0,0,0,0,0,0,0,0,0
350414,2,1,1983,3,3,3,3,3,3,3,3,3,3
350415,1,1,1983,17,17,17,17,17,17,17,17,17,17
350416,1,1,1983,0,0,0,0,0,0,0,0,0,0
350417,1,1,1983,11,11,11,11,11,11,11,11,11,11
350418,0,1,1983,19,33,0,26,19,18,6,12,26,0
350418,1,1,1983,16,11,16,5,28,7,12,8,13,11
350419,1,1,1983,9,0,0,10,15,16,16,26,15,15
350419,2,1,1983,0,0,0,0,0,0,0,0,0,0
350420,0,1,1983,37,37,37,37,37,37,37,37,37,37
350420,1,1,1983,0,0,0,0,0,0,0,0,0,0
350421,1,1,1983,27,27,27,27,27,27,27,27,27,27
350422,0,1,1983,22,22,22,22,22,22,22,22,22,22
350422,1,1,1983,0,0,0,0,0,0,0,0,23,0
350423,1,1,1983,0,0,0,0,0,0,0,0,0,0
350423,2,1,1983,0,0,0,4,0,17,0,0,11,0
350424,1,1,1983,25,25,25,25,25,25,25,25,25,25
350424,2,1,1983,0,0,0,0,0,0,0,0,0,0
350425,1,1,1983,28,28,28,28,28,28,28,28,28,28
350426,1,1,1983,14,0,0,0,0,17,0,0,0,0
350427,1,1,1983,1,1,1,1,1,1,1,1,1,1
350427,2,1,1983,0,0,0,0,0,0,0,0,0,20
350428,1,1,1983,6,6,6,6,6,6,6,6,6,6
350429,1,1,1983,27,27,27,27,27,27,27,27,27,27
350430,1,1,1983,32,32,32,32,32,32,32,32,32,32
350431,0,1,1983,0,0,0,0,0,0,0,0,0,0
350431,1,1,1983,0,0,0,0,0,0,0,0,0,0
350432,1,1,1983,2,2,2,2,2,2,2,2,2,2
350433,1,1,1983,7,4,23,24,30,0,0,31,22,18
350434,1,1,1983,0,0,0,0,0,0,0,0,0,0
350434,2,1,1983,16,0,0,0,0,8,0,0,15,5
350435,1,1,1983,12,12,12,12,12,12,12,12,12,12
350436,1,1,1983,22,14,0,25,13,7,13,9,15,9
350437,1,1,1983,0,0,0,0,0,0,0,20,0,0
350437,2,1,1983,0,0,0,0,0,0,0,0,0,0
350438,1,1,1983,0,9,0,0,0,12,0,0,11,0
350439,1,1,1983,0,0,0,0,0,0,0,0,0,0
350439,2,1,1983,0,0,0,0,0,0,0,0,0,0
350440,0,1,1983,13,13,13,13,13,13,13,13,13,13
350440,1,1,1983,0,0,0,0,0,0,0,0,0,0
350441,1,1,1983,14,17,0,22,19,12,18,5,8,23
350441,2,1,1983,0,4,0,10,0,21,4,11,21,16
350442,0,1,1983,45,45,45,45,45,45,45,45,45,45
350442,1,1,1983,0,0,0,0,0,0,0,0,0,0
350443,1,1,1983,29,29,29,29,29,29,29,29,29,29
350444,0,1,1983,26,26,26,26,26,26,26,26,26,26
350444,1,1,1983,0,28,0,0,26,20,14,8,20,2
350445,0,1,1983,35,35,35,35,35,35,35,35,35,35
350445,1,1,1983,0,0,0,0,0,0,0,0,0,0
350446,0,1,1983,16,16,16,16,16,16,16,16,16,16
350446,1,1,1983,0,0,0,0,0,0,0,0,0,0
350447,1,1,1983,9,9,9,9,9,9,9,9,9,9
350448,1,1,1983,0,0,0,0,0,0,0,0,0,0
350448,2,1,1983,0,0,0,0,18,0,0,0,0,0
350449,1,1,1983,0,0,0,0,0,0,0,0,0,0
350449,2,1,1983,0,0,0,0,0,0,0,0,0,0
350450,1,1,1983,16,16,22,4,19,23,21,0,32,18
350451,1,1,1983,0,0,0,0,0,0,0,0,0,0
350451,2,1,1983,0,0,0,0,0,0,0,0,0,0
350452,0,1,1983,30,30,30,30,30,30,30,30,30,30
350452,1,1,1983,0,0,0,0,0,0,0,0,0,0
350452,2,1,1983,0,16,0,25,0,0,0,10,0,22
350453,0,1,1983,0,0,0,0,0,0,0,0,0,0
350453,1,1,1983,0,0,0,0,0,0,0,0,0,0
350454,0,1,1983,28,28,28,28,28,28,28,28,28,28
350454,1,1,1983,20,34,10,19,0,12,29,8,15,0
350455,1,1,1983,14,33,25,0,21,32,47,12,21,14
350455,2,1,1983,0,15,8,11,0,0,0,0,19,0
350456,1,1,1983,21,21,21,21,21,21,21,21,21,21
350457,1,1,1983,0,0,0,20,0,21,10,0,11,12
350458,0,1,1983,0,0,0,0,0,0,0,0,0,0
350458,1,1,1983,0,0,0,0,0,0,0,0,0,0
350459,1,1,1983,0,0,0,0,0,0,0,0,0,0
350460,1,1,1983,0,0,0,0,0,0,0,0,0,0
350461,1,1,1983,7,14,10,20,11,19,24,20,17,11
350462,1,1,1983,30,30,30,30,30,30,30,30,30,30
350463,0,1,1983,0,0,0,0,0,0,0,0,0,0
350463,1,1,1983,0,0,36,11,19,0,18,0,0,0