ST_CASE,VEH_NO,PER_NO,YEAR,P1,P2,P3,P4,P5,P6,P7,P8,P9,P10
350463,2,1,1983,0,0,0,0,0,0,0,0,0,0
350463,3,1,1983,0,0,23,0,0,0,20,0,0,0
350464,1,1,1983,0,0,0,0,8,35,0,0,12,2
350465,0,1,1983,26,26,26,26,26,26,26,26,26,26
350465,1,1,1983,22,5,7,5,10,12,5,14,0,4
350466,1,1,1983,25,27,14,18,20,15,5,12,5,20
350466,2,1,1983,0,0,0,0,0,0,0,0,0,0
350466,3,1,1983,20,0,0,13,9,0,10,0,21,0
350467,0,1,1983,0,0,0,0,0,0,0,0,0,0
350467,1,1,1983,0,0,20,0,0,0,0,0,0,0
350467,2,1,1983,0,0,0,0,0,0,0,0,0,0
350468,0,1,1983,21,21,21,21,21,21,21,21,21,21
350468,1,1,1983,0,20,0,0,0,0,0,0,0,0
350469,1,1,1983,0,0,0,0,0,0,0,0,0,0
350470,0,1,1983,0,0,0,0,0,0,0,0,0,0
350470,1,1,1983,0,10,0,0,0,0,0,0,4,0
350471,0,1,1983,0,0,0,0,0,0,0,0,0,0
350471,1,1,1983,0,0,19,17,0,0,13,12,20,0
350472,1,1,1983,0,0,0,0,0,0,0,0,0,0
350472,2,1,1983,0,0,0,0,0,0,0,0,0,0
350472,3,1,1983,0,0,0,0,0,0,0,0,0,0
350472,4,1,1983,0,0,0,0,0,0,0,0,0,0
350472,5,1,1983,0,0,0,0,0,0,0,0,0,0
350472,6,1,1983,0,0,0,0,0,0,0,0,0,0
350472,7,1,1983,0,0,0,0,0,0,4,0,0,0
350472,8,1,1983,0,0,0,0,0,0,0,0,0,0
350472,9,1,1983,0,0,0,0,0,0,0,0,0,0
350473,1,1,1983,12,8,13,18,9,22,21,17,6,15
350473,2,1,1983,23,10,0,9,17,8,18,17,5,28
350474,1,1,1983,0,0,0,20,0,0,0,0,0,0
350474,2,1,1983,0,0,0,0,0,0,0,0,0,0
360001,1,1,1983,26,26,26,26,26,26,26,26,26,26
360002,1,1,1983,15,15,15,15,15,15,15,15,15,15
360002,2,1,1983,28,0,0,0,24,0,0,0,0,0
360003,1,1,1983,22,22,22,22,22,22,22,22,22,22
360004,1,1,1983,0,0,0,0,0,0,0,0,0,0
360004,2,1,1983,0,0,0,0,0,0,0,0,0,0
360005,0,1,1983,0,0,0,0,0,0,0,0,0,11
360005,1,1,1983,0,0,0,0,0,0,0,0,0,0
360006,0,1,1983,0,0,0,0,0,0,0,0,0,0
360006,0,2,1983,0,0,0,0,0,0,0,0,0,0
360006,1,1,1983,0,0,0,0,0,0,0,0,0,0
360007,1,1,1983,0,0,0,0,0,0,0,0,0,0
360008,0,1,1983,22,22,22,22,22,22,22,22,22,22
360008,1,1,1983,29,0,0,4,0,0,0,0,10,0
360009,1,1,1983,0,0,0,3,0,0,0,0,0,0
360009,2,1,1983,27,11,21,18,0,0,0,0,8,0
360010,0,1,1983,0,0,0,0,0,0,0,0,0,0
360010,1,1,1983,0,0,0,0,0,0,0,0,12,0
360011,1,1,1983,0,0,0,0,0,0,0,0,0,0
360011,2,1,1983,0,0,0,0,0,0,0,0,0,0
360012,1,1,1983,0,0,6,0,0,0,0,0,0,0
360012,2,1,1983,17,0,0,0,0,0,0,0,0,12
360012,3,1,1983,0,0,0,0,0,0,0,0,0,0
360013,0,1,1983,0,0,0,0,0,0,0,0,0,0
360013,1,1,1983,0,0,0,0,0,0,0,0,0,0
360014,1,1,1983,0,0,0,0,0,0,0,0,0,0
360015,1,1,1983,1,1,1,1,1,1,1,1,1,1
360015,2,1,1983,18,18,18,18,18,18,18,18,18,18
360016,1,1,1983,0,0,0,0,0,0,0,0,0,0
360016,2,1,1983,0,0,0,0,0,0,0,0,0,0
360017,1,1,1983,0,0,0,0,0,0,0,0,0,0
360017,2,1,1983,0,0,0,0,0,0,0,0,0,0
360018,0,1,1983,0,0,0,0,0,0,0,0,0,14
360018,1,1,1983,0,0,0,0,0,0,0,0,13,0
360019,1,1,1983,0,0,0,0,0,0,0,0,0,0
360020,0,1,1983,0,0,0,14,0,30,0,0,0,0
360020,1,1,1983,0,0,0,0,0,0,0,0,0,0
360021,1,1,1983,17,17,17,17,17,17,17,17,17,17
360022,1,1,1983,0,0,0,0,0,0,0,0,0,0
360023,0,1,1983,0,0,0,0,0,0,0,0,0,0
360023,1,1,1983,15,0,0,0,0,0,0,0,20,0
360024,0,1,1983,8,29,18,0,0,0,15,0,0,32
360024,0,2,1983,0,0,0,9,0,0,0,0,25,0
360024,1,1,1983,0,0,17,0,0,0,0,0,0,0
360025,1,1,1983,0,0,0,0,0,0,0,0,0,0
360026,1,1,1983,0,0,0,0,0,0,0,0,0,0
360026,2,1,1983,0,0,0,3,0,0,0,0,0,0
360027,0,1,1983,21,0,0,0,41,0,24,0,27,10
360027,1,1,1983,0,0,0,0,0,0,13,10,0,0
360028,1,1,1983,0,0,0,0,0,0,0,0,0,0
360028,2,1,1983,0,0,0,0,0,0,0,0,0,0
360029,0,1,1983,26,26,26,26,26,26,26,26,26,26
360029,1,1,1983,0,0,0,0,0,0,0,0,0,0
360030,0,1,1983,0,0,0,0,0,0,0,0,0,0
360030,1,1,1983,0,0,0,0,0,0,0,0,0,0
360031,0,1,1983,0,0,0,0,0,0,0,0,0,0
360031,1,1,1983,24,15,15,11,22,10,11,7,21,15
360032,1,1,1983,23,5,12,23,14,5,7,13,0,14
360033,1,1,1983,0,0,0,0,0,0,0,0,0,0
360034,1,1,1983,20,20,20,20,20,20,20,20,20,20
360035,1,1,1983,15,15,15,15,15,15,15,15,15,15
360036,1,1,1983,0,0,0,0,0,0,0,0,0,0
360036,2,1,1983,0,0,0,0,0,0,0,0,0,0
360037,0,1,1983,0,0,0,0,0,0,0,0,0,0
360037,1,1,1983,0,0,0,0,0,0,0,0,17,0
360038,0,1,1983,0,0,0,0,0,0,0,0,0,0
360038,1,1,1983,0,0,0,0,0,0,0,0,0,0
360039,1,1,1983,0,0,0,0,0,0,0,0,0,0
360039,2,1,1983,0,0,0,0,0,0,0,0,0,0
360040,0,1,1983,0,0,0,0,0,0,0,0,0,0
360040,1,1,1983,0,0,0,22,0,0,0,0,0,0
360041,1,1,1983,0,0,0,0,0,0,0,0,0,0
360042,1,1,1983,0,0,0,0,0,0,0,0,0,0
360043,1,1,1983,0,0,0,0,0,0,0,0,0,0
360044,1,1,1983,0,0,0,0,0,0,0,0,0,0
360045,1,1,1983,15,32,20,24,9,19,13,12,8,12
360045,2,1,1983,0,0,0,0,0,0,0,0,0,0
360046,1,1,1983,0,0,18,11,9,13,15,0,18,36
360047,1,1,1983,0,0,0,0,0,0,0,0,0,0
360047,2,1,1983,0,0,0,0,0,0,0,0,0,0
360048,0,1,1983,0,0,0,0,0,0,0,0,0,0
360048,1,1,1983,0,0,0,0,0,0,0,0,0,0
360049,0,1,1983,0,0,0,0,0,0,0,0,0,0
360049,1,1,1983,0,0,0,0,0,0,0,0,0,0
360050,1,1,1983,37,16,16,23,22,18,23,24,17,17
360051,1,1,1983,15,15,15,15,15,15,15,15,15,15
360052,1,1,1983,18,18,18,18,18,18,18,18,18,18
360053,1,1,1983,13,13,13,13,13,13,13,13,13,13
360054,0,1,1983,0,0,0,0,0,0,0,0,0,0
360054,1,1,1983,15,7,0,11,9,22,11,17,18,14
360055,1,1,1983,0,6,28,0,0,3,0,0,0,0
360056,1,1,1983,24,16,12,18,9,27,18,9,2,8
360057,0,1,1983,0,0,0,0,0,0,0,0,0,0
360057,1,1,1983,0,0,0,0,0,0,0,0,0,0
360058,1,1,1983,9,4,36,24,15,26,10,10,25,7
360059,1,1,1983,0,0,0,0,0,0,0,0,0,0
360060,1,1,1983,12,12,12,12,12,12,12,12,12,12
360060,2,1,1983,0,0,12,0,0,0,0,0,0,0
360060,3,1,1983,0,0,0,0,0,0,0,0,0,0
360061,0,1,1983,0,0,0,0,0,0,0,0,0,0
360061,1,1,1983,0,14,0,0,0,0,0,0,0,0
360062,0,1,1983,0,0,0,0,0,0,0,0,0,0
360062,0,2,1983,0,0,0,0,0,0,0,0,0,0
360062,1,1,1983,0,0,0,0,0,0,0,0,0,0
360063,1,1,1983,0,0,0,0,0,0,0,0,0,0
360064,0,1,1983,0,0,0,0,0,0,0,0,0,0
360064,1,1,1983,0,0,0,12,0,0,0,0,0,0
360065,1,1,1983,0,0,0,0,0,0,0,0,0,0
360065,2,1,1983,0,0,0,0,18,0,0,0,0,0
360065,3,1,1983,0,0,0,0,0,0,0,0,0,0
360066,0,1,1983,6,6,6,6,6,6,6,6,6,6
360066,1,1,1983,0,0,0,0,0,0,0,0,6,0
360067,0,1,1983,15,15,15,15,15,15,15,15,15,15
360067,1,1,1983,0,0,0,0,0,0,0,0,0,15
360068,1,1,1983,11,11,11,11,11,11,11,11,11,11
360069,0,1,1983,0,0,0,0,21,0,0,19,18,21
360069,1,1,1983,0,0,0,0,0,23,0,0,19,0
360070,1,1,1983,0,0,0,0,0,0,0,0,0,0
360071,1,1,1983,0,18,0,0,0,0,0,16,9,0
360071,2,1,1983,17,0,0,0,0,0,0,13,5,0
360072,0,1,1983,0,0,0,0,0,0,0,0,0,0
360072,1,1,1983,0,0,0,0,0,0,0,0,0,0
360073,0,1,1983,0,27,43,0,28,22,20,19,31,8
360073,1,1,1983,0,0,0,0,0,0,24,0,7,0
360074,1,1,1983,15,15,15,15,15,15,15,15,15,15
360075,1,1,1983,23,11,16,21,14,27,8,17,36,20
360075,2,1,1983,0,0,0,0,0,0,0,0,0,0
360076,1,1,1983,0,0,0,0,0,0,0,0,0,0
360076,2,1,1983,0,0,0,0,0,0,0,0,0,0
360077,1,1,1983,12,12,12,12,12,12,12,12,12,12
360077,2,1,1983,0,0,0,0,0,14,25,0,0,0
360078,0,1,1983,0,0,0,0,0,0,0,0,0,0
360078,1,1,1983,0,0,9,8,8,12,16,0,20,9
360079,1,1,1983,0,0,0,0,0,0,0,0,0,0
360080,1,1,1983,23,24,12,23,6,16,9,9,11,20
360081,1,1,1983,0,0,0,0,0,0,0,0,0,0
360081,2,1,1983,0,11,12,0,36,0,0,0,0,0
360081,3,1,1983,0,0,0,0,0,0,0,0,0,0
360081,4,1,1983,0,0,0,0,0,0,0,0,0,0
360081,5,1,1983,0,0,0,0,12,0,20,0,0,0
360081,6,1,1983,0,0,0,0,0,0,0,0,0,0
360081,7,1,1983,0,0,0,0,0,0,0,0,0,0
360082,0,1,1983,0,0,9,20,0,0,0,0,0,0
360082,1,1,1983,0,0,0,0,0,0,0,0,0,0
360083,0,1,1983,0,0,0,0,0,0,0,0,0,0
360083,1,1,1983,0,0,0,0,0,0,0,0,0,0
360084,0,1,1983,0,0,0,0,0,0,0,0,0,0
360084,1,1,1983,0,0,0,0,0,0,0,0,0,0
360085,1,1,1983,18,18,18,18,18,18,18,18,18,18
360086,1,1,1983,0,0,0,0,0,0,0,0,0,0
360086,2,1,1983,0,0,0,0,0,0,0,0,0,0
360086,3,1,1983,0,0,0,0,0,0,0,0,0,0
360087,0,1,1983,7,9,0,0,0,0,12,0,0,0
360087,1,1,1983,0,0,0,15,0,0,0,7,0,0
360088,1,1,1983,25,25,25,25,25,25,25,25,25,25
360089,1,1,1983,0,0,0,0,0,0,0,0,0,0
360089,2,1,1983,20,20,20,20,20,20,20,20,20,20
360090,1,1,1983,14,14,14,14,14,14,14,14,14,14
360091,1,1,1983,0,0,0,0,0,0,0,0,0,0
360092,0,1,1983,0,0,0,0,0,0,0,0,0,0
360092,1,1,1983,0,0,0,0,0,0,0,0,0,0
360093,0,1,1983,27,27,27,27,27,27,27,27,27,27
360093,1,1,1983,0,11,0,0,0,0,0,0,0,0
360094,1,1,1983,15,15,15,15,15,15,15,15,15,15
360095,1,1,1983,0,0,0,0,0,0,0,0,0,0
360095,2,1,1983,0,0,0,0,0,0,0,0,0,0
360096,1,1,1983,0,0,0,0,0,0,0,0,0,0
360097,1,1,1983,33,0,0,7,0,0,13,9,0,21
360098,0,1,1983,0,0,0,0,0,0,0,0,0,0
360098,1,1,1983,0,0,0,0,0,0,0,0,0,0
360099,0,1,1983,0,0,0,0,0,0,0,0,0,0
360099,1,1,1983,0,0,0,0,0,0,0,0,0,0
360100,1,1,1983,12,12,12,12,12,12,12,12,12,12
360101,1,1,1983,0,0,0,0,0,0,0,0,0,0
360101,2,1,1983,0,0,0,0,0,0,0,0,0,0
360102,0,1,1983,0,0,0,0,0,0,0,0,0,0
360102,1,1,1983,0,0,0,0,0,0,0,0,0,0
360103,0,1,1983,0,0,0,0,0,0,0,0,0,0
360103,1,1,1983,0,20,0,0,0,0,0,0,6,0
360104,1,1,1983,0,0,0,0,0,0,0,0,0,0
360104,2,1,1983,0,0,0,0,0,0,0,0,0,0
360104,3,1,1983,0,0,0,0,0,0,0,0,0,0
360105,0,1,1983,21,26,0,0,26,0,25,30,0,0
360105,1,1,1983,11,15,0,35,23,22,30,10,33,0
360106,1,1,1983,14,14,14,14,14,14,14,14,14,14
360107,1,1,1983,0,0,0,0,0,0,0,0,0,0
360107,2,1,1983,0,0,0,0,0,0,0,0,0,0
360108,1,1,1983,0,0,0,0,0,0,0,0,0,0
360109,1,1,1983,0,0,0,0,0,0,0,7,0,0
360109,2,1,1983,0,0,0,0,0,15,0,0,0,0
360110,1,1,1983,0,27,27,8,19,29,18,21,22,19
360110,2,1,1983,0,0,0,0,0,0,0,0,0,0
360111,1,1,1983,0,0,0,0,0,0,0,0,0,0
360112,1,1,1983,17,17,17,17,17,17,17,17,17,17
360112,2,1,1983,0,0,0,0,0,0,0,0,0,0
360113,0,1,1983,0,0,0,0,0,0,0,33,0,0
360113,1,1,1983,0,0,0,0,0,0,0,0,0,0
360114,1,1,1983,0,0,0,0,0,0,0,10,0,0
360114,2,1,1983,0,0,0,0,0,0,0,0,0,0
360115,1,1,1983,0,0,0,0,0,0,0,0,0,0
360115,2,1,1983,0,0,0,0,0,0,0,0,0,0
360117,1,1,1983,0,13,17,6,6,20,0,39,0,29
360118,1,1,1983,29,29,29,29,29,29,29,29,29,29
360119,1,1,1983,15,16,18,17,14,10,10,9,25,10
360120,1,1,1983,0,0,0,0,0,0,0,0,0,0
360122,1,1,1983,8,8,8,8,8,8,8,8,8,8
360122,2,1,1983,0,17,0,0,16,0,0,12,0,0
360123,1,1,1983,22,0,21,28,21,14,18,13,34,23
360124,1,1,1983,0,0,0,0,0,0,0,0,0,0
360125,1,1,1983,0,0,11,0,0,0,19,21,20,0
360126,0,1,1983,0,0,0,0,0,0,0,0,0,0
360126,1,1,1983,18,21,8,0,15,10,17,22,25,0
360127,1,1,1983,0,0,0,0,0,0,0,0,0,0
360127,2,1,1983,0,0,0,0,0,0,0,0,0,8
360128,0,1,1983,0,0,0,0,0,0,0,0,0,0
360128,1,1,1983,0,0,0,0,0,0,0,0,0,0
360129,0,1,1983,0,0,18,0,0,0,0,0,0,0
360129,1,1,1983,0,0,9,17,0,0,0,0,0,0
360130,0,1,1983,0,0,0,0,0,0,0,0,0,0
360130,1,1,1983,0,0,0,0,0,0,0,0,0,0
360131,0,1,1983,0,0,0,0,0,0,0,0,0,0
360131,1,1,1983,9,9,9,9,9,9,9,9,9,9
360132,0,1,1983,0,0,0,0,0,0,0,0,0,0
360132,1,1,1983,0,0,0,0,0,0,0,0,0,0
360133,1,1,1983,0,0,0,0,18,0,0,0,0,0
360134,1,1,1983,10,11,38,5,9,35,23,17,13,43
360135,1,1,1983,17,17,17,17,17,17,17,17,17,17
360136,1,1,1983,17,14,0,16,0,0,0,12,17,0
360137,1,1,1983,28,0,11,12,20,22,27,18,22,0
360138,1,1,1983,23,23,23,23,23,23,23,23,23,23
360139,1,1,1983,0,0,0,0,0,0,0,0,0,0
360140,0,1,1983,21,21,21,21,21,21,21,21,21,21
360140,1,1,1983,0,0,0,11,17,0,0,12,22,0
360141,1,1,1983,0,0,0,0,0,0,0,0,0,0
360141,2,1,1983,0,0,0,0,0,0,0,0,0,0
360142,0,1,1983,0,0,0,0,0,0,0,0,0,0
360142,1,1,1983,0,0,0,0,0,0,0,0,0,0
360143,1,1,1983,4,4,4,4,4,4,4,4,4,4
360144,1,1,1983,0,0,0,0,0,0,0,0,0,0
360144,2,1,1983,0,0,0,0,0,0,0,0,0,0
360145,1,1,1983,13,16,33,13,0,18,17,25,14,20
360145,2,1,1983,15,24,5,7,8,10,14,6,11,0
360146,1,1,1983,0,0,0,0,0,0,0,0,0,0
360146,2,1,1983,1,1,1,1,1,1,1,1,1,1
360147,1,1,1983,32,32,32,32,32,32,32,32,32,32
360148,1,1,1983,14,14,14,14,14,14,14,14,14,14
360148,2,1,1983,13,5,19,13,0,19,27,0,0,16
360149,1,1,1983,0,0,0,0,0,0,0,0,0,0
360149,2,1,1983,0,0,0,0,0,0,0,0,0,0
360150,0,1,1983,0,0,0,0,0,0,0,0,0,0
360150,1,1,1983,0,0,0,0,0,0,0,0,0,0
360151,0,1,1983,0,0,0,0,0,0,0,0,0,0
360151,1,1,1983,0,0,0,0,0,0,0,0,0,0
360152,0,1,1983,4,4,4,4,4,4,4,4,4,4
360152,1,1,1983,0,0,0,0,0,0,0,0,0,0
360154,1,1,1983,0,0,0,0,0,0,0,0,5,0
360154,2,1,1983,14,14,14,14,14,14,14,14,14,14
360155,1,1,1983,19,19,19,19,19,19,19,19,19,19
360156,0,1,1983,1,1,1,1,1,1,1,1,1,1
360156,1,1,1983,0,0,0,0,0,0,0,0,0,0
360157,1,1,1983,26,10,13,17,14,9,15,22,24,27
360158,1,1,1983,8,8,8,8,8,8,8,8,8,8
360159,0,1,1983,31,0,36,0,0,0,0,26,0,0
360159,1,1,1983,0,6,13,27,8,15,21,0,10,25
360160,0,1,1983,0,24,0,10,14,34,0,21,3,30
360160,1,1,1983,0,0,0,0,0,7,0,0,0,0
360161,0,1,1983,0,0,0,0,0,0,0,0,0,0
360161,1,1,1983,0,0,0,0,0,0,0,0,0,0
360162,0,1,1983,0,0,0,0,0,0,0,0,0,0
360162,1,1,1983,13,3,0,0,0,0,0,0,0,9
360163,0,1,1983,0,0,0,0,0,0,0,0,0,0
360163,1,1,1983,3,15,9,16,16,16,19,0,18,11
360164,1,1,1983,15,15,15,15,15,15,15,15,15,15
360165,1,1,1983,0,0,0,0,0,0,0,0,0,0
360165,2,1,1983,0,12,9,25,4,6,13,8,0,18
360166,1,1,1983,0,0,0,0,0,0,0,0,0,0
360166,2,1,1983,0,18,0,27,0,0,0,0,0,5
360166,3,1,1983,0,23,0,0,0,0,0,0,0,0
360167,0,1,1983,26,0,0,0,10,21,0,14,0,0
360167,1,1,1983,0,0,0,0,0,13,0,0,19,21
360167,2,1,1983,0,0,0,0,0,0,0,0,22,32
360167,3,1,1983,0,0,12,0,0,5,0,0,0,0
360168,1,1,1983,5,5,5,5,5,5,5,5,5,5
360169,1,1,1983,1,1,1,1,1,1,1,1,1,1
360169,2,1,1983,0,0,0,0,0,0,25,13,0,0
360170,0,1,1983,0,0,0,0,0,0,0,0,0,0
360170,1,1,1983,0,0,0,34,0,0,0,0,0,0
360171,1,1,1983,0,0,0,8,0,0,0,16,0,0
360171,2,1,1983,0,0,0,0,0,0,0,0,0,0
360172,0,1,1983,0,0,0,0,0,0,0,0,0,0
360172,1,1,1983,0,0,0,0,0,0,0,0,9,0
360173,1,1,1983,11,9,7,13,16,29,20,18,28,16
360173,2,1,1983,0,0,0,0,0,0,0,0,0,0
360174,0,1,1983,31,32,29,38,22,0,11,0,16,17
360174,0,2,1983,16,18,32,27,4,22,5,18,35,11
360174,0,3,1983,10,13,6,16,16,28,21,21,12,0
360174,1,1,1983,10,11,5,16,15,22,10,0,20,12
360174,3,1,1983,0,0,0,0,6,23,12,0,0,0
360175,1,1,1983,0,0,0,0,0,0,0,0,0,0
360176,0,1,1983,0,0,21,0,27,15,28,25,0,27
360176,1,1,1983,0,0,0,0,0,0,0,16,32,0
360177,1,1,1983,13,13,3,14,20,9,8,17,11,17
360178,1,1,1983,13,13,23,9,8,16,15,17,5,3
360179,1,1,1983,0,0,0,0,0,0,0,0,0,0
360179,2,1,1983,0,10,27,12,3,0,0,20,28,26
360180,0,1,1983,0,0,0,0,0,0,26,0,0,0
360180,1,1,1983,0,0,0,0,0,0,0,0,0,0
360180,2,1,1983,0,0,0,0,0,0,0,0,0,0
360180,3,1,1983,0,0,0,0,0,0,0,0,0,0
360181,1,1,1983,0,0,0,0,0,0,0,0,0,0
360182,1,1,1983,24,24,24,24,24,24,24,24,24,24
360183,1,1,1983,0,0,0,0,0,0,0,0,0,0
360183,2,1,1983,0,0,0,0,0,0,0,0,6,0
360184,1,1,1983,19,11,15,9,5,7,14,16,3,24
360184,2,1,1983,0,0,0,0,0,0,0,23,0,27
360185,0,1,1983,0,0,0,0,0,0,0,0,0,0
360185,1,1,1983,0,0,0,0,0,0,0,0,0,0
360186,0,1,1983,0,0,0,0,0,0,0,0,0,0
360186,1,1,1983,0,0,0,0,0,0,0,0,0,0
360187,1,1,1983,0,0,0,0,0,0,0,0,0,0
360187,2,1,1983,13,13,13,13,13,13,13,13,13,13
360188,1,1,1983,16,16,16,16,16,16,16,16,16,16
360189,0,1,1983,26,26,26,26,26,26,26,26,26,26
360189,1,1,1983,23,11,0,0,0,2,0,7,0,18
360189,2,1,1983,0,0,0,0,0,0,0,0,0,0
360190,1,1,1983,9,9,9,9,9,9,9,9,9,9
360191,1,1,1983,12,12,12,12,12,12,12,12,12,12
360192,1,1,1983,28,28,28,28,28,28,28,28,28,28
360193,0,1,1983,0,0,0,0,0,0,0,0,0,0
360193,1,1,1983,0,0,0,0,0,0,0,0,0,16
360194,0,1,1983,0,20,23,0,0,0,15,0,0,0
360194,1,1,1983,0,0,0,0,0,0,0,0,0,0
360195,1,1,1983,0,0,0,0,0,0,0,0,0,0
360196,1,1,1983,32,32,32,32,32,32,32,32,32,32
360197,1,1,1983,0,0,0,0,0,16,0,0,25,0
360197,2,1,1983,15,27,4,12,26,18,8,31,11,33
360198,0,1,1983,0,0,0,0,0,0,0,0,0,0
360198,1,1,1983,0,0,0,0,0,0,0,0,0,0
360199,1,1,1983,0,0,0,0,0,0,0,0,12,0
360199,2,1,1983,0,0,0,0,0,0,0,0,11,0
360200,1,1,1983,19,11,12,15,4,22,18,19,16,14
360201,0,1,1983,19,19,19,19,19,19,19,19,19,19
360201,1,1,1983,12,12,14,18,23,24,14,9,23,5
360202,0,1,1983,19,19,19,19,19,19,19,19,19,19
360202,1,1,1983,0,0,0,0,0,0,0,0,0,0
360203,1,1,1983,0,0,0,0,0,0,0,0,0,0
360203,2,1,1983,0,0,0,0,0,0,0,0,0,0
360204,0,1,1983,0,0,0,0,0,0,0,0,0,0
360204,1,1,1983,0,0,0,0,0,0,0,0,0,0
360205,1,1,1983,7,7,7,7,7,7,7,7,7,7
360206,1,1,1983,3,3,3,3,3,3,3,3,3,3
360207,0,1,1983,21,21,21,21,21,21,21,21,21,21
360207,1,1,1983,0,0,0,0,0,2,0,0,0,0
360208,0,1,1983,0,0,0,0,0,0,0,0,0,0
360208,1,1,1983,0,0,0,0,0,0,0,0,0,0
360209,1,1,1983,18,18,18,18,18,18,18,18,18,18
360210,1,1,1983,0,0,0,11,0,0,18,0,0,0
360210,2,1,1983,6,10,0,30,0,0,0,0,0,0
360211,0,1,1983,18,18,18,18,18,18,18,18,18,18
360211,1,1,1983,0,22,0,0,0,0,0,15,18,0
360212,0,1,1983,0,0,0,0,0,0,0,0,0,0
360212,1,1,1983,0,0,16,19,11,24,21,16,4,14
360213,1,1,1983,0,0,0,0,0,4,0,0,0,9
360214,0,1,1983,0,23,23,25,0,19,0,24,40,25
360214,1,1,1983,5,0,2,11,0,0,0,0,15,20
360215,0,1,1983,0,0,0,0,0,0,0,0,0,0
360215,0,2,1983,0,0,0,22,13,0,0,0,0,0
360215,1,1,1983,0,0,0,0,0,0,0,0,0,0
360216,0,1,1983,0,0,0,0,0,0,0,0,0,0
360216,1,1,1983,6,9,15,25,6,4,0,15,0,14
360217,0,1,1983,10,28,32,28,0,29,37,17,32,26
360217,1,1,1983,0,0,11,0,0,0,0,0,0,0
360218,0,1,1983,20,0,0,19,0,0,33,15,20,18
360218,1,1,1983,0,0,0,0,0,0,0,22,0,0
360219,1,1,1983,0,0,0,0,0,0,0,0,0,0
360219,2,1,1983,0,0,0,0,0,0,0,0,0,0
360220,1,1,1983,0,0,0,0,0,0,0,0,0,0
360220,2,1,1983,0,0,0,0,0,0,0,0,0,0
360221,1,1,1983,0,0,0,0,0,0,0,0,0,0
360221,2,1,1983,15,0,0,0,0,0,0,0,0,0
360221,3,1,1983,0,0,0,0,0,0,0,0,0,0
360221,4,1,1983,0,35,0,0,0,0,0,0,0,0
360222,1,1,1983,20,20,20,20,20,20,20,20,20,20
360223,0,1,1983,0,0,0,0,0,0,0,0,0,0
360223,1,1,1983,0,0,0,0,0,0,0,0,0,0
360224,0,1,1983,0,0,0,0,0,0,0,0,0,0
360224,1,1,1983,0,0,0,0,0,0,0,0,0,0
360225,1,1,1983,0,0,0,0,0,0,0,0,0,0
360226,1,1,1983,0,0,0,0,0,0,0,0,0,0
360226,2,1,1983,0,0,0,0,0,0,0,0,0,0
360227,1,1,1983,12,12,12,12,12,12,12,12,12,12
360228,1,1,1983,0,0,0,0,0,0,0,0,0,0
360228,2,1,1983,0,0,0,0,0,0,0,0,0,4
360229,1,1,1983,0,0,0,0,5,0,0,0,0,0
360229,2,1,1983,0,0,0,0,0,0,0,0,0,0
360230,1,1,1983,0,0,15,16,0,0,4,0,0,0
360231,1,1,1983,0,0,0,0,0,0,0,0,0,0
360232,0,1,1983,0,0,0,0,0,0,0,0,0,0
360232,1,1,1983,10,12,0,18,14,21,2,15,12,5
360233,1,1,1983,16,15,4,0,14,20,7,26,17,11
360234,1,1,1983,0,0,0,0,0,0,0,0,0,0
360235,1,1,1983,0,15,7,0,0,10,9,0,22,14
360236,1,1,1983,0,0,22,0,0,0,0,0,0,0
360236,2,1,1983,0,0,0,0,0,0,0,0,0,0
360237,0,1,1983,18,0,0,0,14,0,0,0,0,0
360237,1,1,1983,0,0,0,0,0,0,0,0,0,0
360238,0,1,1983,0,0,0,0,0,0,0,0,0,0
360238,1,1,1983,0,0,0,0,0,0,0,0,0,0
360239,0,1,1983,0,0,25,0,0,0,0,0,0,0
360239,1,1,1983,0,0,0,0,0,0,0,0,0,0
360240,1,1,1983,0,0,0,0,0,0,14,0,32,0
360240,2,1,1983,0,0,0,0,0,0,0,0,0,0
360241,0,1,1983,0,0,0,0,0,0,0,0,0,0
360241,1,1,1983,0,0,0,0,0,0,0,0,0,0
360242,0,1,1983,32,13,15,14,23,4,17,28,0,0
360242,1,1,1983,0,0,0,0,0,0,0,0,0,0
360243,0,1,1983,0,0,0,0,0,0,0,0,0,0
360243,1,1,1983,0,0,0,0,0,0,0,0,0,0
360244,0,1,1983,0,0,0,0,0,0,0,0,0,0
360244,1,1,1983,0,0,0,0,0,0,0,0,0,0
360245,1,1,1983,15,15,15,15,15,15,15,15,15,15
360246,1,1,1983,35,20,6,0,0,0,16,28,29,14
360246,2,1,1983,0,0,0,0,0,0,0,0,0,0
360247,1,1,1983,21,19,20,28,15,19,9,13,30,17
360248,1,1,1983,8,8,8,8,8,8,8,8,8,8
360249,0,1,1983,0,0,0,0,0,0,0,0,0,0
360249,1,1,1983,0,0,0,0,0,0,0,0,0,0
360250,1,1,1983,0,0,0,0,0,0,0,0,0,0
360251,1,1,1983,22,22,22,22,22,22,22,22,22,22
360252,0,1,1983,15,15,15,15,15,15,15,15,15,15
360252,1,1,1983,0,0,0,0,16,0,0,0,0,0
360253,1,1,1983,0,0,0,0,0,0,0,0,0,0
360253,2,1,1983,6,6,6,6,6,6,6,6,6,6
360254,0,1,1983,9,9,9,9,9,9,9,9,9,9
360254,1,1,1983,0,0,0,0,21,44,0,0,21,0
360255,1,1,1983,0,3,0,0,0,0,0,0,0,0
360255,2,1,1983,20,20,20,20,20,20,20,20,20,20
360256,1,1,1983,14,8,12,6,0,11,19,24,6,9
360257,1,1,1983,26,26,26,26,26,26,26,26,26,26
360258,1,1,1983,0,0,0,0,19,0,0,0,0,0
360258,2,1,1983,0,0,0,0,0,0,0,0,0,0