ST_CASE,VEH_NO,PER_NO,YEAR,P1,P2,P3,P4,P5,P6,P7,P8,P9,P10
360803,0,1,1983,0,0,0,0,0,0,0,0,0,0
360803,1,1,1983,0,0,0,0,0,0,0,0,0,0
360804,0,1,1983,0,0,0,0,0,0,0,0,0,0
360804,1,1,1983,0,0,0,0,10,0,0,0,0,0
360805,1,1,1983,15,15,15,15,15,15,15,15,15,15
360806,0,1,1983,0,0,0,0,0,0,0,0,0,0
360806,0,2,1983,0,0,0,0,0,0,0,0,0,0
360806,0,3,1983,0,0,0,0,0,0,0,0,0,0
360806,1,1,1983,0,0,0,0,0,19,0,0,0,0
360807,1,1,1983,23,16,17,6,12,18,11,18,17,15
360808,1,1,1983,18,18,18,18,18,18,18,18,18,18
360809,1,1,1983,0,0,0,0,0,0,0,0,0,0
360809,2,1,1983,0,0,0,0,0,0,0,0,0,0
360809,3,1,1983,0,0,0,0,0,0,0,0,0,0
360810,1,1,1983,17,12,23,21,26,11,7,0,26,23
360811,1,1,1983,0,13,0,0,0,0,0,0,0,0
360811,2,1,1983,0,0,0,0,23,0,0,0,19,0
360812,1,1,1983,0,0,0,0,0,0,0,0,0,0
360812,2,1,1983,0,0,0,0,0,0,0,0,0,0
360813,1,1,1983,22,10,7,18,10,15,19,11,29,11
360814,1,1,1983,7,7,7,7,7,7,7,7,7,7
360815,1,1,1983,28,0,19,30,17,43,23,8,15,26
360816,1,1,1983,0,0,0,0,0,0,0,0,0,0
360816,2,1,1983,7,0,20,5,17,20,8,0,36,14
360817,1,1,1983,12,12,12,12,12,12,12,12,12,12
360818,1,1,1983,0,0,0,0,0,0,0,0,0,0
360818,2,1,1983,0,0,0,0,0,0,0,0,0,0
360819,1,1,1983,0,0,19,0,20,0,0,0,0,0
360819,2,1,1983,0,4,0,0,0,0,0,0,0,0
360820,1,1,1983,0,0,0,0,0,0,0,0,0,0
360821,1,1,1983,0,0,0,0,0,0,0,0,0,0
360822,0,1,1983,0,0,0,0,0,0,0,0,0,0
360822,1,1,1983,0,0,0,0,0,0,0,0,0,0
360823,2,1,1983,14,14,14,14,14,14,14,14,14,14
360824,1,1,1983,0,0,0,0,0,0,0,0,0,0
360825,1,1,1983,0,10,0,7,33,0,0,0,6,0
360826,1,1,1983,0,0,0,0,19,0,0,0,0,0
360827,1,1,1983,18,11,11,30,23,25,3,35,9,12
360828,0,1,1983,0,0,19,0,5,0,0,22,25,0
360828,1,1,1983,0,0,0,0,11,0,0,0,14,0
360829,1,1,1983,0,0,0,0,0,0,0,0,0,0
360829,2,1,1983,0,0,0,0,0,0,0,0,0,0
360830,1,1,1983,0,0,0,0,0,0,0,0,0,0
360831,0,1,1983,0,0,0,0,0,0,0,0,0,0
360831,1,1,1983,0,0,13,0,0,0,0,0,26,0
360832,0,1,1983,41,0,0,12,0,0,0,24,0,0
360832,1,1,1983,0,0,0,0,0,0,0,0,0,0
360833,1,1,1983,21,21,21,21,21,21,21,21,21,21
360834,1,1,1983,0,0,15,0,0,18,0,0,0,0
360835,1,1,1983,0,0,0,0,0,0,0,0,31,0
360836,1,1,1983,3,0,0,0,0,0,0,0,0,0
360836,2,1,1983,33,0,0,6,0,49,0,0,0,0
360837,0,1,1983,14,0,5,0,0,10,14,20,13,20
360837,1,1,1983,2,2,2,2,2,2,2,2,2,2
360838,1,1,1983,0,0,0,0,0,0,0,0,0,0
360838,2,1,1983,0,0,0,0,0,0,0,0,0,0
360839,0,1,1983,0,0,0,10,0,0,0,9,0,0
360839,1,1,1983,0,0,0,0,0,0,0,0,0,0
360840,1,1,1983,0,0,0,0,0,0,0,0,0,0
360841,1,1,1983,0,13,0,0,0,0,3,0,0,0
360841,2,1,1983,0,0,0,0,0,0,0,0,0,0
360842,1,1,1983,0,0,0,0,0,24,0,0,15,17
360842,2,1,1983,13,0,0,0,0,0,0,0,0,0
360842,3,1,1983,0,0,0,0,0,0,0,0,0,0
360843,0,1,1983,0,0,0,0,0,0,0,0,0,8
360843,1,1,1983,0,0,0,0,0,0,0,0,0,0
360844,0,1,1983,0,0,0,0,0,0,0,0,0,0
360844,1,1,1983,0,0,0,0,0,0,0,0,0,0
360845,1,1,1983,0,0,0,0,0,0,12,30,0,0
360846,1,1,1983,0,0,0,0,0,0,0,0,0,0
360846,2,1,1983,9,9,9,9,9,9,9,9,9,9
360847,0,1,1983,4,4,4,4,4,4,4,4,4,4
360847,2,1,1983,0,0,0,0,0,0,0,0,0,0
360847,3,1,1983,0,0,11,0,0,0,6,0,0,20
360848,0,1,1983,0,0,0,0,0,0,0,0,0,0
360848,1,1,1983,0,0,0,0,0,0,0,0,0,0
360848,2,1,1983,0,0,0,0,0,0,0,0,0,0
360849,1,1,1983,27,13,16,30,24,12,22,14,11,8
360850,1,1,1983,17,17,17,17,17,17,17,17,17,17
360851,1,1,1983,29,19,0,11,5,12,15,0,18,17
360852,1,1,1983,0,0,0,0,0,0,0,0,0,0
360852,2,1,1983,0,0,0,0,0,0,0,0,0,9
360853,1,1,1983,11,11,11,11,11,11,11,11,11,11
360854,1,1,1983,17,17,17,17,17,17,17,17,17,17
360855,1,1,1983,15,20,8,0,18,28,18,6,16,4
360856,1,1,1983,0,0,0,0,0,0,0,0,0,0
360856,2,1,1983,8,8,8,8,8,8,8,8,8,8
360858,1,1,1983,23,0,0,0,0,0,0,0,0,0
360859,1,1,1983,21,22,15,11,0,6,38,21,12,11
360860,1,1,1983,0,0,0,4,0,0,0,0,0,0
360860,2,1,1983,0,0,14,0,0,0,0,0,20,0
360862,0,1,1983,25,25,25,25,25,25,25,25,25,25
360862,1,1,1983,0,0,0,0,0,0,0,0,0,0
360863,1,1,1983,0,0,0,0,0,0,0,0,0,0
360863,2,1,1983,0,0,0,0,0,0,0,0,0,0
360864,1,1,1983,10,10,10,10,10,10,10,10,10,10
360865,1,1,1983,11,0,6,8,14,0,0,16,0,0
360866,0,1,1983,17,0,15,0,0,20,10,0,0,0
360866,1,1,1983,0,0,0,0,0,0,0,0,0,0
360867,0,1,1983,0,0,0,0,0,0,0,0,0,0
360867,1,1,1983,0,0,0,0,0,0,0,0,0,0
360868,1,1,1983,0,0,0,0,0,0,0,0,0,0
360868,2,1,1983,0,0,0,0,0,0,0,0,0,0
360869,1,1,1983,0,0,0,0,0,0,0,0,0,0
360869,2,1,1983,0,0,0,0,0,0,0,0,0,0
360869,3,1,1983,0,0,0,0,0,0,0,0,38,0
360870,1,1,1983,0,0,10,0,19,0,0,0,0,0
360870,2,1,1983,0,0,0,0,0,0,0,0,0,0
360871,1,1,1983,20,20,20,20,20,20,20,20,20,20
360872,1,1,1983,11,17,25,18,0,3,0,0,15,20
360873,1,1,1983,18,18,18,18,18,18,18,18,18,18
360874,1,1,1983,30,30,30,30,30,30,30,30,30,30
360875,0,1,1983,0,0,0,0,0,0,0,0,0,0
360875,1,1,1983,20,0,0,5,0,0,0,0,0,0
360876,0,1,1983,0,11,0,0,27,13,0,16,0,0
360876,1,1,1983,0,0,0,0,0,0,0,0,9,0
360877,0,1,1983,0,0,0,0,0,0,0,0,0,0
360877,1,1,1983,0,0,0,0,0,0,0,0,0,11
360878,0,1,1983,0,0,0,0,0,0,0,0,0,0
360878,1,1,1983,0,0,0,0,0,0,0,0,0,0
360879,1,1,1983,0,0,0,0,0,0,0,0,0,0
360879,2,1,1983,0,0,0,0,0,21,0,0,0,0
360880,1,1,1983,15,15,15,15,15,15,15,15,15,15
360881,1,1,1983,7,0,0,19,4,0,0,0,0,7
360882,1,1,1983,0,0,0,0,0,0,0,0,0,0
360883,0,1,1983,36,36,36,36,36,36,36,36,36,36
360883,1,1,1983,0,0,0,0,0,0,0,0,0,0
360884,1,1,1983,0,0,0,0,0,0,0,0,0,0
360884,2,1,1983,0,0,21,0,0,0,0,0,0,0
360885,1,1,1983,24,24,24,24,24,24,24,24,24,24
360885,2,1,1983,0,0,0,0,0,0,0,0,0,0
360886,1,1,1983,0,0,0,0,0,0,0,0,0,0
360887,0,1,1983,0,13,0,0,0,0,0,32,12,0
360887,1,1,1983,0,15,0,0,0,6,0,0,0,0
360888,0,1,1983,21,18,0,18,7,0,24,23,16,34
360888,1,1,1983,4,4,4,4,4,4,4,4,4,4
360889,1,1,1983,17,17,17,17,17,17,17,17,17,17
360890,1,1,1983,21,21,21,21,21,21,21,21,21,21
360891,1,1,1983,0,0,0,0,0,0,0,0,0,0
360891,2,1,1983,0,0,0,0,0,0,0,0,0,0
360892,1,1,1983,10,10,10,10,10,10,10,10,10,10
360893,1,1,1983,0,0,0,0,0,0,0,0,0,0
360894,1,1,1983,4,4,4,4,4,4,4,4,4,4
360894,2,1,1983,0,0,0,0,0,3,0,14,0,0
360895,1,1,1983,2,2,2,2,2,2,2,2,2,2
360895,2,1,1983,0,11,0,21,20,0,0,4,16,13
360896,1,1,1983,0,0,0,0,0,0,0,0,0,0
360897,1,1,1983,0,0,0,0,0,0,0,0,0,0
360897,2,1,1983,0,0,0,0,0,0,0,11,0,0
360898,1,1,1983,14,15,27,9,12,13,16,13,14,9
360899,1,1,1983,11,11,11,11,11,11,11,11,11,11
360900,0,1,1983,24,24,24,24,24,24,24,24,24,24
360900,1,1,1983,0,31,0,0,18,0,12,0,20,9
360901,1,1,1983,11,11,11,11,11,11,11,11,11,11
360902,1,1,1983,17,17,17,17,17,17,17,17,17,17
360903,1,1,1983,0,0,29,31,26,0,0,15,11,10
360904,1,1,1983,0,0,0,0,0,0,0,0,0,0
360905,1,1,1983,0,14,0,0,0,10,27,0,0,0
360906,1,1,1983,0,0,0,0,0,0,0,0,0,0
360907,1,1,1983,0,0,0,0,0,0,0,0,0,0
360908,1,1,1983,0,0,0,0,0,0,0,0,0,0
360908,2,1,1983,16,0,0,0,0,0,23,0,0,0
360909,1,1,1983,27,27,27,27,27,27,27,27,27,27
360910,1,1,1983,0,0,0,2,0,0,0,0,0,0
360910,2,1,1983,0,0,0,0,0,0,0,0,0,0
360911,1,1,1983,4,22,25,18,10,20,5,17,0,28
360912,0,1,1983,0,0,19,14,17,0,0,0,22,0
360912,1,1,1983,0,0,0,0,0,0,0,0,0,0
360913,0,1,1983,0,0,0,0,0,0,16,0,0,0
360913,1,1,1983,0,0,0,0,0,0,0,0,0,0
360914,0,1,1983,0,0,0,0,3,19,0,0,0,7
360914,1,1,1983,0,0,7,0,0,0,0,8,0,0
360915,1,1,1983,4,4,4,4,4,4,4,4,4,4
360916,1,1,1983,8,8,8,8,8,8,8,8,8,8
360917,1,1,1983,0,9,0,25,16,24,0,0,0,7
360917,2,1,1983,22,22,22,22,22,22,22,22,22,22
360918,0,1,1983,0,0,0,0,0,0,0,0,0,32
360918,0,2,1983,27,45,0,7,0,24,12,0,0,0
360918,1,1,1983,0,0,0,19,0,0,0,0,0,0
360919,1,1,1983,15,6,6,20,16,18,12,21,19,26
360920,0,1,1983,0,0,0,0,0,0,0,0,0,0
360920,1,1,1983,0,12,0,0,0,0,0,0,8,0
360921,1,1,1983,0,0,0,0,0,0,0,0,0,0
360921,2,1,1983,0,0,0,0,0,0,0,0,0,0
360922,0,1,1983,0,27,19,36,27,0,27,28,5,36
360922,1,1,1983,0,0,0,0,18,0,16,16,11,0
360923,1,1,1983,0,0,0,0,0,0,0,5,0,0
360923,2,1,1983,18,0,0,8,0,0,7,5,0,13
360924,0,1,1983,11,0,14,8,29,9,11,22,22,28
360924,1,1,1983,17,0,0,0,0,0,0,0,0,0
360925,1,1,1983,0,0,0,0,0,0,0,0,0,0
360926,0,1,1983,0,0,0,0,0,0,0,0,0,0
360926,1,1,1983,0,0,0,0,0,0,0,0,20,0
360927,0,1,1983,0,0,0,0,34,0,0,0,0,0
360927,1,1,1983,0,0,0,0,0,0,0,0,0,1
360928,0,1,1983,0,0,25,0,0,0,0,25,15,9
360928,1,1,1983,0,16,0,0,0,0,0,20,0,0
360929,0,1,1983,0,0,15,12,0,0,0,0,0,0
360929,1,1,1983,0,0,0,0,0,0,0,0,0,0
360930,0,1,1983,0,0,0,0,0,0,0,0,22,0
360930,1,1,1983,0,0,0,0,0,0,0,0,0,0
360931,1,1,1983,20,20,20,20,20,20,20,20,20,20
360932,1,1,1983,0,0,0,0,0,0,0,0,0,0
360932,2,1,1983,0,0,0,0,0,0,8,0,0,0
360933,1,1,1983,0,0,0,0,0,0,0,0,0,0
360933,2,1,1983,0,0,0,0,0,0,0,0,0,0
360934,0,1,1983,0,0,0,0,0,0,0,0,0,0
360934,1,1,1983,0,0,0,0,0,0,0,0,0,0
360935,1,1,1983,4,8,19,0,9,13,6,0,20,9
360935,2,1,1983,15,0,0,0,0,13,0,0,0,0
360936,1,1,1983,0,4,0,0,0,0,0,13,0,0
360937,0,1,1983,0,0,28,38,0,39,0,14,12,0
360937,1,1,1983,6,32,12,3,13,7,11,18,7,0
360938,1,1,1983,0,0,0,0,0,0,0,0,0,0
360939,1,1,1983,0,0,0,0,14,0,0,0,0,0
360939,2,1,1983,0,0,0,0,0,0,0,0,6,0
360939,3,1,1983,0,0,0,0,0,0,0,0,0,16
360940,1,1,1983,0,0,0,0,0,0,0,0,0,0
360941,0,1,1983,0,0,0,0,0,0,0,0,0,0
360941,1,1,1983,0,0,0,0,0,0,0,0,0,0
360942,1,1,1983,0,0,0,0,0,0,0,0,0,0
360942,2,1,1983,0,0,0,0,0,0,0,0,0,0
360943,1,1,1983,1,1,1,1,1,1,1,1,1,1
360944,0,1,1983,0,0,0,0,0,0,0,0,0,0
360944,1,1,1983,0,0,0,0,0,0,0,0,0,0
360945,1,1,1983,0,0,0,0,0,0,0,0,0,0
360945,2,1,1983,0,0,0,0,0,0,0,0,0,0
360946,1,1,1983,0,0,20,0,0,0,0,0,0,0
360946,2,1,1983,0,0,0,9,0,0,0,0,0,0
360947,0,1,1983,0,0,0,0,0,0,0,0,0,0
360947,1,1,1983,23,14,15,11,0,13,0,17,20,12
360948,1,1,1983,10,10,10,10,10,10,10,10,10,10
360949,1,1,1983,0,0,13,8,0,0,0,0,13,0
360950,1,1,1983,0,0,0,0,3,0,0,0,0,16
360951,1,1,1983,20,20,20,20,20,20,20,20,20,20
360952,1,1,1983,0,0,0,0,0,0,0,0,0,0
360953,1,1,1983,30,30,30,30,30,30,30,30,30,30
360953,2,1,1983,15,0,0,0,0,20,10,4,0,0
360954,1,1,1983,0,0,0,0,0,0,0,0,0,0
360954,2,1,1983,0,0,0,0,0,0,0,0,0,0
360955,1,1,1983,3,3,3,3,3,3,3,3,3,3
360956,1,1,1983,0,0,0,18,0,0,0,0,0,0
360956,2,1,1983,26,9,19,17,24,15,16,15,19,13
360957,0,1,1983,0,46,10,21,0,14,0,0,0,0
360957,1,1,1983,0,11,24,30,17,10,11,0,3,0
360958,0,1,1983,11,11,11,11,11,11,11,11,11,11
360958,1,1,1983,0,0,0,0,0,0,0,0,0,0
360959,1,1,1983,0,0,0,0,0,0,0,0,0,0
360959,2,1,1983,0,8,0,5,6,11,0,0,0,0
360959,3,1,1983,12,12,18,9,25,29,20,13,37,6
360960,1,1,1983,0,0,0,0,0,19,0,0,0,0
360961,1,1,1983,2,2,2,2,2,2,2,2,2,2
360962,0,1,1983,0,0,0,0,0,0,0,0,0,22
360962,1,1,1983,0,0,0,0,0,0,0,0,0,0
360963,0,1,1983,0,22,29,5,0,0,12,21,0,0
360963,1,1,1983,0,0,0,0,8,0,0,5,0,0
360964,1,1,1983,1,1,1,1,1,1,1,1,1,1
360965,1,1,1983,0,0,0,0,0,0,0,0,0,0
360965,2,1,1983,0,0,0,0,0,0,0,0,0,14
360966,1,1,1983,41,41,41,41,41,41,41,41,41,41
360967,1,1,1983,0,13,0,0,0,0,0,0,0,4
360967,2,1,1983,0,0,0,0,0,0,0,0,0,0
360968,1,1,1983,0,0,0,0,0,12,0,0,0,0
360968,2,1,1983,0,0,0,0,0,0,0,0,0,0
360969,1,1,1983,0,0,0,0,0,0,0,0,0,0
360970,1,1,1983,9,9,9,9,9,9,9,9,9,9
360971,1,1,1983,11,11,11,11,11,11,11,11,11,11
360971,2,1,1983,0,0,0,0,0,0,0,0,0,0
360972,1,1,1983,0,0,0,0,13,0,14,0,0,0
360973,1,1,1983,27,27,27,27,27,27,27,27,27,27
360973,2,1,1983,0,0,0,0,0,0,0,0,0,0
360974,0,1,1983,21,0,0,0,24,15,21,0,0,20
360974,1,1,1983,0,8,0,0,10,0,13,20,0,8
360975,1,1,1983,0,0,15,0,0,0,16,26,15,0
360976,1,1,1983,0,0,0,0,0,0,0,0,0,0
360976,2,1,1983,0,0,0,0,0,0,0,0,0,0
360977,1,1,1983,0,0,0,0,0,0,0,0,0,0
360977,2,1,1983,0,0,15,0,10,0,0,0,7,12
360977,3,1,1983,14,0,17,0,14,11,0,8,10,0
360978,1,1,1983,0,0,0,0,0,0,0,0,0,0
360978,2,1,1983,0,0,0,0,0,0,0,0,0,0
360979,0,1,1983,22,0,0,27,0,0,0,0,0,0
360979,1,1,1983,0,0,0,0,0,0,0,0,0,0
360980,0,1,1983,0,0,0,0,10,29,0,12,0,0
360980,1,1,1983,0,0,0,0,0,0,0,0,0,0
360981,0,1,1983,0,0,0,0,0,0,0,0,0,0
360981,1,1,1983,0,24,0,0,0,0,0,0,0,0
360981,2,1,1983,0,0,0,0,0,0,0,0,0,0
360982,0,1,1983,0,0,0,0,0,0,0,0,0,0
360982,1,1,1983,0,0,0,0,0,0,0,0,0,0
360983,0,1,1983,0,0,0,0,0,0,0,0,0,0
360983,1,1,1983,0,0,0,0,0,35,0,19,0,13
360984,1,1,1983,17,0,0,20,22,0,0,0,12,0
360985,0,1,1983,9,0,0,0,0,0,0,0,0,0
360985,1,1,1983,22,0,0,0,0,13,0,0,0,0
360986,1,1,1983,0,0,0,0,0,0,0,0,0,0
360987,1,1,1983,7,7,7,7,7,7,7,7,7,7
360987,2,1,1983,0,0,79,0,0,13,0,0,0,0
360988,0,1,1983,0,0,0,0,0,0,0,0,0,0
360988,1,1,1983,0,0,0,0,0,0,0,0,0,0
360988,2,1,1983,0,0,0,0,0,0,0,0,0,0
360989,1,1,1983,0,0,0,0,0,0,0,0,0,0
360989,2,1,1983,0,0,0,0,0,0,0,0,0,0
360990,0,1,1983,35,6,8,37,17,22,0,22,0,0
360990,1,1,1983,0,0,0,0,0,0,0,0,0,0
360991,1,1,1983,0,0,0,0,0,0,0,0,0,0
360991,2,1,1983,0,0,0,0,0,0,0,0,0,0
360992,1,1,1983,0,0,0,0,0,0,0,0,0,0
360992,2,1,1983,0,0,0,0,0,0,0,0,0,0
360993,0,1,1983,1,1,1,1,1,1,1,1,1,1
360993,1,1,1983,9,15,27,31,4,20,11,15,22,12
360994,1,1,1983,11,11,11,11,11,11,11,11,11,11
360995,1,1,1983,0,0,0,0,0,0,0,0,0,0
360995,2,1,1983,16,12,12,13,0,9,8,6,24,0
360996,1,1,1983,11,11,11,11,11,11,11,11,11,11
360997,0,1,1983,0,0,0,0,0,0,0,0,0,0
360997,1,1,1983,0,0,0,0,0,0,0,0,0,0
360998,1,1,1983,0,0,0,0,0,0,0,0,0,0
360998,2,1,1983,0,0,0,0,0,0,0,0,0,0
361000,0,1,1983,27,26,15,15,31,0,31,23,33,0
361000,1,1,1983,0,10,0,10,0,0,0,0,0,0
361001,1,1,1983,14,23,5,13,17,16,22,11,19,13
361001,2,1,1983,9,21,4,16,11,33,14,15,14,14
361002,0,1,1983,0,0,0,0,0,0,0,0,0,0
361002,1,1,1983,0,0,0,0,0,0,0,0,0,0
361003,0,1,1983,13,0,0,0,27,17,13,18,25,0
361003,1,1,1983,0,23,0,0,0,0,14,0,0,0
361004,1,1,1983,0,0,0,0,0,0,0,0,0,0
361004,2,1,1983,0,0,0,0,0,0,0,0,0,0
361005,1,1,1983,17,17,17,17,17,17,17,17,17,17
361006,1,1,1983,10,11,18,19,12,38,7,12,7,15
361007,1,1,1983,9,9,9,9,9,9,9,9,9,9
361008,0,1,1983,41,27,0,0,0,10,12,28,9,21
361008,1,1,1983,0,0,0,0,0,0,0,0,0,0
361009,1,1,1983,0,0,0,0,0,0,0,0,0,0
361010,1,1,1983,21,21,21,21,21,21,21,21,21,21
361011,0,1,1983,0,0,0,0,0,0,0,0,0,0
361011,1,1,1983,0,0,0,0,0,0,0,0,0,0
361012,2,1,1983,0,0,0,10,0,0,0,18,0,0
361013,1,1,1983,17,17,17,17,17,17,17,17,17,17
361014,1,1,1983,4,4,4,4,4,4,4,4,4,4
361014,2,1,1983,1,1,1,1,1,1,1,1,1,1
361015,1,1,1983,14,14,14,14,14,14,14,14,14,14
361016,1,1,1983,0,0,0,0,0,0,0,0,0,0
361016,2,1,1983,0,0,0,0,0,0,0,0,0,0
361017,1,1,1983,8,8,8,8,8,8,8,8,8,8
361017,2,1,1983,11,11,11,11,11,11,11,11,11,11
361018,1,1,1983,0,0,0,0,0,0,0,0,0,0
361018,2,1,1983,0,0,0,0,0,0,0,0,0,0
361019,1,1,1983,23,23,23,23,23,23,23,23,23,23
361020,1,1,1983,24,24,24,24,24,24,24,24,24,24
361021,1,1,1983,16,16,16,16,16,16,16,16,16,16
361022,1,1,1983,18,18,18,18,18,18,18,18,18,18
361023,1,1,1983,0,0,0,0,0,0,0,0,8,0
361023,2,1,1983,0,0,0,0,0,0,0,0,0,0
361024,1,1,1983,0,0,0,0,0,0,0,0,0,0
361025,1,1,1983,22,22,22,22,22,22,22,22,22,22
361026,1,1,1983,0,0,0,0,0,0,0,0,0,0
361026,2,1,1983,0,0,17,0,0,0,0,0,0,0
361027,1,1,1983,0,0,0,0,0,0,0,0,0,0
361027,2,1,1983,0,5,0,0,0,0,0,0,0,0
361027,3,1,1983,0,0,0,0,0,0,0,0,0,0
361028,1,1,1983,0,0,0,0,0,0,0,0,0,0
361028,2,1,1983,0,0,0,0,0,0,0,0,0,0
361029,1,1,1983,25,6,15,2,8,0,25,0,15,14
361029,2,1,1983,19,19,19,19,19,19,19,19,19,19
361030,1,1,1983,0,0,0,0,0,0,0,0,0,0
361030,2,1,1983,13,13,13,13,13,13,13,13,13,13
361031,0,1,1983,0,0,0,0,0,0,0,0,0,0
361031,1,1,1983,0,0,0,0,0,0,0,0,19,17
361032,1,1,1983,33,22,0,15,11,0,19,12,20,19
361033,1,1,1983,7,0,0,0,21,0,0,0,0,14
361034,1,1,1983,15,15,15,15,15,15,15,15,15,15
361035,0,1,1983,0,0,12,0,0,0,0,3,0,0
361035,1,1,1983,0,0,9,0,0,0,0,0,0,15
361036,1,1,1983,9,9,9,9,9,9,9,9,9,9
361036,2,1,1983,0,0,0,0,30,0,0,0,0,0
361037,1,1,1983,18,18,18,18,18,18,18,18,18,18
361038,1,1,1983,22,22,22,22,22,22,22,22,22,22
361039,1,1,1983,3,11,19,18,16,20,8,18,7,25
361040,1,1,1983,0,0,0,0,0,0,0,0,0,0
361040,2,1,1983,0,0,0,0,0,0,0,0,0,0
361041,1,1,1983,0,0,0,0,0,0,0,0,0,0
361041,2,1,1983,0,0,0,0,0,0,0,0,0,0
361042,1,1,1983,0,0,0,0,0,0,0,0,0,0
361042,2,1,1983,5,0,0,0,27,0,0,0,0,0
361043,1,1,1983,27,27,27,27,27,27,27,27,27,27
361044,1,1,1983,0,0,0,0,0,0,0,0,0,0
361045,1,1,1983,0,0,0,0,0,0,0,0,0,0
361046,1,1,1983,0,0,0,0,0,4,0,0,8,0
361047,1,1,1983,0,0,0,0,0,0,0,0,0,0
361047,2,1,1983,0,0,0,0,0,0,0,0,0,0
361048,1,1,1983,19,36,21,5,18,25,13,21,34,22
361048,2,1,1983,0,0,35,0,0,11,0,0,6,0
361048,3,1,1983,20,0,0,0,0,0,0,0,0,0
361048,4,1,1983,13,0,0,0,0,0,0,0,0,22
361049,1,1,1983,3,3,3,3,3,3,3,3,3,3
361050,0,1,1983,15,32,12,13,0,9,0,8,25,29
361050,1,1,1983,0,0,0,0,0,17,0,0,0,0
361051,1,1,1983,10,10,9,7,7,10,40,13,14,13
361052,1,1,1983,26,26,26,26,26,26,26,26,26,26
361053,1,1,1983,0,0,0,0,0,0,0,0,0,0
361053,2,1,1983,19,19,19,19,19,19,19,19,19,19
361054,1,1,1983,0,0,0,0,0,0,0,0,0,0
361055,1,1,1983,32,10,26,0,16,0,0,17,5,19
361056,1,1,1983,28,28,28,28,28,28,28,28,28,28
361057,1,1,1983,0,0,0,0,0,0,0,0,0,0
361057,2,1,1983,17,17,17,17,17,17,17,17,17,17
361058,1,1,1983,0,0,0,0,0,0,0,0,0,0
361059,1,1,1983,0,0,0,0,0,0,0,0,0,0
361059,2,1,1983,0,0,0,0,0,0,0,0,0,0
361060,1,1,1983,0,0,0,0,0,0,0,0,0,0
361060,2,1,1983,16,0,17,31,0,5,18,0,0,16
361061,1,1,1983,9,9,9,9,9,9,9,9,9,9
361062,1,1,1983,0,0,0,0,0,0,0,0,0,0
361063,1,1,1983,0,0,0,0,0,0,0,0,0,0
361064,1,1,1983,0,0,0,0,0,0,0,0,0,0
361065,0,1,1983,0,0,0,0,0,0,0,0,0,0
361065,1,1,1983,0,0,0,0,4,0,0,0,0,0
361066,1,1,1983,18,18,18,18,18,18,18,18,18,18
361066,2,1,1983,26,23,16,28,24,13,15,0,19,10
361066,3,1,1983,25,26,15,23,15,13,21,0,9,19
361067,0,1,1983,0,0,0,0,0,0,0,0,0,0
361067,1,1,1983,10,0,0,0,0,0,0,0,0,0
361068,0,1,1983,0,0,0,0,0,0,0,19,0,0
361068,1,1,1983,0,11,17,0,13,0,0,9,0,0
361069,0,1,1983,0,11,0,0,0,0,0,0,0,0
361069,1,1,1983,0,0,0,0,0,0,0,0,0,0
361070,1,1,1983,0,0,0,0,0,0,0,0,0,0
361070,2,1,1983,0,0,11,0,0,0,0,8,0,0
361071,1,1,1983,0,0,0,0,16,0,0,0,0,0
361071,2,1,1983,0,0,0,0,0,0,0,0,0,0
361071,3,1,1983,0,0,0,0,0,0,0,0,0,0
361072,1,1,1983,0,0,9,0,0,19,0,22,0,0
361072,2,1,1983,6,12,23,16,8,12,6,9,8,4
361073,1,1,1983,14,14,14,14,14,14,14,14,14,14
361073,2,1,1983,0,0,0,0,0,0,0,0,20,0
361074,1,1,1983,0,0,0,0,0,0,0,0,0,0
361075,1,1,1983,0,0,0,0,0,0,0,0,0,0
361075,2,1,1983,0,0,0,0,0,0,0,0,0,0
361076,1,1,1983,15,15,15,15,15,15,15,15,15,15
361077,0,1,1983,18,18,18,18,18,18,18,18,18,18
361077,1,1,1983,0,0,0,0,0,0,0,0,0,0
361078,1,1,1983,14,14,14,14,14,14,14,14,14,14
361079,1,1,1983,0,0,0,0,0,0,0,0,0,0
361079,2,1,1983,0,0,0,0,0,0,0,0,0,0
361080,1,1,1983,16,0,0,0,0,0,0,0,27,30
361081,1,1,1983,6,6,6,6,6,6,6,6,6,6
361082,2,1,1983,4,0,0,0,0,0,0,0,0,0
361083,1,1,1983,0,0,0,0,15,0,0,19,0,0
361083,2,1,1983,0,0,0,0,15,18,24,22,13,0
361084,1,1,1983,0,0,0,0,0,0,0,0,0,0
361084,2,1,1983,0,0,0,0,0,0,0,0,0,0
361085,1,1,1983,15,14,15,45,5,14,3,14,12,5
361085,2,1,1983,14,14,14,14,14,14,14,14,14,14
361085,3,1,1983,18,0,17,33,0,0,17,17,0,20
361086,0,1,1983,19,19,19,19,19,19,19,19,19,19
361086,1,1,1983,0,0,0,0,0,0,0,0,0,0
361087,1,1,1983,0,0,0,0,0,0,0,0,0,0
361087,2,1,1983,0,0,0,0,0,0,0,0,0,0
361087,3,1,1983,0,0,0,0,0,15,0,0,0,0
361088,1,1,1983,0,0,0,0,0,0,0,0,0,0
361089,0,1,1983,0,0,0,0,0,0,0,0,0,0
361089,1,1,1983,0,0,0,0,0,0,0,0,0,0
361090,1,1,1983,0,0,0,0,0,0,0,0,0,0
361090,2,1,1983,0,0,0,0,0,0,0,0,0,0
361091,0,1,1983,0,0,0,0,0,0,0,0,0,0
361091,1,1,1983,0,16,0,0,0,0,0,20,0,8
361092,1,1,1983,0,0,0,0,0,0,0,0,0,0
361092,2,1,1983,0,0,0,0,0,0,0,0,0,0
361093,1,1,1983,0,0,24,0,0,0,13,8,0,0