ST_CASE,VEH_NO,PER_NO,YEAR,P1,P2,P3,P4,P5,P6,P7,P8,P9,P10
361094,1,1,1983,0,22,0,0,20,17,0,0,0,0
361094,2,1,1983,0,0,0,0,0,0,0,0,0,0
361094,3,1,1983,0,0,0,0,0,0,0,0,0,0
361095,0,1,1983,0,0,0,0,0,0,0,0,0,0
361095,1,1,1983,0,0,0,0,0,0,0,0,0,0
361096,1,1,1983,25,0,0,0,0,31,0,0,25,0
361097,1,2,1983,0,0,0,0,0,0,0,24,0,0
361098,0,1,1983,0,0,0,8,0,0,0,0,0,0
361098,0,2,1983,16,0,11,0,0,0,0,24,0,0
361098,1,1,1983,17,0,0,0,14,0,0,0,0,0
361099,1,1,1983,0,14,0,0,0,0,0,0,0,0
361099,2,1,1983,0,0,0,0,0,0,0,0,0,0
361100,0,1,1983,18,18,18,18,18,18,18,18,18,18
361100,1,1,1983,0,0,0,0,0,0,0,0,0,0
361100,2,1,1983,9,19,0,0,0,0,19,0,0,0
361101,0,1,1983,21,43,64,5,11,37,3,27,30,19
361101,1,1,1983,17,0,0,0,12,0,0,0,19,0
361102,1,1,1983,28,15,7,6,9,13,15,14,25,11
361103,0,1,1983,0,0,0,0,0,0,0,0,0,0
361103,1,1,1983,16,0,0,22,0,0,0,0,0,0
361104,1,1,1983,12,10,23,9,8,30,26,14,24,28
361105,0,1,1983,0,0,0,0,0,0,10,0,0,0
361105,1,1,1983,0,0,0,0,0,0,0,0,0,0
361106,1,1,1983,0,0,0,0,0,0,0,0,0,0
361106,2,1,1983,0,0,0,0,0,0,0,0,0,0
361107,1,1,1983,0,0,0,0,0,0,0,0,17,0
361107,2,1,1983,17,17,17,17,17,17,17,17,17,17
361108,0,1,1983,0,0,0,0,0,0,0,0,0,0
361108,1,1,1983,25,1,13,20,8,7,5,8,19,0
361109,1,1,1983,0,0,0,26,0,0,0,0,0,37
361110,1,1,1983,19,0,10,0,21,0,0,0,12,0
361110,2,1,1983,0,18,0,0,0,0,0,0,0,0
361111,1,1,1983,20,20,20,20,20,20,20,20,20,20
361112,0,1,1983,0,47,0,16,9,0,0,0,22,0
361112,1,1,1983,0,0,0,0,0,0,0,0,0,0
361113,1,1,1983,6,26,0,0,0,21,0,0,12,0
361113,2,1,1983,0,0,0,0,0,0,0,0,0,0
361114,0,1,1983,5,5,5,5,5,5,5,5,5,5
361114,1,1,1983,0,0,0,0,0,0,0,0,0,0
361115,1,1,1983,13,31,14,30,11,16,40,10,4,21
361116,0,1,1983,0,0,0,0,0,0,0,0,0,0
361116,1,1,1983,32,5,0,0,0,0,0,0,0,0
361117,1,1,1983,21,21,21,21,21,21,21,21,21,21
361118,1,1,1983,0,17,31,47,29,17,0,0,20,0
361119,0,1,1983,0,0,0,0,0,0,0,0,0,0
361119,1,1,1983,0,0,0,0,0,0,0,0,0,0
361120,0,1,1983,0,0,0,0,0,0,0,0,0,0
361120,1,1,1983,25,0,9,24,10,9,26,15,11,17
361121,1,1,1983,0,0,0,0,0,0,0,0,0,0
361121,2,1,1983,0,0,0,0,0,0,0,0,0,0
361122,1,1,1983,0,0,0,0,0,0,0,0,0,0
361122,2,1,1983,0,0,0,0,0,0,0,0,0,0
361123,1,1,1983,19,19,19,19,19,19,19,19,19,19
361124,1,1,1983,25,0,0,0,0,0,0,0,0,0
361125,0,1,1983,0,21,0,18,18,0,0,21,15,0
361125,1,1,1983,12,28,18,10,10,0,0,17,10,0
361125,2,1,1983,0,21,0,0,0,0,0,0,7,0
361126,1,1,1983,20,20,20,20,20,20,20,20,20,20
361127,1,1,1983,0,16,15,0,0,0,0,32,7,0
361128,1,1,1983,0,16,7,5,0,0,16,18,24,17
361129,1,1,1983,18,25,24,23,14,16,21,31,9,29
361130,1,1,1983,0,0,0,0,0,0,0,0,0,0
361130,2,1,1983,0,0,0,0,0,0,0,0,0,0
361131,1,1,1983,0,0,25,22,30,0,21,7,24,5
361131,2,1,1983,0,25,0,5,0,22,15,0,11,0
361132,1,1,1983,10,10,10,10,10,10,10,10,10,10
361134,1,1,1983,28,25,7,21,20,17,9,19,14,31
361135,0,1,1983,0,0,0,0,9,0,0,0,0,12
361135,1,1,1983,0,0,19,0,0,13,0,0,0,0
361136,1,1,1983,18,11,7,17,15,15,20,18,9,22
361136,2,1,1983,0,0,12,0,21,0,0,10,0,0
361137,1,1,1983,0,0,0,0,0,0,0,0,0,0
361138,0,1,1983,0,21,28,19,0,10,15,11,0,11
361138,1,1,1983,0,0,0,17,0,0,0,0,11,0
361139,1,1,1983,0,0,0,0,0,0,0,0,28,0
361140,1,1,1983,20,15,11,12,10,10,15,10,14,29
361141,1,1,1983,11,11,37,1,14,17,24,27,11,15
361142,1,1,1983,10,13,15,13,15,20,9,19,18,21
361143,1,1,1983,0,0,0,0,0,0,0,0,0,0
361144,1,1,1983,0,0,0,0,0,0,0,0,0,0
361144,2,1,1983,0,0,0,0,0,0,0,0,0,0
361144,3,1,1983,0,0,0,0,0,0,0,0,0,0
361145,0,1,1983,0,0,0,0,0,0,0,0,0,0
361145,2,1,1983,0,0,0,0,0,0,0,0,0,0
361146,1,1,1983,0,0,0,0,0,0,0,0,0,0
361146,2,1,1983,0,0,0,0,0,0,0,0,0,0
361146,3,1,1983,0,0,0,0,0,0,0,0,0,0
361147,0,1,1983,0,0,0,0,0,0,0,0,0,0
361147,0,2,1983,0,0,0,9,0,0,0,16,0,0
361147,1,1,1983,22,5,13,7,17,9,0,29,17,17
361148,1,1,1983,0,0,0,0,0,0,0,0,0,0
361149,1,1,1983,0,0,0,0,0,0,0,0,0,0
361150,0,1,1983,0,0,0,0,0,0,0,0,0,0
361150,1,1,1983,0,0,0,0,0,0,0,0,0,0
361151,0,1,1983,16,16,16,16,16,16,16,16,16,16
361151,1,1,1983,0,0,0,0,0,0,0,0,0,0
361152,1,1,1983,14,14,14,14,14,14,14,14,14,14
361153,1,1,1983,0,0,0,0,0,0,0,0,0,0
361154,1,1,1983,0,0,13,0,0,17,0,0,0,0
361154,2,1,1983,0,0,0,0,0,0,0,0,0,0
361155,1,1,1983,0,0,0,15,0,0,0,0,0,0
361155,2,1,1983,0,0,7,0,0,0,0,0,0,0
361156,1,1,1983,0,0,0,0,0,0,0,0,14,0
361156,2,1,1983,0,0,0,0,0,0,0,0,0,0
361157,1,1,1983,0,0,0,0,0,0,0,0,0,0
361158,1,1,1983,0,0,0,0,0,0,0,0,0,0
361158,2,1,1983,0,0,0,0,0,0,0,0,0,0
361159,0,1,1983,0,0,0,0,0,0,0,0,0,0
361159,1,1,1983,9,17,24,10,8,14,19,16,9,24
361160,1,1,1983,0,0,0,0,0,0,0,0,0,0
361160,2,1,1983,0,0,0,27,0,0,0,0,0,0
361161,1,1,1983,22,22,22,22,22,22,22,22,22,22
361162,1,1,1983,20,20,20,20,20,20,20,20,20,20
361162,2,1,1983,0,0,0,0,0,4,0,0,0,0
361163,0,1,1983,0,0,0,0,0,0,0,0,0,0
361163,1,1,1983,0,0,0,0,0,0,0,0,0,0
361164,1,1,1983,0,0,0,0,0,0,19,0,0,0
361164,2,1,1983,8,0,18,23,0,0,8,17,26,18
361165,1,1,1983,0,0,0,0,0,0,0,0,0,0
361165,2,1,1983,0,0,15,0,7,0,0,0,0,0
361166,1,1,1983,0,0,21,0,0,0,0,0,0,0
361166,2,1,1983,19,0,0,0,0,0,0,11,0,0
361167,1,1,1983,0,0,0,0,0,0,0,0,0,0
361167,2,1,1983,16,16,16,16,16,16,16,16,16,16
361168,1,1,1983,12,12,12,12,12,12,12,12,12,12
361169,1,1,1983,14,19,17,15,11,8,0,20,29,18
361170,0,1,1983,0,0,0,0,0,0,0,0,0,0
361170,1,1,1983,0,0,0,0,0,0,0,0,0,0
361171,1,1,1983,31,31,31,31,31,31,31,31,31,31
361172,1,1,1983,20,20,20,20,20,20,20,20,20,20
361172,2,1,1983,0,0,0,0,0,0,0,0,0,0
361173,1,1,1983,0,0,0,0,0,0,0,0,0,0
361174,0,1,1983,0,0,9,0,0,0,0,0,0,0
361174,1,1,1983,0,0,0,0,0,0,0,0,0,0
361175,0,1,1983,0,0,0,0,0,0,0,0,0,0
361175,1,1,1983,0,0,0,0,0,0,17,0,0,0
361176,1,1,1983,1,1,1,1,1,1,1,1,1,1
361177,0,1,1983,10,15,0,0,20,15,22,11,0,0
361177,1,1,1983,0,0,0,3,0,0,0,0,0,0
361178,1,1,1983,32,32,32,32,32,32,32,32,32,32
361179,1,1,1983,0,0,0,0,0,0,0,0,7,0
361180,1,1,1983,0,0,31,0,7,36,24,0,0,22
361181,0,1,1983,0,0,14,11,0,17,39,0,0,14
361181,1,1,1983,0,20,0,0,0,0,0,0,0,0
361182,1,1,1983,17,15,0,28,15,22,6,28,21,18
361183,0,1,1983,12,19,17,25,20,28,17,11,15,20
361183,1,1,1983,13,0,0,0,13,0,0,0,10,0
361184,1,1,1983,0,0,0,0,0,0,0,0,0,0
361184,2,1,1983,0,0,0,0,0,0,0,0,0,0
361185,0,1,1983,0,0,0,0,0,0,0,0,0,0
361185,1,1,1983,0,0,0,0,0,0,0,0,0,0
361186,1,1,1983,0,0,0,0,0,0,0,0,0,0
361187,1,1,1983,14,14,14,14,14,14,14,14,14,14
361188,0,1,1983,0,0,0,0,0,0,0,0,0,0
361188,1,1,1983,0,0,0,0,0,0,0,16,0,0
361189,0,1,1983,0,0,0,0,0,0,0,0,0,0
361189,1,1,1983,0,0,0,0,0,0,0,0,0,0
361190,0,1,1983,3,0,0,0,0,0,0,0,0,0
361190,1,1,1983,0,0,0,0,0,0,0,0,0,0
361191,0,1,1983,19,0,0,0,0,0,0,0,0,0
361191,1,1,1983,0,0,0,0,0,0,0,0,0,0
361192,0,1,1983,0,0,0,0,0,0,0,0,0,0
361192,1,1,1983,0,0,0,0,0,0,0,0,0,0
361193,1,1,1983,0,0,0,0,0,0,0,0,0,0
361193,2,1,1983,0,0,0,22,0,0,0,10,0,11
361194,0,1,1983,0,0,15,0,0,0,0,0,0,0
361194,1,1,1983,0,0,0,0,0,0,0,0,0,0
361195,1,1,1983,20,13,16,13,18,6,17,9,14,12
361196,1,1,1983,14,0,14,9,5,17,11,8,0,5
361197,1,1,1983,0,0,0,0,0,0,0,0,0,0
361197,2,1,1983,0,24,0,0,0,0,0,0,0,0
361198,1,1,1983,11,9,0,40,0,0,8,19,0,0
361198,2,1,1983,20,7,8,0,0,20,24,0,9,0
361199,0,1,1983,0,0,0,0,0,0,0,0,0,0
361199,1,1,1983,0,0,0,0,0,14,0,0,0,0
361199,2,1,1983,0,0,0,0,0,0,0,0,0,0
361200,1,1,1983,0,0,0,0,0,12,0,0,0,0
361201,0,1,1983,0,0,24,0,0,0,16,0,0,15
361201,1,1,1983,0,0,0,0,0,0,0,0,0,0
361202,1,1,1983,0,19,10,0,17,9,7,0,4,19
361203,0,1,1983,44,0,0,0,0,0,0,0,0,0
361203,1,1,1983,0,0,0,0,0,0,0,0,0,0
361204,1,1,1983,0,0,0,0,0,0,0,0,0,0
361205,0,1,1983,0,0,0,0,0,0,0,0,0,0
361205,1,1,1983,9,10,28,7,11,31,17,10,13,23
361206,1,1,1983,0,0,0,0,0,0,0,0,0,0
361206,2,1,1983,0,0,0,0,0,0,14,0,49,5
361207,1,1,1983,13,13,13,13,13,13,13,13,13,13
361207,2,1,1983,31,0,0,22,8,21,8,15,0,0
361208,1,1,1983,0,0,12,0,0,0,0,0,0,0
361209,1,1,1983,9,9,9,9,9,9,9,9,9,9
361210,1,1,1983,0,0,0,0,0,0,0,0,0,0
361210,2,1,1983,0,0,0,7,0,0,0,0,17,0
361211,0,1,1983,0,42,0,0,0,0,0,0,0,0
361211,1,1,1983,0,0,0,0,0,0,0,0,0,37
361212,1,1,1983,0,9,0,0,13,0,10,13,13,0
361212,2,1,1983,16,16,16,16,16,16,16,16,16,16
361213,1,1,1983,0,31,0,12,20,0,5,8,0,28
361214,1,1,1983,0,0,0,0,0,0,0,0,0,0
361214,2,1,1983,0,0,0,0,0,0,0,0,0,0
361215,1,1,1983,0,0,0,0,0,0,0,0,0,0
361215,2,1,1983,0,0,0,0,0,0,0,0,0,0
361216,0,1,1983,25,0,9,0,15,9,0,10,0,0
361216,1,1,1983,15,10,13,0,0,0,0,14,0,0
361217,1,1,1983,28,13,0,15,19,0,0,21,0,0
361218,0,1,1983,0,6,0,0,0,0,0,41,0,0
361218,1,1,1983,0,0,0,0,0,7,0,0,0,5
361219,1,1,1983,16,0,8,21,0,13,0,0,18,28
361219,2,1,1983,4,0,0,0,0,0,0,0,0,0
361220,1,1,1983,0,0,0,0,0,0,0,0,0,0
361220,2,1,1983,0,0,0,0,0,0,0,0,0,0
361221,0,1,1983,35,27,0,0,3,0,0,25,0,9
361221,1,1,1983,34,10,20,23,0,19,20,0,15,15
361222,1,1,1983,18,0,35,0,0,0,0,0,0,13
361223,1,1,1983,0,0,0,4,26,4,0,0,0,0
361223,2,1,1983,0,0,0,0,0,0,0,0,0,0
361224,1,1,1983,27,0,24,0,8,7,16,12,6,24
361225,1,1,1983,31,29,18,10,14,15,10,13,9,19
361226,0,1,1983,20,0,0,15,11,0,0,40,26,0
361226,1,1,1983,0,0,0,0,0,0,0,0,0,0
361227,1,1,1983,0,0,0,0,0,0,0,0,0,0
361227,2,1,1983,7,7,7,7,7,7,7,7,7,7
361227,3,1,1983,0,0,0,0,0,0,0,0,0,0
361228,1,1,1983,16,16,16,16,16,16,16,16,16,16
361229,1,1,1983,20,20,20,20,20,20,20,20,20,20
361230,1,1,1983,0,0,0,21,10,0,0,11,0,0
361231,0,1,1983,0,0,14,0,0,0,0,0,0,0
361231,0,2,1983,0,0,0,0,0,0,0,0,0,0
361231,1,1,1983,0,0,0,0,18,0,0,0,0,0
361232,1,1,1983,7,0,11,8,8,5,32,0,4,9
361233,1,1,1983,9,9,9,9,9,9,9,9,9,9
361234,1,1,1983,0,0,0,0,0,0,25,0,0,0
361235,0,1,1983,0,21,22,0,0,0,0,0,0,20
361235,1,1,1983,14,0,0,0,0,0,0,0,29,0
361236,1,1,1983,14,0,0,0,0,0,0,0,0,0
361236,2,1,1983,0,0,0,0,0,0,0,0,0,0
361237,1,1,1983,0,8,0,10,0,20,18,0,13,8
361238,1,1,1983,21,14,16,19,11,15,21,14,9,19
361239,1,1,1983,5,5,5,5,5,5,5,5,5,5
361240,1,1,1983,0,0,23,0,0,0,0,0,0,0
361240,2,1,1983,12,14,19,21,8,22,3,13,13,12
361241,0,1,1983,10,10,10,10,10,10,10,10,10,10
361241,1,1,1983,0,0,0,0,0,0,0,0,4,0
361242,1,1,1983,12,24,0,10,0,0,0,7,23,0
361242,2,1,1983,0,0,0,0,0,0,0,0,12,0
361243,0,1,1983,0,0,0,0,0,0,0,0,0,26
361243,1,1,1983,0,0,0,29,0,0,0,0,0,12
361244,1,1,1983,0,0,0,0,0,0,0,0,0,0
361245,0,1,1983,0,0,0,0,0,0,0,0,0,0
361245,1,1,1983,16,0,0,0,0,0,0,0,0,0
361246,1,1,1983,0,0,0,0,0,0,0,0,0,0
361246,2,1,1983,12,12,12,12,12,12,12,12,12,12
361247,1,1,1983,6,6,6,6,6,6,6,6,6,6
361248,1,1,1983,14,14,14,14,14,14,14,14,14,14
361249,1,1,1983,0,37,0,0,12,0,0,0,13,0
361250,1,1,1983,17,17,17,17,17,17,17,17,17,17
361251,1,1,1983,0,0,0,0,0,0,0,0,0,0
361251,2,1,1983,0,0,0,0,0,0,0,0,0,0
361252,1,1,1983,0,0,0,0,0,0,0,0,0,0
361252,2,1,1983,0,0,0,9,0,0,0,11,0,0
361253,1,1,1983,24,23,12,33,16,25,0,9,22,35
361254,0,1,1983,0,0,20,14,0,0,0,0,0,0
361254,1,1,1983,0,0,0,0,0,0,0,0,0,0
361255,1,1,1983,0,31,0,0,0,0,0,0,0,0
361255,2,1,1983,0,0,0,0,0,0,0,0,0,0
361256,1,1,1983,21,22,26,21,0,12,19,17,13,24
361256,2,1,1983,15,0,0,0,0,0,0,0,0,0
361257,1,1,1983,0,0,0,0,0,0,0,0,0,0
361258,1,1,1983,0,0,13,0,26,0,0,6,0,0
361259,0,1,1983,0,0,15,0,0,0,25,0,0,0
361259,1,1,1983,0,0,0,0,0,0,0,0,0,0
361260,0,1,1983,0,0,0,0,0,0,0,0,0,0
361260,1,1,1983,0,19,0,0,0,0,0,0,0,10
361261,1,1,1983,13,13,13,13,13,13,13,13,13,13
361262,1,1,1983,11,11,11,11,11,11,11,11,11,11
361263,1,1,1983,0,0,0,0,0,0,0,0,0,0
361263,2,1,1983,0,0,0,0,0,0,0,0,0,0
361264,0,1,1983,18,18,18,18,18,18,18,18,18,18
361264,1,1,1983,0,0,0,0,0,0,0,0,0,0
361265,1,1,1983,18,27,10,19,12,9,8,23,14,27
361266,0,1,1983,0,0,0,0,0,23,0,21,0,0
361266,1,1,1983,0,0,0,0,0,0,0,0,0,0
361266,2,1,1983,0,0,0,0,0,0,0,0,0,0
361267,1,1,1983,9,25,20,8,37,18,10,15,20,16
361269,0,1,1983,0,0,0,0,0,0,0,0,0,0
361269,1,1,1983,19,18,12,16,15,13,13,27,25,15
361270,1,1,1983,21,0,14,3,0,0,11,0,17,0
361270,2,1,1983,0,0,0,0,0,8,0,0,0,0
361271,0,1,1983,0,0,17,18,11,0,0,16,0,39
361271,1,1,1983,7,8,7,6,0,0,0,25,5,0
361271,2,1,1983,0,0,0,0,0,0,0,0,0,0
361272,0,1,1983,0,0,0,0,0,0,0,0,0,0
361272,1,1,1983,0,0,0,0,0,0,0,0,0,0
361273,0,1,1983,0,0,0,0,0,0,0,0,0,0
361273,1,1,1983,0,0,0,0,0,0,0,0,0,0
361274,1,1,1983,0,0,0,0,0,0,0,0,0,0
361275,1,1,1983,0,0,0,6,0,0,7,10,12,0
361276,1,1,1983,25,25,25,25,25,25,25,25,25,25
361277,0,1,1983,20,20,20,20,20,20,20,20,20,20
361277,1,1,1983,10,2,3,17,8,20,28,12,11,9
361278,1,1,1983,0,0,0,0,0,0,0,0,0,0
361278,2,1,1983,0,0,0,0,0,0,0,0,0,0
361279,1,1,1983,0,0,0,0,0,0,0,0,0,0
361279,2,1,1983,0,0,0,0,0,0,0,0,0,0
361280,0,1,1983,13,13,13,13,13,13,13,13,13,13
361280,1,1,1983,9,10,20,28,22,15,6,9,4,15
361281,1,1,1983,0,24,0,19,0,16,0,0,13,0
361282,0,1,1983,0,9,0,0,0,0,0,0,0,0
361282,1,1,1983,0,0,0,0,0,0,0,0,0,15
361282,2,1,1983,0,0,0,0,0,0,0,0,0,0
361283,0,1,1983,16,0,16,19,0,27,24,30,16,19
361283,1,1,1983,0,17,25,29,36,13,20,0,22,7
361284,1,1,1983,0,4,0,18,4,19,22,31,0,9
361285,0,1,1983,11,11,11,11,11,11,11,11,11,11
361285,1,1,1983,7,16,25,5,12,10,27,24,11,28
361286,1,1,1983,7,7,7,7,7,7,7,7,7,7
361286,2,1,1983,0,0,0,0,0,0,0,0,0,0
361287,0,1,1983,0,0,0,0,0,0,0,0,0,0
361287,1,1,1983,0,0,0,0,0,0,0,0,0,0
361288,1,1,1983,0,0,8,0,0,0,0,0,0,0
361288,2,1,1983,0,0,0,0,0,0,0,24,0,0
361289,1,1,1983,0,0,0,0,0,0,0,0,0,0
361289,2,1,1983,0,0,0,0,0,0,12,11,0,0
361290,0,1,1983,22,0,0,0,0,15,0,0,0,29
361290,1,1,1983,0,0,0,0,0,0,0,0,0,0
361291,1,1,1983,0,0,0,0,0,0,0,0,0,0
361291,2,1,1983,0,0,0,0,0,0,0,0,0,0
361292,1,1,1983,13,11,18,18,8,20,24,12,17,0
361293,1,1,1983,19,7,23,11,7,28,4,20,25,30
361294,0,1,1983,0,0,0,0,0,0,0,0,0,0
361294,1,1,1983,0,0,0,0,0,0,0,0,0,0
361295,1,1,1983,0,0,0,9,0,0,0,0,0,0
361295,2,1,1983,0,0,0,0,0,0,0,0,0,0
361296,1,1,1983,0,0,0,0,0,0,0,0,0,0
361296,2,1,1983,9,0,0,0,0,0,0,0,0,0
361297,1,1,1983,0,13,7,9,16,4,10,20,15,2
361298,0,1,1983,0,0,0,0,0,0,0,0,0,0
361298,1,1,1983,10,15,14,20,19,9,0,18,7,3
361299,1,1,1983,22,22,22,22,22,22,22,22,22,22
361300,1,1,1983,15,15,15,15,15,15,15,15,15,15
361301,1,1,1983,25,25,25,25,25,25,25,25,25,25
361301,2,1,1983,0,0,0,0,0,0,0,0,15,0
361302,1,1,1983,22,0,5,0,13,0,27,0,31,13
361302,2,1,1983,0,0,0,0,0,0,0,0,0,0
361303,0,1,1983,22,22,22,22,22,22,22,22,22,22
361303,1,1,1983,5,19,20,26,24,14,23,10,12,12
361304,1,1,1983,16,0,26,29,23,21,12,18,22,16
361305,1,1,1983,0,0,0,0,0,0,0,0,0,0
361306,1,1,1983,0,0,0,8,0,16,19,0,0,0
361306,2,1,1983,0,0,0,0,0,0,0,0,0,0
361307,1,1,1983,12,0,17,0,22,0,0,0,18,0
361307,2,1,1983,0,0,0,0,0,0,0,0,0,0
361308,1,1,1983,0,0,0,0,0,0,0,0,0,0
361308,2,1,1983,0,0,0,0,0,0,0,0,0,0
361309,1,1,1983,0,0,0,0,0,0,0,0,0,0
361310,1,1,1983,14,0,0,16,0,17,2,39,13,11
361311,1,1,1983,0,0,0,0,0,0,0,0,0,0
361312,1,1,1983,13,4,3,13,11,17,19,11,34,6
361313,1,1,1983,6,6,6,6,6,6,6,6,6,6
361314,0,1,1983,0,0,0,0,0,0,0,0,0,0
361314,1,1,1983,0,0,0,0,0,0,0,0,0,0
361314,2,1,1983,0,0,0,0,0,0,0,0,0,0
361315,0,1,1983,0,0,0,0,0,0,0,0,0,0
361315,1,1,1983,0,0,0,10,0,0,0,0,0,0
361316,1,2,1983,21,0,21,31,0,0,12,0,4,5
361317,1,1,1983,0,0,0,0,0,27,0,30,0,17
361318,1,1,1983,0,0,0,16,0,12,0,0,0,0
361319,0,1,1983,7,7,7,7,7,7,7,7,7,7
361319,1,1,1983,0,0,0,0,0,0,32,0,0,0
361320,1,1,1983,0,0,0,0,0,0,0,0,0,0
361320,2,1,1983,0,0,0,0,0,0,0,0,0,0
361321,1,1,1983,0,0,0,0,0,0,0,0,0,0
361321,2,1,1983,0,0,0,30,0,0,0,0,0,0
361322,1,1,1983,0,0,0,0,0,0,0,0,0,0
361323,1,1,1983,7,7,7,7,7,7,7,7,7,7
361324,0,1,1983,0,0,0,0,0,0,0,0,0,0
361324,1,1,1983,0,0,0,0,0,0,0,0,0,0
361325,1,1,1983,27,28,15,36,26,22,8,18,22,18
361326,1,1,1983,23,23,23,23,23,23,23,23,23,23
361327,1,1,1983,0,0,0,0,0,0,0,0,0,0
361327,2,1,1983,0,0,0,0,0,0,0,0,13,0
361328,1,1,1983,0,0,0,0,0,0,0,0,0,0
361328,2,1,1983,0,0,0,0,0,0,0,0,0,0
361329,0,1,1983,0,0,0,0,0,0,0,17,0,0
361329,1,1,1983,0,12,0,16,22,10,23,14,16,0
361330,0,1,1983,0,0,2,0,0,0,0,0,0,0
361330,1,1,1983,2,0,0,0,0,0,0,0,0,0
361331,1,1,1983,0,0,0,0,0,0,0,0,0,0
361332,0,1,1983,0,0,0,0,0,0,0,0,0,0
361332,1,1,1983,0,25,24,9,22,0,15,11,18,23
361333,0,1,1983,8,0,0,16,38,10,7,0,21,0
361333,1,1,1983,0,0,0,0,0,0,20,10,0,0
361334,1,1,1983,0,0,0,4,0,0,0,0,0,0
361334,2,1,1983,24,24,24,24,24,24,24,24,24,24
361335,1,1,1983,0,0,0,18,22,0,0,0,0,0
361335,2,1,1983,13,6,6,8,10,11,14,13,18,18
361336,1,1,1983,10,0,0,16,29,0,10,0,0,16
361336,2,1,1983,0,0,0,0,10,0,0,0,12,0
361337,1,1,1983,0,25,0,0,0,0,0,9,0,30
361337,2,1,1983,0,0,0,0,0,0,0,0,0,3
361338,1,1,1983,12,12,12,12,12,12,12,12,12,12
361338,2,1,1983,0,5,0,0,17,0,0,14,0,0
361339,1,1,1983,0,0,0,0,0,0,0,0,0,0
361339,2,1,1983,25,19,14,32,23,22,12,38,0,19
361340,0,1,1983,0,0,6,0,0,0,0,0,0,14
361340,1,1,1983,22,15,7,0,0,0,23,0,0,0
361341,0,1,1983,0,0,0,0,0,0,0,0,0,0
361341,1,1,1983,0,0,0,0,0,0,0,9,0,0
361342,1,1,1983,20,0,0,16,0,0,11,0,0,15
361343,0,1,1983,0,0,0,0,0,0,0,0,0,0
361343,1,1,1983,0,0,0,0,0,0,0,0,0,0
361344,1,1,1983,2,2,2,2,2,2,2,2,2,2
361345,0,1,1983,0,0,0,0,0,0,0,0,0,0
361345,1,1,1983,0,0,0,0,3,0,0,0,0,0
361346,1,1,1983,0,0,0,0,0,0,0,0,0,0
361346,2,1,1983,0,0,0,0,0,0,0,0,0,0
361347,1,1,1983,10,14,16,21,10,17,17,7,3,16
361348,0,1,1983,19,30,0,0,0,0,16,0,17,22
361348,3,1,1983,10,1,14,23,18,18,8,18,14,13
361349,1,1,1983,0,0,0,0,0,0,0,0,0,0
361350,1,1,1983,20,20,20,20,20,20,20,20,20,20
361351,1,1,1983,15,15,15,15,15,15,15,15,15,15
361352,1,1,1983,0,0,0,0,0,0,0,0,0,0
361352,2,1,1983,0,0,0,0,0,0,0,0,0,0
361353,1,1,1983,12,12,12,12,12,12,12,12,12,12
361353,2,1,1983,0,0,0,0,0,0,0,0,0,0
361354,0,1,1983,20,20,20,20,20,20,20,20,20,20
361354,1,1,1983,0,0,0,0,0,0,0,6,4,5
361355,1,1,1983,1,1,1,1,1,1,1,1,1,1
361356,0,1,1983,0,0,0,0,0,0,0,0,0,0
361356,1,1,1983,0,0,0,0,23,0,0,0,0,0
361357,1,1,1983,0,0,0,0,0,0,0,0,0,0
361357,2,1,1983,0,0,0,0,0,0,0,0,0,0
361358,1,1,1983,0,0,0,0,0,0,0,0,0,0
361358,2,1,1983,23,0,23,5,0,0,0,0,21,0
361359,1,1,1983,0,0,0,0,0,0,0,0,0,0
361359,2,1,1983,0,0,0,0,0,0,0,0,0,0
361360,1,1,1983,27,27,13,34,25,22,20,23,13,21
361361,0,1,1983,0,0,0,0,0,0,0,0,0,0
361361,1,1,1983,0,0,15,9,24,27,19,14,20,30
361362,1,1,1983,7,7,7,7,7,7,7,7,7,7
361362,2,1,1983,9,7,11,7,0,16,17,25,11,14
361363,1,1,1983,18,0,17,24,7,11,13,16,8,26
361364,1,1,1983,0,0,6,12,12,0,0,7,0,16
361364,2,1,1983,9,12,11,30,7,11,11,26,10,9
361366,1,1,1983,9,6,21,8,0,15,15,28,18,16
361366,2,1,1983,15,14,12,13,3,9,0,11,3,12
361367,1,1,1983,0,0,0,0,16,0,0,31,0,0
361367,2,1,1983,11,0,0,0,0,0,0,6,0,0
361367,3,1,1983,17,0,8,0,0,0,0,0,0,0
361367,4,1,1983,0,0,0,0,0,0,0,0,0,0
361367,5,1,1983,20,0,10,10,0,0,11,16,15,0
361367,6,1,1983,0,13,14,0,0,0,0,0,0,9
361367,7,1,1983,0,0,0,0,0,0,0,0,0,0
361368,1,1,1983,0,0,0,0,11,0,17,0,0,12
361368,2,1,1983,4,8,6,0,19,0,12,0,0,13
361369,1,1,1983,15,24,15,10,10,24,9,12,10,0
361369,2,1,1983,17,17,17,17,17,17,17,17,17,17
361370,1,1,1983,11,14,9,12,11,35,10,12,17,30
361371,0,1,1983,0,0,0,0,0,0,0,0,0,0
361371,0,2,1983,24,0,48,5,14,17,24,14,16,0
361371,1,1,1983,27,12,10,18,22,13,16,21,21,9
361372,1,1,1983,16,16,16,16,16,16,16,16,16,16
361373,1,1,1983,12,12,12,12,12,12,12,12,12,12
361374,0,1,1983,0,0,0,0,0,13,12,0,0,0
361374,1,1,1983,0,0,0,32,0,0,0,0,0,0
361375,1,1,1983,23,23,23,23,23,23,23,23,23,23