ST_CASE,VEH_NO,PER_NO,YEAR,P1,P2,P3,P4,P5,P6,P7,P8,P9,P10
361376,1,1,1983,0,0,0,0,0,0,0,0,0,0
361377,1,1,1983,0,0,0,0,0,0,0,0,0,0
361377,2,1,1983,0,0,0,0,0,0,0,0,0,0
361377,3,1,1983,0,0,0,0,0,0,0,0,0,0
361378,0,1,1983,0,0,0,0,0,0,0,0,0,0
361378,1,1,1983,0,0,0,0,0,0,0,0,0,0
361379,0,1,1983,7,0,7,11,0,11,0,0,27,0
361379,1,1,1983,28,0,12,0,0,0,0,21,0,0
361380,1,1,1983,6,0,20,0,12,0,33,19,0,16
361381,1,1,1983,16,17,8,21,20,14,16,24,17,19
361382,0,1,1983,32,32,32,32,32,32,32,32,32,32
361382,1,1,1983,0,0,0,0,0,0,0,0,0,0
361383,1,1,1983,19,24,27,7,7,22,2,25,13,4
361384,1,1,1983,23,28,4,14,13,24,32,24,16,7
361385,1,1,1983,21,0,0,0,0,16,8,0,0,7
361385,2,1,1983,0,0,0,0,0,0,22,0,0,0
361386,0,1,1983,0,0,0,0,0,0,0,0,0,0
361386,1,1,1983,0,0,0,0,0,0,0,0,0,0
361387,0,1,1983,11,33,12,0,26,0,0,0,0,0
361387,1,1,1983,7,27,0,0,0,21,30,0,5,0
361388,1,1,1983,31,31,31,31,31,31,31,31,31,31
361389,0,1,1983,19,19,19,19,19,19,19,19,19,19
361389,1,1,1983,0,0,0,0,0,0,0,0,29,0
361390,1,1,1983,18,18,18,18,18,18,18,18,18,18
361391,0,1,1983,7,0,0,10,0,0,0,0,3,0
361391,1,1,1983,10,11,10,21,16,0,15,26,22,26
361392,0,1,1983,32,21,19,0,33,8,6,32,22,32
361392,0,2,1983,0,38,0,42,0,0,10,0,0,0
361392,1,1,1983,9,0,0,0,0,0,9,0,0,0
361393,1,1,1983,26,19,22,31,31,24,10,27,25,11
361394,1,1,1983,0,0,0,0,0,0,0,0,0,0
361395,1,1,1983,0,0,0,0,0,0,0,0,0,0
361395,2,1,1983,0,18,0,10,0,8,0,0,0,6
361396,0,1,1983,0,23,13,14,0,0,0,0,14,12
361396,1,1,1983,0,22,0,0,0,0,23,0,11,0
361397,0,1,1983,0,0,8,0,0,0,0,0,0,0
361397,1,1,1983,10,8,0,23,0,0,20,0,0,15
361398,0,1,1983,17,21,0,19,0,0,0,0,0,12
361398,1,1,1983,0,0,15,0,0,15,0,0,16,0
361399,1,1,1983,0,0,0,0,0,0,0,0,0,0
361399,2,1,1983,0,0,0,18,0,0,0,0,33,0
361399,3,1,1983,0,0,0,0,0,0,0,0,0,0
361400,1,1,1983,0,0,0,0,10,0,0,0,0,0
361400,2,1,1983,0,31,0,0,0,0,0,0,16,0
361401,0,1,1983,0,0,0,0,0,0,0,0,0,0
361401,1,1,1983,0,0,0,0,8,0,0,0,0,0
361402,1,1,1983,0,0,0,8,0,0,0,0,0,0
361403,1,1,1983,8,19,0,0,0,0,0,0,0,0
361403,2,1,1983,31,31,31,31,31,31,31,31,31,31
361404,0,1,1983,0,0,0,0,0,0,0,0,0,0
361404,1,1,1983,0,0,0,0,0,0,0,0,5,0
361405,0,1,1983,0,0,0,0,18,0,0,0,0,0
361405,1,1,1983,0,0,0,0,0,0,0,0,0,0
361406,1,1,1983,0,0,0,0,13,0,0,0,0,0
361406,2,1,1983,0,0,0,0,0,0,0,0,0,0
361407,1,1,1983,36,23,13,19,14,17,36,22,19,12
361408,1,1,1983,0,14,6,24,11,7,0,14,0,0
361409,2,1,1983,25,5,17,13,0,0,0,0,0,33
361410,0,1,1983,0,0,0,0,0,0,0,0,0,0
361410,1,1,1983,0,0,0,0,0,0,0,0,0,0
361411,0,1,1983,0,0,0,0,0,0,0,0,0,0
361411,1,1,1983,0,0,0,0,0,0,0,0,18,0
361412,0,1,1983,0,0,0,11,0,0,0,0,0,0
361412,1,1,1983,0,0,14,0,0,0,0,0,0,0
361413,1,1,1983,5,5,12,17,15,16,10,16,9,10
361414,1,1,1983,21,21,21,21,21,21,21,21,21,21
361415,1,1,1983,50,50,50,50,50,50,50,50,50,50
361415,2,1,1983,0,0,0,0,0,0,0,0,0,0
361416,1,1,1983,0,0,0,0,0,12,0,15,0,22
361417,1,1,1983,0,0,0,0,0,0,0,0,0,0
361417,2,1,1983,0,0,0,0,0,0,0,0,0,0
361418,1,1,1983,11,6,12,8,0,0,4,20,0,3
361418,2,1,1983,0,0,0,0,0,0,0,0,0,0
361419,1,1,1983,0,0,0,0,0,0,0,0,0,0
361420,0,1,1983,0,0,0,0,0,0,0,0,0,0
361420,1,1,1983,0,0,0,0,0,0,0,0,0,0
361421,1,1,1983,20,20,20,20,20,20,20,20,20,20
361422,1,1,1983,0,0,0,0,0,0,0,0,0,0
361422,2,1,1983,0,0,0,0,0,0,0,0,0,0
361422,3,1,1983,0,0,0,0,0,0,0,0,0,0
361422,4,1,1983,0,0,20,0,0,0,0,0,0,0
361423,1,1,1983,27,27,27,27,27,27,27,27,27,27
361424,1,1,1983,0,0,0,0,0,0,0,0,0,0
361424,2,1,1983,0,0,0,0,0,0,0,0,0,0
361425,1,1,1983,12,12,12,12,12,12,12,12,12,12
361425,2,1,1983,0,0,0,0,0,0,0,0,0,0
361426,1,1,1983,0,0,0,0,0,0,0,19,0,0
361426,2,1,1983,0,0,0,10,20,0,0,0,9,0
361427,1,1,1983,0,0,0,0,0,0,0,0,0,0
361427,2,1,1983,0,0,0,0,0,0,0,0,0,0
361428,1,1,1983,16,16,16,16,16,16,16,16,16,16
361429,1,1,1983,0,0,0,0,32,0,0,0,19,0
361429,2,1,1983,0,0,0,12,0,0,11,0,0,23
361430,1,1,1983,0,21,4,0,0,0,23,0,6,0
361431,1,1,1983,11,11,11,11,11,11,11,11,11,11
361432,1,1,1983,0,0,0,0,0,0,0,0,0,0
361432,2,1,1983,0,0,0,0,0,0,0,0,0,0
361433,1,1,1983,18,9,20,0,11,0,0,0,0,0
361434,1,1,1983,0,0,0,0,0,0,0,0,0,0
361434,2,1,1983,0,17,15,18,21,34,11,0,29,19
361435,0,1,1983,25,25,25,25,25,25,25,25,25,25
361435,1,1,1983,5,20,10,4,16,0,10,17,10,20
361436,1,1,1983,0,0,0,0,0,0,0,0,0,0
361437,1,1,1983,0,0,0,0,0,0,0,0,0,0
361437,2,1,1983,0,0,0,0,0,0,0,0,0,0
361438,1,1,1983,41,41,41,41,41,41,41,41,41,41
361439,0,1,1983,0,5,0,0,12,0,0,0,0,0
361439,1,1,1983,0,0,0,6,0,0,0,0,0,0
361440,1,1,1983,0,0,0,0,9,11,0,0,0,0
361440,2,1,1983,3,0,0,0,0,0,0,0,0,0
361441,1,1,1983,24,24,24,24,24,24,24,24,24,24
361442,0,1,1983,0,0,0,0,0,0,0,0,0,0
361442,1,1,1983,0,0,0,0,0,19,0,0,0,0
361443,1,1,1983,20,20,20,20,20,20,20,20,20,20
361444,0,1,1983,0,0,0,0,0,0,0,15,0,21
361444,1,1,1983,0,0,0,0,0,0,0,0,0,0
361445,0,1,1983,0,0,16,0,0,27,0,0,5,31
361445,1,1,1983,0,0,0,0,0,0,0,0,0,0
361446,1,1,1983,14,10,11,24,21,29,0,17,26,21
361447,0,1,1983,0,0,0,0,0,0,0,0,0,0
361447,1,1,1983,15,13,14,12,7,31,17,6,15,15
361448,1,1,1983,0,0,0,0,0,0,0,0,0,12
361450,1,1,1983,27,27,27,27,27,27,27,27,27,27
361451,1,1,1983,10,14,15,38,8,12,7,13,11,12
361451,2,1,1983,0,0,0,19,0,0,0,0,0,0
361452,0,1,1983,0,14,0,0,0,0,0,0,17,0
361452,1,1,1983,0,0,0,0,0,0,0,0,0,0
361453,0,1,1983,12,0,20,15,30,7,16,0,27,0
361453,0,2,1983,0,4,29,0,0,0,0,0,14,0
361453,1,1,1983,24,0,0,13,0,0,12,19,0,0
361453,2,1,1983,0,0,0,0,8,0,0,0,0,0
361453,3,1,1983,0,0,0,0,0,0,0,0,0,0
361454,1,1,1983,0,0,0,0,0,0,0,0,0,0
361454,2,1,1983,0,0,0,0,0,0,0,0,0,0
361455,0,1,1983,0,0,0,0,0,0,0,0,12,0
361455,1,1,1983,0,0,0,0,0,0,0,0,0,0
361456,1,1,1983,0,0,0,0,0,0,0,0,0,0
361456,2,1,1983,0,0,0,0,0,0,0,0,0,0
361457,1,1,1983,10,10,10,10,10,10,10,10,10,10
361458,1,1,1983,15,15,15,15,15,15,15,15,15,15
361459,1,1,1983,0,0,0,0,0,0,0,0,0,0
361460,0,1,1983,0,0,0,0,0,0,0,0,0,0
361460,0,2,1983,11,0,0,0,0,0,0,31,0,0
361460,1,1,1983,13,18,23,9,19,16,9,7,25,9
361461,1,1,1983,0,0,0,0,0,0,0,0,0,0
361461,2,1,1983,0,0,0,0,0,0,0,0,0,0
361461,3,1,1983,35,11,0,13,8,8,0,0,0,0
361462,0,1,1983,0,0,0,0,0,0,0,0,0,0
361462,0,2,1983,0,16,18,0,0,0,0,0,15,19
361462,1,1,1983,0,0,0,0,0,0,0,0,0,0
361463,0,1,1983,34,34,34,34,34,34,34,34,34,34
361463,1,1,1983,9,15,0,24,8,6,7,13,8,0
361464,1,2,1983,0,0,0,0,0,0,0,0,13,0
361464,2,1,1983,3,3,3,3,3,3,3,3,3,3
361465,1,1,1983,16,16,16,16,16,16,16,16,16,16
361466,1,1,1983,0,18,0,22,0,0,28,17,0,0
361467,1,1,1983,0,0,0,0,0,0,0,0,0,0
361468,1,1,1983,0,0,0,0,0,0,0,0,0,0
361469,1,1,1983,27,18,16,13,21,16,7,19,10,19
361470,1,1,1983,22,0,0,0,20,0,0,13,23,14
361471,1,1,1983,0,0,0,0,0,0,0,0,0,0
361472,1,1,1983,0,0,0,0,0,0,0,0,0,0
361472,2,1,1983,0,5,0,0,0,10,13,18,0,25
361473,0,1,1983,0,0,0,0,0,0,0,0,0,0
361473,1,1,1983,0,0,0,0,0,0,0,0,0,0
361474,1,1,1983,0,0,0,0,0,0,0,0,0,0
361475,1,1,1983,0,0,0,0,0,0,0,0,0,0
361475,2,1,1983,0,0,0,0,0,0,0,0,0,0
361476,1,1,1983,0,0,0,0,0,0,0,0,0,0
361477,0,1,1983,0,0,0,0,0,14,0,0,0,0
361477,1,1,1983,0,0,0,0,0,0,0,0,25,0
361478,1,1,1983,0,0,0,0,0,0,0,0,0,0
361478,2,1,1983,0,0,0,0,0,0,0,0,0,0
361479,0,1,1983,25,20,21,16,26,15,0,21,17,10
361479,1,1,1983,11,26,18,19,13,17,11,2,15,0
361480,1,1,1983,0,0,0,0,0,0,11,0,0,0
361481,1,1,1983,17,21,21,21,17,38,33,19,19,11
361482,1,1,1983,4,4,4,4,4,4,4,4,4,4
361483,1,1,1983,5,9,18,21,16,26,14,18,16,6
361483,2,1,1983,0,0,0,0,0,8,0,0,0,0
361484,0,1,1983,38,0,37,24,24,22,13,31,4,0
361484,1,1,1983,19,22,9,15,0,9,5,3,28,0
361485,1,1,1983,22,22,22,22,22,22,22,22,22,22
361486,1,1,1983,0,0,0,0,0,0,0,0,0,0
361486,2,1,1983,0,0,0,0,0,0,0,0,0,0
361487,1,1,1983,0,0,0,0,0,0,0,8,0,0
361487,2,1,1983,0,0,0,0,0,0,0,0,0,0
361488,2,1,1983,14,14,14,14,14,14,14,14,14,14
361489,1,1,1983,20,14,14,0,14,26,22,18,13,22
361490,0,1,1983,0,0,0,0,0,0,0,0,0,0
361490,1,1,1983,0,0,0,0,0,0,0,0,0,0
361491,0,1,1983,27,27,27,27,27,27,27,27,27,27
361491,1,1,1983,0,9,0,0,7,0,0,9,0,0
361492,0,1,1983,0,11,34,16,20,0,0,27,0,0
361492,1,1,1983,0,0,0,3,0,0,0,0,0,0
361493,1,1,1983,0,0,17,0,0,0,0,0,0,0
361493,2,1,1983,0,0,0,0,0,0,0,0,0,0
361494,1,1,1983,0,0,0,0,0,0,0,0,0,0
361494,2,1,1983,0,0,0,0,0,0,0,0,0,0
361495,0,1,1983,0,0,0,0,0,0,16,0,0,0
361495,1,1,1983,0,0,0,0,0,0,0,0,0,0
361496,1,1,1983,0,0,0,0,0,28,25,38,30,28
361496,2,1,1983,0,23,0,0,0,0,0,15,0,28
361496,3,1,1983,0,30,0,15,10,14,0,0,0,0
361497,1,1,1983,0,0,0,0,0,0,0,0,0,0
361498,1,1,1983,0,0,0,0,0,0,0,0,0,0
361498,2,1,1983,0,0,0,0,0,0,0,0,0,0
361499,1,1,1983,0,0,0,0,0,0,0,0,0,0
361499,2,1,1983,16,0,0,0,0,0,7,0,0,0
361500,0,1,1983,0,0,0,0,0,0,0,0,0,0
361500,1,1,1983,0,0,0,0,0,0,0,0,0,0
361501,1,1,1983,26,6,19,0,0,0,0,0,0,16
361502,1,1,1983,0,0,0,0,0,0,0,0,0,0
361503,1,1,1983,32,0,0,0,0,22,0,0,0,0
361504,0,1,1983,0,0,0,0,0,0,0,0,0,0
361504,0,2,1983,0,0,0,0,0,0,0,0,0,0
361504,1,1,1983,0,0,0,0,0,0,0,0,0,0
361505,1,1,1983,2,7,13,11,25,18,16,14,11,4
361505,2,1,1983,18,0,3,0,0,0,0,0,0,0
361506,0,1,1983,0,0,0,0,0,0,0,0,0,0
361506,1,1,1983,0,0,0,0,0,0,0,0,0,0
361507,1,1,1983,0,0,0,0,0,0,0,0,0,0
361507,2,1,1983,0,0,0,0,0,0,0,0,0,0
361508,1,1,1983,2,2,2,2,2,2,2,2,2,2
361509,1,1,1983,0,0,0,0,0,0,0,0,0,0
361509,2,1,1983,0,0,0,0,0,0,0,0,0,0
361510,0,1,1983,0,0,0,0,0,0,0,0,0,0
361510,1,1,1983,4,0,0,0,0,0,0,6,0,0
361511,1,1,1983,22,22,22,22,22,22,22,22,22,22
361512,1,1,1983,0,0,0,0,0,0,0,0,11,2
361513,1,1,1983,19,19,19,19,19,19,19,19,19,19
361514,0,1,1983,0,0,0,0,0,0,0,0,0,0
361514,1,1,1983,0,0,0,0,0,0,0,0,0,0
361515,0,1,1983,0,0,0,0,21,0,0,0,0,0
361515,1,1,1983,0,0,0,0,0,14,0,0,0,0
361516,1,1,1983,21,21,21,21,21,21,21,21,21,21
361517,1,1,1983,12,12,12,12,12,12,12,12,12,12
361518,0,1,1983,16,0,18,0,26,25,25,18,0,28
361518,1,1,1983,0,0,0,0,0,0,0,0,0,0
361519,0,1,1983,0,0,0,0,0,0,0,0,24,0
361519,1,1,1983,0,0,0,0,0,0,0,0,0,0
361520,1,1,1983,15,30,0,11,0,21,22,10,0,13
361521,0,1,1983,0,0,0,0,0,0,0,0,0,0
361521,1,1,1983,0,0,0,0,0,0,0,0,0,0
361522,1,1,1983,17,16,19,9,14,0,19,14,14,24
361523,1,1,1983,4,9,29,7,10,0,21,0,7,22
361523,2,1,1983,6,11,4,0,29,11,17,0,0,13
361524,1,1,1983,32,22,11,16,16,28,17,21,19,17
361525,1,1,1983,19,19,19,19,19,19,19,19,19,19
361525,2,1,1983,0,0,0,0,0,0,0,0,0,0
361526,1,1,1983,0,0,0,0,0,0,0,0,0,0
361526,2,1,1983,0,0,0,0,0,0,0,0,0,0
361526,3,1,1983,0,0,0,0,0,0,0,0,0,0
361527,0,1,1983,0,0,0,0,0,0,0,0,0,0
361527,1,1,1983,0,0,0,0,16,0,0,0,0,0
361528,1,1,1983,0,0,0,0,0,0,0,0,0,18
361529,0,1,1983,24,24,24,24,24,24,24,24,24,24
361529,1,1,1983,16,5,16,6,5,29,6,24,18,17
361530,1,1,1983,14,0,0,0,15,16,0,0,0,0
361530,2,1,1983,1,1,1,1,1,1,1,1,1,1
361531,0,1,1983,0,0,0,0,0,0,0,10,0,0
361531,1,1,1983,9,14,17,20,8,5,9,11,19,12
361531,2,1,1983,0,0,0,0,0,0,0,0,0,0
361532,1,1,1983,0,0,0,0,0,0,0,0,0,0
361532,2,1,1983,0,0,0,0,0,0,0,0,0,0
361533,1,1,1983,12,9,0,19,14,15,19,0,0,0
361534,0,1,1983,0,0,0,0,0,0,17,0,0,0
361534,1,1,1983,0,19,26,6,17,12,15,20,19,13
361535,0,1,1983,0,0,0,0,0,0,0,0,0,0
361535,1,1,1983,0,0,0,0,0,0,0,0,0,0
361536,1,1,1983,0,0,0,0,0,0,0,0,0,0
361536,2,1,1983,0,0,0,0,0,0,0,0,0,0
361537,0,1,1983,0,0,0,0,0,0,0,0,0,0
361537,1,1,1983,0,0,0,0,0,0,0,6,0,2
361538,0,1,1983,0,0,0,43,0,22,0,0,0,0
361538,1,1,1983,0,0,0,0,0,0,0,0,0,29
361539,0,1,1983,0,0,0,0,0,0,0,0,0,0
361539,1,1,1983,0,0,0,0,0,0,0,0,0,0
361540,0,1,1983,0,37,0,23,22,0,0,0,10,21
361540,1,1,1983,7,15,18,26,11,0,15,6,8,17
361541,0,1,1983,0,0,0,0,0,0,0,0,0,0
361541,1,1,1983,0,0,0,0,0,0,0,0,0,0
361542,0,1,1983,0,0,47,0,14,32,28,52,0,0
361542,1,1,1983,0,0,0,18,0,0,0,0,0,0
361543,0,1,1983,10,10,10,10,10,10,10,10,10,10
361543,1,1,1983,5,16,5,16,27,10,16,19,0,13
361544,1,1,1983,13,13,13,13,13,13,13,13,13,13
361545,1,1,1983,15,15,15,15,15,15,15,15,15,15
361546,0,1,1983,0,0,0,0,0,0,0,0,0,0
361546,1,1,1983,0,0,0,0,0,0,15,0,0,0
361546,2,1,1983,0,0,0,0,0,0,9,0,0,0
361547,1,1,1983,0,0,0,0,0,0,0,0,0,0
361547,2,1,1983,20,9,12,17,5,22,18,18,32,14
361548,1,1,1983,0,0,0,0,0,0,0,0,0,0
361549,1,1,1983,0,0,0,0,0,24,0,0,0,0
361549,2,1,1983,0,0,0,0,0,0,0,0,0,0
361550,1,1,1983,0,0,0,0,0,0,0,0,0,0
361550,2,1,1983,0,0,0,0,14,0,0,0,0,0
361551,1,1,1983,15,15,15,15,15,15,15,15,15,15
361551,2,1,1983,0,0,0,0,3,0,0,0,7,0
361552,1,1,1983,0,0,0,0,0,0,0,0,0,0
361553,0,1,1983,1,1,1,1,1,1,1,1,1,1
361553,1,1,1983,0,0,0,0,0,0,0,0,0,0
361554,1,1,1983,0,0,0,0,0,0,0,0,0,0
361554,2,1,1983,0,0,0,0,0,0,14,0,0,0
361555,0,1,1983,0,0,0,0,0,0,0,0,0,7
361555,1,1,1983,0,0,0,0,0,0,0,0,0,0
361556,1,1,1983,32,32,32,32,32,32,32,32,32,32
361557,1,1,1983,0,0,0,0,0,0,0,0,0,0
361557,2,1,1983,0,0,0,0,0,0,0,0,0,0
361558,1,1,1983,0,0,0,0,0,0,0,0,0,0
361558,2,1,1983,0,0,0,0,0,0,0,0,0,0
361559,1,1,1983,0,0,0,0,0,0,0,0,0,0
361560,0,1,1983,0,27,0,0,0,0,0,0,0,0
361560,1,1,1983,0,0,0,0,0,0,0,13,8,0
361561,0,1,1983,0,0,0,0,0,0,0,0,0,0
361561,1,1,1983,0,0,0,0,0,0,0,0,0,0
361562,1,1,1983,17,32,12,13,27,21,0,26,22,23
361563,1,1,1983,10,17,19,26,21,11,12,19,26,12
361564,1,1,1983,0,0,0,0,0,0,0,0,0,0
361564,2,1,1983,0,0,0,0,0,0,0,0,0,0
361565,0,1,1983,0,0,4,0,0,0,35,0,9,0
361565,1,1,1983,0,0,0,0,0,0,0,0,25,0
361566,1,1,1983,0,0,0,0,0,0,0,0,0,0
361566,2,1,1983,0,0,0,0,0,0,0,0,0,0
361567,1,1,1983,0,0,0,0,0,0,0,0,0,0
361567,2,1,1983,0,0,0,0,0,0,0,0,0,0
361568,0,1,1983,0,0,0,0,0,0,0,0,0,0
361568,1,1,1983,0,0,0,0,0,0,0,0,0,0
361569,1,1,1983,0,0,0,0,0,0,0,0,0,0
361569,2,1,1983,0,0,0,0,0,0,0,0,0,0
361570,1,1,1983,0,0,0,0,0,0,0,0,0,0
361570,2,1,1983,0,0,0,0,0,0,0,0,0,0
361571,1,1,1983,17,0,18,20,25,6,12,15,24,18
361572,1,1,1983,0,0,0,0,0,0,0,0,0,0
361572,2,1,1983,0,0,0,0,0,0,0,0,0,0
361573,1,1,1983,0,0,0,3,0,0,0,0,0,0
361573,2,1,1983,0,0,0,0,0,0,0,0,0,0
361573,3,1,1983,0,0,0,0,0,0,0,0,0,0
361574,0,1,1983,0,0,0,0,0,0,0,0,0,0
361574,1,1,1983,0,0,6,0,4,0,0,0,0,0
361575,1,1,1983,0,0,0,0,0,0,0,0,0,0
361575,2,1,1983,0,0,0,0,0,0,0,0,0,0
361575,3,1,1983,0,0,0,0,0,0,0,0,0,0
361576,1,1,1983,12,12,12,12,12,12,12,12,12,12
361576,2,1,1983,0,18,0,0,0,0,0,0,0,0
361576,3,1,1983,0,0,0,0,29,0,0,0,0,0
361577,0,1,1983,11,11,11,11,11,11,11,11,11,11
361577,1,1,1983,13,12,14,6,15,9,0,38,17,11
361578,0,1,1983,20,20,20,20,20,20,20,20,20,20
361578,1,1,1983,0,0,0,0,17,0,0,0,0,0
361579,1,1,1983,0,0,0,0,0,0,0,0,0,0
361580,1,1,1983,0,0,22,0,0,0,0,0,0,0
361580,2,1,1983,0,0,0,0,0,0,0,0,0,0
361581,1,1,1983,0,0,0,0,0,0,0,0,0,0
361581,2,1,1983,0,0,0,0,0,0,0,0,0,0
361582,1,1,1983,8,8,8,8,8,8,8,8,8,8
361583,0,1,1983,0,0,0,0,0,0,0,0,0,0
361583,1,1,1983,0,0,0,0,0,0,0,0,0,28
361584,1,1,1983,0,0,0,0,0,0,0,0,0,0
361585,1,1,1983,23,17,8,11,4,21,10,7,10,20
361586,0,1,1983,16,36,0,11,23,21,0,3,33,0
361586,1,1,1983,0,0,0,18,0,0,0,0,7,0
361587,1,1,1983,36,17,16,9,13,9,5,15,14,23
361588,1,1,1983,0,0,24,0,0,0,0,0,0,0
361589,1,1,1983,0,0,0,0,0,0,0,0,0,0
361589,2,1,1983,0,0,0,0,0,0,0,0,0,0
361590,1,1,1983,0,0,0,0,0,0,0,0,0,0
361590,2,1,1983,0,0,0,0,0,0,0,2,0,0
361591,1,1,1983,0,0,0,0,0,0,0,0,0,0
361592,1,1,1983,0,0,0,0,0,0,0,0,0,0
361593,0,1,1983,0,0,0,0,0,0,0,0,0,0
361593,1,1,1983,10,10,10,10,10,10,10,10,10,10
361594,1,1,1983,20,14,17,26,10,10,5,11,28,22
361594,2,1,1983,0,0,0,0,0,0,0,0,0,21
361594,3,1,1983,0,0,0,0,0,0,0,0,8,34
361595,0,1,1983,0,0,0,0,0,0,0,0,0,0
361595,1,1,1983,0,0,0,0,0,0,0,0,0,0
361596,1,1,1983,0,0,0,0,0,0,0,0,0,0
361596,2,1,1983,0,0,0,0,0,0,0,0,0,0
361597,1,1,1983,0,0,0,0,0,0,0,0,0,0
361598,1,1,1983,20,20,20,20,20,20,20,20,20,20
361599,1,1,1983,19,19,19,19,19,19,19,19,19,19
361600,1,1,1983,20,20,20,20,20,20,20,20,20,20
361601,1,1,1983,0,0,0,20,0,22,3,0,0,4
361601,2,1,1983,6,6,6,6,6,6,6,6,6,6
361602,1,1,1983,0,0,0,0,0,0,0,0,0,0
361602,2,1,1983,0,0,0,0,0,0,0,0,0,0
361603,0,1,1983,0,0,0,0,0,0,0,0,0,0
361603,1,1,1983,0,0,0,0,0,0,0,0,0,0
361604,0,1,1983,0,28,19,16,12,0,0,0,54,0
361604,1,1,1983,10,20,6,21,0,10,15,26,24,11
361605,1,1,1983,0,0,0,0,0,0,0,0,0,0
361605,2,1,1983,0,0,0,0,0,0,0,0,0,0
361606,0,1,1983,15,0,0,0,0,0,0,0,25,31
361606,1,1,1983,27,0,18,33,0,0,0,0,14,0
361607,1,1,1983,23,23,23,23,23,23,23,23,23,23
361608,1,1,1983,9,19,7,12,16,10,9,13,10,0
361608,2,1,1983,0,0,0,0,18,0,0,0,0,0
361609,1,1,1983,17,22,35,15,0,0,0,26,0,12
361610,1,1,1983,0,0,0,0,0,0,0,0,0,0
361610,2,1,1983,0,22,0,0,0,0,0,0,0,0
361611,1,1,1983,0,0,0,4,0,33,0,0,0,0
361612,0,1,1983,23,25,20,35,15,17,0,20,0,24
361612,1,1,1983,0,0,0,0,0,0,0,0,0,0
361613,1,1,1983,0,0,13,0,15,0,0,16,22,0
361614,1,1,1983,0,0,5,0,0,0,0,0,0,0
361614,2,1,1983,0,0,0,0,0,0,0,0,0,0
361615,1,1,1983,37,16,26,19,20,29,15,26,15,20
361616,1,1,1983,25,25,25,25,25,25,25,25,25,25
361617,1,1,1983,0,0,0,0,0,0,0,0,0,0
361617,2,1,1983,0,0,0,0,0,0,0,0,0,0
361618,1,1,1983,0,0,0,0,0,0,0,0,0,0
361618,2,1,1983,0,0,0,0,0,0,0,0,0,0
361619,1,1,1983,0,0,0,0,0,0,0,6,6,0
361620,1,1,1983,0,0,0,0,0,0,0,0,0,0
361620,2,1,1983,0,0,0,0,0,0,0,0,0,0
361621,1,1,1983,14,18,6,16,22,26,16,27,30,11
361622,1,1,1983,11,11,0,0,22,0,0,18,0,12
361623,1,1,1983,0,0,14,0,0,0,0,0,0,0
361623,2,1,1983,0,0,0,0,0,0,12,0,2,0
361624,1,1,1983,0,0,0,0,0,0,0,0,0,0
361625,0,1,1983,13,21,0,0,0,21,0,0,0,0
361625,1,1,1983,33,0,0,0,0,0,0,17,15,0
361626,1,1,1983,1,1,1,1,1,1,1,1,1,1
361627,0,1,1983,0,0,0,0,0,0,0,0,0,0
361627,1,1,1983,0,0,0,0,0,0,0,0,0,0
361628,1,1,1983,0,0,0,0,0,0,0,0,0,21
361628,2,1,1983,0,0,0,0,0,0,0,0,0,0
361629,1,1,1983,0,0,0,0,0,0,0,0,0,0
361629,2,1,1983,0,0,0,0,0,0,0,0,0,0
361630,1,1,1983,0,0,0,0,0,0,0,0,0,0
361630,2,1,1983,0,0,0,0,0,0,0,0,0,0
361631,1,1,1983,1,1,1,1,1,1,1,1,1,1
361632,1,1,1983,0,0,0,0,0,0,0,0,0,0
361632,2,1,1983,0,0,0,0,0,0,0,0,0,0
361633,1,1,1983,0,0,0,0,0,0,0,0,0,0
361634,1,1,1983,0,13,34,16,20,12,12,14,21,10
361635,1,1,1983,0,0,0,0,0,0,0,0,0,0
361636,1,1,1983,13,0,0,0,0,0,0,0,0,0
361637,1,1,1983,0,0,0,0,0,0,0,0,0,0
361637,2,1,1983,14,21,9,17,28,10,22,26,13,0
361638,0,1,1983,0,0,0,0,0,0,0,0,0,0
361638,0,2,1983,10,0,0,0,16,0,0,24,0,0
361638,0,3,1983,0,0,0,0,0,0,0,3,0,0
361638,1,1,1983,0,0,0,0,0,0,0,0,10,0
361638,2,1,1983,0,8,0,0,0,0,0,0,0,0
361639,1,1,1983,0,0,17,0,0,0,0,0,21,0
361640,1,1,1983,0,16,0,0,0,0,0,0,0,0
361641,0,1,1983,0,0,0,0,0,0,0,0,0,0
361641,1,1,1983,0,0,0,0,14,0,0,0,0,0
361642,0,1,1983,0,0,0,0,0,0,0,0,0,0
361642,1,1,1983,0,0,0,0,0,19,29,21,14,13
361643,1,1,1983,16,16,16,16,16,16,16,16,16,16
361644,1,1,1983,0,0,0,0,0,0,0,0,0,23
361645,1,1,1983,0,0,0,0,0,0,0,0,0,0
361645,2,1,1983,23,0,0,0,0,0,0,0,0,0
361646,1,1,1983,0,0,0,0,0,0,0,0,0,0
361647,1,1,1983,26,26,26,26,26,26,26,26,26,26
361648,1,1,1983,11,11,11,11,11,11,11,11,11,11
361649,1,1,1983,0,0,0,0,0,0,0,0,15,0
361649,2,1,1983,0,0,0,0,0,0,0,8,0,0
361650,0,1,1983,0,0,0,0,0,0,0,0,0,0
361650,1,1,1983,0,14,0,0,0,0,0,0,0,0
361651,1,1,1983,0,19,12,0,31,17,8,0,17,11
361652,1,1,1983,12,8,16,16,10,15,14,0,33,20
361652,2,1,1983,0,0,0,0,0,0,0,0,0,0
361653,1,1,1983,0,0,0,0,0,0,0,0,0,0
361653,2,1,1983,0,0,0,0,0,0,0,0,0,0
361654,0,1,1983,0,0,0,0,0,0,0,31,0,10
361654,1,1,1983,0,0,0,0,0,0,0,0,0,0