ST_CASE,VEH_NO,PER_NO,YEAR,P1,P2,P3,P4,P5,P6,P7,P8,P9,P10
361655,1,1,1983,0,0,0,0,0,0,0,0,0,0
361655,2,1,1983,0,0,0,0,0,0,0,0,0,0
361656,0,1,1983,16,24,11,33,13,32,20,12,36,10
361656,1,1,1983,10,0,0,0,0,0,0,14,0,0
361657,1,1,1983,8,17,25,19,16,32,30,10,7,18
361657,2,1,1983,7,0,0,12,0,0,0,0,0,0
361658,0,1,1983,0,0,0,0,0,0,0,0,0,0
361658,1,1,1983,0,0,25,0,0,0,0,0,0,0
361659,0,1,1983,17,0,17,0,24,32,12,0,0,0
361659,1,1,1983,0,0,0,0,0,11,11,0,21,0
361660,1,1,1983,11,31,2,40,28,21,34,16,12,16
361661,0,1,1983,0,0,0,0,0,0,0,0,0,0
361661,1,1,1983,0,0,0,0,0,0,0,0,0,0
361662,1,1,1983,0,0,0,0,0,0,0,0,0,0
361662,2,1,1983,0,0,0,0,0,0,0,0,0,0
361662,3,1,1983,0,0,0,0,0,0,0,0,0,0
361664,0,1,1983,22,0,0,0,0,0,0,0,0,0
361664,1,1,1983,0,0,12,0,0,0,0,0,0,0
361665,1,1,1983,20,14,0,17,0,5,12,21,8,23
361666,0,1,1983,0,0,0,0,0,0,0,0,0,0
361666,1,1,1983,0,0,0,0,0,0,0,0,0,0
361667,1,1,1983,30,15,24,0,0,0,28,19,0,0
361668,1,1,1983,0,19,25,12,0,0,0,16,13,0
361669,1,1,1983,0,0,0,0,0,0,0,0,0,0
361669,2,1,1983,0,0,0,0,0,0,0,0,0,0
361669,3,1,1983,0,0,0,0,0,0,0,0,0,18
361670,1,1,1983,0,0,0,0,0,0,0,0,0,0
361670,2,1,1983,0,0,8,0,0,0,0,0,0,22
361671,1,1,1983,0,0,0,0,0,0,0,0,0,0
361672,1,1,1983,14,14,14,14,14,14,14,14,14,14
361673,0,1,1983,15,0,0,0,0,0,0,0,0,21
361673,1,1,1983,15,0,3,13,0,0,0,0,22,0
361674,1,1,1983,0,0,0,0,0,0,0,0,0,0
361674,2,1,1983,27,20,24,23,36,14,11,40,8,7
361675,1,1,1983,16,16,16,16,16,16,16,16,16,16
361676,1,1,1983,0,0,0,0,0,0,0,0,0,0
361676,2,1,1983,0,0,0,0,0,9,0,0,0,0
361677,0,1,1983,0,0,0,0,0,0,0,0,0,0
361677,1,1,1983,0,0,0,0,0,0,0,0,0,0
361678,0,1,1983,0,0,0,0,0,0,0,0,0,0
361678,1,1,1983,0,0,0,0,0,0,0,0,0,0
361679,1,1,1983,0,0,0,0,0,0,0,0,0,0
361679,2,1,1983,0,0,0,0,0,0,0,0,0,0
361680,1,1,1983,0,0,0,0,0,0,0,0,0,0
361680,2,1,1983,0,0,0,0,0,0,0,0,0,0
361681,1,1,1983,0,0,0,0,0,0,0,0,0,6
361681,2,1,1983,0,0,0,0,0,0,0,0,0,0
361682,0,1,1983,17,27,14,4,20,26,17,9,0,24
361682,1,1,1983,0,0,0,0,0,0,0,0,0,0
361683,0,1,1983,0,0,0,0,0,0,0,0,0,0
361683,1,1,1983,0,0,0,0,0,0,16,0,0,0
361684,1,1,1983,0,0,0,0,0,0,0,0,0,0
361685,1,1,1983,26,19,9,13,17,26,24,16,32,30
361686,1,1,1983,0,0,0,0,21,12,0,0,0,0
361687,1,1,1983,22,22,22,22,22,22,22,22,22,22
361687,2,1,1983,0,0,0,0,0,0,0,0,0,0
361687,3,1,1983,0,0,0,0,0,0,0,0,10,0
361688,1,1,1983,0,0,23,0,0,0,0,0,0,0
361688,2,1,1983,0,0,0,0,0,0,0,0,0,0
361688,3,1,1983,0,0,0,0,0,0,0,0,0,0
361688,4,1,1983,0,0,0,0,0,0,0,0,0,0
361689,1,1,1983,20,17,17,24,15,19,20,0,11,25
361690,0,1,1983,0,0,0,0,0,0,0,0,0,0
361690,1,1,1983,0,0,0,0,0,0,0,0,0,0
361690,2,1,1983,0,0,0,0,0,0,0,0,0,0
361691,0,1,1983,0,0,0,0,0,0,0,0,0,0
361691,1,1,1983,0,0,0,0,0,0,0,0,0,0
361692,1,1,1983,0,0,0,0,0,0,0,0,0,0
361692,2,1,1983,12,12,12,12,12,12,12,12,12,12
361693,1,1,1983,19,15,20,8,20,9,9,0,0,15
361694,0,1,1983,0,12,12,10,13,18,14,16,19,0
361694,1,1,1983,0,0,0,0,9,0,12,0,0,0
361695,0,1,1983,0,0,0,25,0,0,0,0,0,0
361695,1,1,1983,0,0,0,0,0,0,15,0,0,0
361696,1,1,1983,0,0,0,6,0,11,0,0,0,0
361697,1,1,1983,11,21,15,21,15,10,27,24,11,7
361698,0,1,1983,0,0,0,0,0,5,0,0,0,0
361698,0,2,1983,0,0,0,0,0,0,16,0,0,0
361698,1,1,1983,0,0,0,0,0,0,0,0,9,0
361699,0,1,1983,0,14,0,0,0,0,17,0,0,0
361699,1,1,1983,0,0,15,4,23,0,0,26,0,0
361700,0,1,1983,0,0,0,0,0,0,0,0,0,0
361700,1,1,1983,6,0,0,30,5,26,13,0,18,0
361701,1,1,1983,0,0,18,20,0,0,0,0,0,0
361701,2,1,1983,0,0,0,0,0,0,0,0,0,0
361701,3,1,1983,0,0,0,0,0,0,20,0,0,0
361701,4,1,1983,0,0,0,0,0,0,0,0,0,0
361702,1,1,1983,19,10,22,9,14,19,22,14,10,11
361702,2,1,1983,0,0,0,10,0,0,0,7,0,22
361702,3,1,1983,11,20,0,0,16,10,0,0,0,0
361703,1,1,1983,0,0,0,0,0,0,0,0,0,0
361703,2,1,1983,0,0,0,0,0,0,0,0,0,0
361704,1,1,1983,6,6,6,6,6,6,6,6,6,6
361705,0,1,1983,34,0,0,0,0,19,0,22,0,0
361705,1,1,1983,0,0,0,0,0,0,19,0,0,0
361706,1,1,1983,17,17,17,17,17,17,17,17,17,17
361706,2,1,1983,0,0,0,0,0,0,0,0,0,0
361707,0,1,1983,0,0,0,0,0,0,0,0,0,0
361707,1,1,1983,0,0,17,0,0,0,0,0,0,0
361708,0,1,1983,0,0,0,0,0,0,0,0,26,0
361708,0,2,1983,0,0,0,0,0,0,0,0,0,0
361708,1,1,1983,0,0,0,6,0,0,0,0,0,0
361709,1,1,1983,0,15,8,6,10,23,11,28,13,5
361710,0,1,1983,0,0,26,0,0,0,0,0,0,21
361710,1,1,1983,0,0,0,0,0,0,0,0,0,0
361710,2,1,1983,16,27,0,19,7,0,0,0,0,19
361711,0,1,1983,0,0,0,0,0,0,0,0,0,0
361711,1,1,1983,0,0,0,0,0,0,0,0,0,0
361712,0,1,1983,0,0,0,0,0,0,0,0,0,0
361712,1,1,1983,0,0,0,0,0,0,0,0,0,0
361713,0,1,1983,0,0,0,14,32,0,15,26,14,0
361713,1,1,1983,0,0,0,0,0,0,0,0,0,0
361714,1,1,1983,15,29,9,11,3,11,7,4,18,0
361714,2,1,1983,0,0,0,0,0,0,0,0,0,0
361715,0,1,1983,18,8,0,0,0,0,0,0,0,0
361715,1,1,1983,0,0,0,0,0,0,0,0,0,0
361716,0,1,1983,30,0,30,0,0,0,0,25,0,0
361716,1,1,1983,17,26,15,18,16,24,21,0,36,13
361717,1,1,1983,0,0,0,0,0,0,0,0,0,0
361717,2,1,1983,0,0,0,0,0,0,0,0,0,0
361718,1,1,1983,0,0,0,0,0,0,0,0,0,0
361718,2,1,1983,0,0,0,0,0,18,0,0,0,0
361719,0,1,1983,0,0,0,0,0,0,0,0,0,0
361719,1,1,1983,17,0,0,0,0,0,0,0,0,0
361720,0,1,1983,0,0,0,0,0,0,0,0,0,0
361720,1,1,1983,0,0,0,0,0,0,0,0,0,0
361721,1,1,1983,0,0,0,0,0,0,0,0,0,0
361721,2,1,1983,0,0,0,0,0,0,0,0,0,0
361722,1,1,1983,10,10,10,10,10,10,10,10,10,10
361722,2,1,1983,6,6,6,6,6,6,6,6,6,6
361723,1,1,1983,0,0,0,33,0,0,26,0,12,22
361724,1,1,1983,0,0,0,0,0,0,0,0,0,0
361725,0,1,1983,0,0,0,0,0,0,0,0,0,0
361725,0,2,1983,21,0,39,17,0,18,40,16,14,15
361725,1,1,1983,0,0,0,0,0,0,0,3,0,0
361725,2,1,1983,0,0,0,0,0,0,0,0,0,0
361726,1,1,1983,0,0,0,0,0,0,0,0,0,0
361726,2,1,1983,0,0,0,0,0,0,0,0,0,0
361726,3,1,1983,0,0,0,0,0,0,0,0,0,0
361726,4,1,1983,0,0,0,0,0,0,0,0,0,0
361727,1,1,1983,15,26,4,12,8,13,21,26,16,12
361728,0,1,1983,0,0,0,0,0,0,0,0,0,0
361728,1,1,1983,0,0,0,0,0,0,0,0,0,0
361729,1,1,1983,10,22,23,19,2,23,28,35,25,21
361730,0,1,1983,0,0,0,0,0,0,0,0,0,0
361730,1,1,1983,0,0,0,0,0,0,0,0,0,0
361731,0,1,1983,0,0,0,21,0,29,0,0,0,0
361731,1,1,1983,0,0,0,0,0,0,0,0,0,0
361731,2,1,1983,0,0,0,0,0,0,0,0,0,0
361731,3,1,1983,0,0,0,0,0,0,0,0,6,0
361731,4,1,1983,0,0,9,0,0,0,0,0,0,0
361732,0,1,1983,0,0,0,0,0,0,0,0,0,0
361732,1,1,1983,0,0,0,12,0,0,0,0,0,0
361733,1,1,1983,0,0,0,0,0,0,0,0,0,0
361733,2,1,1983,0,0,0,0,0,0,0,0,0,0
361734,1,1,1983,0,0,0,0,0,19,0,0,0,0
361734,2,1,1983,0,0,0,0,0,0,0,0,0,0
361735,1,1,1983,0,0,0,0,0,0,0,0,0,0
361736,1,1,1983,0,0,0,0,0,0,0,0,0,0
361736,2,1,1983,0,0,0,0,0,0,0,0,0,0
361737,1,1,1983,0,0,13,0,25,0,0,0,0,0
361738,1,1,1983,21,19,16,26,17,28,28,15,11,20
361739,0,1,1983,19,19,19,19,19,19,19,19,19,19
361739,1,1,1983,11,5,7,22,15,18,15,25,22,0
361740,0,1,1983,0,0,0,0,0,0,0,0,0,0
361740,1,1,1983,0,0,0,0,0,0,0,0,6,0
361741,1,1,1983,9,9,9,9,9,9,9,9,9,9
361742,1,1,1983,28,28,28,28,28,28,28,28,28,28
361743,1,1,1983,22,17,10,16,27,9,5,6,19,7
361743,2,1,1983,0,0,0,0,0,0,0,0,0,0
361744,0,1,1983,12,12,12,12,12,12,12,12,12,12
361744,1,1,1983,0,0,0,0,0,0,0,0,0,0
361745,0,1,1983,0,0,0,0,0,0,0,0,0,0
361745,1,1,1983,0,0,0,0,0,0,0,0,0,0
361746,1,1,1983,0,0,0,0,0,0,0,0,0,0
361746,2,1,1983,0,0,0,0,0,0,0,0,0,0
361747,1,1,1983,0,0,0,0,0,0,0,0,0,0
361747,2,1,1983,0,0,0,0,0,0,0,14,0,0
361748,1,1,1983,0,0,0,15,0,0,5,11,0,0
361748,2,1,1983,0,0,0,0,0,0,0,0,0,0
361749,1,1,1983,10,10,10,10,10,10,10,10,10,10
361750,1,1,1983,18,18,18,18,18,18,18,18,18,18
361751,1,1,1983,15,21,0,31,27,17,21,24,31,11
361751,2,1,1983,12,14,16,8,14,20,30,7,0,27
361752,1,1,1983,0,0,0,0,0,0,0,0,0,0
361752,2,1,1983,0,0,0,0,0,0,0,0,0,0
361753,0,1,1983,0,0,0,0,0,0,0,0,0,0
361753,1,1,1983,0,0,0,0,0,0,0,0,0,0
361754,0,1,1983,10,0,0,0,15,16,20,0,10,36
361754,1,1,1983,8,11,20,15,9,23,14,16,6,6
361755,0,1,1983,0,0,0,0,0,0,0,0,0,0
361755,1,1,1983,0,0,0,0,0,0,0,11,0,0
361756,1,1,1983,0,0,0,0,0,0,0,0,0,0
361756,2,1,1983,0,0,0,0,21,0,0,26,0,20
361757,0,1,1983,14,14,14,14,14,14,14,14,14,14
361757,1,1,1983,0,7,20,19,11,13,0,0,0,0
361758,1,1,1983,12,12,12,12,12,12,12,12,12,12
361759,0,1,1983,0,0,0,0,0,0,0,0,0,0
361759,1,1,1983,0,0,0,0,0,0,0,0,0,0
361760,1,1,1983,16,16,16,16,16,16,16,16,16,16
361761,0,1,1983,0,0,0,0,15,23,9,9,15,0
361761,1,1,1983,4,4,4,4,4,4,4,4,4,4
361762,0,1,1983,0,0,0,0,0,0,0,0,0,0
361762,1,1,1983,0,0,0,0,0,0,0,0,0,0
361763,1,1,1983,12,12,10,20,25,25,15,19,18,17
361764,1,1,1983,21,13,7,13,32,20,0,17,7,6
361764,2,1,1983,0,0,0,0,0,0,0,0,0,0
361765,1,1,1983,8,8,8,8,8,8,8,8,8,8
361766,1,1,1983,9,9,9,9,9,9,9,9,9,9
361767,1,1,1983,0,0,0,0,0,16,0,0,0,0
361767,2,1,1983,0,0,0,0,0,0,0,0,0,0
361769,1,1,1983,12,15,12,20,23,23,15,20,8,24
361770,1,1,1983,27,27,27,27,27,27,27,27,27,27
361771,1,1,1983,12,12,12,12,12,12,12,12,12,12
361772,1,1,1983,0,0,0,5,0,0,0,0,0,0
361772,2,1,1983,14,0,16,19,0,0,0,0,0,25
361773,1,1,1983,0,0,0,0,0,0,0,0,0,0
361773,2,1,1983,0,0,0,0,0,0,0,0,0,0
361774,1,1,1983,1,1,1,1,1,1,1,1,1,1
361774,2,1,1983,0,0,0,0,0,0,0,0,0,0
361775,1,1,1983,0,0,0,0,0,0,0,0,0,0
361775,2,1,1983,0,0,0,0,0,0,0,0,0,0
361776,1,1,1983,0,0,0,0,0,0,0,0,0,0
361777,1,1,1983,5,25,20,6,25,11,10,9,21,17
361777,2,1,1983,0,0,0,0,0,0,0,0,0,0
361778,1,1,1983,0,0,0,0,0,0,0,0,0,0
361779,1,1,1983,0,0,0,0,0,0,0,0,0,0
361780,1,1,1983,18,18,18,18,18,18,18,18,18,18
361781,1,1,1983,18,23,18,9,15,17,13,18,16,17
361781,2,1,1983,0,0,0,0,0,0,0,0,0,0
361781,3,1,1983,6,0,0,0,0,0,0,0,0,0
361782,0,1,1983,32,11,0,22,22,31,0,0,18,24
361782,1,1,1983,0,0,0,0,0,0,0,0,0,0
361783,1,1,1983,10,10,10,10,10,10,10,10,10,10
361784,1,1,1983,0,0,0,0,0,0,0,0,0,0
361784,2,1,1983,0,0,0,0,0,0,0,0,0,0
361785,1,1,1983,0,0,0,0,0,0,0,0,0,16
361785,2,1,1983,0,0,0,13,0,0,0,0,0,9
361786,1,1,1983,0,0,0,0,0,7,0,0,0,0
361786,2,1,1983,0,0,0,0,0,0,0,0,0,0
361787,0,1,1983,0,0,0,0,0,0,0,0,0,0
361787,1,1,1983,0,0,0,0,0,0,0,0,0,0
361788,0,1,1983,0,0,33,0,24,0,0,0,29,0
361788,1,1,1983,13,16,0,0,0,0,0,0,0,0
361789,1,1,1983,0,0,0,0,0,0,0,0,0,0
361789,2,1,1983,0,0,0,15,12,0,30,15,0,0
361790,0,1,1983,0,0,0,0,0,0,0,0,0,0
361790,1,1,1983,0,0,0,0,0,0,0,0,0,0
361791,1,1,1983,30,30,30,30,30,30,30,30,30,30
361791,2,1,1983,0,0,0,0,0,0,0,0,0,0
361792,0,1,1983,1,1,1,1,1,1,1,1,1,1
361792,1,1,1983,10,21,9,9,14,31,18,24,18,18
361793,1,1,1983,0,9,0,0,16,0,0,11,0,20
361794,1,1,1983,0,0,0,0,0,0,0,0,0,0
361794,2,1,1983,0,0,0,0,0,0,0,0,0,0
361795,0,1,1983,0,0,0,0,0,0,0,0,0,0
361795,1,1,1983,0,0,0,0,0,0,0,15,0,0
361795,2,1,1983,0,0,0,0,0,0,0,0,0,0
361796,1,1,1983,13,14,14,16,26,23,25,16,9,24
361796,2,1,1983,0,0,0,0,0,0,0,0,0,0
361797,1,1,1983,14,14,14,14,14,14,14,14,14,14
361798,1,1,1983,0,0,0,0,0,0,0,0,0,0
361798,2,1,1983,0,0,0,0,0,0,0,0,0,0
361799,1,1,1983,0,0,0,0,17,0,16,6,0,0
361800,0,1,1983,0,0,0,0,0,0,0,0,0,0
361800,1,1,1983,0,0,0,0,0,0,0,0,0,0
361801,1,1,1983,23,22,12,28,18,23,15,31,30,8
361802,1,1,1983,0,0,0,0,0,0,0,0,0,0
361802,2,1,1983,0,0,0,0,0,0,0,0,0,0
361803,1,1,1983,0,0,0,6,10,0,0,0,9,0
361803,2,1,1983,14,0,0,14,15,0,0,0,24,0
361804,1,1,1983,0,17,0,15,11,23,32,0,20,0
361805,1,1,1983,0,0,0,0,0,0,0,0,0,0
361806,0,1,1983,1,1,1,1,1,1,1,1,1,1
361806,1,1,1983,0,0,0,0,0,0,0,0,0,0
361807,1,1,1983,19,19,19,19,19,19,19,19,19,19
361808,1,1,1983,23,23,23,23,23,23,23,23,23,23
361809,2,1,1983,5,0,0,0,0,0,16,0,0,0
361810,0,1,1983,0,0,9,0,25,30,0,27,0,0
361810,1,1,1983,9,0,0,0,0,0,0,0,0,0
361811,1,1,1983,0,0,0,0,0,0,0,0,0,0
361811,2,1,1983,0,0,12,0,0,0,0,0,0,0
361812,1,1,1983,0,0,20,0,0,0,0,0,0,0
361812,2,1,1983,0,0,0,0,0,0,0,0,0,0
361813,1,1,1983,20,19,5,12,11,31,25,24,23,9
361814,0,1,1983,28,28,28,28,28,28,28,28,28,28
361814,1,1,1983,0,0,0,22,0,16,0,17,0,33
361815,1,1,1983,10,10,10,10,10,10,10,10,10,10
361816,1,1,1983,6,0,0,0,0,0,0,0,0,0
361816,2,1,1983,9,11,11,12,4,14,15,24,10,8
361817,1,1,1983,9,9,9,9,9,9,9,9,9,9
361818,1,1,1983,2,2,2,2,2,2,2,2,2,2
361819,1,1,1983,22,23,0,20,19,19,25,18,22,18
361820,1,1,1983,14,11,19,0,27,0,0,0,0,0
361821,1,1,1983,0,0,0,0,0,0,0,0,0,0
361821,2,1,1983,0,0,0,0,0,0,0,0,0,0
361822,1,1,1983,0,0,0,0,0,0,0,0,0,0
361822,2,1,1983,0,0,0,0,0,0,0,0,0,0
361823,1,1,1983,0,0,0,0,0,0,0,0,0,0
361823,2,1,1983,0,0,0,0,0,0,0,0,0,0
361824,1,1,1983,0,0,0,0,0,0,0,0,0,0
361825,1,1,1983,9,0,16,18,0,16,16,22,18,15
361826,1,1,1983,15,15,15,15,15,15,15,15,15,15
361827,0,1,1983,0,0,0,0,0,0,0,0,0,0
361827,1,1,1983,0,11,0,15,0,0,0,0,23,0
361828,1,1,1983,0,0,0,0,0,0,0,0,0,0
361828,2,1,1983,0,0,0,11,14,0,13,0,0,0
361829,1,1,1983,0,0,21,0,0,0,0,0,0,24
361829,2,1,1983,20,0,0,0,0,0,0,0,0,0
361830,1,1,1983,0,0,0,0,0,0,0,0,0,0
361830,2,1,1983,0,0,0,0,0,0,0,0,0,0
361831,1,1,1983,0,0,0,0,0,0,0,0,0,0
361831,2,1,1983,0,0,0,0,0,0,0,0,0,0
361832,1,1,1983,0,0,0,0,0,0,0,0,0,0
361832,2,1,1983,12,12,12,12,12,12,12,12,12,12
361833,1,1,1983,0,0,0,0,0,0,0,0,0,0
361834,1,1,1983,0,0,0,0,0,14,0,0,0,0
361835,1,1,1983,0,0,0,0,0,0,0,0,0,0
361835,2,1,1983,0,0,0,0,0,0,0,0,0,0
361836,1,1,1983,0,0,0,0,0,0,0,0,0,0
361837,1,1,1983,12,0,0,0,5,6,0,0,12,0
361837,2,1,1983,0,0,0,0,0,0,0,0,0,0
361838,1,1,1983,27,8,17,10,0,5,21,8,14,14
361839,0,1,1983,17,0,0,0,0,23,28,0,26,0
361839,0,2,1983,13,20,33,0,22,22,0,0,19,13
361839,1,1,1983,0,0,0,0,14,0,0,0,0,0
361840,1,1,1983,0,0,10,0,0,0,0,0,0,0
361840,2,1,1983,21,21,21,21,21,21,21,21,21,21
361841,0,1,1983,7,0,17,23,0,19,11,12,19,23
361841,1,1,1983,1,0,28,0,0,0,0,0,0,0
361842,0,1,1983,0,0,0,0,0,0,0,0,0,8
361842,1,1,1983,0,0,0,0,0,7,0,0,6,0
361843,0,1,1983,6,0,32,0,0,22,0,24,0,0
361843,1,1,1983,0,0,0,0,0,0,0,0,0,24
361844,0,1,1983,0,0,0,0,0,5,0,0,0,0
361844,1,1,1983,0,0,0,0,0,0,0,0,0,0
361845,1,1,1983,0,0,0,0,0,0,0,0,3,0
361845,2,1,1983,0,11,0,0,0,0,0,9,0,0
361846,0,1,1983,0,0,0,0,0,0,0,0,0,0
361846,1,1,1983,0,0,0,0,0,0,0,0,0,0
361847,1,1,1983,0,0,0,0,0,0,0,0,0,0
361847,2,1,1983,0,0,0,0,0,0,0,0,0,0
361848,0,1,1983,0,0,0,0,0,0,0,0,0,0
361848,1,1,1983,0,0,0,0,0,0,0,0,0,0
361849,0,1,1983,0,0,7,0,0,0,0,0,0,0
361849,1,1,1983,8,0,0,0,0,0,0,0,0,0
361850,0,1,1983,0,0,0,0,0,0,0,0,0,0
361850,1,1,1983,0,0,0,0,3,0,0,0,0,0
361851,0,1,1983,28,0,44,34,0,0,0,0,0,0
361851,1,1,1983,0,0,0,0,0,0,0,0,0,0
361852,0,1,1983,0,0,0,0,0,0,0,0,0,0
361852,1,1,1983,0,0,0,0,0,0,0,0,0,0
361853,0,1,1983,0,0,0,0,19,0,0,0,0,0
361853,1,1,1983,0,0,0,0,0,0,0,0,0,0
361854,0,1,1983,0,27,0,0,0,0,9,9,0,0
361854,1,1,1983,0,9,0,0,0,0,0,0,0,0
361855,0,1,1983,0,0,0,0,0,0,0,0,0,0
361855,1,1,1983,0,0,0,0,0,0,0,0,0,0
361856,0,1,1983,19,19,19,19,19,19,19,19,19,19
361856,1,1,1983,14,19,10,23,29,32,11,0,7,9
361857,0,1,1983,0,0,0,0,0,0,0,0,0,0
361857,1,1,1983,0,0,0,0,0,0,3,2,0,0
361857,2,1,1983,0,0,0,0,0,0,0,0,0,0
361858,0,1,1983,0,0,0,0,17,0,0,17,0,0
361858,1,1,1983,0,0,0,0,0,0,0,0,0,0
361859,1,1,1983,0,0,0,0,0,0,0,0,0,0
361859,2,1,1983,0,0,0,0,0,0,0,0,0,0
361860,1,1,1983,15,20,21,30,11,0,10,35,8,0
361861,1,1,1983,21,0,15,22,14,0,21,21,0,0
361861,2,1,1983,0,10,0,0,0,16,0,0,9,0
361862,1,1,1983,0,0,0,0,0,0,0,0,0,0
361862,2,1,1983,0,0,30,0,0,0,0,0,0,0
361863,0,1,1983,9,12,43,0,48,48,11,10,36,25
361863,1,1,1983,0,11,0,0,20,24,20,13,0,11
361864,0,1,1983,0,0,0,0,0,13,0,0,0,0
361864,1,1,1983,0,0,0,0,0,0,0,0,0,0
361865,0,1,1983,0,0,0,0,0,0,0,0,0,0
361865,1,1,1983,0,0,0,15,0,28,0,0,0,13
361866,1,1,1983,0,8,0,0,0,0,0,0,0,0
361866,2,1,1983,0,0,0,0,0,12,0,0,0,0
361867,1,1,1983,12,19,13,8,0,10,9,8,0,16
361867,2,1,1983,0,0,0,0,0,0,0,0,10,0
361868,0,1,1983,28,18,0,11,12,32,3,0,20,0
361868,1,1,1983,30,16,11,9,10,11,0,10,9,12
361869,1,1,1983,16,16,16,16,16,16,16,16,16,16
361870,1,1,1983,4,4,4,4,4,4,4,4,4,4
361870,2,1,1983,0,0,0,0,0,0,0,0,0,0
361871,1,1,1983,18,18,18,18,18,18,18,18,18,18
361872,1,1,1983,0,0,0,0,0,0,0,0,0,0
361872,2,1,1983,12,12,12,12,12,12,12,12,12,12
361872,3,1,1983,0,0,0,0,0,0,0,0,0,0
361873,1,1,1983,0,0,0,0,35,0,0,0,0,0
361873,2,1,1983,0,0,19,0,0,0,0,8,15,0
361874,1,1,1983,0,12,17,5,15,8,24,18,19,0
361875,1,1,1983,0,0,0,0,0,8,10,0,0,0
361876,1,1,1983,10,0,0,0,0,0,14,0,0,0
361876,2,1,1983,0,0,0,0,0,0,0,0,0,0
361876,3,1,1983,0,0,0,0,0,0,0,0,0,0
361877,1,1,1983,0,0,0,0,0,0,0,0,0,0
361877,2,1,1983,0,0,0,0,0,0,0,0,0,0
361878,1,1,1983,0,0,0,0,0,0,0,0,0,0
361879,1,1,1983,0,0,0,0,0,0,0,0,0,0
361880,1,1,1983,0,0,0,0,0,0,0,0,0,0
361880,2,1,1983,0,0,0,0,0,0,0,0,0,0
361881,1,1,1983,0,0,0,0,0,0,0,0,0,0
361882,0,1,1983,0,8,0,0,0,0,0,0,15,0
361882,1,1,1983,0,16,0,0,0,0,18,15,0,14
361882,2,1,1983,0,19,0,0,19,0,0,11,0,8
361883,1,1,1983,0,0,0,0,0,0,13,0,0,0
361883,2,1,1983,6,28,0,15,0,28,15,10,13,4
361884,1,1,1983,21,21,21,21,21,21,21,21,21,21
361885,1,1,1983,0,18,0,0,0,26,0,0,0,0
361886,1,1,1983,19,0,0,0,0,13,0,0,0,9
361887,1,1,1983,31,22,33,11,40,18,15,29,12,28
361888,1,1,1983,0,0,0,0,0,23,0,0,0,0
361888,2,1,1983,0,0,0,0,0,0,0,0,0,0
361890,1,1,1983,0,15,0,18,13,0,0,25,9,0
361891,1,1,1983,0,0,0,0,0,0,0,0,0,0
361891,2,1,1983,0,0,16,0,0,0,0,0,0,0
361893,0,1,1983,0,0,0,0,0,0,0,0,0,0
361893,1,1,1983,0,0,0,0,0,0,0,0,0,0
361894,1,1,1983,0,0,0,0,0,0,0,0,0,0
361894,2,1,1983,10,18,0,4,0,0,0,0,0,0
361895,1,1,1983,0,0,0,0,0,0,0,0,0,0
361896,1,1,1983,0,0,0,0,26,0,21,29,0,33
361897,0,1,1983,0,0,0,0,0,0,0,0,0,0
361897,1,1,1983,0,0,0,0,0,0,0,0,0,0
361898,0,1,1983,0,0,0,0,0,0,0,0,0,7
361898,1,1,1983,17,15,8,16,28,21,15,15,20,21
361899,0,1,1983,0,0,0,0,0,0,0,0,0,0
361899,1,1,1983,0,3,0,0,0,0,0,0,5,0
361900,0,1,1983,0,0,0,0,0,0,0,0,0,0
361900,1,1,1983,0,0,0,0,0,0,0,0,0,0
361901,1,1,1983,0,0,0,0,0,0,0,0,0,0
361901,2,1,1983,0,0,0,0,0,0,0,0,0,0
361902,1,1,1983,40,0,9,14,7,14,12,0,18,23
361903,0,1,1983,0,0,0,0,0,0,0,6,0,0
361903,1,1,1983,0,0,0,0,0,0,0,0,0,0
361904,1,1,1983,13,0,7,0,16,0,21,11,0,14
361905,0,1,1983,0,0,0,0,0,0,0,0,0,0
361905,1,1,1983,0,31,0,20,0,0,0,0,0,0
361906,0,1,1983,0,0,0,0,0,0,0,0,0,0
361906,1,1,1983,0,0,24,0,0,0,0,0,0,0
361907,1,1,1983,0,0,0,0,0,0,0,22,0,0
361908,0,1,1983,16,17,18,6,12,0,34,0,0,26
361908,1,1,1983,9,0,12,6,5,4,4,10,0,0
361909,1,1,1983,0,16,23,0,24,0,18,14,20,0
361910,1,1,1983,0,4,0,0,0,32,0,0,0,22
361910,2,1,1983,0,15,0,0,3,0,0,0,0,10
361910,3,1,1983,18,19,11,7,21,15,20,0,31,4
361911,1,1,1983,0,0,0,0,0,4,0,18,0,0
361912,1,1,1983,0,0,0,0,0,0,0,0,0,0
361913,1,1,1983,0,0,0,0,0,0,0,0,0,0
361914,1,1,1983,0,0,0,23,0,0,0,0,0,0
361915,1,1,1983,42,0,18,19,26,25,17,0,0,8
361916,1,1,1983,9,5,18,24,13,27,27,9,23,0
361917,1,1,1983,0,0,26,0,18,0,0,32,0,0
361917,2,1,1983,10,0,0,18,0,12,12,17,23,11
361918,1,1,1983,19,19,19,19,19,19,19,19,19,19
361919,1,1,1983,4,4,4,4,4,4,4,4,4,4
361920,1,1,1983,0,0,0,0,0,0,0,2,20,0
361921,0,1,1983,11,11,11,11,11,11,11,11,11,11
361921,1,1,1983,0,0,0,0,0,0,13,0,0,0
361922,0,1,1983,20,20,20,20,20,20,20,20,20,20
361922,1,1,1983,0,25,0,0,0,0,8,0,11,16
361923,1,1,1983,0,7,0,0,0,0,0,0,0,0
361924,0,1,1983,0,0,0,0,0,0,0,0,0,0
361924,0,2,1983,0,0,15,0,0,0,0,0,0,4
361924,1,1,1983,0,0,0,0,0,0,0,0,0,0
361925,1,1,1983,0,23,0,0,0,17,0,0,0,0
361925,2,1,1983,20,15,0,10,0,9,0,14,4,0
361926,0,1,1983,0,0,0,0,0,4,0,0,0,0
361926,1,1,1983,0,0,0,46,14,20,16,0,20,16