ST_CASE,VEH_NO,PER_NO,YEAR,P1,P2,P3,P4,P5,P6,P7,P8,P9,P10
370560,1,1,1983,22,0,10,11,12,0,26,0,21,21
370561,1,1,1983,0,0,0,0,0,0,0,0,0,0
370561,2,1,1983,0,0,0,0,0,0,0,0,0,0
370561,3,1,1983,0,0,0,0,0,0,0,0,0,0
370562,1,1,1983,0,0,0,0,0,0,16,0,0,0
370562,2,1,1983,0,0,18,17,0,0,0,0,0,0
370563,1,1,1983,0,0,0,14,0,0,0,0,0,0
370564,1,1,1983,0,0,0,0,0,0,0,0,0,0
370564,2,1,1983,0,0,8,7,8,12,9,17,20,0
370565,1,1,1983,19,0,0,0,0,0,0,0,0,0
370565,2,1,1983,0,0,0,0,0,0,0,0,0,0
370566,1,1,1983,0,0,0,0,0,0,0,0,0,0
370567,1,1,1983,0,0,0,0,0,0,0,0,0,0
370567,2,1,1983,0,0,0,0,0,0,0,24,0,0
370567,3,1,1983,14,33,11,13,6,18,0,23,24,8
370568,0,1,1983,5,8,16,16,6,21,13,23,23,24
370568,1,1,1983,0,31,0,0,0,0,0,0,0,0
370569,1,1,1983,0,0,0,0,0,0,0,0,0,0
370569,2,1,1983,0,0,0,0,0,0,0,0,0,0
370570,1,1,1983,23,23,23,23,23,23,23,23,23,23
370571,1,1,1983,16,16,16,16,16,16,16,16,16,16
370572,1,1,1983,9,33,15,0,9,11,21,9,16,11
370573,1,1,1983,0,0,0,0,0,0,0,0,0,0
370573,2,1,1983,0,0,0,0,0,0,0,0,0,0
370574,1,1,1983,0,0,0,0,0,0,0,0,0,0
370574,2,1,1983,23,6,19,4,41,23,4,4,19,12
370575,1,1,1983,12,25,21,4,10,21,18,8,5,4
370576,0,1,1983,0,0,0,0,0,0,0,0,0,0
370576,1,1,1983,16,0,0,0,0,0,0,0,0,0
370577,1,1,1983,15,7,18,14,11,13,20,27,10,21
370578,1,1,1983,0,0,0,0,0,0,0,0,0,0
370579,1,1,1983,0,0,0,0,0,0,0,0,0,0
370579,2,1,1983,8,8,8,8,8,8,8,8,8,8
370580,1,1,1983,23,27,8,6,37,11,5,0,18,14
370580,2,1,1983,0,0,0,0,0,0,0,0,0,0
370581,1,1,1983,0,0,0,13,0,0,13,0,0,0
370581,2,1,1983,0,0,5,0,0,0,0,0,0,0
370582,1,1,1983,17,22,27,10,22,15,18,13,26,7
370583,1,1,1983,24,24,24,24,24,24,24,24,24,24
370584,0,1,1983,27,27,27,27,27,27,27,27,27,27
370584,1,1,1983,0,22,0,0,13,14,0,0,0,0
370585,0,1,1983,0,0,0,0,0,0,0,0,0,0
370585,1,1,1983,0,0,0,0,0,0,0,0,0,0
370586,1,1,1983,0,0,0,0,0,0,0,0,0,0
370587,1,1,1983,12,12,12,12,12,12,12,12,12,12
370588,1,1,1983,27,32,20,16,20,29,27,15,34,18
370589,1,1,1983,20,20,20,20,20,20,20,20,20,20
370590,1,1,1983,27,0,26,11,12,10,13,23,16,11
370590,2,1,1983,0,0,0,0,0,0,0,0,0,0
370591,1,1,1983,0,0,0,0,0,0,0,0,0,0
370591,2,1,1983,0,0,0,0,0,0,0,0,0,0
370591,3,1,1983,0,0,0,18,0,0,0,0,0,0
370592,1,1,1983,22,22,22,22,22,22,22,22,22,22
370593,1,1,1983,10,0,0,0,0,0,0,0,0,0
370593,2,1,1983,0,0,0,0,0,0,0,0,0,0
370594,1,1,1983,0,0,0,0,0,0,0,0,0,0
370595,0,1,1983,25,0,14,10,0,9,18,19,22,21
370595,1,1,1983,0,0,0,0,0,0,0,16,0,0
370596,0,1,1983,25,25,25,25,25,25,25,25,25,25
370596,1,1,1983,0,0,0,0,0,0,0,0,0,0
370597,1,1,1983,12,22,21,22,16,6,15,23,8,0
370597,2,1,1983,0,0,0,0,0,0,0,0,0,0
370597,3,1,1983,0,0,0,0,0,0,0,0,7,0
370598,1,1,1983,0,0,0,0,0,0,0,0,0,0
370598,2,1,1983,27,0,10,0,0,0,7,20,0,0
370599,1,1,1983,0,0,0,0,0,15,0,0,0,0
370600,1,1,1983,0,0,0,0,0,0,0,0,0,0
370600,2,1,1983,0,0,0,0,0,0,0,0,0,0
370601,1,1,1983,10,0,0,0,0,0,26,0,22,18
370601,2,1,1983,24,8,45,18,21,24,22,24,39,14
370602,0,1,1983,0,46,29,0,15,14,14,0,9,11
370602,1,1,1983,0,0,0,0,0,0,0,0,0,0
370603,1,1,1983,0,0,0,0,0,0,0,0,0,0
370604,1,1,1983,20,20,20,20,20,20,20,20,20,20
370605,0,1,1983,38,38,38,38,38,38,38,38,38,38
370605,1,1,1983,34,10,16,0,11,21,36,11,13,12
370606,1,1,1983,0,0,13,19,0,0,0,23,27,26
370606,2,1,1983,0,0,0,0,0,0,0,0,0,0
370607,1,1,1983,0,0,0,0,0,0,0,0,0,10
370607,2,1,1983,0,0,0,0,0,0,0,0,0,0
370608,1,1,1983,0,0,0,0,0,0,0,0,0,0
370608,2,1,1983,0,0,0,0,0,0,0,0,0,0
370609,1,1,1983,0,0,0,0,0,0,0,0,0,0
370609,2,1,1983,0,0,0,0,0,0,0,0,0,0
370610,1,1,1983,0,0,0,0,0,14,0,0,0,0
370610,2,1,1983,0,0,0,0,0,0,0,0,0,0
370611,1,1,1983,11,9,15,7,16,14,22,13,15,38
370612,1,1,1983,16,16,16,16,16,16,16,16,16,16
370613,1,1,1983,0,0,0,0,0,0,0,0,0,0
370614,1,1,1983,0,0,0,0,0,0,0,0,0,0
370614,2,1,1983,5,5,5,5,5,5,5,5,5,5
370615,1,1,1983,20,20,20,20,20,20,20,20,20,20
370615,2,1,1983,0,0,0,0,0,0,0,0,0,0
370616,1,1,1983,0,0,0,0,23,0,0,0,0,0
370616,2,1,1983,18,18,18,18,18,18,18,18,18,18
370617,1,1,1983,27,27,27,27,27,27,27,27,27,27
370618,0,1,1983,26,26,26,26,26,26,26,26,26,26
370618,1,1,1983,13,5,14,7,14,7,14,3,0,13
370619,1,1,1983,0,0,0,0,0,0,0,0,0,0
370619,2,1,1983,0,0,0,0,0,0,0,0,0,0
370620,1,1,1983,0,0,0,0,0,0,0,0,0,0
370620,2,1,1983,0,0,0,0,0,0,0,0,0,0
370621,1,1,1983,2,15,16,22,28,16,33,18,9,16
370622,1,1,1983,0,15,14,12,29,17,12,25,28,16
370623,0,1,1983,0,0,0,0,0,0,0,0,0,0
370623,1,1,1983,0,0,0,0,0,0,0,0,0,0
370624,0,1,1983,7,15,3,20,0,0,14,15,0,25
370624,0,2,1983,0,0,0,0,0,0,0,0,0,0
370624,1,1,1983,0,0,0,0,0,19,27,25,0,0
370624,2,1,1983,26,14,22,5,0,15,0,23,0,16
370625,1,1,1983,20,20,20,20,20,20,20,20,20,20
370626,1,1,1983,30,30,30,30,30,30,30,30,30,30
370627,1,1,1983,12,12,12,12,12,12,12,12,12,12
370628,1,1,1983,0,0,0,0,0,0,7,0,0,0
370628,2,1,1983,0,0,8,0,0,0,9,0,0,12
370629,1,1,1983,0,0,0,0,0,0,0,0,0,0
370629,2,1,1983,0,0,0,0,0,0,0,0,0,0
370629,3,1,1983,0,0,0,0,0,0,0,18,0,0
370630,0,1,1983,19,24,0,30,2,29,0,24,0,21
370630,1,1,1983,0,0,20,0,0,0,19,0,16,0
370631,1,1,1983,0,0,0,0,0,0,0,0,16,0
370631,2,1,1983,0,0,0,0,0,0,0,0,0,0
370632,1,1,1983,0,0,0,0,0,0,0,0,0,0
370632,2,1,1983,23,23,23,23,23,23,23,23,23,23
370633,1,1,1983,0,14,0,0,0,0,0,6,0,0
370633,2,1,1983,0,9,0,0,0,0,14,0,0,0
370634,1,1,1983,26,26,26,26,26,26,26,26,26,26
370634,2,1,1983,0,0,0,0,0,0,0,0,0,0
370635,0,1,1983,0,21,0,0,0,0,2,29,0,0
370635,1,1,1983,0,13,0,6,0,0,0,0,0,0
370636,1,1,1983,0,0,0,0,0,0,0,0,0,0
370636,2,1,1983,0,0,0,0,0,0,0,0,0,0
370636,3,1,1983,0,0,0,0,0,0,0,0,0,0
370637,0,1,1983,21,10,26,20,16,6,0,22,18,9
370637,1,1,1983,0,0,0,0,0,0,0,0,0,0
370638,1,1,1983,0,14,0,0,0,0,0,0,0,0
370639,1,1,1983,0,0,0,0,0,0,0,0,0,0
370639,2,1,1983,0,0,0,0,0,0,0,0,0,0
370640,1,1,1983,0,0,0,0,0,0,0,0,0,0
370640,2,1,1983,0,0,0,0,0,0,0,0,0,7
370641,1,1,1983,0,0,0,0,0,0,0,0,0,0
370641,2,1,1983,0,0,0,0,0,0,0,0,0,0
370642,1,1,1983,0,0,0,0,0,0,0,0,0,0
370642,2,1,1983,0,0,0,0,0,0,0,10,0,0
370643,0,1,1983,0,0,0,0,0,0,0,0,0,0
370643,0,2,1983,0,0,0,0,0,0,0,0,0,0
370643,1,1,1983,0,0,0,0,0,0,0,0,0,0
370644,1,1,1983,0,0,0,0,0,0,0,0,0,0
370644,2,1,1983,0,0,0,0,0,0,0,0,0,0
370645,1,1,1983,23,12,10,11,12,10,30,12,23,12
370646,1,1,1983,24,24,24,24,24,24,24,24,24,24
370647,1,1,1983,0,0,0,9,0,13,0,0,0,0
370648,1,1,1983,0,0,0,0,0,0,0,0,0,0
370648,2,1,1983,0,0,0,0,0,0,0,0,0,0
370649,1,1,1983,9,9,9,9,9,9,9,9,9,9
370650,1,1,1983,19,19,19,19,19,19,19,19,19,19
370650,2,1,1983,0,0,0,0,0,0,0,24,0,13
370651,1,1,1983,0,0,0,0,0,0,0,0,0,0
370651,2,1,1983,3,3,3,3,3,3,3,3,3,3
370652,1,1,1983,0,0,0,0,0,0,0,0,0,0
370653,1,1,1983,10,10,10,10,10,10,10,10,10,10
370653,2,1,1983,16,8,0,18,21,20,10,26,21,19
370654,0,1,1983,0,0,0,0,0,0,0,0,10,0
370654,1,1,1983,0,0,0,0,10,0,0,0,0,0
370655,1,1,1983,0,0,0,0,0,0,0,0,0,0
370656,0,1,1983,0,0,0,0,0,11,0,0,30,0
370656,1,1,1983,0,0,0,0,0,0,0,0,0,0
370657,1,1,1983,21,21,21,21,21,21,21,21,21,21
370657,2,1,1983,0,0,0,0,0,0,0,27,27,24
370657,3,1,1983,0,0,0,0,0,0,0,0,0,0
370658,1,1,1983,0,0,0,0,0,0,0,0,0,0
370658,2,1,1983,0,0,0,0,0,0,13,0,0,0
370658,3,1,1983,0,0,0,0,0,0,0,0,0,0
370659,1,1,1983,0,20,18,0,3,18,0,0,0,0
370660,1,1,1983,0,0,0,0,0,0,0,0,0,0
370660,2,1,1983,10,10,10,10,10,10,10,10,10,10
370661,1,1,1983,0,0,0,0,0,0,0,0,0,0
370662,1,1,1983,0,0,0,0,0,0,0,0,0,0
370662,2,1,1983,0,0,0,0,0,0,0,0,0,0
370663,0,1,1983,18,14,26,20,0,17,11,23,25,32
370663,1,1,1983,0,0,0,9,0,0,0,0,0,0
370664,1,1,1983,16,16,16,16,16,16,16,16,16,16
370665,1,1,1983,0,0,0,0,0,0,0,0,0,0
370665,2,1,1983,0,0,0,0,0,0,0,0,0,0
370666,1,1,1983,16,16,16,16,16,16,16,16,16,16
370667,0,1,1983,41,41,41,41,41,41,41,41,41,41
370667,1,1,1983,11,11,11,11,11,11,11,11,11,11
370668,1,1,1983,16,16,16,16,16,16,16,16,16,16
370669,1,1,1983,15,15,15,15,15,15,15,15,15,15
370670,1,1,1983,0,0,0,0,0,0,0,0,0,0
370671,1,1,1983,0,0,0,0,0,0,0,0,0,0
370671,2,1,1983,0,0,0,0,0,0,0,0,0,0
370672,1,1,1983,0,0,0,0,0,0,0,0,0,0
370672,2,1,1983,6,9,7,19,16,11,12,0,5,12
370672,3,1,1983,0,0,0,0,0,0,0,0,0,0
370673,1,1,1983,0,0,0,0,0,0,0,0,0,0
370673,2,1,1983,0,0,0,0,0,0,0,0,0,0
370674,1,1,1983,11,11,11,11,11,11,11,11,11,11
370675,1,1,1983,0,12,0,0,0,0,0,0,0,0
370675,2,1,1983,0,0,0,0,0,0,0,0,0,0
370676,1,1,1983,27,27,27,27,27,27,27,27,27,27
370677,1,1,1983,12,26,18,10,8,14,10,23,17,20
370678,1,1,1983,19,19,19,19,19,19,19,19,19,19
370679,0,1,1983,27,27,27,27,27,27,27,27,27,27
370679,1,1,1983,21,19,12,16,31,15,13,20,19,33
370680,0,1,1983,23,23,23,23,23,23,23,23,23,23
370680,1,1,1983,10,12,12,11,20,24,14,8,15,16
370681,1,1,1983,0,0,0,0,0,0,0,0,0,0
370682,1,1,1983,0,0,0,0,0,0,0,0,0,0
370683,1,1,1983,23,0,0,0,11,28,0,0,0,15
370683,2,1,1983,0,0,0,0,0,0,0,0,9,7
370684,1,1,1983,0,8,12,16,21,8,12,25,16,13
370684,2,1,1983,0,0,0,0,0,0,0,0,0,0
370684,3,1,1983,0,32,0,6,0,0,0,0,0,0
370685,0,1,1983,24,22,13,12,20,33,17,16,21,22
370685,1,1,1983,0,0,0,7,0,0,0,0,0,0
370686,1,1,1983,0,0,0,0,0,0,0,0,0,0
370686,2,1,1983,0,0,0,0,0,0,0,0,0,0
370688,1,1,1983,0,0,0,0,0,0,0,0,0,0
370689,0,1,1983,24,13,11,29,15,7,10,0,19,27
370689,1,1,1983,0,0,0,0,0,0,0,0,0,0
370690,1,1,1983,0,0,0,0,0,0,0,0,0,0
370690,2,1,1983,0,0,0,0,0,0,0,0,0,0
370691,1,1,1983,0,0,0,0,0,0,0,0,0,0
370692,1,1,1983,30,30,30,30,30,30,30,30,30,30
370692,2,1,1983,0,0,0,0,0,0,0,0,0,0
370693,1,1,1983,0,0,0,0,0,0,0,0,0,0
370693,2,1,1983,0,0,0,0,0,0,0,0,0,0
370694,1,1,1983,0,0,0,0,0,0,0,0,0,0
370694,2,1,1983,0,0,0,0,0,0,0,0,0,0
370695,1,1,1983,0,13,34,0,0,0,0,29,0,16
370696,0,1,1983,25,25,25,25,25,25,25,25,25,25
370696,1,1,1983,0,0,0,0,0,0,0,0,0,0
370697,0,1,1983,0,0,0,0,0,0,0,0,0,0
370697,1,1,1983,0,0,0,0,0,0,0,0,0,0
370698,1,1,1983,0,0,0,0,0,0,0,0,0,0
370699,1,1,1983,11,25,9,0,17,13,13,30,0,17
370700,1,1,1983,14,12,7,9,14,0,15,3,11,10
370701,1,1,1983,0,0,0,0,0,0,0,0,0,0
370701,2,1,1983,14,18,0,0,0,14,19,12,0,0
370701,3,1,1983,0,0,0,0,0,0,0,0,0,0
370702,1,1,1983,19,19,19,19,19,19,19,19,19,19
370703,0,1,1983,6,6,6,6,6,6,6,6,6,6
370703,1,1,1983,9,9,7,11,15,7,19,12,12,11
370704,0,1,1983,4,23,18,58,20,32,36,0,14,0
370704,0,2,1983,0,0,11,0,18,0,41,8,34,0
370704,1,1,1983,13,19,21,23,21,16,7,7,11,0
370705,1,1,1983,12,12,12,12,12,12,12,12,12,12
370706,1,1,1983,24,0,0,0,0,0,0,0,0,22
370706,2,1,1983,22,5,34,21,16,0,14,23,19,20
370707,1,1,1983,7,7,7,7,7,7,7,7,7,7
370708,1,1,1983,0,0,0,0,0,0,0,0,0,0
370709,1,1,1983,0,0,0,0,0,0,0,0,0,0
370710,1,1,1983,18,18,18,18,18,18,18,18,18,18
370711,1,1,1983,6,6,6,6,6,6,6,6,6,6
370711,2,1,1983,17,11,11,9,5,15,15,25,3,0
370711,3,1,1983,0,0,0,13,0,0,0,0,0,0
370712,1,1,1983,0,0,0,0,0,10,0,0,19,0
370713,1,1,1983,0,0,0,0,0,0,0,0,0,0
370713,2,1,1983,0,0,0,0,0,0,0,0,0,0
370714,1,1,1983,0,0,0,0,0,0,0,0,0,0
370714,2,1,1983,0,0,0,0,0,0,0,0,0,0
370715,1,1,1983,22,22,22,22,22,22,22,22,22,22
370716,1,1,1983,20,20,20,20,20,20,20,20,20,20
370717,0,1,1983,0,0,0,0,0,0,0,0,0,0
370717,1,1,1983,0,0,0,0,0,0,0,0,0,0
370718,0,1,1983,0,12,0,0,0,0,0,0,0,0
370718,1,1,1983,0,0,0,0,0,0,0,0,0,0
370719,0,1,1983,0,0,15,0,0,0,0,0,0,0
370719,1,1,1983,0,0,0,0,0,0,0,0,0,0
370720,0,1,1983,0,0,0,0,0,0,0,0,25,0
370720,1,1,1983,0,0,28,0,0,0,0,0,0,0
370721,1,1,1983,26,28,11,32,10,19,14,26,12,0
370722,1,1,1983,22,22,22,22,22,22,22,22,22,22
370723,0,1,1983,18,32,16,0,18,18,8,13,16,7
370723,1,1,1983,0,0,0,0,16,0,0,0,0,0
370724,1,1,1983,15,23,22,17,11,5,21,19,30,18
370725,1,1,1983,7,20,36,11,23,7,6,9,24,14
370726,1,1,1983,9,9,9,9,9,9,9,9,9,9
370727,1,1,1983,19,19,19,19,19,19,19,19,19,19
370728,1,1,1983,11,11,11,11,11,11,11,11,11,11
370729,1,1,1983,13,13,13,13,13,13,13,13,13,13
370730,1,1,1983,0,0,0,0,0,0,0,0,0,0
370730,2,1,1983,17,17,17,17,17,17,17,17,17,17
370731,1,1,1983,0,0,0,0,0,0,0,0,0,0
370731,2,1,1983,0,0,0,0,0,0,0,0,0,0
370732,1,1,1983,0,19,23,0,0,13,18,0,13,0
370733,1,1,1983,13,13,13,13,13,13,13,13,13,13
370734,0,1,1983,0,0,0,0,0,0,0,0,0,0
370734,1,1,1983,0,0,0,0,0,0,0,0,0,0
370735,1,1,1983,22,22,22,22,22,22,22,22,22,22
370736,1,1,1983,26,18,18,24,27,16,14,32,0,0
370736,2,1,1983,0,0,0,0,0,0,0,0,0,0
370737,0,1,1983,20,5,0,17,9,0,0,27,33,0
370737,1,1,1983,0,0,0,0,0,0,0,0,0,0
370738,1,1,1983,0,0,0,0,0,0,0,0,0,0
370739,1,1,1983,0,0,0,0,0,0,0,0,0,0
370740,1,1,1983,0,0,0,0,0,0,0,0,0,0
370740,2,1,1983,0,0,0,0,0,0,0,0,0,0
370740,3,1,1983,0,0,0,35,0,0,0,21,30,0
370741,1,1,1983,0,14,0,0,0,0,19,16,13,14
370742,0,1,1983,0,0,0,0,0,0,0,0,0,0
370742,1,1,1983,0,20,0,0,0,0,0,0,0,0
370743,0,1,1983,0,0,0,0,0,0,0,0,0,0
370743,1,1,1983,0,0,0,0,0,0,0,0,0,0
370744,0,1,1983,34,11,26,36,24,45,30,23,12,25
370744,1,1,1983,0,0,0,0,18,0,0,0,0,0
370745,1,1,1983,0,14,17,24,14,17,12,23,16,23
370745,2,1,1983,0,0,0,0,0,0,0,0,0,0
370746,1,1,1983,18,14,18,21,13,12,14,13,25,20
370747,1,1,1983,17,17,17,17,17,17,17,17,17,17
370748,1,1,1983,0,10,14,0,0,22,18,0,0,0
370749,1,1,1983,20,19,16,28,12,18,9,16,18,18
370750,1,1,1983,0,0,0,0,0,0,0,0,0,0
370750,2,1,1983,0,0,0,0,0,0,0,0,0,0
370751,1,1,1983,0,0,0,0,0,0,0,0,0,0
370751,2,1,1983,30,30,30,30,30,30,30,30,30,30
370752,1,1,1983,0,0,0,0,0,0,0,0,0,0
370753,1,1,1983,0,0,0,0,0,0,0,0,0,0
370754,1,1,1983,18,12,2,12,18,32,4,13,8,21
370755,1,1,1983,0,0,0,0,11,0,0,0,0,0
370756,1,1,1983,20,20,20,20,20,20,20,20,20,20
370757,0,1,1983,22,22,22,22,22,22,22,22,22,22
370757,1,1,1983,0,0,0,0,0,0,0,0,0,0
370758,1,1,1983,28,0,0,14,0,27,17,25,0,0
370758,2,1,1983,0,0,0,0,0,0,0,0,0,0
370759,1,1,1983,0,8,4,9,7,11,19,7,23,27
370759,2,1,1983,0,0,0,0,0,0,0,0,0,0
370760,1,1,1983,0,0,0,0,0,0,0,0,0,0
370760,2,1,1983,0,0,0,0,0,0,0,0,0,0
370761,1,1,1983,0,0,0,0,20,0,0,0,0,7
370761,2,1,1983,0,0,0,0,0,0,0,0,0,0
370762,0,1,1983,0,0,0,0,0,0,0,0,0,16
370762,1,1,1983,0,0,0,0,0,0,0,0,0,0
370763,1,1,1983,0,0,0,0,0,0,0,0,0,0
370763,2,1,1983,0,0,0,0,0,15,0,19,0,0
370764,1,1,1983,0,0,0,0,0,0,0,0,0,0
370764,2,1,1983,0,0,0,0,0,0,0,0,0,0
370765,1,1,1983,22,22,22,22,22,22,22,22,22,22
370766,0,1,1983,0,0,0,22,0,0,0,0,0,0
370766,1,1,1983,0,0,0,0,0,0,0,0,0,0
370767,1,1,1983,9,9,9,9,9,9,9,9,9,9
370768,1,1,1983,0,0,0,0,0,0,0,0,0,0
370768,2,1,1983,0,0,0,0,0,0,0,0,0,0
370769,1,1,1983,23,23,23,23,23,23,23,23,23,23
370770,1,1,1983,0,0,0,0,0,0,0,0,0,0
370770,2,1,1983,12,11,9,0,5,5,20,30,20,7
370770,3,1,1983,0,0,0,0,0,0,0,0,0,0
370771,1,1,1983,0,0,0,0,0,0,0,0,0,0
370771,2,1,1983,0,0,0,0,0,0,0,0,0,0
370772,1,1,1983,9,0,0,0,0,0,0,0,0,0
370772,2,1,1983,0,0,0,0,0,0,0,0,0,0
370773,0,1,1983,0,0,0,8,0,0,0,0,0,0
370773,1,1,1983,0,0,0,0,0,0,0,9,0,0
370774,1,1,1983,14,19,15,19,10,7,17,10,10,16
370774,2,1,1983,0,0,0,0,0,0,0,0,0,0
370775,0,1,1983,27,27,27,27,27,27,27,27,27,27
370775,1,1,1983,0,0,0,0,0,0,0,0,0,0
370776,1,1,1983,30,0,7,23,23,10,24,21,17,16
370777,0,1,1983,0,0,0,0,0,0,0,0,0,0
370777,1,1,1983,18,0,18,0,0,0,0,0,0,0
370778,1,1,1983,0,0,0,0,0,0,0,0,0,0
370778,2,1,1983,0,0,0,0,0,0,0,0,0,0
370779,0,1,1983,29,22,40,28,11,32,14,20,15,29
370779,1,1,1983,0,0,0,0,4,0,0,8,0,0
370780,1,1,1983,10,30,10,11,14,0,6,0,12,2
370781,0,1,1983,15,27,26,20,28,16,15,22,15,39
370781,1,1,1983,0,12,0,2,0,0,10,0,16,0
370782,1,1,1983,3,24,15,11,9,27,0,24,12,13
370782,2,1,1983,5,5,5,5,5,5,5,5,5,5
370783,0,1,1983,0,0,0,0,0,0,0,0,0,0
370783,1,1,1983,0,0,0,0,0,0,0,0,0,0
370784,1,1,1983,21,0,0,0,7,0,10,14,0,8
370785,1,1,1983,0,0,0,0,0,0,24,0,0,0
370785,2,1,1983,11,6,26,18,34,13,8,26,5,15
370785,3,1,1983,13,13,13,13,13,13,13,13,13,13
370786,1,1,1983,19,19,19,19,19,19,19,19,19,19
370787,0,1,1983,20,20,20,20,20,20,20,20,20,20
370787,1,1,1983,0,0,0,0,0,0,0,0,0,0
370788,1,1,1983,0,0,0,0,13,0,0,0,0,0
370788,2,1,1983,0,0,0,0,0,0,0,0,0,0
370789,1,1,1983,3,3,3,3,3,3,3,3,3,3
370790,1,1,1983,16,0,18,0,0,0,29,0,12,0
370791,1,1,1983,0,0,0,0,0,0,0,0,0,0
370791,2,1,1983,0,0,0,0,0,0,0,0,0,0
370792,1,1,1983,0,0,0,0,0,0,0,0,0,0
370793,1,1,1983,0,0,0,0,2,0,0,16,0,0
370794,1,1,1983,0,0,0,0,0,0,0,0,0,0
370794,2,1,1983,0,0,0,0,0,0,0,0,0,0
370795,1,1,1983,7,7,7,7,7,7,7,7,7,7
370796,0,1,1983,0,0,0,0,0,0,0,0,0,0
370796,1,1,1983,0,0,0,0,0,0,0,0,0,0
370797,0,1,1983,0,0,0,0,0,0,15,0,0,28
370797,1,1,1983,0,0,0,0,0,0,21,0,0,0
370798,1,1,1983,0,0,0,0,0,0,0,0,0,0
370798,2,1,1983,17,7,8,4,27,13,11,12,18,30
370799,1,1,1983,0,0,0,0,0,19,25,0,0,0
370799,2,1,1983,0,0,0,0,0,0,0,0,0,0
370800,0,1,1983,5,5,5,5,5,5,5,5,5,5
370800,1,1,1983,0,0,0,0,0,0,0,0,0,3
370801,1,1,1983,0,0,0,0,0,0,0,0,0,0
370801,2,1,1983,0,0,0,0,0,0,0,0,0,15
370802,1,1,1983,0,0,0,0,0,0,0,0,0,0
370802,2,1,1983,0,0,0,0,0,0,0,0,15,0
370803,1,1,1983,13,0,0,14,0,0,0,0,0,0
370803,2,1,1983,0,0,0,0,0,0,0,0,0,0
370803,3,1,1983,0,0,0,0,0,0,0,0,0,0
370804,0,1,1983,29,16,23,7,0,19,0,19,0,17
370804,1,1,1983,39,15,45,15,15,35,18,7,17,18
370805,1,1,1983,0,15,0,0,0,5,0,0,0,0
370805,2,1,1983,0,0,0,0,0,0,0,0,0,0
370806,0,1,1983,5,5,5,5,5,5,5,5,5,5
370806,1,1,1983,0,0,0,0,0,0,14,0,16,0
370807,1,1,1983,0,0,0,0,0,0,0,0,0,0
370807,2,1,1983,0,0,0,0,0,0,0,0,0,0
370808,1,1,1983,0,19,9,0,0,0,0,0,0,0
370808,2,1,1983,0,0,0,0,0,0,0,0,0,0
370808,3,1,1983,17,17,17,17,17,17,17,17,17,17
370809,1,1,1983,0,0,0,0,0,14,13,0,22,0
370810,1,1,1983,24,24,24,24,24,24,24,24,24,24
370810,2,1,1983,0,0,0,0,0,0,0,0,0,0
370810,3,1,1983,0,0,0,0,0,0,0,0,0,0
370811,1,1,1983,0,0,0,0,0,0,0,0,0,0
370811,2,1,1983,0,0,18,0,0,0,0,0,0,0
370812,1,1,1983,15,9,6,31,15,9,17,20,9,11
370812,2,1,1983,0,0,0,0,0,0,0,0,0,0
370812,3,1,1983,0,0,0,0,0,0,0,0,0,0
370813,0,1,1983,24,24,21,0,8,0,24,0,11,0
370813,1,1,1983,0,0,0,0,0,0,0,0,0,0
370814,1,1,1983,0,0,0,0,0,0,20,0,0,0
370815,1,1,1983,0,0,0,0,0,0,0,0,0,0
370815,2,1,1983,0,0,0,0,0,0,0,0,0,0
370816,1,1,1983,10,10,10,10,10,10,10,10,10,10
370817,1,1,1983,0,0,0,0,0,0,0,0,0,0
370817,2,1,1983,0,0,0,0,0,0,0,0,0,0
370819,0,1,1983,24,24,24,24,24,24,24,24,24,24
370819,1,1,1983,25,12,15,12,15,13,20,13,23,12
370820,1,1,1983,0,0,0,0,0,0,0,0,0,0
370820,2,1,1983,0,0,0,0,0,0,0,0,0,0
370821,1,1,1983,31,0,1,17,10,19,25,5,4,10
370822,1,1,1983,8,8,8,8,8,8,8,8,8,8
370822,2,1,1983,11,11,11,11,11,11,11,11,11,11
370823,1,1,1983,9,5,22,11,31,16,22,10,7,7
370824,1,1,1983,28,28,28,28,28,28,28,28,28,28
370824,2,1,1983,0,0,0,0,0,0,11,0,0,0
370825,1,1,1983,0,0,0,0,0,7,0,0,0,0
370825,2,1,1983,11,11,11,11,11,11,11,11,11,11
370825,3,1,1983,0,27,19,0,0,8,0,25,0,0
370826,1,1,1983,24,24,24,24,24,24,24,24,24,24
370826,2,1,1983,0,0,0,28,0,0,22,0,0,0
370826,3,1,1983,0,0,0,0,0,0,0,0,0,0
370827,1,1,1983,0,0,0,0,0,0,0,0,0,0
370828,1,1,1983,0,0,0,0,0,0,0,0,0,0
370828,2,1,1983,0,0,0,0,16,0,0,0,0,0
370829,1,1,1983,19,19,19,19,19,19,19,19,19,19
370829,2,1,1983,0,0,0,0,0,0,0,0,0,0
370830,1,1,1983,24,24,24,24,24,24,24,24,24,24
370831,1,1,1983,0,0,0,0,0,0,0,0,0,0
370831,2,1,1983,0,0,0,0,0,0,0,0,0,0
370832,1,1,1983,16,16,16,16,16,16,16,16,16,16
370833,1,1,1983,0,0,0,0,0,0,0,0,0,0
370833,2,1,1983,0,0,0,0,0,0,0,0,7,0
370834,0,1,1983,0,0,16,0,0,0,0,21,0,0
370834,1,1,1983,0,0,0,0,0,0,0,0,0,24
370835,1,1,1983,0,0,0,0,0,0,0,0,0,0