ST_CASE,VEH_NO,PER_NO,YEAR,P1,P2,P3,P4,P5,P6,P7,P8,P9,P10
380014,1,1,1983,6,20,25,23,19,24,11,3,17,24
380014,2,1,1983,11,9,19,9,12,17,0,23,8,7
380015,1,1,1983,23,13,22,25,23,8,7,14,15,11
380016,0,1,1983,0,0,0,0,0,0,0,0,0,0
380016,1,1,1983,16,0,0,0,12,0,0,0,0,0
380017,1,1,1983,15,12,22,11,17,22,20,12,21,23
380018,1,1,1983,32,33,14,22,22,13,16,8,25,28
380019,1,1,1983,13,22,18,15,0,15,3,7,17,25
380019,2,1,1983,16,10,0,17,20,0,0,0,16,5
380020,1,1,1983,0,0,0,17,0,8,0,0,0,0
380020,2,1,1983,0,0,0,0,0,0,0,0,0,0
380021,1,1,1983,0,0,0,0,0,0,0,21,0,0
380021,2,1,1983,0,0,0,0,0,0,0,0,0,0
380022,1,1,1983,2,5,15,8,19,7,8,9,4,8
380022,2,1,1983,0,5,10,0,15,3,0,15,0,0
380023,1,1,1983,14,26,25,30,13,24,16,7,18,17
380024,1,1,1983,0,0,0,0,0,0,0,0,0,0
380024,2,1,1983,8,0,0,0,0,0,0,0,0,18
380025,1,1,1983,0,12,57,28,0,0,0,0,0,0
380026,1,1,1983,0,0,0,0,0,0,10,0,0,0
380027,1,1,1983,20,14,13,16,19,28,24,25,48,7
380028,1,1,1983,16,0,0,0,22,22,23,9,0,15
380029,1,1,1983,0,0,0,11,3,23,12,0,0,0
380030,1,1,1983,13,13,13,13,13,13,13,13,13,13
380030,2,1,1983,7,17,25,15,12,17,11,16,16,16
380031,0,1,1983,21,0,17,8,0,23,0,0,17,0
380031,0,2,1983,26,0,34,18,22,39,14,18,23,25
380031,1,1,1983,12,14,0,38,22,13,16,9,12,16
380032,1,1,1983,5,11,9,15,30,21,9,17,22,9
380032,2,1,1983,23,12,19,0,12,5,0,14,26,10
380033,1,1,1983,0,0,0,0,0,0,0,0,0,0
380033,2,1,1983,0,0,0,0,0,0,0,0,0,0
380034,1,1,1983,18,18,18,18,18,18,18,18,18,18
380035,1,1,1983,10,25,0,32,7,0,22,19,0,10
380035,2,1,1983,0,0,0,0,0,0,0,0,0,0
380036,0,1,1983,0,0,0,0,2,0,0,19,0,17
380036,1,1,1983,12,0,13,13,23,0,16,0,0,0
380037,1,1,1983,21,16,16,21,22,13,14,24,15,24
380038,1,1,1983,8,0,0,12,12,18,0,7,18,13
380038,2,1,1983,0,9,17,16,13,23,18,4,18,24
380039,1,1,1983,0,6,15,7,29,21,15,15,5,7
380040,1,1,1983,0,0,0,0,0,0,0,0,0,0
380040,2,1,1983,19,0,0,0,0,14,0,0,0,0
380041,1,1,1983,17,28,11,24,28,29,21,33,20,9
380042,0,1,1983,0,0,0,0,0,0,0,0,0,0
380042,1,1,1983,10,26,10,7,5,24,23,12,22,20
380043,1,1,1983,15,4,17,21,15,13,28,17,4,14
380044,0,1,1983,0,0,0,32,16,14,0,0,32,0
380044,1,1,1983,16,28,0,2,15,12,0,24,7,13
380045,1,1,1983,0,0,0,0,0,0,0,0,0,0
380046,1,1,1983,19,19,19,19,19,19,19,19,19,19
380046,2,1,1983,10,10,10,10,10,10,10,10,10,10
380046,3,1,1983,12,12,12,12,12,12,12,12,12,12
380047,1,1,1983,18,27,29,23,0,11,23,13,7,22
380048,1,1,1983,0,0,0,0,0,0,0,0,0,0
380048,2,1,1983,12,0,0,0,0,0,0,0,0,0
380049,1,1,1983,0,0,0,0,0,0,0,0,0,0
380049,2,1,1983,0,0,0,0,0,0,0,0,0,0
380050,1,1,1983,17,17,18,17,14,15,27,19,21,14
380050,2,1,1983,0,0,0,0,0,0,0,0,0,0
380051,1,1,1983,0,0,0,0,0,0,0,0,0,0
380051,2,1,1983,0,0,0,0,0,0,0,0,0,0
380052,1,1,1983,29,29,29,29,29,29,29,29,29,29
380052,2,1,1983,0,0,9,0,0,13,19,0,16,0
380053,1,1,1983,27,16,0,0,0,15,0,0,0,0
380053,2,1,1983,0,0,0,0,0,0,0,0,0,0
380054,1,1,1983,0,17,6,18,19,9,16,21,0,9
380054,2,1,1983,0,26,0,0,11,32,23,0,6,9
380055,1,1,1983,18,19,31,23,31,20,14,6,7,24
380056,1,1,1983,0,0,19,0,0,0,19,0,0,0
380056,2,1,1983,0,0,0,0,0,0,3,0,0,0
380057,1,1,1983,20,27,12,18,15,14,21,14,16,14
380057,2,1,1983,0,0,11,0,0,0,0,0,0,0
380058,1,1,1983,28,9,19,8,18,12,0,6,13,14
380059,1,1,1983,0,13,0,0,0,0,0,0,0,0
380060,1,1,1983,19,18,21,27,17,28,30,17,0,16
380061,1,1,1983,23,20,30,20,14,19,14,10,17,21
380062,2,1,1983,0,0,9,3,7,0,0,0,32,0
380063,1,1,1983,23,15,24,0,25,10,26,8,21,17
380063,2,1,1983,0,0,0,0,0,0,0,0,12,0
380064,1,1,1983,20,31,11,10,21,17,11,10,12,23
380065,1,1,1983,3,12,23,2,8,0,17,0,28,0
380065,2,1,1983,12,8,0,30,0,11,12,0,0,5
380066,0,1,1983,14,29,25,0,20,11,30,33,23,10
380066,1,1,1983,6,3,2,8,6,2,12,3,9,0
380067,1,1,1983,0,0,0,0,0,11,0,18,10,0
380068,0,1,1983,21,27,28,19,16,19,13,12,25,7
380068,1,1,1983,0,0,0,0,0,0,0,0,0,0
380069,1,1,1983,0,30,0,0,0,19,0,0,0,0
380069,2,1,1983,0,0,0,0,0,0,0,0,0,0
380070,1,1,1983,0,0,24,22,17,7,0,4,0,0
380071,0,1,1983,0,0,0,0,0,0,0,0,0,0
380071,1,1,1983,20,0,0,0,4,0,0,0,0,0
380072,1,1,1983,24,32,36,8,4,29,16,19,26,22
380073,1,1,1983,0,0,0,26,19,0,0,0,0,0
380074,1,1,1983,14,24,26,22,0,15,30,24,0,22
380075,1,1,1983,10,19,24,17,26,11,22,11,17,22
380077,1,1,1983,0,0,0,0,0,0,0,0,0,0
380078,1,1,1983,16,6,20,42,12,12,16,6,29,32
380079,1,1,1983,27,18,9,41,29,33,16,27,29,24
380080,1,1,1983,10,12,7,20,17,10,21,28,10,12
380081,1,1,1983,0,0,0,0,17,11,0,0,0,0
380082,1,1,1983,0,0,0,0,0,0,0,0,0,0
380083,1,1,1983,3,6,20,19,16,20,0,4,26,25
380084,0,1,1983,0,18,0,0,0,0,0,0,0,0
380084,1,1,1983,0,0,0,0,0,0,0,0,0,0
380085,1,1,1983,0,0,0,0,0,0,0,0,0,0
380085,2,1,1983,0,0,0,0,0,0,0,0,0,0
380086,1,1,1983,16,8,16,16,5,19,6,19,20,19
380087,1,1,1983,11,11,11,11,11,11,11,11,11,11
380088,1,1,1983,10,24,12,12,13,12,0,9,9,0
380089,1,1,1983,0,0,0,0,0,0,0,0,0,0
380089,2,1,1983,0,0,0,0,0,0,0,0,0,0
380090,0,1,1983,24,24,24,24,24,24,24,24,24,24
380090,1,1,1983,5,0,0,0,0,11,16,0,0,0
380091,1,1,1983,0,0,0,0,0,0,0,0,0,0
380091,2,1,1983,0,0,0,0,0,0,0,0,0,0
380092,1,1,1983,0,0,0,0,0,0,0,0,0,0
380092,2,1,1983,0,0,0,0,11,0,0,0,0,0
380093,1,1,1983,21,12,8,30,0,22,24,35,17,18
380094,1,1,1983,20,19,27,33,20,19,25,12,0,13
380095,1,1,1983,21,21,21,21,21,21,21,21,21,21
380095,2,1,1983,0,0,0,0,0,0,16,0,14,20
380096,1,1,1983,12,29,28,31,21,13,10,11,16,16
380097,1,1,1983,0,0,0,0,0,0,0,0,0,0
380097,2,1,1983,0,0,17,12,13,0,0,0,0,0
380098,1,1,1983,0,0,0,0,0,0,0,0,24,0
380098,2,1,1983,0,0,0,0,10,0,0,0,0,0
380099,1,1,1983,0,0,0,0,0,0,0,0,0,0
380099,2,1,1983,0,0,0,0,0,0,0,0,0,0
380100,1,1,1983,36,18,31,0,0,0,14,0,0,0
380101,1,1,1983,0,0,0,0,0,0,0,0,0,0
380101,2,1,1983,0,0,0,0,0,0,0,0,0,0
380102,1,1,1983,17,0,9,9,0,0,0,18,16,1
380103,1,1,1983,0,35,0,0,0,0,0,0,0,0
380103,2,1,1983,0,0,0,0,0,0,0,0,0,0
380104,1,1,1983,0,0,0,0,0,0,0,0,0,0
380104,2,1,1983,0,0,0,0,0,0,0,0,0,0
380105,1,1,1983,0,0,0,0,0,0,0,0,0,0
380105,2,1,1983,0,0,0,0,0,0,0,0,0,0
380106,1,1,1983,0,31,0,0,13,0,19,0,0,0
390001,1,1,1983,23,23,23,23,23,23,23,23,23,23
390001,2,1,1983,13,13,13,13,13,13,13,13,13,13
390002,1,1,1983,13,13,13,13,13,13,13,13,13,13
390003,1,1,1983,14,14,14,14,14,14,14,14,14,14
390004,1,1,1983,16,16,16,16,16,16,16,16,16,16
390004,2,1,1983,0,0,0,0,0,0,0,0,0,0
390005,1,1,1983,28,12,0,28,0,0,0,0,0,0
390006,1,1,1983,18,18,18,18,18,18,18,18,18,18
390007,1,1,1983,0,13,0,35,9,28,14,0,15,0
390007,2,1,1983,0,0,0,0,17,0,0,23,0,0
390008,1,1,1983,10,10,10,10,10,10,10,10,10,10
390009,0,1,1983,7,7,7,7,7,7,7,7,7,7
390009,1,1,1983,0,0,8,0,14,0,0,0,0,0
390010,1,1,1983,11,11,11,11,11,11,11,11,11,11
390011,1,1,1983,19,19,19,19,19,19,19,19,19,19
390012,1,1,1983,13,0,22,16,13,24,17,20,0,0
390013,0,1,1983,0,0,0,0,0,0,0,0,0,0
390013,1,1,1983,0,10,0,0,0,0,0,0,0,0
390014,0,1,1983,0,0,28,0,0,0,0,30,0,0
390014,1,1,1983,0,0,0,0,0,0,0,0,0,0
390015,1,1,1983,14,14,14,14,14,14,14,14,14,14
390016,0,1,1983,30,12,0,9,5,0,17,0,37,9
390016,0,2,1983,26,0,0,7,0,5,11,0,0,0
390016,2,1,1983,0,0,0,0,22,0,0,0,17,0
390017,1,1,1983,0,0,0,0,0,0,0,0,0,0
390017,2,1,1983,0,0,0,0,0,0,0,0,0,0
390018,1,1,1983,0,0,0,18,0,0,0,2,0,0
390019,1,1,1983,0,0,0,0,0,0,0,0,0,0
390019,2,1,1983,0,0,0,0,0,0,0,0,0,0
390020,1,1,1983,0,0,0,0,0,0,0,0,20,0
390020,2,1,1983,18,18,18,18,18,18,18,18,18,18
390021,1,1,1983,11,0,0,0,21,14,11,9,0,10
390022,0,2,1983,0,0,0,0,0,0,0,0,0,0
390022,1,1,1983,0,8,0,0,10,0,0,20,0,0
390023,1,1,1983,0,9,9,12,0,8,24,26,0,14
390024,1,1,1983,20,16,0,9,23,9,8,17,25,7
390025,1,1,1983,15,0,28,29,17,11,10,22,17,23
390026,1,1,1983,11,11,11,11,11,11,11,11,11,11
390027,1,1,1983,0,0,0,0,0,0,0,0,0,0
390027,2,1,1983,0,0,0,0,0,0,0,0,0,0
390028,1,1,1983,3,3,3,3,3,3,3,3,3,3
390028,2,1,1983,12,12,12,12,12,12,12,12,12,12
390029,1,1,1983,27,27,27,27,27,27,27,27,27,27
390030,1,1,1983,25,25,25,25,25,25,25,25,25,25
390031,0,1,1983,16,0,0,0,0,0,0,0,7,0
390031,1,1,1983,11,11,11,11,11,11,11,11,11,11
390032,1,1,1983,0,0,0,0,0,0,0,0,0,0
390032,2,1,1983,0,0,0,0,0,0,0,0,0,0
390033,1,1,1983,11,11,11,11,11,11,11,11,11,11
390034,0,1,1983,15,26,12,15,34,33,0,25,21,15
390034,1,1,1983,18,6,25,13,31,20,27,24,24,21
390035,1,1,1983,0,0,0,0,0,0,0,0,0,25
390035,2,1,1983,0,0,0,0,0,0,0,0,0,0
390036,1,1,1983,0,0,0,21,14,0,0,17,0,0
390037,1,1,1983,0,29,0,19,0,0,0,24,0,0
390038,1,1,1983,0,0,0,13,14,0,0,0,0,0
390039,1,1,1983,0,0,0,18,0,18,0,0,0,0
390040,1,1,1983,11,0,31,24,19,5,11,0,17,18
390040,2,1,1983,0,0,0,0,0,0,0,0,0,0
390041,1,1,1983,12,12,12,12,12,12,12,12,12,12
390041,2,1,1983,0,0,0,0,0,0,0,0,0,0
390042,1,1,1983,18,18,14,31,0,25,15,29,16,10
390043,1,1,1983,0,0,9,26,0,24,25,0,0,42
390044,1,1,1983,26,26,26,26,26,26,26,26,26,26
390044,2,1,1983,0,0,0,0,0,0,0,0,0,0
390045,1,1,1983,0,0,0,0,0,0,0,0,0,0
390045,2,1,1983,10,15,15,0,0,0,19,0,14,28
390045,3,1,1983,0,0,0,0,0,0,0,0,0,0
390046,1,1,1983,21,21,21,21,21,21,21,21,21,21
390047,1,1,1983,18,10,11,18,22,15,24,16,41,26
390048,0,1,1983,16,15,16,17,14,26,19,36,0,26
390048,1,1,1983,22,22,22,22,22,22,22,22,22,22
390049,1,1,1983,15,15,15,15,15,15,15,15,15,15
390050,0,1,1983,0,0,0,0,0,0,0,0,0,0
390050,1,1,1983,0,0,0,0,0,0,0,0,0,0
390051,1,1,1983,20,6,22,3,7,4,28,6,8,11
390052,1,1,1983,0,0,0,14,0,14,0,26,0,0
390053,1,1,1983,0,0,0,0,0,0,0,0,0,0
390054,1,1,1983,0,0,0,0,0,0,0,0,0,0
390054,2,1,1983,0,0,0,0,0,0,0,0,0,0
390055,1,1,1983,18,4,0,0,8,23,12,25,0,20
390056,1,1,1983,12,9,17,19,33,17,26,18,14,10
390057,1,1,1983,0,0,0,0,0,0,5,0,0,0
390057,2,1,1983,0,0,0,0,0,0,0,0,0,0
390058,1,1,1983,0,0,0,0,0,0,0,0,0,0
390058,2,1,1983,0,0,0,0,0,0,0,0,0,0
390059,1,1,1983,0,0,0,0,0,0,0,0,0,0
390059,2,1,1983,18,18,18,18,18,18,18,18,18,18
390060,1,1,1983,25,25,25,25,25,25,25,25,25,25
390061,1,1,1983,25,0,31,0,13,18,20,33,35,16
390062,1,1,1983,10,10,27,33,34,8,17,16,14,17
390063,1,1,1983,0,19,0,16,0,0,0,14,16,12
390064,1,1,1983,0,0,0,14,0,0,0,0,0,0
390064,2,1,1983,18,14,20,12,10,10,5,15,19,6
390065,0,1,1983,0,9,26,18,21,9,20,16,12,13
390065,1,1,1983,0,14,0,0,0,19,23,21,0,8
390066,1,1,1983,20,9,0,0,0,0,0,13,24,0
390067,1,1,1983,3,3,3,3,3,3,3,3,3,3
390067,2,1,1983,21,21,21,21,21,21,21,21,21,21
390068,1,1,1983,23,23,23,23,23,23,23,23,23,23
390069,1,1,1983,16,16,16,16,16,16,16,16,16,16
390070,1,1,1983,13,16,7,12,17,26,28,20,21,15
390071,1,1,1983,6,19,12,10,18,11,13,14,21,14
390072,1,1,1983,19,23,14,5,13,23,13,20,0,21
390072,2,1,1983,0,0,0,0,0,0,0,0,14,0
390073,1,1,1983,0,0,0,0,0,0,9,15,0,0
390074,1,1,1983,37,37,37,37,37,37,37,37,37,37
390075,1,1,1983,31,31,31,31,31,31,31,31,31,31
390076,1,1,1983,21,23,13,15,15,22,19,22,12,8
390077,0,1,1983,8,8,8,8,8,8,8,8,8,8
390077,1,1,1983,24,24,24,24,24,24,24,24,24,24
390078,0,1,1983,0,0,0,0,0,21,0,13,0,0
390078,1,1,1983,6,19,6,18,7,23,19,19,24,22
390079,1,1,1983,0,0,0,0,0,0,7,0,0,0
390079,2,1,1983,0,0,0,0,0,0,0,0,10,0
390080,1,1,1983,19,19,19,19,19,19,19,19,19,19
390081,1,1,1983,0,0,0,0,0,0,0,0,0,0
390081,2,1,1983,0,16,0,0,0,0,0,0,0,0
390082,1,1,1983,0,0,0,0,0,0,0,0,0,0
390082,2,1,1983,0,0,8,19,0,0,0,0,0,0
390083,1,1,1983,0,29,19,14,0,0,0,22,0,8
390083,2,1,1983,0,0,7,0,0,0,0,0,0,0
390084,1,1,1983,19,19,19,19,19,19,19,19,19,19
390085,0,1,1983,0,0,0,0,0,0,15,0,0,0
390085,0,2,1983,0,0,38,13,36,0,7,19,0,0
390085,1,1,1983,17,17,17,17,17,17,17,17,17,17
390086,0,1,1983,0,0,0,0,0,0,0,0,0,0
390086,1,1,1983,0,0,0,0,0,0,0,0,0,0
390087,0,1,1983,11,11,11,11,11,11,11,11,11,11
390087,1,1,1983,14,14,14,14,14,14,14,14,14,14
390088,0,1,1983,18,11,13,23,19,0,12,23,53,8
390088,1,1,1983,23,21,0,26,19,0,12,7,17,0
390089,1,1,1983,0,0,0,0,0,0,0,0,0,0
390089,2,1,1983,0,0,0,0,0,0,0,0,0,0
390090,0,1,1983,0,0,43,20,0,0,0,0,23,0
390090,2,1,1983,0,0,0,0,0,0,0,0,0,0
390091,1,1,1983,18,18,18,18,18,18,18,18,18,18
390092,1,1,1983,0,0,0,0,0,0,0,0,9,0
390092,2,1,1983,0,0,0,0,0,0,0,0,0,0
390093,1,1,1983,10,28,0,0,0,0,0,10,0,0
390094,0,1,1983,26,26,26,26,26,26,26,26,26,26
390094,1,1,1983,0,0,0,0,0,0,0,0,0,0
390095,1,1,1983,18,18,18,18,18,18,18,18,18,18
390096,1,1,1983,0,19,0,15,0,0,0,19,27,0
390097,0,1,1983,29,29,29,29,29,29,29,29,29,29
390097,1,1,1983,0,0,0,0,0,0,0,0,0,0
390098,1,1,1983,0,0,0,0,0,0,23,4,0,0
390098,2,1,1983,0,0,0,0,0,0,0,0,0,0
390099,1,1,1983,0,0,0,0,0,0,0,0,0,0
390099,2,1,1983,0,0,0,0,0,0,0,0,0,0
390100,1,1,1983,12,12,12,12,12,12,12,12,12,12
390101,1,1,1983,0,0,0,15,12,0,17,0,0,9
390101,2,1,1983,0,0,0,0,0,0,0,0,0,0
390102,1,1,1983,15,13,0,10,19,0,18,0,12,10
390103,1,1,1983,23,23,23,23,23,23,23,23,23,23
390104,1,1,1983,26,26,14,15,23,17,15,8,31,29
390105,1,1,1983,6,11,18,27,15,20,30,14,4,18
390105,2,1,1983,33,15,6,0,10,5,20,14,11,15
390106,1,1,1983,0,0,17,0,0,0,0,0,0,0
390106,2,1,1983,0,0,0,0,0,0,0,0,0,0
390107,1,1,1983,22,22,22,22,22,22,22,22,22,22
390108,1,1,1983,25,25,25,25,25,25,25,25,25,25
390109,1,1,1983,20,0,14,29,15,0,0,0,0,0
390110,0,1,1983,0,0,0,0,0,15,0,0,0,0
390110,0,2,1983,0,0,0,0,21,0,0,14,0,0
390110,1,1,1983,11,15,11,0,0,0,15,0,0,24
390111,1,1,1983,0,0,0,0,18,0,17,0,2,17
390111,2,1,1983,13,14,22,18,16,16,11,15,13,11
390112,0,1,1983,0,16,0,36,0,0,0,0,0,0
390112,1,1,1983,0,0,0,0,0,0,0,0,0,0
390113,1,1,1983,0,0,0,0,0,0,0,29,0,0
390114,0,1,1983,0,7,7,18,8,20,0,0,12,14
390114,0,2,1983,0,10,16,0,5,0,17,20,0,14
390114,1,1,1983,15,8,17,15,21,7,11,17,24,13
390115,1,1,1983,25,25,25,25,25,25,25,25,25,25
390115,2,1,1983,0,0,0,0,0,0,0,0,0,0
390116,0,1,1983,19,33,7,0,19,0,21,0,22,34
390116,1,1,1983,19,0,22,20,29,4,10,0,9,25
390117,0,1,1983,0,0,0,0,0,0,0,0,0,0
390117,1,1,1983,0,0,0,0,0,0,0,0,0,0
390118,1,1,1983,0,0,0,0,0,0,0,0,0,0
390118,2,1,1983,0,0,0,0,0,0,12,0,0,0
390119,1,1,1983,0,0,0,0,0,0,0,0,0,0
390119,2,1,1983,0,0,0,0,0,0,0,0,0,0
390120,1,1,1983,0,0,0,0,0,0,0,0,0,0
390120,2,1,1983,27,27,27,27,27,27,27,27,27,27
390121,1,1,1983,0,0,0,0,0,0,25,0,0,0
390121,2,1,1983,0,0,13,0,17,0,0,0,0,0
390121,3,1,1983,17,17,17,17,17,17,17,17,17,17
390122,1,1,1983,24,24,24,24,24,24,24,24,24,24
390123,0,1,1983,0,0,0,0,0,0,0,0,0,0
390123,1,1,1983,0,0,0,0,0,0,0,0,0,0
390124,1,1,1983,12,12,12,12,12,12,12,12,12,12
390124,2,1,1983,0,0,0,0,0,0,0,0,0,0
390125,1,1,1983,0,0,0,0,0,0,0,0,0,0
390126,0,1,1983,10,0,12,0,16,28,6,2,11,13
390126,1,1,1983,4,4,4,4,4,4,4,4,4,4
390126,2,1,1983,13,13,13,13,13,13,13,13,13,13
390127,1,1,1983,0,0,0,28,0,0,0,0,0,0
390128,1,1,1983,0,0,0,0,0,0,0,0,0,0
390128,2,1,1983,0,0,0,20,0,0,0,0,13,0
390129,1,1,1983,19,19,19,19,19,19,19,19,19,19
390130,1,1,1983,27,27,27,27,27,27,27,27,27,27
390131,1,1,1983,0,14,0,0,0,0,2,0,0,0
390131,2,1,1983,0,0,0,0,0,0,0,0,0,0
390132,1,1,1983,0,0,0,0,0,0,0,23,0,5
390132,2,1,1983,5,0,0,0,0,0,2,0,0,0
390133,1,1,1983,11,24,0,13,11,8,9,17,15,20
390134,1,1,1983,0,0,0,0,0,0,0,0,0,0
390134,2,1,1983,0,0,0,0,0,0,0,0,0,0
390134,3,1,1983,0,0,0,0,0,0,0,0,0,0
390135,0,1,1983,0,0,0,0,0,0,0,0,0,0
390135,1,1,1983,0,0,0,0,8,0,18,9,0,0
390136,0,1,1983,28,0,0,0,0,0,7,0,28,0
390136,1,1,1983,0,0,0,0,0,0,0,0,0,0
390137,1,1,1983,0,0,0,0,0,0,0,0,0,0
390137,2,1,1983,0,0,0,0,0,0,0,0,0,0
390138,1,1,1983,0,0,0,0,8,0,0,0,0,0
390138,2,1,1983,0,0,0,0,0,0,0,0,0,0
390139,1,1,1983,32,32,32,32,32,32,32,32,32,32
390140,1,1,1983,18,18,18,18,18,18,18,18,18,18
390141,0,1,1983,5,5,5,5,5,5,5,5,5,5
390141,1,1,1983,0,0,0,9,0,0,0,0,0,0
390142,1,1,1983,0,0,0,0,0,0,0,0,0,0
390142,2,1,1983,11,11,11,11,11,11,11,11,11,11
390142,3,1,1983,0,0,0,0,0,0,0,0,0,0
390143,1,1,1983,21,21,21,21,21,21,21,21,21,21
390144,1,1,1983,10,25,0,0,24,0,0,0,0,28
390144,2,1,1983,0,0,0,5,0,0,0,0,0,0
390144,3,1,1983,0,0,9,0,23,16,0,0,18,0
390145,0,1,1983,0,0,0,0,0,0,0,0,0,0
390145,1,1,1983,0,0,0,0,0,0,0,0,0,0
390146,1,1,1983,21,21,21,21,21,21,21,21,21,21
390147,1,1,1983,9,9,9,9,9,9,9,9,9,9
390148,1,1,1983,16,16,16,16,16,16,16,16,16,16
390149,0,1,1983,25,26,23,28,30,19,0,0,24,18
390149,0,2,1983,11,31,18,25,18,0,11,18,9,17
390149,1,1,1983,0,0,0,13,0,0,0,0,0,23
390150,1,1,1983,0,16,14,27,22,11,18,16,13,11
390151,1,1,1983,13,13,13,13,13,13,13,13,13,13
390152,1,1,1983,0,0,0,0,0,0,0,0,0,0
390152,2,1,1983,0,0,0,19,0,0,0,0,0,0
390153,1,1,1983,10,10,10,10,10,10,10,10,10,10
390154,1,1,1983,0,0,0,0,0,0,0,0,2,0
390154,2,1,1983,0,0,8,0,0,0,0,15,0,0
390155,1,1,1983,0,0,0,0,0,0,0,0,0,0
390155,2,1,1983,0,0,0,0,0,0,0,0,0,0
390156,1,1,1983,0,0,0,0,0,0,0,0,0,0
390156,2,1,1983,0,0,11,0,0,0,0,0,0,0
390157,0,1,1983,0,13,0,0,0,0,12,0,0,0
390157,1,1,1983,0,0,0,5,0,0,0,0,0,0
390157,2,1,1983,0,0,0,0,0,0,0,0,0,0
390158,1,1,1983,0,0,0,0,0,0,0,0,17,0
390158,2,1,1983,0,0,0,0,0,0,0,0,0,0
390158,3,1,1983,0,0,0,0,0,0,0,11,0,0
390158,4,1,1983,0,0,0,0,0,0,0,0,0,0
390159,1,1,1983,0,12,0,0,21,0,0,0,13,14
390160,0,1,1983,15,15,15,15,15,15,15,15,15,15
390160,1,1,1983,13,13,13,13,13,13,13,13,13,13
390161,1,1,1983,14,26,8,8,22,23,31,21,18,9
390162,0,1,1983,18,0,0,0,0,0,0,0,0,0
390162,1,1,1983,0,0,0,0,0,0,0,0,0,0
390163,1,1,1983,0,0,0,0,0,0,0,0,0,0
390164,1,1,1983,0,0,0,0,0,0,0,0,0,0
390164,2,1,1983,0,0,0,0,0,0,0,0,0,0
390165,0,1,1983,21,0,0,0,7,21,0,13,0,0
390165,0,2,1983,15,0,0,0,14,14,13,0,0,0
390165,0,3,1983,20,0,11,3,0,3,45,0,0,14
390165,1,1,1983,24,24,24,24,24,24,24,24,24,24
390165,2,1,1983,10,0,0,0,0,8,0,0,0,0
390165,3,1,1983,27,0,0,0,0,0,0,0,22,0
390165,4,1,1983,0,0,0,0,0,0,0,14,0,0
390166,1,1,1983,0,0,0,0,0,0,0,0,0,0
390166,2,1,1983,23,23,23,23,23,23,23,23,23,23
390167,0,1,1983,0,0,0,0,0,0,0,0,36,0
390167,1,1,1983,0,0,0,0,0,0,0,0,0,0
390168,1,1,1983,0,0,0,0,0,0,0,0,0,0
390168,2,1,1983,0,0,0,0,0,0,0,0,0,0
390169,1,1,1983,16,31,19,0,15,11,6,7,10,37
390170,1,1,1983,7,23,18,23,0,20,0,15,23,8
390170,2,1,1983,0,0,0,0,0,0,0,0,0,0
390171,1,1,1983,26,0,15,0,0,0,0,16,0,27
390172,1,1,1983,22,22,22,22,22,22,22,22,22,22
390173,1,1,1983,8,0,17,8,17,23,7,11,12,34
390173,2,1,1983,0,0,0,0,0,0,0,0,0,0
390174,1,1,1983,16,24,0,13,13,5,18,11,6,16
390175,1,1,1983,20,23,42,8,6,21,22,14,35,3
390176,1,1,1983,13,16,0,16,0,34,32,18,28,23
390177,1,1,1983,0,0,0,0,0,0,0,0,0,0
390177,2,1,1983,0,0,0,0,0,0,0,12,17,7
390178,1,1,1983,0,0,0,0,0,0,0,0,0,0
390179,1,1,1983,0,0,0,0,0,0,0,0,0,0
390179,2,1,1983,12,12,12,12,12,12,12,12,12,12
390180,1,1,1983,30,30,30,30,30,30,30,30,30,30
390181,1,1,1983,33,17,2,12,17,9,21,14,9,9
390181,2,1,1983,19,19,19,19,19,19,19,19,19,19
390182,1,1,1983,30,30,30,30,30,30,30,30,30,30
390183,1,1,1983,23,23,23,23,23,23,23,23,23,23
390184,1,1,1983,12,12,12,12,12,12,12,12,12,12
390185,1,1,1983,20,20,20,20,20,20,20,20,20,20
390186,1,1,1983,10,13,17,2,10,30,12,18,16,11
390186,2,1,1983,18,18,18,18,18,18,18,18,18,18
390187,0,1,1983,16,0,0,24,0,0,0,0,0,36
390187,1,1,1983,0,0,0,0,0,0,0,0,0,0
390188,1,1,1983,38,38,38,38,38,38,38,38,38,38
390189,1,1,1983,25,25,25,25,25,25,25,25,25,25
390189,2,1,1983,0,0,0,0,0,0,0,0,12,0
390190,0,1,1983,31,31,31,31,31,31,31,31,31,31
390190,1,1,1983,0,0,0,0,0,0,0,0,0,0
390191,1,1,1983,25,15,6,35,11,18,26,22,12,30
390192,0,1,1983,28,28,28,28,28,28,28,28,28,28