ST_CASE,VEH_NO,PER_NO,YEAR,P1,P2,P3,P4,P5,P6,P7,P8,P9,P10
390192,1,1,1983,23,23,23,23,23,23,23,23,23,23
390193,1,1,1983,0,0,0,0,8,0,0,0,0,0
390194,1,1,1983,29,14,22,14,0,14,20,18,18,14
390194,2,1,1983,0,0,0,0,0,0,0,0,0,0
390195,1,1,1983,9,19,7,16,12,18,0,0,21,14
390195,2,1,1983,24,15,7,8,24,13,26,19,19,0
390196,1,1,1983,31,31,31,31,31,31,31,31,31,31
390196,2,1,1983,0,0,0,0,0,0,0,0,0,0
390196,3,1,1983,0,0,0,0,0,0,0,0,0,0
390197,1,1,1983,0,0,0,0,0,0,0,0,0,0
390197,2,1,1983,0,0,0,0,0,0,29,0,0,0
390198,1,1,1983,25,25,25,25,25,25,25,25,25,25
390199,1,1,1983,0,0,29,0,0,0,0,0,0,0
390200,1,1,1983,0,0,0,0,0,0,0,0,0,0
390200,2,1,1983,0,0,0,0,0,13,0,10,0,0
390201,1,1,1983,0,0,0,0,0,0,18,0,0,0
390201,2,1,1983,0,0,0,0,0,0,0,0,0,0
390202,1,1,1983,15,15,15,15,15,15,15,15,15,15
390203,1,1,1983,19,19,19,19,19,19,19,19,19,19
390204,1,1,1983,18,18,18,18,18,18,18,18,18,18
390205,0,1,1983,0,0,0,0,0,0,0,0,0,0
390205,1,1,1983,0,0,0,0,0,0,0,0,0,0
390206,1,1,1983,17,17,17,17,17,17,17,17,17,17
390207,1,1,1983,0,0,0,0,16,0,0,0,0,0
390207,2,1,1983,0,0,0,31,0,0,12,0,0,0
390208,1,1,1983,8,16,31,0,29,15,17,5,13,0
390209,1,1,1983,0,0,0,0,0,0,0,0,0,16
390209,2,1,1983,0,0,0,0,0,0,0,0,0,0
390210,1,1,1983,17,17,17,17,17,17,17,17,17,17
390211,1,1,1983,9,30,16,7,26,17,6,16,15,18
390212,1,1,1983,0,16,16,0,24,20,25,16,24,15
390213,1,1,1983,0,0,0,0,0,0,0,0,0,0
390213,2,1,1983,0,0,0,16,7,0,24,0,11,0
390214,1,1,1983,19,19,19,19,19,19,19,19,19,19
390214,2,1,1983,40,11,0,0,0,0,0,20,0,0
390215,1,1,1983,0,0,0,0,0,0,0,18,0,0
390216,1,1,1983,0,37,28,17,12,12,0,9,6,14
390217,1,1,1983,0,0,0,0,0,5,0,0,0,0
390217,2,1,1983,8,8,8,8,8,8,8,8,8,8
390218,0,1,1983,0,0,0,0,0,0,0,0,0,0
390218,1,1,1983,0,0,0,0,0,0,0,0,0,0
390218,3,1,1983,0,0,0,0,0,0,0,0,0,0
390219,1,1,1983,17,17,17,17,17,17,17,17,17,17
390220,1,1,1983,0,0,0,0,0,0,0,0,0,0
390220,2,1,1983,0,0,0,0,0,0,0,0,0,0
390220,3,1,1983,0,0,0,0,0,0,0,0,0,0
390221,1,1,1983,0,0,0,0,0,0,0,0,0,0
390221,2,1,1983,0,0,0,0,0,0,0,0,0,0
390222,1,1,1983,27,27,27,27,27,27,27,27,27,27
390223,1,1,1983,18,19,19,16,20,10,19,6,20,20
390223,2,1,1983,13,0,0,0,0,0,0,0,0,0
390223,3,1,1983,0,0,0,0,0,0,0,0,0,0
390224,1,1,1983,13,13,13,13,13,13,13,13,13,13
390224,2,1,1983,33,25,15,0,0,0,0,0,0,0
390225,1,1,1983,9,9,9,9,9,9,9,9,9,9
390225,2,1,1983,0,0,0,0,0,0,0,0,0,0
390225,3,1,1983,19,0,0,0,0,0,0,12,0,0
390226,1,1,1983,0,0,0,0,0,0,0,0,0,0
390226,2,1,1983,0,0,0,0,0,0,0,0,0,0
390227,1,1,1983,0,0,0,0,0,0,0,0,0,0
390228,1,1,1983,0,0,0,0,0,0,0,0,0,0
390229,1,1,1983,21,21,21,21,21,21,21,21,21,21
390230,1,1,1983,0,0,0,0,0,22,0,0,0,0
390230,2,1,1983,0,0,0,19,0,0,0,0,0,0
390230,3,1,1983,23,23,23,23,23,23,23,23,23,23
390231,1,1,1983,41,41,41,41,41,41,41,41,41,41
390231,2,1,1983,0,23,0,0,10,0,0,36,12,0
390232,1,1,1983,0,0,0,0,0,0,0,0,0,0
390232,2,1,1983,7,7,7,7,7,7,7,7,7,7
390233,1,1,1983,0,0,0,0,0,0,0,0,0,0
390233,2,1,1983,0,0,0,0,0,0,0,0,0,0
390234,1,1,1983,15,15,12,17,8,6,16,23,15,15
390235,1,1,1983,10,0,12,0,0,28,0,0,0,0
390235,2,1,1983,0,0,8,0,0,0,0,0,0,0
390236,1,1,1983,17,17,17,17,17,17,17,17,17,17
390237,1,1,1983,0,0,0,10,0,0,0,0,0,0
390237,2,1,1983,0,0,0,0,0,0,0,0,0,0
390238,1,1,1983,0,0,0,0,5,15,3,0,0,0
390239,1,1,1983,7,28,14,23,14,4,13,12,15,20
390240,1,1,1983,21,12,12,23,15,8,16,25,12,17
390241,1,1,1983,0,10,0,0,0,0,0,0,0,0
390242,1,1,1983,0,0,0,0,0,0,0,0,0,0
390243,0,1,1983,0,0,0,0,0,0,0,0,0,0
390243,1,1,1983,0,1,0,0,0,0,0,0,0,0
390244,1,1,1983,0,0,0,0,0,0,0,17,0,0
390244,2,1,1983,19,19,19,19,19,19,19,19,19,19
390245,1,1,1983,0,0,0,0,0,5,0,0,0,0
390245,2,1,1983,0,0,0,0,0,0,0,0,0,0
390246,1,1,1983,20,22,6,11,15,18,9,11,9,10
390247,1,1,1983,9,11,0,5,13,14,15,9,0,16
390247,2,1,1983,0,0,0,0,0,0,0,0,0,0
390248,1,1,1983,17,6,9,10,6,14,5,7,5,11
390248,2,1,1983,0,12,0,0,0,0,27,0,0,0
390249,1,1,1983,13,13,13,13,13,13,13,13,13,13
390250,1,1,1983,0,0,0,0,0,0,0,0,0,0
390250,2,1,1983,0,0,0,0,0,0,0,0,0,0
390250,3,1,1983,0,0,0,0,0,0,0,0,0,0
390251,1,1,1983,17,17,17,17,17,17,17,17,17,17
390251,2,1,1983,20,20,20,20,20,20,20,20,20,20
390252,0,1,1983,0,0,0,0,0,0,0,0,0,0
390252,1,1,1983,0,0,0,0,0,0,0,0,0,6
390253,0,1,1983,25,22,8,10,12,17,23,30,12,41
390253,1,1,1983,0,15,13,0,18,0,0,0,10,0
390254,1,1,1983,38,22,18,17,25,14,21,18,11,20
390255,1,1,1983,22,22,22,22,22,22,22,22,22,22
390256,0,1,1983,0,0,0,0,0,0,0,0,0,0
390256,1,1,1983,0,0,0,0,0,0,0,0,0,0
390257,1,1,1983,0,0,0,0,0,0,0,0,0,0
390257,2,1,1983,22,15,23,2,20,0,0,15,0,13
390258,1,1,1983,0,0,0,0,0,5,0,0,0,0
390258,2,1,1983,0,0,0,0,0,0,0,0,0,0
390259,1,1,1983,0,14,0,0,19,5,15,0,0,17
390260,0,1,1983,0,0,0,0,0,0,0,22,0,0
390261,1,1,1983,0,0,0,0,0,0,0,0,0,0
390261,2,1,1983,16,0,0,0,0,0,0,0,0,0
390262,1,1,1983,0,0,0,0,0,17,0,0,0,0
390262,2,1,1983,0,0,0,0,0,0,0,0,0,0
390262,3,1,1983,18,18,18,18,18,18,18,18,18,18
390263,1,1,1983,0,0,0,0,0,0,0,0,0,0
390263,2,1,1983,0,0,0,0,0,0,0,0,0,0
390264,1,1,1983,0,0,0,0,0,0,0,0,0,0
390264,2,1,1983,0,0,0,0,0,0,0,0,0,0
390265,0,1,1983,0,0,0,0,0,0,0,0,0,0
390265,1,1,1983,0,0,0,0,0,0,0,0,0,0
390266,0,1,1983,0,0,0,0,0,0,0,0,0,0
390266,1,1,1983,0,0,0,0,0,0,0,0,0,0
390267,1,1,1983,3,3,3,3,3,3,3,3,3,3
390267,2,1,1983,0,36,0,0,0,0,0,0,0,0
390268,1,1,1983,0,0,0,0,0,0,0,0,0,0
390268,2,1,1983,0,0,0,0,0,0,0,0,0,0
390269,1,1,1983,28,28,28,28,28,28,28,28,28,28
390270,1,1,1983,0,0,0,0,0,0,0,0,0,0
390270,2,1,1983,0,0,0,0,0,0,0,0,0,0
390271,1,1,1983,24,24,24,24,24,24,24,24,24,24
390272,1,1,1983,0,0,0,0,0,0,0,0,0,0
390272,2,1,1983,0,0,0,0,0,0,0,0,0,0
390273,1,1,1983,0,14,0,0,0,13,0,16,0,0
390273,2,1,1983,0,0,0,0,0,0,0,0,0,0
390274,1,1,1983,3,0,16,0,0,28,30,0,0,0
390275,1,1,1983,0,0,0,12,0,0,12,0,0,0
390275,2,1,1983,0,0,0,0,0,0,0,0,0,0
390276,1,1,1983,0,0,0,0,0,0,0,0,0,0
390277,1,1,1983,0,0,0,0,0,0,0,0,0,0
390277,2,1,1983,0,0,0,0,0,0,19,0,0,0
390278,1,1,1983,0,0,0,0,0,0,0,0,0,0
390278,2,1,1983,0,0,0,0,0,0,0,0,0,0
390279,0,1,1983,0,0,5,26,14,16,0,0,37,53
390279,1,1,1983,26,12,15,23,12,24,39,3,20,14
390280,0,1,1983,0,0,0,0,0,0,0,0,0,0
390280,1,1,1983,26,0,0,0,0,26,27,0,15,0
390281,1,1,1983,0,0,0,0,0,0,0,0,0,0
390281,2,1,1983,12,30,21,0,23,0,20,7,9,0
390282,1,1,1983,0,0,0,0,0,0,0,0,0,0
390282,2,1,1983,0,0,0,0,0,24,0,7,0,11
390283,1,1,1983,0,0,0,0,0,0,0,0,0,0
390283,2,1,1983,0,0,0,0,0,0,0,0,0,0
390284,0,1,1983,24,24,24,24,24,24,24,24,24,24
390284,1,1,1983,31,26,20,0,17,14,21,19,6,17
390285,0,1,1983,0,0,0,0,0,0,0,0,0,0
390285,1,1,1983,0,0,0,0,0,0,0,0,0,0
390286,1,1,1983,0,0,0,0,0,0,0,0,0,0
390287,0,1,1983,0,0,0,0,0,0,0,0,0,0
390287,1,1,1983,0,0,0,6,0,0,0,0,0,0
390288,1,1,1983,0,0,0,0,0,0,0,0,0,0
390289,1,1,1983,0,0,0,0,0,0,0,0,0,0
390290,0,1,1983,40,40,40,40,40,40,40,40,40,40
390290,1,1,1983,0,0,0,0,0,0,0,0,0,0
390291,1,1,1983,23,23,23,23,23,23,23,23,23,23
390292,1,1,1983,36,36,36,36,36,36,36,36,36,36
390292,2,1,1983,0,0,0,0,13,0,0,0,0,28
390293,1,1,1983,4,4,4,4,4,4,4,4,4,4
390293,2,1,1983,0,0,0,16,0,0,0,0,19,0
390294,0,1,1983,0,0,0,0,0,0,0,0,0,0
390294,1,1,1983,0,0,0,0,0,0,0,0,0,0
390295,1,1,1983,15,15,15,15,15,15,15,15,15,15
390296,1,1,1983,19,19,19,19,19,19,19,19,19,19
390297,1,1,1983,0,0,0,0,0,0,0,0,0,0
390297,2,1,1983,0,0,0,0,0,0,0,0,0,0
390298,1,1,1983,0,0,0,0,0,0,0,0,0,0
390299,1,1,1983,24,24,24,24,24,24,24,24,24,24
390300,1,1,1983,24,24,24,24,24,24,24,24,24,24
390301,1,1,1983,4,4,4,4,4,4,4,4,4,4
390301,2,1,1983,0,0,0,9,0,0,0,0,0,0
390302,1,1,1983,0,0,0,0,0,20,22,0,0,0
390302,2,1,1983,0,0,0,0,0,0,0,0,0,0
390303,1,1,1983,6,6,6,6,6,6,6,6,6,6
390304,1,1,1983,20,20,20,20,20,20,20,20,20,20
390305,1,1,1983,7,7,7,7,7,7,7,7,7,7
390306,1,1,1983,19,13,17,0,13,18,11,17,17,9
390306,2,1,1983,0,3,0,0,0,0,0,0,0,0
390306,3,1,1983,9,0,15,13,0,8,0,31,8,0
390307,1,1,1983,27,27,27,27,27,27,27,27,27,27
390307,2,1,1983,0,0,0,0,0,0,0,0,0,7
390307,3,1,1983,0,0,0,0,0,0,0,0,0,0
390308,1,1,1983,17,17,17,17,17,17,17,17,17,17
390308,2,1,1983,19,11,9,13,12,10,10,13,12,4
390309,1,1,1983,0,0,0,0,0,0,0,0,0,0
390309,2,1,1983,0,0,0,0,0,11,0,0,0,0
390310,1,1,1983,29,29,29,29,29,29,29,29,29,29
390311,1,1,1983,0,0,0,17,15,0,0,0,0,0
390312,1,1,1983,0,10,23,8,20,26,0,11,0,16
390312,2,1,1983,0,0,0,0,0,0,0,0,0,0
390313,1,1,1983,11,16,26,14,13,24,11,16,30,15
390314,0,1,1983,0,0,0,0,0,12,29,0,0,7
390314,1,1,1983,23,23,23,23,23,23,23,23,23,23
390315,1,1,1983,0,0,22,0,0,0,0,0,4,9
390316,0,1,1983,29,22,15,27,41,4,0,8,10,38
390316,1,1,1983,0,0,0,0,0,17,0,15,0,9
390317,1,1,1983,0,0,0,0,0,0,0,0,0,0
390317,2,1,1983,0,0,0,0,0,0,0,0,0,0
390327,1,1,1983,20,20,20,20,20,20,20,20,20,20
390327,2,1,1983,0,0,0,0,0,0,0,0,0,0
390329,1,1,1983,0,0,23,0,0,0,0,0,0,0
390329,2,1,1983,13,2,0,4,20,22,26,9,28,6
390331,1,1,1983,0,0,0,0,0,0,0,0,0,0
390331,2,1,1983,0,0,0,0,0,0,0,0,0,0
390342,1,1,1983,0,0,0,0,0,0,0,0,0,0
390344,1,1,1983,0,0,28,0,0,0,0,0,0,0
390344,2,1,1983,0,0,0,0,0,0,0,0,0,0
390345,0,1,1983,0,0,16,0,15,13,15,0,0,22
390345,1,1,1983,0,0,0,0,0,0,0,0,0,9
390348,1,1,1983,16,12,0,5,0,5,12,13,15,2
390351,1,1,1983,0,0,0,0,0,0,0,0,0,0
390351,2,1,1983,0,0,0,0,0,0,0,0,0,0
390352,0,1,1983,17,17,17,17,17,17,17,17,17,17
390352,1,1,1983,0,0,0,0,0,0,0,0,0,0
390359,0,1,1983,12,21,25,11,32,18,24,19,23,27
390359,1,1,1983,0,0,0,0,0,0,0,0,0,0
390361,1,1,1983,0,0,0,0,0,0,0,0,0,0
390361,2,1,1983,17,6,7,0,0,0,11,12,0,5
390363,1,1,1983,0,0,0,0,0,0,0,0,0,0
390363,2,1,1983,19,0,0,9,33,0,29,0,0,19
390370,1,1,1983,0,0,0,0,0,0,0,0,0,0
390371,1,1,1983,0,14,0,0,0,0,0,0,0,0
390371,2,1,1983,0,0,30,17,15,32,0,0,9,0
390374,1,1,1983,25,25,25,25,25,25,25,25,25,25
390375,1,1,1983,0,0,0,0,0,0,0,0,0,0
390375,2,1,1983,0,0,0,0,0,0,0,0,0,0
390376,1,1,1983,17,17,17,17,17,17,17,17,17,17
390377,0,1,1983,0,0,0,0,0,0,0,0,0,0
390377,1,1,1983,0,9,0,0,0,0,0,0,0,0
390378,0,1,1983,27,10,12,16,22,24,11,31,38,15
390378,1,1,1983,0,0,0,0,0,0,0,24,0,0
390379,1,1,1983,11,5,19,18,22,16,18,9,20,13
390380,1,1,1983,17,7,23,14,22,28,17,39,26,17
390381,1,1,1983,11,21,0,18,21,26,11,28,12,25
390382,1,1,1983,17,11,0,0,0,0,0,0,16,0
390383,1,1,1983,26,26,26,26,26,26,26,26,26,26
390384,0,1,1983,0,0,0,0,34,0,0,9,0,0
390384,1,1,1983,23,6,12,10,15,30,5,5,6,19
390385,1,1,1983,10,13,28,24,15,15,13,13,9,6
390385,2,1,1983,14,9,21,9,8,0,11,17,25,11
390385,3,1,1983,0,0,0,0,0,0,0,8,0,0
390386,1,1,1983,12,12,12,12,12,12,12,12,12,12
390387,0,1,1983,14,0,8,19,17,16,25,32,21,30
390387,0,2,1983,34,17,21,13,15,30,26,14,21,14
390387,1,1,1983,6,10,19,5,13,15,12,22,8,13
390388,1,1,1983,0,19,21,0,12,21,10,14,8,19
390389,1,1,1983,27,27,27,27,27,27,27,27,27,27
390390,1,1,1983,11,19,14,13,22,23,6,15,13,10
390391,1,1,1983,0,0,0,7,0,0,0,0,0,0
390391,2,1,1983,8,0,0,0,0,0,0,0,0,0
390392,1,1,1983,0,0,0,0,0,0,0,0,0,0
390393,0,1,1983,0,0,0,25,22,0,0,37,0,31
390393,1,1,1983,16,9,17,15,21,3,20,18,9,20
390394,1,1,1983,0,0,0,0,11,0,0,0,0,0
390394,2,1,1983,17,17,17,17,17,17,17,17,17,17
390395,1,1,1983,9,9,9,9,9,9,9,9,9,9
390395,2,1,1983,0,0,0,17,0,0,0,0,0,0
390396,0,1,1983,0,0,0,0,0,20,0,0,0,9
390396,1,1,1983,0,0,6,0,20,0,11,12,17,18
390397,1,1,1983,0,0,0,0,0,0,0,0,0,0
390397,2,1,1983,0,0,0,0,0,0,0,0,0,0
390398,1,1,1983,0,11,0,10,19,0,0,20,0,8
390399,0,1,1983,0,0,0,0,0,0,0,0,0,0
390399,1,1,1983,0,0,0,0,0,0,0,0,0,0
390400,0,1,1983,0,19,8,0,0,29,16,6,8,0
390400,1,1,1983,13,37,0,0,22,10,26,29,31,13
390401,1,1,1983,5,13,0,12,17,18,10,21,11,4
390402,0,1,1983,19,0,14,0,13,0,22,0,28,4
390402,1,1,1983,9,0,0,0,16,0,0,0,13,0
390403,0,1,1983,0,0,0,0,0,0,0,0,0,0
390403,1,1,1983,0,0,0,0,0,0,0,0,0,0
390404,1,1,1983,0,0,0,0,0,0,0,0,0,0
390405,1,1,1983,0,0,0,0,5,0,0,0,0,0
390406,1,1,1983,0,0,0,0,0,0,0,0,0,0
390406,2,1,1983,11,0,0,18,0,0,11,0,0,0
390407,1,1,1983,0,0,5,0,0,0,0,16,7,0
390407,2,1,1983,0,0,0,0,0,0,0,0,0,0
390408,0,1,1983,0,0,0,0,0,12,0,0,0,0
390408,1,1,1983,0,0,0,0,0,0,0,0,0,0
390410,1,1,1983,17,23,24,18,15,19,35,17,25,11
390411,1,1,1983,17,17,17,17,17,17,17,17,17,17
390412,1,1,1983,23,15,19,18,11,6,20,40,26,14
390413,1,1,1983,25,25,25,25,25,25,25,25,25,25
390414,1,1,1983,29,29,29,29,29,29,29,29,29,29
390415,1,1,1983,20,43,21,12,15,6,20,12,19,10
390416,1,1,1983,32,0,0,0,0,0,0,0,11,14
390417,1,1,1983,0,0,0,9,0,0,0,0,0,0
390417,2,1,1983,0,0,0,0,0,0,13,0,0,0
390418,0,1,1983,0,0,0,0,0,0,0,0,0,0
390418,1,1,1983,0,0,0,0,0,0,0,13,0,0
390419,1,2,1983,29,20,0,7,14,13,18,10,32,12
390420,1,1,1983,0,0,0,0,0,0,0,0,0,0
390421,1,1,1983,22,15,11,25,23,9,13,11,23,11
390422,1,1,1983,0,0,0,0,0,0,0,0,0,0
390422,2,1,1983,0,0,0,0,0,0,0,0,0,0
390423,1,1,1983,0,0,0,0,0,0,0,0,0,0
390423,2,1,1983,0,0,0,0,0,0,0,0,0,0
390423,3,1,1983,0,0,0,0,0,0,0,0,16,0
390424,1,1,1983,29,19,9,13,22,0,13,13,20,13
390425,1,1,1983,15,12,15,15,24,18,17,15,9,8
390426,0,1,1983,0,0,0,0,0,0,0,0,0,0
390426,1,1,1983,0,0,0,20,0,0,0,0,0,0
390427,1,1,1983,23,10,0,0,0,11,0,33,12,22
390427,2,1,1983,18,27,14,19,0,11,15,23,7,19
390428,0,1,1983,30,0,0,0,0,0,0,0,0,0
390428,1,1,1983,0,0,0,24,0,0,0,0,0,0
390429,1,1,1983,30,30,30,30,30,30,30,30,30,30
390430,0,1,1983,0,0,0,0,0,0,0,0,0,0
390430,1,1,1983,0,0,0,30,0,0,0,0,0,0
390431,1,1,1983,0,17,0,25,5,19,12,7,0,24
390432,1,1,1983,14,14,14,14,14,14,14,14,14,14
390433,1,1,1983,0,0,0,0,0,0,0,0,0,0
390433,2,1,1983,0,0,0,0,0,0,0,0,0,0
390434,1,1,1983,42,42,42,42,42,42,42,42,42,42
390435,1,1,1983,0,0,0,0,0,0,0,0,0,0
390435,2,1,1983,0,0,0,0,0,0,0,0,0,0
390437,1,1,1983,18,18,18,18,18,18,18,18,18,18
390438,0,1,1983,0,0,0,0,0,0,0,0,0,0
390438,1,1,1983,0,0,0,0,0,0,0,0,0,0
390439,0,1,1983,0,0,0,0,0,0,0,0,0,0
390439,1,1,1983,0,8,5,0,0,0,13,0,11,0
390439,2,1,1983,0,0,0,0,0,0,0,0,0,10
390440,1,1,1983,0,9,9,0,0,0,0,0,0,0
390440,2,1,1983,0,0,0,0,0,0,0,0,0,0
390442,1,1,1983,0,0,0,0,0,0,0,0,0,0
390442,2,1,1983,0,0,0,0,0,0,0,0,0,0
390444,1,1,1983,0,0,0,0,0,0,0,0,0,0
390444,2,1,1983,0,0,0,0,0,0,0,0,0,0
390445,1,1,1983,0,0,0,27,0,0,0,0,0,0
390446,1,1,1983,0,0,0,0,0,0,0,0,0,0
390446,2,1,1983,24,0,0,21,25,5,0,31,16,0
390447,1,1,1983,0,0,0,0,0,0,0,13,0,0
390447,2,1,1983,0,0,0,0,0,0,0,0,0,0
390448,1,1,1983,26,26,26,26,26,26,26,26,26,26
390448,2,1,1983,0,0,0,0,0,0,0,0,0,0
390449,1,1,1983,32,0,21,0,19,0,0,0,16,0
390450,1,1,1983,15,15,15,15,15,15,15,15,15,15
390450,2,1,1983,0,0,0,0,0,0,17,0,0,0
390451,1,1,1983,13,9,11,21,12,12,13,3,11,18
390452,1,1,1983,0,0,0,0,0,0,0,0,0,0
390452,2,1,1983,0,0,0,0,0,0,0,0,0,0
390453,1,1,1983,13,13,13,13,13,13,13,13,13,13
390454,1,1,1983,1,1,1,1,1,1,1,1,1,1
390455,1,1,1983,0,0,0,0,0,0,0,0,0,0
390456,1,1,1983,18,16,21,21,18,11,17,12,25,7
390457,1,1,1983,21,21,21,21,21,21,21,21,21,21
390458,1,1,1983,20,11,18,6,26,22,0,18,16,21
390459,1,1,1983,23,23,23,23,23,23,23,23,23,23
390460,1,1,1983,18,7,25,11,19,18,11,22,21,12
390461,1,1,1983,12,0,30,16,13,22,21,16,19,13
390462,1,1,1983,20,23,14,20,12,6,15,24,21,12
390463,1,1,1983,27,27,27,27,27,27,27,27,27,27
390464,1,1,1983,0,0,0,0,0,0,0,0,0,0
390465,1,1,1983,0,0,0,0,0,0,0,0,0,0
390465,2,1,1983,0,0,0,0,0,0,0,0,0,0
390466,1,1,1983,29,0,0,17,0,10,13,20,0,22
390467,1,1,1983,20,20,20,20,20,20,20,20,20,20
390468,1,1,1983,0,0,0,10,14,0,13,0,0,19
390469,1,1,1983,19,19,19,19,19,19,19,19,19,19
390470,1,1,1983,16,0,0,0,0,0,0,0,0,0
390471,1,1,1983,23,9,8,24,22,22,29,23,11,14
390472,1,1,1983,17,16,13,23,16,25,12,10,9,16
390473,0,1,1983,0,0,27,22,0,0,4,0,15,11
390473,1,1,1983,0,0,0,15,0,28,19,15,0,0
390474,1,1,1983,20,20,20,20,20,20,20,20,20,20
390475,1,1,1983,30,30,30,30,30,30,30,30,30,30
390476,1,1,1983,0,0,0,0,0,0,0,0,0,0
390477,1,1,1983,9,11,9,0,12,17,25,10,3,17
390478,1,1,1983,23,23,23,23,23,23,23,23,23,23
390479,1,1,1983,0,0,22,0,0,0,0,0,0,0
390480,1,1,1983,15,17,12,19,13,23,10,16,20,9
390481,1,1,1983,0,0,18,0,10,14,25,11,18,0
390482,1,1,1983,20,17,20,17,28,14,22,16,0,21
390483,1,1,1983,18,33,39,27,18,21,0,10,26,23
390484,1,1,1983,12,6,10,26,6,17,7,13,21,23
390485,1,1,1983,0,0,0,5,0,0,0,0,0,0
390485,2,1,1983,20,20,20,20,20,20,20,20,20,20
390486,1,1,1983,11,10,0,0,8,0,18,19,0,21
390488,1,1,1983,0,0,0,0,0,0,0,0,0,23
390488,2,1,1983,26,26,26,26,26,26,26,26,26,26
390489,1,1,1983,0,0,0,0,26,0,0,0,0,0
390490,1,1,1983,20,9,36,31,19,0,8,7,20,24
390490,2,1,1983,13,17,10,8,0,13,6,20,0,15
390491,1,1,1983,33,18,16,21,19,13,10,11,26,8
390492,1,1,1983,19,10,26,9,24,11,17,28,12,24
390493,0,1,1983,0,18,0,0,13,9,0,0,0,0
390493,0,2,1983,39,0,0,0,0,0,0,0,36,0
390493,1,1,1983,24,15,22,30,7,20,27,22,15,9
390494,1,1,1983,5,5,5,5,5,5,5,5,5,5
390495,1,1,1983,12,0,0,0,0,0,0,0,0,0
390495,2,1,1983,0,0,0,0,0,0,0,0,0,0
390496,1,1,1983,0,0,0,0,0,0,0,0,0,0
390497,1,1,1983,26,26,0,17,22,21,0,20,8,14
390498,1,1,1983,0,0,0,0,0,0,0,0,0,19
390498,2,1,1983,31,31,31,31,31,31,31,31,31,31
390499,1,1,1983,0,0,0,0,0,0,0,9,6,10
390499,2,1,1983,0,0,0,0,0,0,0,0,0,0
390499,3,1,1983,0,0,0,0,0,0,0,0,0,0
390500,1,1,1983,13,13,8,18,3,11,11,17,12,19
390501,1,1,1983,6,6,6,6,6,6,6,6,6,6
390502,1,1,1983,0,0,0,0,0,0,0,0,9,9
390502,2,1,1983,0,0,0,0,0,2,10,0,0,0
390503,1,1,1983,20,20,20,20,20,20,20,20,20,20
390504,1,1,1983,6,6,6,6,6,6,6,6,6,6
390505,0,1,1983,18,18,18,18,18,18,18,18,18,18
390505,1,1,1983,0,0,0,0,18,0,0,0,0,0
390506,1,1,1983,17,5,20,25,33,11,15,15,37,25
390507,1,1,1983,21,21,21,21,21,21,21,21,21,21
390507,2,1,1983,0,0,0,0,0,0,0,0,0,11
390508,1,1,1983,13,13,13,13,13,13,13,13,13,13
390509,1,1,1983,19,19,19,19,19,19,19,19,19,19
390510,1,1,1983,3,3,3,3,3,3,3,3,3,3
390511,1,1,1983,0,0,0,0,0,0,0,0,0,0
390511,2,1,1983,0,21,0,0,0,0,0,0,0,0
390512,1,1,1983,3,3,3,3,3,3,3,3,3,3
390512,2,1,1983,0,0,0,14,0,0,0,0,0,0
390513,1,1,1983,0,0,0,0,0,0,0,0,0,0
390513,2,1,1983,0,0,0,0,0,0,0,0,0,0
390514,0,1,1983,0,0,0,0,0,0,0,0,0,0
390514,1,1,1983,0,0,0,0,0,0,0,0,0,0
390515,1,1,1983,0,0,0,0,0,0,0,0,12,0
390515,2,1,1983,0,0,0,0,0,0,0,0,0,0
390516,0,1,1983,0,0,0,17,24,0,11,14,20,0
390516,0,2,1983,0,0,0,0,17,0,0,0,0,0
390516,0,3,1983,0,0,0,0,0,0,0,0,0,0
390516,1,1,1983,0,0,0,0,0,0,0,0,0,0
390516,2,1,1983,0,0,0,0,0,0,0,0,0,0
390517,1,1,1983,0,0,0,0,0,0,0,0,0,0
390517,2,1,1983,0,0,0,0,0,0,0,0,0,0
390518,1,1,1983,0,0,0,0,0,0,13,0,0,0
390518,2,1,1983,0,0,0,0,0,0,0,0,0,0
390519,1,1,1983,0,0,0,0,0,0,0,0,0,32
390519,2,1,1983,0,0,0,0,0,0,0,0,3,0
390520,1,1,1983,15,25,13,15,20,15,19,33,8,23
390520,2,1,1983,0,0,0,0,0,0,0,0,0,0
390521,1,1,1983,0,8,15,19,6,9,8,8,4,0
390521,2,1,1983,0,0,0,0,0,0,0,0,0,0
390522,1,1,1983,0,0,0,0,0,0,0,0,0,0
390522,2,1,1983,0,0,0,0,0,0,0,0,0,0
390523,0,1,1983,0,0,0,0,14,0,3,15,22,0
390523,1,1,1983,0,0,16,0,0,0,0,0,0,0
390524,1,1,1983,12,12,12,12,12,12,12,12,12,12
390525,1,1,1983,5,5,5,5,5,5,5,5,5,5
390526,1,1,1983,28,17,21,36,22,19,0,17,27,15
390526,2,1,1983,8,0,0,0,0,0,21,17,0,0
390527,1,1,1983,17,30,19,0,0,0,14,13,7,0
390528,1,1,1983,0,0,0,0,0,0,0,0,0,0