ST_CASE,VEH_NO,PER_NO,YEAR,P1,P2,P3,P4,P5,P6,P7,P8,P9,P10
390528,2,1,1983,12,20,0,9,4,0,0,0,0,0
390529,0,1,1983,0,0,0,0,0,0,0,0,0,0
390529,1,1,1983,0,0,0,0,0,0,0,0,0,0
390530,1,1,1983,0,0,9,0,0,0,0,0,31,0
390531,0,1,1983,0,19,0,0,13,0,0,0,0,15
390531,1,1,1983,8,28,10,13,13,6,28,9,16,33
390532,1,1,1983,0,0,0,10,0,0,0,0,0,0
390532,2,1,1983,0,0,0,0,0,18,0,0,10,0
390533,1,1,1983,27,27,27,27,27,27,27,27,27,27
390534,1,1,1983,19,19,19,19,19,19,19,19,19,19
390535,1,1,1983,0,0,0,0,0,0,0,0,0,0
390535,2,1,1983,0,0,0,0,0,0,0,0,0,0
390536,0,1,1983,0,0,0,0,0,0,0,0,0,0
390536,1,1,1983,0,0,0,0,0,0,0,0,0,0
390537,0,1,1983,0,0,0,0,0,0,0,0,0,0
390537,0,2,1983,0,0,0,23,0,0,0,0,0,0
390537,1,1,1983,10,0,0,0,0,0,0,0,0,0
390538,0,1,1983,0,3,0,0,24,0,0,0,0,0
390538,1,1,1983,0,0,0,0,6,0,17,0,0,0
390539,1,1,1983,0,0,0,0,0,0,0,0,0,0
390539,2,1,1983,0,0,0,0,0,0,0,0,0,0
390540,1,1,1983,0,21,11,0,28,18,17,20,17,37
390541,1,1,1983,0,0,0,0,0,0,0,9,0,0
390541,2,1,1983,0,0,0,0,0,0,0,0,0,0
390542,1,1,1983,0,0,22,11,30,0,0,0,0,0
390542,2,1,1983,25,0,15,8,18,0,20,16,21,0
390543,1,1,1983,0,0,0,0,0,0,0,0,0,0
390543,2,1,1983,57,57,57,57,57,57,57,57,57,57
390544,0,1,1983,0,0,0,0,0,0,0,0,0,26
390544,1,1,1983,0,0,0,0,0,0,0,0,0,0
390545,1,1,1983,0,0,0,17,0,0,0,0,0,15
390546,1,1,1983,0,11,0,0,0,0,0,0,0,0
390546,2,1,1983,14,14,14,14,14,14,14,14,14,14
390547,0,1,1983,0,0,0,0,0,0,0,0,0,0
390547,1,1,1983,0,0,0,0,0,0,0,0,0,0
390548,1,1,1983,21,21,21,21,21,21,21,21,21,21
390549,1,1,1983,24,24,24,24,24,24,24,24,24,24
390550,1,1,1983,0,16,34,8,0,0,0,0,0,0
390551,1,1,1983,0,0,0,0,0,0,11,0,0,0
390552,1,1,1983,11,11,11,11,11,11,11,11,11,11
390553,1,1,1983,0,31,23,34,11,11,23,29,14,14
390554,1,1,1983,0,14,35,32,18,13,16,16,25,24
390556,1,1,1983,20,20,20,20,20,20,20,20,20,20
390557,1,1,1983,13,13,13,13,13,13,13,13,13,13
390558,1,1,1983,9,10,11,20,10,24,19,5,22,18
390558,2,1,1983,0,25,12,23,22,11,14,23,15,27
390559,1,1,1983,26,26,26,26,26,26,26,26,26,26
390560,1,1,1983,24,29,18,21,18,5,11,28,0,18
390561,0,1,1983,10,10,10,10,10,10,10,10,10,10
390561,1,1,1983,0,0,0,0,0,0,0,0,0,0
390562,1,1,1983,0,0,0,0,0,0,0,0,0,0
390562,2,1,1983,0,12,0,0,0,0,0,0,0,0
390563,1,1,1983,0,17,22,17,22,31,22,10,24,17
390564,1,1,1983,20,20,20,20,20,20,20,20,20,20
390565,1,1,1983,0,0,0,0,0,0,0,0,11,0
390566,1,1,1983,0,0,0,0,0,5,0,0,0,0
390566,2,1,1983,0,0,0,0,0,0,0,0,0,0
390567,1,1,1983,0,0,0,0,0,0,0,0,0,0
390567,2,1,1983,0,0,0,0,0,0,0,0,0,0
390568,1,1,1983,19,23,7,23,8,19,2,14,18,22
390569,0,1,1983,21,21,21,21,21,21,21,21,21,21
390569,1,1,1983,0,0,0,0,0,0,0,0,0,0
390570,1,1,1983,29,29,29,29,29,29,29,29,29,29
390571,0,1,1983,0,0,0,0,0,0,0,0,0,0
390571,1,1,1983,0,0,0,0,0,0,0,0,0,0
390572,1,1,1983,16,10,0,20,16,20,12,10,6,11
390574,0,1,1983,0,0,0,0,0,0,9,0,0,8
390574,1,1,1983,0,0,0,0,0,0,0,0,0,0
390575,1,1,1983,11,0,16,8,15,5,21,11,22,14
390576,1,1,1983,0,0,0,0,0,0,0,0,0,0
390576,2,1,1983,27,10,19,14,0,0,0,14,0,26
390577,0,1,1983,6,6,6,6,6,6,6,6,6,6
390577,1,1,1983,16,16,16,16,16,16,16,16,16,16
390578,1,1,1983,0,0,0,0,0,0,0,0,0,0
390578,2,1,1983,0,0,0,19,0,0,0,0,0,0
390579,1,1,1983,15,15,15,15,15,15,15,15,15,15
390579,2,1,1983,0,0,0,0,0,0,0,9,0,0
390580,1,1,1983,0,0,0,0,0,8,0,0,0,0
390580,2,1,1983,15,15,15,15,15,15,15,15,15,15
390581,1,1,1983,30,30,30,30,30,30,30,30,30,30
390582,1,1,1983,13,13,13,13,13,13,13,13,13,13
390583,1,1,1983,13,26,15,11,12,11,0,12,0,9
390584,1,1,1983,0,4,0,7,0,0,0,0,0,20
390584,2,1,1983,11,0,19,21,0,4,15,10,0,20
390585,1,1,1983,30,30,30,30,30,30,30,30,30,30
390586,0,1,1983,37,35,0,30,0,15,23,17,15,0
390586,1,1,1983,16,16,16,16,16,16,16,16,16,16
390587,1,1,1983,0,8,15,7,25,17,37,10,15,19
390588,1,1,1983,0,0,0,0,0,0,15,0,23,0
390588,2,1,1983,0,0,0,0,0,0,0,0,0,0
390589,1,1,1983,0,9,0,0,0,0,0,0,0,6
390589,2,1,1983,0,0,0,0,0,0,0,0,0,0
390590,1,1,1983,0,0,0,28,0,0,16,0,6,25
390590,2,1,1983,10,0,13,0,0,0,0,0,0,0
390591,1,1,1983,0,0,13,0,0,0,15,7,0,0
390592,1,1,1983,8,0,24,17,17,9,21,28,18,0
390592,2,1,1983,0,0,0,0,0,0,0,0,0,0
390592,3,1,1983,0,0,0,0,0,0,0,0,0,5
390593,1,1,1983,0,0,0,0,0,6,0,0,0,0
390593,2,1,1983,0,0,0,0,0,0,0,0,0,0
390594,1,1,1983,0,0,0,0,0,0,0,0,0,0
390594,2,1,1983,0,0,0,0,0,0,0,0,0,0
390595,1,1,1983,14,24,0,25,0,7,0,0,0,36
390595,2,1,1983,0,0,0,0,0,0,0,0,0,0
390596,1,1,1983,24,24,24,24,24,24,24,24,24,24
390596,2,1,1983,0,0,0,0,0,0,0,0,0,0
390597,0,1,1983,0,0,0,0,0,0,0,0,0,0
390597,1,1,1983,0,6,0,0,0,0,0,7,0,4
390598,1,1,1983,14,0,0,0,0,0,0,0,0,11
390599,1,1,1983,2,19,0,16,13,22,10,11,17,14
390600,1,1,1983,0,0,0,0,0,0,0,0,0,0
390600,2,1,1983,0,0,0,0,0,0,0,0,0,0
390601,1,1,1983,17,34,14,24,7,23,17,8,23,18
390602,0,1,1983,0,33,0,0,0,0,0,0,0,0
390602,1,1,1983,0,0,0,0,0,0,0,0,15,27
390603,1,1,1983,20,20,20,20,20,20,20,20,20,20
390604,0,1,1983,23,6,30,0,17,0,0,0,0,17
390604,1,1,1983,0,0,0,0,0,0,0,0,0,0
390605,1,1,1983,0,0,0,0,0,0,0,0,0,0
390605,2,1,1983,0,0,0,0,0,0,0,0,0,0
390606,1,1,1983,0,0,0,0,0,8,0,0,0,0
390606,2,1,1983,0,0,0,0,26,22,0,0,0,16
390607,1,1,1983,0,0,0,0,0,0,0,0,0,7
390607,2,1,1983,0,0,0,0,0,0,0,0,0,0
390608,1,1,1983,0,0,0,0,0,23,16,0,0,0
390609,1,1,1983,27,14,23,0,0,12,25,19,16,5
390609,2,1,1983,0,0,0,0,0,0,0,0,0,0
390609,3,1,1983,0,0,0,0,0,0,0,0,0,0
390609,4,1,1983,0,0,0,0,0,0,0,0,0,8
390610,1,1,1983,0,0,0,0,0,0,0,0,0,6
390610,2,1,1983,0,0,0,0,0,0,0,0,0,0
390610,3,1,1983,0,0,0,0,0,0,0,0,0,0
390611,1,1,1983,0,0,0,0,0,0,0,0,0,0
390611,2,1,1983,0,0,0,0,0,0,0,0,0,0
390612,1,1,1983,0,0,0,0,0,0,0,0,0,0
390612,2,1,1983,0,0,0,16,0,0,0,0,0,0
390613,1,1,1983,5,5,5,5,5,5,5,5,5,5
390615,1,1,1983,13,22,20,21,15,28,3,8,17,28
390616,1,1,1983,0,0,0,0,0,0,0,0,0,0
390616,2,1,1983,0,0,0,0,0,0,0,0,0,0
390617,1,1,1983,0,0,0,0,0,0,0,0,0,0
390617,2,1,1983,0,0,29,0,0,0,0,0,0,0
390617,3,1,1983,6,0,0,0,0,0,0,0,13,13
390617,4,1,1983,0,0,0,0,0,0,0,0,0,0
390618,1,1,1983,7,7,7,7,7,7,7,7,7,7
390619,0,1,1983,0,0,0,0,0,0,0,0,0,0
390619,0,2,1983,19,0,0,0,0,0,0,0,0,0
390619,1,1,1983,0,0,0,0,21,15,0,0,0,0
390620,1,1,1983,13,0,20,6,13,13,22,14,0,25
390621,1,1,1983,0,0,0,0,0,0,0,0,0,0
390621,2,1,1983,0,0,0,13,0,0,0,0,0,0
390621,3,1,1983,0,0,0,0,0,0,0,0,0,0
390622,1,1,1983,10,12,19,15,19,17,17,15,26,20
390623,1,1,1983,5,5,5,5,5,5,5,5,5,5
390623,2,1,1983,10,10,10,10,10,10,10,10,10,10
390624,0,1,1983,0,0,0,0,0,0,0,0,0,0
390624,1,1,1983,0,0,0,0,0,0,0,0,0,0
390624,2,1,1983,0,0,0,0,0,0,0,0,0,0
390625,1,1,1983,0,0,0,0,0,0,0,0,0,0
390625,2,1,1983,0,0,0,0,17,0,0,4,0,0
390626,1,1,1983,14,0,0,0,0,0,0,12,0,0
390626,2,1,1983,0,9,0,0,0,0,0,0,0,0
390627,1,1,1983,0,0,0,0,0,0,0,0,0,0
390627,2,1,1983,0,0,0,0,0,0,0,0,0,0
390628,0,1,1983,0,0,0,0,0,0,0,0,0,0
390628,1,1,1983,40,0,9,0,0,0,0,0,0,0
390629,1,1,1983,19,18,29,20,10,23,36,2,21,22
390630,1,1,1983,0,0,0,0,0,0,0,0,0,0
390630,2,1,1983,0,0,0,0,0,0,0,0,0,0
390631,1,1,1983,17,0,0,0,0,13,25,27,29,0
390632,1,1,1983,16,0,18,14,23,21,5,28,30,14
390633,1,1,1983,0,0,0,0,0,0,0,0,0,0
390633,2,1,1983,18,9,8,0,8,8,4,0,0,0
390634,1,1,1983,4,11,0,5,14,0,15,7,0,0
390635,0,1,1983,0,0,0,0,0,0,0,0,0,0
390635,1,1,1983,17,19,0,32,14,30,25,19,32,14
390636,0,1,1983,0,0,0,0,0,0,0,0,0,0
390636,1,1,1983,27,27,27,27,27,27,27,27,27,27
390637,1,1,1983,9,0,0,0,14,0,0,0,20,0
390638,1,1,1983,8,8,8,8,8,8,8,8,8,8
390639,0,1,1983,20,20,20,20,20,20,20,20,20,20
390639,1,1,1983,0,0,0,0,0,0,0,15,0,22
390640,1,1,1983,0,0,0,0,0,0,0,0,0,0
390640,2,1,1983,16,0,0,0,0,0,0,0,0,0
390641,1,1,1983,0,0,0,0,0,0,0,0,0,0
390641,2,1,1983,0,0,7,0,0,13,26,0,9,0
390642,1,1,1983,30,30,30,30,30,30,30,30,30,30
390643,1,1,1983,0,0,0,0,0,0,0,0,0,0
390643,2,1,1983,0,0,0,0,0,0,29,0,0,0
390643,3,1,1983,0,0,0,0,0,0,0,0,0,0
390644,1,1,1983,0,0,0,0,0,0,0,0,0,0
390644,2,1,1983,0,0,0,0,0,0,0,0,0,0
390645,0,1,1983,32,13,5,27,11,0,20,9,0,8
390645,0,2,1983,32,0,30,19,0,20,30,12,0,0
390645,1,1,1983,0,0,0,0,0,13,30,0,9,22
390646,0,1,1983,0,0,31,0,8,0,20,15,28,0
390646,1,1,1983,0,11,15,0,0,0,0,7,0,0
390647,1,1,1983,21,0,19,0,23,13,15,18,0,0
390648,0,1,1983,0,32,10,0,0,0,0,0,0,0
390648,1,1,1983,14,16,14,12,18,17,27,11,23,34
390649,0,1,1983,0,0,0,0,0,0,0,0,0,0
390649,1,1,1983,0,0,0,0,0,0,0,0,0,0
390650,1,1,1983,20,23,9,10,10,20,18,6,19,11
390651,1,1,1983,0,0,0,0,0,0,0,0,0,0
390651,2,1,1983,0,0,0,0,0,0,0,0,0,0
390652,1,1,1983,20,20,20,20,20,20,20,20,20,20
390653,1,1,1983,15,15,15,15,15,15,15,15,15,15
390654,1,1,1983,18,18,3,12,22,14,11,10,5,5
390655,1,1,1983,25,25,25,25,25,25,25,25,25,25
390656,1,1,1983,0,0,0,0,0,0,0,0,0,0
390656,2,1,1983,0,0,0,0,0,0,0,0,0,0
390657,0,1,1983,0,0,0,0,0,0,0,0,0,0
390657,1,1,1983,9,9,9,9,9,9,9,9,9,9
390658,1,1,1983,0,0,0,0,12,0,0,0,0,0
390658,2,1,1983,0,0,0,0,0,0,0,0,0,0
390659,1,1,1983,19,10,16,13,14,20,11,19,33,32
390660,1,1,1983,15,15,15,15,15,15,15,15,15,15
390660,2,1,1983,0,0,0,6,0,0,0,0,0,17
390661,1,1,1983,0,0,0,0,0,11,0,10,0,0
390661,2,1,1983,0,0,0,0,10,0,0,0,0,0
390662,0,1,1983,0,0,0,0,0,23,0,11,13,0
390662,1,1,1983,0,0,0,0,0,0,0,0,0,0
390663,1,1,1983,19,28,21,2,29,21,29,19,23,23
390664,0,1,1983,21,21,21,21,21,21,21,21,21,21
390664,1,1,1983,0,0,0,0,22,0,0,0,10,0
390665,1,1,1983,6,6,6,6,6,6,6,6,6,6
390666,1,1,1983,11,16,25,12,20,11,3,13,16,7
390667,1,1,1983,26,0,18,0,0,12,17,0,0,27
390667,2,1,1983,20,0,0,7,0,0,0,0,0,0
390667,3,1,1983,0,0,0,0,0,0,0,0,0,0
390668,1,1,1983,0,0,16,0,0,0,0,0,28,0
390668,2,1,1983,0,0,0,0,0,0,0,0,0,0
390668,3,1,1983,0,0,0,0,0,0,0,0,0,0
390668,4,1,1983,0,0,0,0,0,0,0,0,0,0
390669,0,1,1983,0,0,0,0,0,0,0,0,0,0
390669,1,1,1983,0,0,0,0,0,0,0,0,0,16
390670,1,1,1983,8,8,8,8,8,8,8,8,8,8
390671,1,1,1983,0,0,0,0,3,0,0,0,0,0
390671,2,1,1983,0,0,0,9,0,0,0,0,0,0
390672,1,1,1983,10,10,10,10,10,10,10,10,10,10
390673,1,1,1983,0,0,0,0,0,0,0,0,0,0
390673,2,1,1983,0,0,0,0,0,0,0,0,0,0
390674,1,1,1983,0,0,0,0,0,0,0,0,0,0
390674,2,1,1983,0,0,0,0,0,0,0,0,0,9
390675,1,1,1983,0,0,0,14,7,0,13,0,0,0
390675,2,1,1983,22,22,22,22,22,22,22,22,22,22
390676,1,1,1983,0,0,19,0,10,0,0,0,0,11
390677,1,1,1983,0,0,0,0,0,0,0,0,0,0
390677,2,1,1983,0,0,0,0,0,0,0,0,0,0
390678,1,1,1983,0,0,13,0,6,0,22,0,0,0
390678,2,1,1983,20,4,0,25,20,4,19,0,0,0
390679,1,1,1983,0,0,0,0,0,0,0,0,0,0
390679,2,1,1983,0,0,0,0,0,0,0,0,0,0
390680,0,1,1983,0,0,0,0,0,0,0,27,0,0
390680,1,1,1983,0,0,0,0,0,0,0,0,0,0
390681,1,1,1983,13,23,20,12,12,28,17,11,20,0
390682,1,1,1983,0,0,0,0,0,0,0,0,0,0
390682,2,1,1983,7,7,7,7,7,7,7,7,7,7
390682,3,1,1983,0,0,0,0,0,0,25,0,0,0
390683,1,1,1983,13,13,13,13,13,13,13,13,13,13
390684,1,1,1983,20,20,20,20,20,20,20,20,20,20
390685,1,1,1983,15,6,20,12,13,17,12,10,4,20
390686,1,1,1983,27,11,22,21,15,31,17,11,47,22
390687,1,1,1983,0,0,0,0,0,0,0,0,13,0
390687,2,1,1983,1,1,1,1,1,1,1,1,1,1
390688,0,1,1983,0,0,0,0,0,0,0,0,0,0
390688,1,1,1983,0,0,0,0,5,0,0,0,0,0
390689,0,1,1983,0,0,0,0,0,0,0,0,0,0
390689,1,1,1983,0,3,0,0,0,0,0,0,0,0
390690,1,1,1983,0,0,0,0,0,0,0,0,0,0
390690,2,1,1983,0,0,0,12,0,0,0,0,0,0
390691,1,1,1983,0,20,0,0,23,0,26,0,0,0
390692,0,1,1983,44,5,0,0,5,0,0,29,12,0
390692,1,1,1983,12,21,0,19,14,13,9,11,21,14
390693,1,1,1983,0,0,0,0,0,0,0,0,0,0
390693,2,1,1983,0,0,0,11,0,6,0,0,0,8
390694,1,1,1983,0,0,0,0,0,0,0,0,0,0
390694,2,1,1983,0,0,0,0,0,0,0,0,0,0
390695,1,1,1983,0,0,0,0,0,0,0,0,0,0
390696,1,1,1983,18,18,18,18,18,18,18,18,18,18
390696,2,1,1983,0,0,11,22,0,0,18,5,0,0
390697,1,1,1983,16,16,16,16,16,16,16,16,16,16
390697,2,1,1983,0,0,0,16,9,0,0,0,0,19
390698,1,1,1983,16,16,16,16,16,16,16,16,16,16
390699,1,1,1983,11,0,29,0,0,0,17,16,0,19
390699,2,1,1983,0,0,0,18,0,0,0,0,0,0
390700,1,1,1983,0,0,0,0,0,0,0,0,16,0
390701,1,1,1983,16,16,16,16,16,16,16,16,16,16
390702,1,1,1983,10,12,12,20,19,23,38,6,14,16
390703,1,1,1983,4,4,4,4,4,4,4,4,4,4
390703,2,1,1983,7,7,7,7,7,7,7,7,7,7
390704,1,1,1983,26,19,8,0,17,0,19,19,24,20
390705,1,1,1983,26,26,26,26,26,26,26,26,26,26
390706,1,1,1983,24,0,0,0,0,0,0,0,0,0
390706,2,1,1983,11,11,11,11,11,11,11,11,11,11
390707,1,1,1983,6,6,6,6,6,6,6,6,6,6
390708,1,1,1983,4,16,11,12,25,13,17,5,24,7
390709,1,1,1983,0,0,0,0,0,0,0,0,0,0
390710,1,1,1983,28,28,28,28,28,28,28,28,28,28
390711,1,1,1983,0,21,0,18,0,0,18,15,15,15
390712,1,1,1983,0,0,0,0,0,0,0,0,15,0
390712,2,1,1983,0,0,0,0,0,0,0,0,0,0
390713,1,1,1983,14,14,14,14,14,14,14,14,14,14
390714,1,1,1983,7,23,13,19,23,26,4,10,15,27
390715,1,1,1983,17,9,14,14,10,14,15,29,17,10
390715,2,1,1983,0,0,0,0,0,0,0,0,0,0
390715,3,1,1983,0,0,0,0,0,0,0,0,0,0
390716,0,1,1983,13,13,13,13,13,13,13,13,13,13
390716,1,1,1983,23,11,8,10,14,12,14,32,13,13
390717,1,1,1983,9,15,31,0,15,28,21,22,25,22
390718,1,1,1983,0,0,9,0,0,0,0,0,0,0
390718,2,1,1983,0,0,0,0,0,0,0,0,0,0
390719,1,1,1983,36,16,7,22,16,24,10,26,11,26
390720,1,1,1983,25,25,25,25,25,25,25,25,25,25
390721,1,1,1983,22,22,22,22,22,22,22,22,22,22
390722,1,1,1983,0,0,0,0,0,0,0,0,0,0
390723,0,1,1983,0,0,0,0,0,0,0,0,0,0
390723,1,1,1983,27,0,0,0,0,7,32,0,25,15
390724,1,1,1983,0,0,40,0,20,0,31,28,0,0
390725,1,1,1983,0,0,0,0,0,7,0,0,0,17
390725,2,1,1983,0,0,0,0,0,0,0,0,0,0
390726,0,1,1983,0,0,0,0,0,0,0,0,0,0
390726,1,1,1983,0,0,0,0,0,0,0,0,15,0
390727,1,1,1983,19,18,13,20,19,4,21,25,40,16
390728,1,1,1983,0,0,0,0,0,11,0,0,0,0
390728,2,1,1983,0,0,0,0,0,0,0,0,0,0
390729,1,1,1983,0,0,0,0,0,0,0,0,0,0
390730,0,1,1983,17,17,17,17,17,17,17,17,17,17
390730,1,1,1983,0,0,0,0,0,0,0,0,0,0
390731,0,1,1983,0,0,16,0,17,20,0,0,4,0
390731,1,1,1983,27,0,0,13,0,0,0,0,0,0
390732,1,1,1983,12,20,13,4,21,0,16,9,8,13
390732,2,1,1983,11,11,11,11,11,11,11,11,11,11
390733,0,1,1983,0,0,0,0,0,0,0,0,0,0
390733,1,1,1983,0,0,0,0,0,0,0,0,0,0
390734,1,1,1983,9,16,0,18,16,11,13,0,9,7
390735,0,1,1983,0,0,0,0,0,0,0,0,0,0
390735,1,1,1983,0,0,0,0,0,0,0,0,0,0
390736,1,1,1983,0,19,0,7,0,0,0,0,0,0
390737,1,1,1983,0,0,0,0,0,12,0,8,0,0
390737,2,1,1983,0,0,0,0,0,0,0,0,0,0
390738,1,1,1983,17,17,17,17,17,17,17,17,17,17
390739,1,1,1983,21,21,21,21,21,21,21,21,21,21
390740,1,1,1983,0,0,0,0,21,0,4,13,0,0
390740,2,1,1983,15,15,15,15,15,15,15,15,15,15
390741,1,1,1983,0,0,0,0,0,0,0,0,0,0
390742,1,1,1983,26,26,26,26,26,26,26,26,26,26
390743,1,1,1983,0,0,13,17,0,24,16,0,0,0
390744,1,1,1983,15,15,15,15,15,15,15,15,15,15
390745,1,1,1983,0,19,0,0,0,16,0,0,0,0
390746,1,1,1983,18,18,18,18,18,18,18,18,18,18
390747,1,1,1983,0,0,0,0,0,0,0,17,0,0
390747,2,1,1983,0,0,8,0,0,0,0,0,0,0
390748,1,1,1983,0,0,0,0,0,0,0,0,0,0
390748,2,1,1983,0,0,0,0,0,0,0,0,10,0
390749,1,1,1983,0,0,0,0,0,0,0,0,0,0
390749,2,1,1983,0,0,0,0,16,0,0,0,26,28
390750,0,1,1983,55,30,22,38,13,45,42,23,8,24
390750,1,1,1983,14,14,14,14,14,14,14,14,14,14
390751,1,1,1983,21,15,0,0,0,16,6,0,0,10
390752,1,1,1983,26,10,18,13,17,6,25,23,15,13
390753,1,1,1983,20,20,20,20,20,20,20,20,20,20
390754,1,1,1983,17,17,17,17,17,17,17,17,17,17
390755,1,1,1983,0,0,21,0,17,0,15,0,0,4
390756,1,1,1983,0,0,0,0,0,0,0,0,0,0
390756,2,1,1983,0,0,0,0,9,0,0,0,0,0
390757,1,1,1983,30,30,30,30,30,30,30,30,30,30
390758,0,1,1983,0,0,0,0,0,0,0,0,0,0
390758,1,1,1983,0,0,0,0,0,0,0,0,0,0
390759,1,1,1983,17,0,0,0,0,0,0,0,14,0
390760,1,1,1983,10,21,8,20,17,18,15,8,30,11
390760,2,1,1983,16,10,11,8,15,0,9,8,7,11
390761,1,1,1983,28,28,28,28,28,28,28,28,28,28
390762,1,1,1983,24,15,4,24,24,14,7,26,16,18
390762,2,1,1983,0,0,0,0,0,0,0,0,0,0
390763,1,1,1983,0,0,0,0,0,0,0,0,0,0
390763,2,1,1983,0,0,0,0,0,0,0,0,0,0
390764,1,1,1983,0,0,0,10,0,0,0,19,0,0
390764,2,1,1983,0,0,0,0,0,0,0,0,0,0
390765,1,1,1983,25,25,25,25,25,25,25,25,25,25
390766,0,1,1983,0,6,0,25,13,32,11,7,22,11
390766,1,1,1983,0,0,0,0,0,0,0,0,0,0
390767,1,1,1983,0,0,0,0,0,0,0,0,0,0
390768,1,1,1983,0,0,0,0,0,0,0,0,0,0
390769,1,1,1983,0,0,0,0,0,0,0,0,0,0
390770,1,1,1983,0,0,0,0,0,0,0,0,0,0
390770,2,1,1983,0,19,0,0,0,21,0,22,0,25
390771,0,1,1983,0,0,0,0,0,0,0,0,0,0
390771,0,2,1983,0,0,0,0,0,0,0,0,0,0
390771,1,1,1983,0,0,0,0,0,0,0,0,0,0
390772,0,1,1983,5,5,5,5,5,5,5,5,5,5
390772,1,1,1983,0,0,0,0,0,0,0,0,0,0
390773,1,1,1983,0,0,0,0,14,0,0,0,0,0
390774,1,1,1983,12,12,12,12,12,12,12,12,12,12
390775,0,1,1983,0,0,0,0,0,0,0,0,0,0
390775,1,1,1983,0,5,0,17,0,26,0,0,0,0
390776,1,1,1983,20,9,13,13,16,23,18,45,24,30
390776,2,1,1983,11,2,10,15,0,24,11,16,19,12
390777,1,1,1983,24,27,11,27,17,4,12,19,26,22
390778,1,1,1983,2,0,37,21,13,0,6,28,0,0
390779,1,1,1983,0,0,0,0,0,0,0,0,0,0
390780,0,1,1983,0,0,0,0,0,39,0,0,0,16
390780,1,1,1983,0,0,0,0,0,0,0,0,0,0
390780,2,1,1983,0,0,0,0,0,0,0,0,0,0
390781,1,1,1983,14,14,14,14,14,14,14,14,14,14
390782,1,1,1983,0,0,0,0,0,0,0,0,0,0
390782,2,1,1983,0,0,0,0,0,0,0,0,0,0
390783,1,1,1983,0,0,0,13,0,0,0,0,0,0
390783,2,1,1983,0,0,0,0,0,0,0,0,0,0
390784,1,1,1983,0,0,0,0,0,0,0,0,0,0
390784,2,1,1983,11,0,0,23,0,24,0,0,0,12
390785,0,1,1983,0,0,0,0,0,0,0,0,0,0
390785,1,1,1983,0,0,0,0,0,0,0,0,0,0
390786,1,1,1983,0,0,0,0,0,0,0,0,0,0
390786,2,1,1983,0,0,0,0,0,26,0,0,0,0
390787,0,1,1983,0,0,0,0,0,0,0,0,0,0
390787,1,1,1983,0,0,0,0,0,0,0,0,0,0
390788,1,1,1983,0,0,0,0,0,0,0,0,0,0
390788,2,1,1983,0,0,0,0,0,0,0,0,0,0
390789,1,1,1983,0,0,0,0,0,0,0,0,0,0
390789,2,1,1983,0,0,0,0,0,0,0,0,0,0
390790,1,1,1983,17,0,0,0,21,10,30,17,7,0
390791,1,1,1983,24,24,24,24,24,24,24,24,24,24
390792,1,1,1983,0,0,0,0,0,0,0,0,0,0
390792,2,1,1983,0,0,0,0,0,0,0,0,0,0
390793,1,1,1983,21,0,0,14,18,11,10,0,15,21
390794,1,1,1983,15,16,23,28,31,24,16,36,22,21
390795,1,1,1983,22,18,36,15,31,21,22,44,27,15
390796,1,1,1983,24,24,24,24,24,24,24,24,24,24
390796,2,1,1983,16,11,5,12,18,13,9,22,32,19
390797,1,1,1983,0,0,0,0,0,13,0,0,0,0
390797,2,1,1983,0,0,0,0,0,0,0,0,0,0
390798,1,1,1983,4,27,22,29,10,17,20,11,20,25
390799,1,1,1983,0,29,12,12,7,12,12,20,10,24
390800,1,1,1983,0,0,0,0,0,0,0,0,0,17
390800,2,1,1983,0,0,0,0,0,0,0,0,0,0
390801,1,1,1983,12,19,25,27,18,29,15,8,22,17
390802,1,1,1983,5,5,5,5,5,5,5,5,5,5
390802,2,1,1983,16,16,16,16,16,16,16,16,16,16
390803,0,1,1983,2,9,41,0,0,0,0,0,4,5
390803,1,1,1983,9,0,33,23,16,18,19,8,5,12
390804,1,1,1983,0,19,0,22,0,0,0,5,0,0
390804,2,1,1983,5,6,0,6,12,25,27,8,6,26
390805,1,1,1983,9,9,9,9,9,9,9,9,9,9
390806,1,1,1983,0,0,0,0,0,0,0,0,0,0
390807,1,1,1983,19,16,15,18,3,22,19,25,15,14
390808,1,1,1983,0,0,0,0,0,0,0,0,0,0
390809,1,1,1983,0,0,0,0,4,0,0,0,0,0
390809,2,1,1983,0,0,0,0,8,0,0,0,0,9
390810,0,1,1983,43,37,6,2,7,27,16,25,35,38
390810,1,1,1983,0,0,0,0,0,0,0,0,0,0
390811,0,1,1983,0,0,0,0,0,0,0,0,0,0
390811,1,1,1983,0,0,0,0,0,0,0,0,0,0
390812,0,1,1983,0,0,0,0,0,0,0,0,0,0
390812,1,1,1983,0,0,0,0,0,0,0,0,0,0
390813,1,1,1983,0,0,0,0,0,8,0,0,0,0
390813,2,1,1983,24,24,24,24,24,24,24,24,24,24
390814,1,1,1983,0,0,0,0,0,0,0,0,0,0
390814,2,1,1983,24,24,24,24,24,24,24,24,24,24
390815,1,1,1983,0,0,12,24,29,0,13,7,0,11
390815,2,1,1983,0,0,0,0,0,0,0,0,0,0
390816,1,1,1983,34,15,29,17,0,8,8,16,22,6