ST_CASE,VEH_NO,PER_NO,YEAR,P1,P2,P3,P4,P5,P6,P7,P8,P9,P10
391107,3,1,1983,0,0,0,0,0,0,0,0,0,0
391107,4,1,1983,0,0,0,0,0,0,0,0,0,10
391107,5,1,1983,0,0,0,18,0,11,16,0,0,0
391108,1,1,1983,0,0,0,19,0,0,13,0,27,22
391109,1,1,1983,0,0,0,0,0,0,15,0,0,0
391109,2,1,1983,0,0,0,0,0,0,0,0,0,0
391110,1,1,1983,0,0,0,0,0,0,0,19,0,12
391110,2,1,1983,0,0,0,0,0,0,28,0,0,0
391111,0,1,1983,31,31,31,31,31,31,31,31,31,31
391111,1,1,1983,0,0,0,0,0,0,0,0,0,4
391112,0,1,1983,0,0,0,0,0,0,0,0,0,0
391112,1,1,1983,0,0,0,0,0,0,0,0,0,0
391113,1,1,1983,0,0,0,0,0,0,0,0,0,0
391114,1,1,1983,0,0,0,0,0,0,0,0,0,0
391114,2,1,1983,0,0,0,0,0,0,0,0,0,0
391115,1,1,1983,0,0,0,0,0,0,0,0,0,0
391116,1,1,1983,0,0,0,0,0,12,15,0,0,6
391116,2,1,1983,19,27,0,17,18,12,20,25,14,20
391117,1,1,1983,0,0,0,0,0,0,0,0,0,0
391117,2,1,1983,0,0,0,0,10,0,0,0,0,0
391117,3,1,1983,0,0,0,0,0,0,0,0,0,0
391117,4,1,1983,0,0,0,0,0,0,0,0,0,0
391117,5,1,1983,0,0,0,0,0,0,0,0,0,0
391117,6,1,1983,0,0,0,0,0,0,0,0,0,0
391118,1,1,1983,0,13,15,23,0,12,15,14,17,23
391119,0,1,1983,0,0,0,0,0,0,0,0,0,0
391119,1,1,1983,0,0,0,0,0,0,0,0,0,0
391120,1,1,1983,6,6,6,6,6,6,6,6,6,6
391121,1,1,1983,30,20,20,24,26,12,20,23,2,0
391122,1,1,1983,14,14,14,14,14,14,14,14,14,14
391123,1,1,1983,33,33,33,33,33,33,33,33,33,33
391123,2,1,1983,22,19,18,18,9,15,0,0,0,19
391124,1,1,1983,8,0,15,16,17,4,0,25,9,12
391125,1,1,1983,0,0,0,8,0,10,0,0,0,25
391125,2,1,1983,15,0,11,13,0,12,16,15,10,30
391126,0,1,1983,0,0,0,0,0,0,0,0,0,0
391126,1,1,1983,0,0,0,0,0,0,0,0,0,0
391127,0,1,1983,15,0,9,0,10,0,0,14,25,0
391127,1,1,1983,9,9,9,9,9,9,9,9,9,9
391128,1,1,1983,0,13,23,0,26,0,0,8,0,0
391128,2,1,1983,0,0,0,0,0,0,0,0,0,0
391129,1,1,1983,14,27,15,13,10,11,16,0,5,8
391130,1,1,1983,0,0,0,0,0,0,0,0,0,0
391130,2,1,1983,0,0,0,0,0,0,0,0,0,0
391131,1,1,1983,17,0,32,16,0,24,0,0,29,18
391132,1,1,1983,0,23,0,0,0,0,35,0,0,41
391133,1,1,1983,42,10,10,26,8,25,14,18,27,20
391134,1,1,1983,0,0,0,18,0,0,0,0,0,0
391135,1,1,1983,0,20,0,0,0,0,0,0,0,25
391135,2,1,1983,0,0,0,0,0,0,0,0,0,0
391136,0,1,1983,0,0,0,0,0,0,0,0,0,0
391136,1,1,1983,0,0,0,0,8,0,0,0,0,0
391137,1,1,1983,0,0,0,0,0,12,0,0,0,0
391137,2,1,1983,0,0,0,0,0,0,0,0,0,0
391137,3,1,1983,0,0,0,0,0,0,15,0,0,0
391138,1,1,1983,28,12,21,16,16,16,20,22,24,7
391139,1,1,1983,13,13,13,13,13,13,13,13,13,13
391139,2,1,1983,0,0,0,0,0,0,0,0,0,0
391140,1,1,1983,0,0,3,0,21,0,18,13,0,5
391140,2,1,1983,0,0,0,8,0,0,0,0,0,0
391141,0,1,1983,0,0,0,0,0,0,0,0,0,0
391141,1,1,1983,0,0,0,0,0,0,0,0,0,0
391142,0,1,1983,0,0,0,0,0,0,0,0,0,0
391142,1,1,1983,0,0,0,0,0,0,0,0,0,0
391143,1,1,1983,18,10,26,15,11,24,13,8,10,24
391144,1,1,1983,15,15,15,15,15,15,15,15,15,15
391145,1,1,1983,0,0,0,0,0,0,0,0,0,0
391145,2,1,1983,0,0,0,0,0,0,0,0,0,0
391146,1,1,1983,14,14,14,14,14,14,14,14,14,14
391147,1,1,1983,22,0,0,0,0,0,0,0,0,0
391147,2,1,1983,34,19,10,35,23,0,0,13,21,15
391148,1,1,1983,44,25,26,17,13,23,21,25,11,14
391149,1,1,1983,0,0,0,31,15,22,26,0,0,32
391150,1,1,1983,13,0,12,0,19,0,9,20,9,12
391150,2,1,1983,20,0,0,0,0,25,13,0,26,0
391151,1,1,1983,11,11,11,11,11,11,11,11,11,11
391151,2,1,1983,0,0,0,0,0,0,17,0,0,10
391152,1,1,1983,14,1,10,15,11,30,27,15,13,17
391153,0,1,1983,27,27,27,27,27,27,27,27,27,27
391153,1,1,1983,26,26,26,26,26,26,26,26,26,26
391154,1,1,1983,0,0,0,0,0,0,0,0,0,0
391154,2,1,1983,0,0,0,0,0,0,0,0,0,0
391155,1,1,1983,0,14,0,0,0,0,0,0,0,0
391156,1,1,1983,18,21,22,26,17,25,16,23,21,3
391157,1,1,1983,0,0,0,0,0,0,0,0,0,0
391157,2,1,1983,0,0,0,0,0,0,0,0,0,0
391158,1,1,1983,0,0,0,0,0,0,0,0,0,0
391158,2,1,1983,20,17,18,23,21,13,11,29,15,23
391159,1,1,1983,0,0,0,0,0,0,0,0,0,0
391159,2,1,1983,0,0,0,0,0,0,0,0,0,10
391160,1,1,1983,0,0,0,0,0,0,0,0,0,0
391160,2,1,1983,8,19,21,14,0,13,22,0,0,10
391161,1,1,1983,11,14,21,22,22,28,14,20,15,25
391162,1,1,1983,0,0,0,0,0,0,0,0,0,0
391163,1,1,1983,0,0,0,0,0,0,0,0,0,0
391163,2,1,1983,0,0,0,0,0,0,0,0,0,0
391164,1,1,1983,22,22,22,22,22,22,22,22,22,22
391165,0,1,1983,15,39,24,32,9,12,0,30,23,0
391165,1,1,1983,0,0,0,0,0,0,0,0,0,0
391167,0,1,1983,0,18,7,0,0,0,0,0,0,9
391167,0,2,1983,0,0,0,36,7,0,9,0,0,0
391167,1,1,1983,0,0,0,0,0,0,0,4,0,0
391168,1,1,1983,0,14,0,0,0,0,35,0,19,20
391168,2,1,1983,0,0,0,0,0,0,0,0,0,0
391169,1,1,1983,0,0,0,0,0,0,0,0,0,0
391169,2,1,1983,0,0,0,0,0,0,0,0,0,0
391170,1,1,1983,14,14,14,14,14,14,14,14,14,14
391171,1,1,1983,0,0,0,0,0,0,0,0,0,0
391171,2,1,1983,0,20,0,0,0,0,0,0,0,0
391172,1,1,1983,0,22,38,21,21,30,30,18,17,0
391173,1,1,1983,20,25,15,17,11,22,21,4,16,34
391174,1,1,1983,0,0,9,0,7,0,0,0,0,0
391175,1,1,1983,0,0,0,0,0,0,0,0,0,0
391175,2,1,1983,13,0,0,0,0,0,0,0,0,0
391175,3,1,1983,0,0,0,0,0,0,0,0,0,0
391176,1,1,1983,11,11,11,11,11,11,11,11,11,11
391177,0,1,1983,25,0,26,22,2,11,21,0,9,12
391177,1,1,1983,33,0,0,9,0,0,0,9,22,5
391178,1,1,1983,0,0,0,0,0,21,0,0,0,0
391178,2,1,1983,0,0,0,0,0,0,0,0,0,0
391179,1,1,1983,23,23,23,23,23,23,23,23,23,23
391180,1,1,1983,0,0,0,0,0,0,0,0,0,0
391180,2,1,1983,0,0,0,0,0,0,0,0,0,0
391181,1,1,1983,12,12,12,12,12,12,12,12,12,12
391182,1,1,1983,4,4,4,4,4,4,4,4,4,4
391183,1,1,1983,15,24,18,19,12,17,0,26,23,4
391183,2,1,1983,0,19,0,28,28,12,26,0,25,0
391184,1,1,1983,13,13,13,13,13,13,13,13,13,13
391184,2,1,1983,0,0,0,0,0,0,0,0,0,0
391185,1,1,1983,9,9,9,9,9,9,9,9,9,9
391185,2,1,1983,12,5,19,0,20,7,37,0,9,0
391186,0,1,1983,22,0,24,18,0,19,23,21,11,21
391186,1,1,1983,17,17,14,13,24,16,18,9,23,4
391187,1,1,1983,12,0,0,5,0,0,0,0,0,0
391187,2,1,1983,4,4,4,4,4,4,4,4,4,4
391188,1,1,1983,0,0,0,0,0,13,0,0,0,0
391188,2,1,1983,0,0,0,0,0,0,0,0,0,0
391189,0,1,1983,0,0,0,0,0,0,0,0,0,0
391189,1,1,1983,0,0,0,0,0,0,0,0,0,0
391190,1,1,1983,17,22,16,5,22,3,12,17,12,21
391191,1,1,1983,0,0,0,0,0,0,0,0,0,0
391191,2,1,1983,0,0,0,0,0,0,0,0,0,20
391192,1,1,1983,0,0,0,19,0,0,44,42,0,21
391193,1,1,1983,26,26,26,26,26,26,26,26,26,26
391194,1,1,1983,0,0,0,0,0,0,0,4,0,0
391194,2,1,1983,0,0,0,0,0,0,0,0,0,0
391195,1,1,1983,0,0,0,0,0,0,0,0,0,0
391195,2,1,1983,0,0,0,15,0,0,0,0,0,0
391196,1,1,1983,20,20,20,20,20,20,20,20,20,20
391196,2,1,1983,12,14,0,0,0,9,5,13,9,26
391196,3,1,1983,0,0,0,23,7,0,8,0,0,7
391197,1,1,1983,0,0,0,0,0,0,0,0,0,0
391197,2,1,1983,20,0,0,0,0,0,0,0,0,0
391198,1,1,1983,0,0,0,0,0,0,13,0,0,0
391198,2,1,1983,0,0,0,0,0,0,0,0,0,0
391199,1,1,1983,19,2,8,15,24,14,5,21,2,5
391200,1,1,1983,12,0,0,0,0,0,0,24,0,0
391200,2,1,1983,0,0,13,0,0,0,0,0,0,0
391201,1,1,1983,12,27,13,19,8,22,29,32,19,0
391202,1,1,1983,0,0,0,6,0,0,0,0,0,0
391202,2,1,1983,26,20,13,10,9,31,0,13,22,28
391203,1,1,1983,0,0,0,0,0,0,0,0,0,0
391203,2,1,1983,0,0,0,0,0,0,0,0,0,0
391204,0,1,1983,21,21,21,21,21,21,21,21,21,21
391204,1,1,1983,0,0,0,0,0,0,0,0,0,0
391205,1,1,1983,12,0,0,0,0,0,0,18,8,0
391205,2,1,1983,22,0,0,0,0,0,0,0,0,0
391206,1,1,1983,0,0,0,0,0,0,0,0,0,0
391206,2,1,1983,0,0,0,0,0,0,0,0,0,0
391206,3,1,1983,0,0,0,0,0,0,0,0,0,0
391207,1,1,1983,0,14,0,0,0,19,0,0,0,0
391207,2,1,1983,0,0,0,0,0,0,0,0,30,0
391207,3,1,1983,0,0,0,0,19,0,0,0,0,19
391207,4,1,1983,30,30,30,30,30,30,30,30,30,30
391207,5,1,1983,0,0,0,0,0,0,0,0,0,0
391208,1,1,1983,12,15,11,26,12,10,12,31,11,0
391209,0,1,1983,27,27,27,27,27,27,27,27,27,27
391209,1,1,1983,0,0,18,0,12,0,21,0,0,0
391210,1,1,1983,8,12,23,10,7,3,10,24,11,0
391210,2,1,1983,7,12,29,11,0,10,27,14,3,12
391211,0,1,1983,0,0,0,0,0,0,0,0,0,0
391211,1,1,1983,0,0,0,0,0,0,0,0,0,0
391212,1,1,1983,0,0,0,0,0,0,0,0,0,0
391212,2,1,1983,0,0,0,0,0,0,0,0,0,0
391213,0,1,1983,0,0,0,0,0,0,0,0,0,0
391213,1,1,1983,0,0,0,0,0,0,0,0,0,0
391214,1,1,1983,30,30,30,30,30,30,30,30,30,30
391215,1,1,1983,0,6,0,0,8,0,20,0,8,0
391215,2,1,1983,8,8,8,8,8,8,8,8,8,8
391216,1,1,1983,0,0,0,0,0,0,0,0,0,0
391216,2,1,1983,0,0,0,0,0,0,0,0,0,0
391217,1,1,1983,0,0,0,0,0,15,0,8,0,0
391217,2,1,1983,26,26,26,26,26,26,26,26,26,26
391218,1,1,1983,0,0,0,0,0,0,0,0,0,0
391218,2,1,1983,0,0,0,0,0,0,0,0,0,0
391219,1,1,1983,0,0,0,0,0,0,0,0,0,0
391219,2,1,1983,0,0,0,0,17,0,0,0,11,0
391220,1,1,1983,23,8,22,20,20,14,10,19,37,7
391221,1,1,1983,0,0,0,0,0,0,8,0,0,15
391222,1,1,1983,17,16,28,13,15,13,25,17,22,20
391223,1,1,1983,21,21,21,21,21,21,21,21,21,21
391224,0,1,1983,0,0,0,0,0,0,0,0,5,0
391224,1,1,1983,0,0,0,0,0,0,0,0,0,0
391224,2,1,1983,0,0,0,0,0,0,0,0,11,0
391225,1,1,1983,12,23,18,22,19,9,21,0,15,12
391225,2,1,1983,20,10,30,12,26,8,0,21,3,28
391226,0,1,1983,5,5,5,5,5,5,5,5,5,5
391226,1,1,1983,20,22,0,0,12,0,9,6,0,16
391227,1,1,1983,0,0,0,0,0,0,0,11,0,0
391227,2,1,1983,25,22,0,7,0,0,24,11,28,30
391228,1,1,1983,0,0,0,0,0,0,0,0,0,0
391228,2,1,1983,0,0,0,0,0,0,0,0,0,0
391229,1,1,1983,0,21,0,0,0,0,26,0,15,0
391229,2,1,1983,0,0,0,0,0,0,0,0,0,0
391230,1,1,1983,4,4,4,4,4,4,4,4,4,4
391230,2,1,1983,0,0,0,0,0,0,0,0,0,0
391231,1,1,1983,4,3,0,0,0,4,0,0,0,0
391231,2,1,1983,21,21,21,21,21,21,21,21,21,21
391232,1,1,1983,0,0,0,0,21,0,0,0,0,0
391233,1,1,1983,19,19,19,19,19,19,19,19,19,19
391234,1,1,1983,10,8,13,15,15,0,9,12,0,0
391235,1,1,1983,6,6,6,6,6,6,6,6,6,6
391236,0,1,1983,0,0,0,0,0,0,0,0,0,0
391236,0,2,1983,0,0,0,24,0,0,54,0,0,0
391236,1,1,1983,0,0,0,22,0,0,0,0,0,0
391237,0,1,1983,0,0,0,0,0,0,0,0,0,0
391237,1,1,1983,32,21,0,0,5,12,0,0,7,7
391238,1,1,1983,22,22,22,22,22,22,22,22,22,22
391239,0,1,1983,0,0,0,0,0,0,0,0,0,0
391239,1,1,1983,24,0,16,0,0,0,0,0,0,14
391240,1,1,1983,0,0,0,0,0,0,0,0,0,0
391241,0,1,1983,23,23,23,23,23,23,23,23,23,23
391241,1,1,1983,0,0,0,0,0,0,0,0,0,0
391242,0,1,1983,8,42,25,9,32,21,0,8,21,39
391242,1,1,1983,0,0,0,0,0,0,0,0,0,0
391243,0,1,1983,0,0,0,0,0,0,0,0,0,0
391243,1,1,1983,0,0,0,0,0,0,0,0,0,0
391244,1,1,1983,0,0,0,0,0,0,0,0,0,13
391244,2,1,1983,0,0,0,0,0,0,0,0,0,0
391245,1,1,1983,0,0,0,0,0,22,0,0,0,0
391245,2,1,1983,22,17,21,0,0,0,16,11,27,4
391246,1,1,1983,37,37,37,37,37,37,37,37,37,37
391246,2,1,1983,0,0,0,0,24,0,0,0,0,0
391247,1,1,1983,9,9,9,9,9,9,9,9,9,9
391248,1,1,1983,4,6,23,18,0,23,11,18,6,18
391249,1,1,1983,0,0,25,0,0,0,3,0,0,0
391249,2,1,1983,27,27,27,27,27,27,27,27,27,27
391250,1,1,1983,0,0,0,0,0,0,0,0,0,0
391250,2,1,1983,0,0,0,0,0,0,0,0,0,0
391251,1,1,1983,21,21,21,21,21,21,21,21,21,21
391252,1,1,1983,0,22,0,0,0,0,0,0,0,24
391253,1,1,1983,0,0,0,0,0,0,0,0,0,0
391253,2,1,1983,0,0,0,0,15,0,0,0,0,0
391254,1,1,1983,0,0,0,0,0,0,0,0,0,16
391254,2,1,1983,0,0,12,0,0,0,0,0,0,0
391255,1,1,1983,0,0,0,10,0,0,0,0,33,0
391256,1,1,1983,12,0,0,17,0,0,0,15,0,0
391256,2,1,1983,25,25,25,25,25,25,25,25,25,25
391257,1,1,1983,22,22,22,22,22,22,22,22,22,22
391258,1,1,1983,13,13,13,13,13,13,13,13,13,13
391259,1,1,1983,7,0,18,16,0,16,19,0,0,0
391259,2,1,1983,0,0,0,0,0,0,0,0,0,0
391260,0,1,1983,5,6,17,21,20,8,12,24,22,0
391260,0,2,1983,12,9,19,0,0,39,13,5,19,9
391260,0,3,1983,0,0,0,0,0,0,0,0,0,0
391260,1,1,1983,8,6,8,21,20,19,17,28,23,27
391261,1,1,1983,24,24,24,24,24,24,24,24,24,24
391262,1,1,1983,0,0,0,0,0,0,0,0,0,0
391262,2,1,1983,0,0,0,0,0,0,0,0,7,0
391263,1,1,1983,0,0,0,0,0,0,0,0,0,0
391263,2,1,1983,6,0,0,0,0,0,0,0,0,0
391264,0,1,1983,14,14,14,14,14,14,14,14,14,14
391264,1,1,1983,0,0,0,0,25,0,0,0,19,0
391265,1,1,1983,23,23,23,23,23,23,23,23,23,23
391266,1,1,1983,5,5,5,5,5,5,5,5,5,5
391267,1,1,1983,22,22,22,22,22,22,22,22,22,22
391268,1,1,1983,15,26,23,5,19,19,20,32,23,23
391268,2,1,1983,14,20,15,24,12,21,9,25,13,24
391269,1,1,1983,15,15,15,15,15,15,15,15,15,15
391269,2,1,1983,0,0,0,0,20,0,0,0,0,14
391270,1,1,1983,0,0,0,10,0,0,0,12,0,0
391270,2,1,1983,0,0,0,0,0,4,18,0,0,0
391271,1,1,1983,0,0,0,0,0,0,0,0,0,0
391271,2,1,1983,0,0,0,0,0,0,0,0,0,0
391272,1,1,1983,13,13,13,13,13,13,13,13,13,13
391273,1,1,1983,18,18,18,18,18,18,18,18,18,18
391274,0,1,1983,0,0,0,0,0,0,0,0,0,0
391274,1,1,1983,0,0,0,0,0,0,0,0,0,0
391275,1,1,1983,25,25,25,25,25,25,25,25,25,25
391276,0,1,1983,0,0,0,22,31,0,0,0,0,0
391276,1,1,1983,0,0,0,0,0,0,0,0,0,0
391277,1,1,1983,27,20,18,21,16,6,28,21,21,16
391278,1,1,1983,29,18,25,6,15,37,0,23,10,4
391279,1,1,1983,20,20,20,20,20,20,20,20,20,20
391280,1,1,1983,19,25,12,28,16,26,20,16,18,34
391281,0,1,1983,0,0,0,0,0,11,0,0,0,0
391281,1,1,1983,0,0,0,0,0,0,0,0,0,0
391282,1,1,1983,0,27,24,18,24,0,31,4,25,11
391283,1,1,1983,30,4,26,17,17,30,24,6,23,16
391284,1,1,1983,0,21,0,0,0,16,14,0,0,0
391284,2,1,1983,11,11,11,11,11,11,11,11,11,11
391285,1,1,1983,10,10,10,10,10,10,10,10,10,10
391286,1,1,1983,0,0,0,0,0,0,0,0,2,0
391287,1,1,1983,0,0,0,0,0,0,0,0,11,0
391288,1,1,1983,15,15,15,15,15,15,15,15,15,15
391289,1,1,1983,9,9,9,9,9,9,9,9,9,9
391290,1,1,1983,15,15,15,15,15,15,15,15,15,15
391291,1,1,1983,13,24,19,13,12,12,21,19,30,15
391292,1,1,1983,0,0,0,0,0,0,0,0,0,0
391293,1,1,1983,26,26,26,26,26,26,26,26,26,26
391294,1,1,1983,0,0,0,0,0,0,0,0,0,0
391295,1,1,1983,0,0,0,0,0,0,15,0,31,16
391296,1,1,1983,0,10,5,0,15,3,11,2,13,8
391297,1,1,1983,0,0,0,0,0,0,0,0,0,0
391297,2,1,1983,0,0,0,0,0,0,0,0,0,0
391299,1,1,1983,0,0,0,0,0,0,0,0,0,0
391300,1,1,1983,0,0,0,2,0,0,0,0,0,0
391301,1,1,1983,9,21,9,0,10,20,21,18,18,6
391302,1,1,1983,0,0,0,0,0,0,0,0,0,0
391302,2,1,1983,0,0,0,0,0,0,0,0,0,0
391303,1,1,1983,25,25,25,25,25,25,25,25,25,25
391304,1,1,1983,2,21,27,19,18,12,16,13,12,4
391305,1,1,1983,9,0,34,0,0,24,0,20,0,0
391306,1,1,1983,0,0,15,0,0,0,0,0,0,0
391308,1,1,1983,13,13,13,13,13,13,13,13,13,13
391309,1,1,1983,0,0,0,0,0,0,0,0,0,0
391309,2,1,1983,0,0,0,0,0,0,0,0,0,0
391310,1,1,1983,11,0,0,0,0,0,14,0,0,15
391310,2,1,1983,0,0,0,0,0,0,0,0,0,0
391311,1,1,1983,0,0,0,0,0,0,0,14,0,0
391311,2,1,1983,0,0,0,0,0,0,0,0,0,0
391312,1,1,1983,18,10,0,0,0,0,0,0,0,0
391312,2,1,1983,0,0,0,0,0,0,0,0,0,0
391313,1,1,1983,0,0,0,0,0,0,0,0,0,0
391313,2,1,1983,0,0,0,0,0,0,0,0,0,0
391314,1,1,1983,0,0,0,0,0,0,0,0,0,0
391315,0,1,1983,0,0,12,28,27,11,12,22,0,0
391315,1,1,1983,0,0,0,0,17,26,8,0,0,21
391316,1,1,1983,0,0,0,4,0,0,0,0,0,0
391317,1,1,1983,0,0,0,0,0,0,0,0,0,0
391317,2,1,1983,0,0,16,31,0,0,0,0,30,0
391318,0,1,1983,15,15,15,15,15,15,15,15,15,15
391318,1,1,1983,0,0,0,0,0,0,0,0,0,0
391319,1,1,1983,16,16,16,16,16,16,16,16,16,16
391320,1,1,1983,26,26,26,26,26,26,26,26,26,26
391321,1,1,1983,0,11,18,0,0,0,0,0,0,0
391322,1,1,1983,0,0,13,0,0,0,0,0,0,0
391323,1,1,1983,0,0,0,0,9,0,0,18,0,0
391323,2,1,1983,0,0,0,0,0,0,0,0,0,0
391323,3,1,1983,0,0,0,0,0,0,0,0,0,0
391324,1,1,1983,0,0,0,0,0,0,0,0,0,0
391325,1,1,1983,19,19,19,19,19,19,19,19,19,19
391325,2,1,1983,0,20,17,0,0,0,0,0,0,30
391326,1,1,1983,34,34,34,34,34,34,34,34,34,34
391327,1,1,1983,0,0,0,0,0,0,0,0,0,0
391327,2,1,1983,0,0,0,0,0,0,0,0,0,0
391327,3,1,1983,0,0,0,0,0,0,0,0,0,0
391328,0,1,1983,0,26,11,16,0,0,0,0,29,0
391328,0,2,1983,21,0,35,0,0,13,0,0,0,20
391328,1,1,1983,0,0,0,0,0,0,23,0,0,18
391328,2,1,1983,0,0,0,0,0,0,0,0,0,0
391329,1,1,1983,0,0,15,0,0,0,0,0,0,0
391329,2,1,1983,0,0,0,0,0,0,0,0,6,0
391330,1,1,1983,0,0,0,0,0,0,0,0,0,0
391330,2,1,1983,0,0,0,31,0,0,0,0,0,18
391331,1,1,1983,0,0,17,0,14,15,15,0,11,0
391332,1,1,1983,0,0,0,0,0,0,0,0,0,0
391332,2,1,1983,0,7,0,0,0,0,0,0,0,14
391333,1,1,1983,0,0,0,0,23,0,0,17,0,0
391334,1,1,1983,21,21,21,21,21,21,21,21,21,21
391335,1,1,1983,9,8,21,12,6,26,18,12,4,18
391336,0,1,1983,0,0,0,0,0,0,0,0,0,0
391336,1,1,1983,0,0,0,0,0,0,0,0,0,0
391337,1,1,1983,20,20,20,20,20,20,20,20,20,20
391339,1,1,1983,29,35,10,27,22,22,16,15,21,12
391340,1,1,1983,0,0,0,0,0,0,0,0,0,0
391340,2,1,1983,0,0,9,0,0,0,0,0,0,0
391341,1,1,1983,9,0,0,0,0,0,0,15,20,23
391342,0,1,1983,0,0,0,0,0,0,0,0,0,0
391342,1,1,1983,0,0,0,0,0,0,0,0,0,0
391343,1,1,1983,24,24,24,24,24,24,24,24,24,24
391344,1,1,1983,0,19,0,0,18,0,0,0,0,0
391344,2,1,1983,24,24,24,24,24,24,24,24,24,24
391345,1,1,1983,0,0,0,0,23,0,20,0,18,14
391346,1,1,1983,0,0,0,0,0,0,0,0,0,0
391347,1,1,1983,0,0,0,0,0,0,0,0,0,0
391347,2,1,1983,0,0,0,0,0,0,0,0,0,0
391348,1,1,1983,22,23,13,13,20,10,12,7,21,30
391349,1,1,1983,3,3,3,3,3,3,3,3,3,3
391350,1,1,1983,17,17,17,17,17,17,17,17,17,17
391350,2,1,1983,13,0,0,0,0,0,0,0,0,0
391351,1,1,1983,0,0,0,0,0,0,0,0,0,0
391351,2,1,1983,8,17,5,21,0,8,18,20,15,36
391352,1,1,1983,23,23,20,2,14,13,15,15,17,13
391353,1,1,1983,0,16,0,8,0,0,0,17,0,0
391354,1,1,1983,0,0,0,0,0,0,0,0,0,0
391355,1,1,1983,30,0,0,0,0,0,0,0,0,0
391356,1,1,1983,24,24,24,24,24,24,24,24,24,24
391357,1,1,1983,0,0,0,0,0,0,0,0,0,0
391357,2,1,1983,0,0,0,0,0,0,0,0,0,0
391358,1,1,1983,0,0,0,0,0,0,0,0,0,0
391359,1,1,1983,0,0,0,16,11,0,0,0,0,0
391359,2,1,1983,0,14,26,0,0,0,0,0,28,0
391360,1,1,1983,10,0,22,0,0,0,0,0,0,0
391360,2,1,1983,0,0,0,0,0,0,0,0,0,0
391361,1,1,1983,0,0,0,0,0,0,0,0,0,0
391361,2,1,1983,0,18,0,0,0,0,0,0,33,0
391362,1,1,1983,0,0,0,0,10,0,0,0,0,0
391362,2,1,1983,0,0,0,0,0,0,0,0,0,0
391363,1,1,1983,0,0,0,0,0,0,0,0,0,0
391364,1,1,1983,0,0,0,0,0,12,0,0,0,6
391365,1,1,1983,32,6,14,17,13,16,23,15,12,15
391365,2,1,1983,0,0,0,0,16,16,12,0,0,0
391366,1,1,1983,26,26,26,26,26,26,26,26,26,26
391367,1,1,1983,10,10,10,10,10,10,10,10,10,10
391368,0,1,1983,24,24,24,24,24,24,24,24,24,24
391368,1,1,1983,8,8,8,8,8,8,8,8,8,8
391369,1,1,1983,0,0,0,0,0,0,0,0,0,0
391369,2,1,1983,4,4,4,4,4,4,4,4,4,4
391370,1,1,1983,10,10,10,10,10,10,10,10,10,10
391371,1,1,1983,27,27,27,27,27,27,27,27,27,27
391372,0,1,1983,0,0,0,0,0,0,0,0,0,0
391372,1,1,1983,0,0,0,0,0,0,0,0,0,0
391373,1,1,1983,0,0,0,0,0,0,0,14,0,0
391373,2,1,1983,0,0,0,0,0,0,0,0,0,0
391373,3,1,1983,0,0,0,0,0,0,0,0,0,0
391374,1,1,1983,0,0,0,0,0,9,0,5,0,25
391374,2,1,1983,0,0,0,0,0,0,0,0,0,0
391375,0,1,1983,0,0,0,12,0,0,0,14,0,0
391375,1,1,1983,0,0,0,0,0,0,0,0,0,0
391376,1,1,1983,23,20,29,0,31,28,21,0,21,14
391377,1,1,1983,0,0,0,0,0,0,0,0,0,0
391377,2,1,1983,0,0,0,0,0,0,0,0,0,0
391377,3,1,1983,0,0,0,0,0,0,0,0,0,0
391378,0,1,1983,28,28,28,28,28,28,28,28,28,28
391378,1,1,1983,0,0,0,0,0,0,0,0,0,0
391379,1,1,1983,0,0,0,0,0,0,0,0,1,0
391379,2,1,1983,0,0,0,0,0,0,0,0,0,0
391380,1,1,1983,0,0,0,0,0,0,0,0,0,0
391380,2,1,1983,0,0,0,0,0,0,0,0,0,0
391381,1,1,1983,0,0,0,0,0,0,0,0,0,0
391381,2,1,1983,0,0,3,0,0,0,0,0,0,0
391382,1,1,1983,0,17,0,0,0,18,0,14,0,0
391382,2,1,1983,0,0,0,9,0,0,37,0,0,0
391383,0,1,1983,0,0,31,0,0,0,0,0,0,0
391383,1,1,1983,0,0,0,0,0,0,0,0,0,0
391384,1,1,1983,18,18,18,18,18,18,18,18,18,18
391385,1,1,1983,16,26,8,13,15,11,14,14,21,11
391386,1,1,1983,12,9,10,29,3,7,16,11,0,0
391387,1,1,1983,0,0,0,0,0,0,0,0,0,0
391387,2,1,1983,0,0,0,0,0,0,0,0,0,0
391388,1,1,1983,17,40,26,19,22,21,3,15,11,23
391389,0,1,1983,0,0,15,0,14,41,0,0,0,0
391389,1,1,1983,10,10,10,10,10,10,10,10,10,10
391390,1,1,1983,16,22,15,0,18,0,0,0,0,9
391390,2,1,1983,0,0,8,0,0,10,0,0,4,0
391390,3,1,1983,5,0,0,0,0,0,4,0,0,18
391391,1,1,1983,0,12,22,0,23,40,7,30,13,16
391392,1,1,1983,17,9,10,0,26,18,14,10,14,17
391392,2,1,1983,0,0,0,0,0,0,0,0,14,0
391393,0,1,1983,0,0,0,0,0,0,0,0,0,0
391393,1,1,1983,0,0,0,0,0,0,0,0,0,0