ST_CASE,VEH_NO,PER_NO,YEAR,P1,P2,P3,P4,P5,P6,P7,P8,P9,P10
391394,1,1,1983,21,35,0,22,29,28,18,26,23,0
391395,1,1,1983,19,8,20,8,17,16,17,8,33,10
391395,2,1,1983,7,8,0,15,24,19,11,17,15,8
391396,1,1,1983,0,0,0,0,0,0,0,0,0,0
391397,1,1,1983,0,0,0,0,0,0,13,0,0,0
391397,2,1,1983,0,0,0,0,0,0,0,0,0,0
391398,0,1,1983,22,15,17,16,27,31,15,16,24,26
391398,1,1,1983,0,0,0,0,0,0,0,0,0,0
391399,0,1,1983,0,0,0,0,0,0,0,0,0,0
391399,1,1,1983,0,0,0,0,0,12,0,0,0,0
391400,1,1,1983,9,22,13,21,19,0,0,12,20,0
391401,1,1,1983,0,14,0,0,0,0,0,0,0,0
391401,2,1,1983,0,0,0,0,0,0,0,0,0,0
391402,1,1,1983,0,0,0,0,0,0,0,0,0,0
391402,2,1,1983,0,0,0,0,0,0,0,0,0,0
391402,3,1,1983,0,0,0,0,10,0,0,0,0,0
391403,1,1,1983,0,0,0,0,0,0,0,0,0,0
391403,2,1,1983,0,16,0,0,0,0,0,10,0,0
391404,1,1,1983,0,0,0,0,0,0,0,0,0,0
391405,1,1,1983,0,0,0,0,0,0,0,0,0,0
391405,2,1,1983,0,0,0,0,0,0,0,0,0,0
391406,1,1,1983,0,8,19,0,0,0,0,0,0,0
391406,2,1,1983,0,0,0,0,0,0,0,0,0,0
391406,3,1,1983,0,0,20,0,0,14,0,0,8,12
391407,1,1,1983,0,0,0,0,0,0,0,0,0,0
391407,2,1,1983,0,0,0,0,0,0,0,0,0,0
391408,1,1,1983,0,0,0,0,0,0,0,0,0,0
391409,1,1,1983,0,21,0,0,0,0,0,0,0,0
391409,2,1,1983,0,0,0,0,0,0,0,0,5,0
391410,1,1,1983,0,0,0,22,19,0,0,0,0,0
391411,1,1,1983,18,18,18,18,18,18,18,18,18,18
391411,2,1,1983,0,0,0,0,0,0,0,0,0,0
391412,0,1,1983,0,0,0,0,0,0,0,0,0,0
391412,1,1,1983,0,0,0,17,0,0,0,0,0,0
391413,1,1,1983,0,0,0,0,0,0,0,0,0,0
391413,2,1,1983,0,0,0,0,0,0,0,0,0,0
391414,1,1,1983,0,0,0,0,0,0,0,0,0,0
391414,2,1,1983,0,0,0,0,0,0,0,0,0,0
391416,0,1,1983,0,0,0,0,0,0,0,0,0,0
391416,1,1,1983,10,10,10,10,10,10,10,10,10,10
391417,1,1,1983,19,19,19,19,19,19,19,19,19,19
391418,0,1,1983,0,19,0,0,16,15,0,0,0,0
391418,0,2,1983,17,22,0,0,19,45,14,0,26,0
391418,1,1,1983,0,24,0,0,0,28,0,0,0,0
391419,1,1,1983,18,18,18,18,18,18,18,18,18,18
391420,1,1,1983,0,0,10,16,30,3,8,11,21,0
391421,1,1,1983,0,0,0,0,0,12,0,0,0,0
391421,2,1,1983,0,0,0,0,0,0,0,0,0,0
391422,1,1,1983,17,17,17,17,17,17,17,17,17,17
391423,0,1,1983,13,19,22,23,35,22,32,0,10,27
391423,1,1,1983,4,6,19,36,7,0,16,13,0,15
391424,1,1,1983,0,0,0,0,0,0,0,0,0,0
391425,0,1,1983,0,0,0,0,0,0,0,0,0,0
391425,0,2,1983,0,0,0,0,0,0,0,0,0,0
391425,0,3,1983,0,0,0,0,0,0,16,44,0,0
391425,0,4,1983,0,0,0,0,0,0,0,0,0,0
391425,1,1,1983,0,0,0,0,0,0,0,0,0,0
391426,1,1,1983,0,0,0,0,0,0,0,0,0,0
391426,2,1,1983,0,0,0,0,0,0,0,0,0,0
391427,1,1,1983,0,0,0,0,0,0,0,0,0,0
391427,2,1,1983,0,0,0,0,0,0,0,0,0,0
391428,1,1,1983,0,0,0,0,0,0,0,0,0,7
391428,2,1,1983,6,6,6,6,6,6,6,6,6,6
391429,0,1,1983,19,19,19,19,19,19,19,19,19,19
391429,1,1,1983,0,0,0,0,0,0,0,0,0,0
391430,1,1,1983,0,0,0,0,0,0,0,0,0,0
391431,0,1,1983,11,0,0,0,0,0,0,0,0,0
391431,2,1,1983,9,0,0,0,0,0,0,0,0,0
391431,3,1,1983,0,0,0,0,10,0,0,0,0,0
391432,1,1,1983,0,0,0,0,0,0,0,0,0,0
391433,1,1,1983,22,22,22,22,22,22,22,22,22,22
391434,1,1,1983,0,0,0,0,0,0,0,0,0,0
391434,2,1,1983,0,0,0,0,0,0,0,0,0,0
391435,0,1,1983,0,0,0,0,0,0,0,0,0,0
391435,1,1,1983,9,0,0,10,0,0,0,0,0,0
391436,0,1,1983,0,0,0,0,0,0,0,0,0,0
391436,1,1,1983,4,6,7,12,16,9,25,0,16,9
391437,1,1,1983,0,0,0,0,0,0,0,0,28,0
391437,2,1,1983,0,0,0,0,0,0,0,0,0,0
391438,1,1,1983,0,0,0,0,0,0,0,0,0,0
391438,2,1,1983,0,0,0,0,0,0,0,0,0,0
391439,1,1,1983,21,21,21,21,21,21,21,21,21,21
391440,1,1,1983,0,0,0,0,0,0,0,0,24,0
391440,2,1,1983,0,2,0,0,0,0,0,0,0,0
391441,1,1,1983,21,14,17,4,10,11,4,23,26,13
391442,1,1,1983,6,6,6,6,6,6,6,6,6,6
391443,1,1,1983,12,0,0,4,10,0,0,0,0,0
391443,2,1,1983,0,0,0,0,0,0,0,0,0,0
391444,1,1,1983,23,10,16,5,0,15,13,0,7,5
391445,1,1,1983,0,0,0,0,0,0,0,0,0,0
391446,1,1,1983,24,19,21,14,8,9,19,9,18,0
391447,1,1,1983,11,12,15,23,12,16,13,0,5,0
391447,2,1,1983,0,0,0,0,0,0,0,0,0,0
391448,1,1,1983,0,0,0,0,0,0,0,0,0,0
391448,2,1,1983,0,0,0,9,0,0,0,0,0,0
391449,1,1,1983,0,28,9,28,9,16,14,0,0,14
391449,2,1,1983,0,0,0,0,0,0,0,0,0,0
391450,1,1,1983,0,0,0,0,0,0,0,0,0,0
391450,2,1,1983,0,0,0,0,0,0,0,0,0,8
391451,1,1,1983,4,4,4,4,4,4,4,4,4,4
391452,1,1,1983,0,0,0,0,0,0,0,0,0,0
391452,2,1,1983,0,0,0,0,0,0,0,0,0,0
391453,1,1,1983,0,0,0,5,0,0,0,0,0,0
391453,2,1,1983,0,0,0,23,0,17,0,0,0,0
391454,1,1,1983,25,25,12,28,5,21,10,28,28,27
391455,1,1,1983,19,15,30,19,14,27,19,29,18,7
391456,1,1,1983,0,0,15,0,0,0,0,0,0,0
391456,2,1,1983,13,0,0,0,0,0,0,0,0,0
391457,0,1,1983,0,0,0,0,0,0,0,0,0,0
391457,1,1,1983,0,0,0,0,0,0,0,0,0,0
391458,0,1,1983,0,0,0,0,0,0,0,15,0,0
391458,1,1,1983,0,0,0,0,0,0,0,0,4,0
391459,0,1,1983,0,0,13,12,0,0,9,31,0,0
391459,1,1,1983,16,24,11,13,12,11,17,17,31,14
391460,1,1,1983,26,16,10,24,29,11,7,10,20,32
391461,0,1,1983,0,2,0,0,23,9,0,15,0,0
391461,1,1,1983,19,19,19,19,19,19,19,19,19,19
391462,1,1,1983,11,11,23,12,19,30,21,20,26,25
391463,0,1,1983,0,0,0,0,0,0,0,0,0,13
391463,1,1,1983,0,0,0,0,0,0,0,0,0,0
391464,1,1,1983,0,0,6,3,19,0,28,0,33,0
391465,1,1,1983,0,0,0,0,0,0,0,0,0,0
391465,2,1,1983,17,14,22,0,21,0,8,11,14,19
391466,0,1,1983,0,0,0,7,0,0,0,0,0,0
391466,0,2,1983,0,4,0,24,0,0,0,6,0,0
391466,1,1,1983,0,0,0,0,0,0,0,0,0,0
391467,1,1,1983,0,13,0,0,0,0,0,0,0,0
391467,2,1,1983,0,22,0,0,0,0,0,25,22,9
391468,0,1,1983,22,19,18,22,15,4,13,2,9,25
391468,1,1,1983,0,0,0,0,0,0,0,0,0,0
391469,0,1,1983,0,0,0,26,0,0,0,0,0,0
391469,1,1,1983,0,0,0,0,0,0,0,0,0,0
391470,1,1,1983,0,0,0,0,0,0,0,0,0,0
391471,1,1,1983,0,0,0,0,0,0,0,0,0,0
391471,2,1,1983,0,0,0,12,0,0,0,0,0,0
391472,1,1,1983,0,0,0,0,0,0,0,0,0,0
391472,2,1,1983,15,16,12,5,22,0,33,24,23,16
391473,1,1,1983,24,9,18,11,4,31,8,6,20,14
400001,1,1,1983,9,0,0,0,7,0,24,0,0,0
400002,1,1,1983,20,20,20,20,20,20,20,20,20,20
400003,1,1,1983,9,0,8,14,16,14,0,9,24,0
400003,2,1,1983,0,0,0,0,0,0,0,0,0,0
400003,3,1,1983,0,0,0,0,0,0,0,0,0,0
400004,1,1,1983,0,0,0,0,0,0,17,0,0,0
400004,2,1,1983,0,0,0,0,0,0,0,0,0,0
400005,1,1,1983,3,3,3,3,3,3,3,3,3,3
400006,0,1,1983,0,13,0,0,0,0,0,0,0,0
400006,1,1,1983,0,0,0,0,0,0,0,0,0,0
400007,1,1,1983,25,25,25,25,25,25,25,25,25,25
400008,1,1,1983,0,0,16,0,0,0,0,0,0,0
400008,2,1,1983,0,0,0,0,3,0,0,0,0,0
400008,3,1,1983,0,0,0,0,0,0,0,0,0,0
400009,1,1,1983,12,12,12,12,12,12,12,12,12,12
400010,1,1,1983,18,18,18,18,18,18,18,18,18,18
400011,1,1,1983,0,0,0,0,0,0,0,0,0,0
400011,2,1,1983,14,0,15,11,18,10,0,14,15,12
400012,1,1,1983,0,0,0,0,0,0,0,0,0,0
400012,2,1,1983,0,0,0,0,0,0,0,0,0,0
400012,3,1,1983,0,0,0,0,0,0,0,0,0,0
400013,1,1,1983,0,21,19,0,17,0,24,0,0,23
400013,2,1,1983,0,0,0,0,0,0,0,0,0,0
400014,1,1,1983,14,14,14,14,14,14,14,14,14,14
400015,1,1,1983,16,0,24,0,20,15,16,22,0,0
400016,1,1,1983,0,0,0,0,0,0,0,0,0,0
400016,2,1,1983,0,0,0,0,0,0,0,0,0,0
400017,1,1,1983,9,9,9,9,9,9,9,9,9,9
400018,1,1,1983,0,0,0,0,0,0,0,0,0,0
400018,2,1,1983,0,0,0,0,0,0,0,0,0,0
400019,1,1,1983,29,9,12,14,16,30,0,18,34,30
400020,1,1,1983,0,0,0,0,0,0,0,0,0,0
400021,1,1,1983,31,31,31,31,31,31,31,31,31,31
400021,2,1,1983,0,0,0,0,0,0,0,0,0,0
400022,1,1,1983,0,0,0,0,0,0,0,0,0,0
400022,2,1,1983,0,22,0,0,0,0,0,0,0,0
400023,1,1,1983,0,0,0,0,0,0,0,0,0,0
400024,1,1,1983,35,22,10,18,0,20,12,9,5,23
400025,1,1,1983,0,0,0,0,0,0,0,0,0,0
400026,1,1,1983,25,0,14,0,15,0,0,0,0,0
400027,1,1,1983,0,0,0,18,0,0,0,0,0,0
400027,2,1,1983,0,0,0,0,0,0,0,0,0,0
400028,1,1,1983,0,0,14,0,0,0,0,0,0,0
400029,0,1,1983,0,0,0,0,0,0,0,0,0,0
400029,1,1,1983,9,0,0,0,12,0,0,0,0,0
400029,2,1,1983,0,0,0,0,0,0,0,0,0,0
400029,3,1,1983,0,0,0,0,0,0,0,0,0,0
400030,1,1,1983,0,0,0,0,0,0,0,0,0,0
400030,2,1,1983,0,0,0,0,0,0,0,0,0,0
400031,1,1,1983,11,11,11,11,11,11,11,11,11,11
400031,2,1,1983,0,0,0,0,28,0,0,0,0,0
400032,0,1,1983,0,0,0,0,0,0,0,0,0,0
400032,1,1,1983,0,0,0,0,0,0,0,0,0,0
400033,1,1,1983,0,0,0,0,0,0,0,0,0,0
400033,2,1,1983,9,9,9,9,9,9,9,9,9,9
400034,1,1,1983,0,0,0,0,0,0,0,0,0,0
400034,2,1,1983,0,0,0,0,0,0,0,0,0,0
400035,1,1,1983,0,0,0,0,0,0,0,0,0,0
400036,1,1,1983,27,27,27,27,27,27,27,27,27,27
400037,0,1,1983,0,0,0,0,0,0,0,0,0,0
400038,1,1,1983,23,23,23,23,23,23,23,23,23,23
400039,0,1,1983,18,18,18,18,18,18,18,18,18,18
400039,1,1,1983,0,0,0,0,0,0,0,0,0,0
400040,1,1,1983,12,14,15,8,0,19,6,7,6,0
400040,2,1,1983,20,0,34,5,18,16,13,13,19,34
400041,0,1,1983,0,0,0,0,0,0,0,0,0,0
400041,0,2,1983,0,0,0,0,0,0,0,0,0,0
400041,1,1,1983,0,0,0,0,0,0,0,0,0,0
400042,1,1,1983,0,0,0,0,0,23,0,0,6,0
400042,2,1,1983,8,18,0,36,10,13,8,9,0,12
400043,0,1,1983,0,0,0,0,0,0,0,0,0,0
400043,1,1,1983,0,0,0,0,0,0,0,0,0,24
400044,1,1,1983,14,14,14,14,14,14,14,14,14,14
400044,2,1,1983,0,0,0,0,0,0,0,3,0,0
400045,1,1,1983,0,0,0,0,0,0,0,3,25,0
400045,2,1,1983,0,0,0,0,0,0,0,0,0,0
400046,1,1,1983,12,12,12,12,12,12,12,12,12,12
400047,1,1,1983,20,20,20,20,20,20,20,20,20,20
400047,2,1,1983,0,0,0,15,0,0,0,0,0,0
400048,1,1,1983,26,26,26,26,26,26,26,26,26,26
400049,1,1,1983,0,0,4,9,0,12,0,0,0,0
400049,2,1,1983,0,0,0,0,0,0,0,0,0,0
400050,0,1,1983,30,15,0,34,14,8,0,23,28,26
400050,1,1,1983,16,19,23,17,5,4,22,23,5,7
400051,1,1,1983,4,7,0,9,11,8,21,28,20,22
400051,2,1,1983,0,0,0,18,0,18,0,0,0,0
400052,1,1,1983,0,0,0,0,0,0,0,0,0,0
400053,1,1,1983,0,0,0,0,0,0,0,0,0,0
400054,2,1,1983,19,19,19,19,19,19,19,19,19,19
400055,1,1,1983,28,28,28,28,28,28,28,28,28,28
400055,2,1,1983,0,0,0,0,13,0,0,0,0,0
400056,1,1,1983,0,0,0,0,0,0,0,0,0,0
400056,2,1,1983,0,0,0,0,0,0,0,19,0,0
400056,3,1,1983,0,0,0,25,0,0,0,0,0,0
400057,1,1,1983,0,0,0,0,0,0,0,0,0,0
400057,2,1,1983,0,0,0,5,0,0,21,0,0,0
400058,1,1,1983,6,30,19,13,5,12,15,18,0,5
400059,1,1,1983,11,18,15,29,17,29,3,21,11,19
400060,1,1,1983,0,0,0,0,0,0,0,0,0,0
400061,0,1,1983,0,0,0,0,0,0,0,0,0,0
400061,1,1,1983,0,0,0,0,0,0,7,0,0,0
400062,1,1,1983,17,17,17,17,17,17,17,17,17,17
400062,2,1,1983,0,0,0,0,0,0,0,0,0,0
400063,1,1,1983,22,21,31,10,18,0,0,12,22,19
400063,2,1,1983,0,0,0,0,0,0,24,0,0,6
400064,1,1,1983,18,18,18,18,18,18,18,18,18,18
400065,0,1,1983,21,21,21,21,21,21,21,21,21,21
400065,1,1,1983,0,19,0,0,0,0,7,0,0,0
400066,1,1,1983,15,15,15,15,15,15,15,15,15,15
400066,2,1,1983,0,0,0,0,0,0,0,0,0,0
400067,0,1,1983,0,0,0,0,0,0,0,0,0,0
400067,1,1,1983,0,0,0,0,0,0,0,0,0,0
400068,1,1,1983,0,0,0,0,0,0,0,0,0,0
400068,2,1,1983,14,5,17,27,16,20,22,5,26,24
400069,1,1,1983,0,0,0,0,0,0,0,0,0,0
400070,1,1,1983,0,0,0,0,15,26,2,14,0,0
400071,1,1,1983,0,0,0,0,0,0,15,0,0,0
400072,1,1,1983,0,0,0,0,0,0,0,0,0,0
400072,2,1,1983,0,0,0,0,0,0,0,0,0,0
400073,1,1,1983,0,0,0,0,0,0,0,0,0,0
400073,2,1,1983,0,11,0,0,0,0,0,0,0,0
400074,1,1,1983,0,0,0,0,0,0,0,0,0,0
400074,2,1,1983,17,5,5,13,17,15,31,10,6,10
400075,1,1,1983,0,0,0,0,0,0,0,13,0,0
400075,2,1,1983,0,0,0,0,0,0,0,0,0,0
400076,1,1,1983,0,0,0,0,14,0,0,0,0,0
400076,2,1,1983,25,14,28,12,11,10,13,34,0,23
400077,1,1,1983,4,4,4,4,4,4,4,4,4,4
400078,1,1,1983,0,0,0,0,0,0,0,0,0,0
400079,1,1,1983,9,21,0,25,18,6,27,22,0,32
400080,1,1,1983,0,0,0,0,0,0,0,0,0,0
400080,2,1,1983,0,0,0,0,0,0,0,0,0,0
400080,3,1,1983,0,0,0,0,0,0,0,0,0,0
400081,1,1,1983,0,0,0,0,0,0,0,0,0,0
400081,2,1,1983,25,25,25,25,25,25,25,25,25,25
400082,0,1,1983,27,27,27,27,27,27,27,27,27,27
400082,1,1,1983,0,0,0,0,0,0,0,0,0,0
400083,1,1,1983,0,0,0,0,0,0,0,0,0,0
400083,2,1,1983,0,0,0,0,0,0,0,0,0,0
400084,0,1,1983,0,0,0,0,0,0,0,0,0,0
400084,1,1,1983,0,0,12,0,0,0,0,0,14,0
400085,1,1,1983,22,22,22,22,22,22,22,22,22,22
400085,2,1,1983,0,0,0,0,13,0,0,0,0,0
400085,3,1,1983,0,0,0,0,0,0,0,0,0,0
400086,1,1,1983,12,0,0,14,0,0,0,15,9,6
400087,1,1,1983,28,28,28,28,28,28,28,28,28,28
400087,2,1,1983,0,0,0,0,0,0,0,0,0,0
400088,1,1,1983,0,0,0,0,0,0,0,0,0,0
400088,2,1,1983,0,0,0,0,0,0,0,0,0,0
400089,1,1,1983,9,12,12,2,14,9,18,17,12,5
400089,2,1,1983,0,0,0,0,0,0,0,0,0,0
400090,1,1,1983,22,22,22,22,22,22,22,22,22,22
400091,1,1,1983,0,0,0,0,0,0,0,0,0,0
400092,1,1,1983,0,0,0,0,0,0,0,25,0,0
400092,2,1,1983,0,0,0,0,0,0,0,0,0,12
400093,1,1,1983,15,5,0,0,7,35,17,0,0,0
400093,2,1,1983,0,0,0,0,0,0,0,12,0,0
400094,1,1,1983,28,28,28,28,28,28,28,28,28,28
400095,1,1,1983,0,0,0,0,0,0,0,0,0,0
400095,2,1,1983,0,16,0,0,0,14,0,0,0,0
400096,1,1,1983,19,19,19,19,19,19,19,19,19,19
400096,2,1,1983,0,0,0,0,0,0,0,0,0,0
400097,1,1,1983,23,23,23,23,23,23,23,23,23,23
400098,0,1,1983,0,0,0,0,0,0,0,0,0,0
400098,1,1,1983,0,0,0,0,23,0,0,0,0,0
400099,1,1,1983,16,16,16,16,16,16,16,16,16,16
400100,0,1,1983,0,0,0,0,0,0,0,0,0,0
400100,0,2,1983,24,24,24,24,24,24,24,24,24,24
400100,1,1,1983,0,0,8,34,0,14,0,0,0,0
400101,1,1,1983,19,19,19,19,19,19,19,19,19,19
400102,1,1,1983,0,0,0,0,0,0,0,0,0,0
400102,2,1,1983,0,0,0,0,0,0,0,0,0,0
400103,1,1,1983,0,0,0,0,0,0,0,0,0,0
400103,2,1,1983,0,0,0,0,0,0,0,0,0,0
400103,3,1,1983,0,0,0,0,0,6,0,0,25,0
400104,1,1,1983,0,0,0,0,0,0,0,0,0,0
400105,0,1,1983,0,0,0,0,0,0,0,0,0,0
400105,1,1,1983,16,20,29,12,26,24,14,16,26,22
400106,1,1,1983,12,24,0,31,18,17,32,16,27,44
400107,1,1,1983,0,0,0,0,0,0,0,0,0,0
400107,2,1,1983,0,0,0,0,0,0,0,0,0,0
400108,0,1,1983,9,9,9,9,9,9,9,9,9,9
400108,1,1,1983,2,23,0,0,0,18,38,0,0,0
400109,0,1,1983,30,30,30,30,30,30,30,30,30,30
400109,1,1,1983,0,0,0,0,0,0,0,0,0,0
400111,1,1,1983,27,27,27,27,27,27,27,27,27,27
400112,0,1,1983,0,0,0,0,0,0,0,0,0,0
400112,1,1,1983,24,22,14,0,23,9,0,0,16,24
400113,1,1,1983,17,29,23,24,17,3,16,19,13,26
400113,2,1,1983,0,0,0,0,4,0,29,0,0,0
400114,1,1,1983,0,0,0,0,0,0,0,4,0,6
400115,0,1,1983,0,0,0,0,0,0,0,0,0,0
400115,1,1,1983,0,0,0,0,0,0,0,0,0,0
400116,1,1,1983,0,0,13,0,0,0,0,0,0,0
400116,2,1,1983,13,13,13,13,13,13,13,13,13,13
400117,1,1,1983,26,26,26,26,26,26,26,26,26,26
400118,1,1,1983,9,9,9,9,9,9,9,9,9,9
400118,2,1,1983,22,0,0,0,0,0,0,0,0,0
400119,1,1,1983,15,15,15,15,15,15,15,15,15,15
400120,1,1,1983,0,0,0,0,0,0,0,0,0,0
400120,2,1,1983,16,16,16,16,16,16,16,16,16,16
400121,1,1,1983,7,25,12,25,28,16,11,8,3,2
400122,1,1,1983,0,0,0,0,0,0,0,0,0,0
400122,2,1,1983,0,0,3,0,0,0,0,0,0,0
400123,1,1,1983,0,0,0,0,0,0,0,0,15,0
400123,2,1,1983,0,0,0,0,0,0,0,0,8,0
400124,1,1,1983,0,0,0,0,0,0,0,0,0,0
400124,2,1,1983,0,0,0,0,0,0,0,0,0,0
400125,1,1,1983,26,26,26,26,26,26,26,26,26,26
400125,2,1,1983,0,0,0,0,0,0,0,0,0,0
400126,0,1,1983,16,16,16,16,16,16,16,16,16,16
400126,1,1,1983,0,0,0,0,0,0,0,0,0,0
400127,1,1,1983,14,18,22,16,9,0,5,0,17,19
400127,2,1,1983,0,0,0,0,0,0,0,0,0,0
400128,1,1,1983,21,21,21,21,21,21,21,21,21,21
400128,2,1,1983,0,0,0,0,0,0,0,31,0,0
400129,1,1,1983,10,10,10,10,10,10,10,10,10,10
400129,2,1,1983,0,0,0,0,0,0,0,0,0,0
400130,1,1,1983,0,0,0,0,0,0,0,0,0,0
400130,2,1,1983,0,0,0,0,0,0,0,0,0,0
400131,1,1,1983,15,12,17,0,0,0,0,0,0,17
400132,0,1,1983,22,22,22,22,22,22,22,22,22,22
400132,0,2,1983,8,17,18,27,31,17,20,29,7,13
400132,1,1,1983,14,21,0,0,8,0,0,0,0,0
400133,1,1,1983,0,0,0,0,0,0,0,0,0,0
400134,1,1,1983,0,0,0,0,0,0,0,0,0,0
400134,2,1,1983,0,0,0,0,0,0,0,0,0,0
400135,1,1,1983,5,5,5,5,5,5,5,5,5,5
400136,1,1,1983,0,0,0,0,0,0,0,0,0,0
400136,2,1,1983,0,0,0,0,0,0,0,0,0,0
400137,0,1,1983,28,28,28,28,28,28,28,28,28,28
400137,1,1,1983,4,4,4,4,4,4,4,4,4,4
400138,1,1,1983,15,15,15,15,15,15,15,15,15,15
400138,2,1,1983,0,0,10,0,0,0,0,0,0,0
400139,0,1,1983,0,0,0,0,0,0,0,0,0,0
400139,1,1,1983,0,0,0,0,0,0,14,0,0,0
400140,1,1,1983,19,19,19,19,19,19,19,19,19,19
400141,1,1,1983,0,0,18,0,0,0,0,18,0,0
400142,0,1,1983,20,20,20,20,20,20,20,20,20,20
400142,1,1,1983,0,0,0,0,0,0,0,0,0,0
400143,1,1,1983,0,0,0,0,0,0,0,0,0,0
400143,2,1,1983,0,0,0,0,0,0,0,0,0,0
400144,1,1,1983,0,0,16,0,9,0,0,0,0,0
400144,2,1,1983,0,0,0,0,0,0,0,0,0,0
400145,1,1,1983,18,18,18,18,18,18,18,18,18,18
400146,1,1,1983,18,18,18,18,18,18,18,18,18,18
400147,0,1,1983,24,24,24,24,24,24,24,24,24,24
400147,1,1,1983,0,0,0,19,0,0,0,0,0,0
400148,0,1,1983,17,0,0,0,25,0,15,14,0,24
400148,1,1,1983,16,0,0,5,25,15,3,20,10,0
400149,1,1,1983,0,0,0,0,14,0,0,0,9,0
400150,1,1,1983,9,9,9,9,9,9,9,9,9,9
400151,1,1,1983,14,16,17,0,20,9,10,9,13,14
400152,0,1,1983,0,0,0,0,28,47,20,41,0,0
400152,1,1,1983,0,0,0,0,0,0,0,0,0,0
400153,1,1,1983,0,0,0,0,0,0,0,0,15,0
400153,2,1,1983,0,0,0,0,0,23,0,0,0,0
400154,1,1,1983,0,0,10,19,9,24,17,45,14,12
400155,0,1,1983,19,19,19,19,19,19,19,19,19,19
400155,1,1,1983,0,0,0,0,0,0,0,0,0,0
400156,1,1,1983,0,0,0,0,0,0,0,0,0,0
400157,0,1,1983,10,17,17,22,24,21,17,15,17,26
400157,1,1,1983,0,0,0,0,0,0,0,0,0,10
400158,1,1,1983,0,0,0,0,0,0,0,0,0,0
400159,1,1,1983,14,14,14,14,14,14,14,14,14,14
400160,1,1,1983,25,25,25,25,25,25,25,25,25,25
400161,1,1,1983,19,19,19,19,19,19,19,19,19,19
400162,1,1,1983,20,20,20,20,20,20,20,20,20,20
400163,1,1,1983,0,0,0,0,0,0,0,0,0,0
400163,2,1,1983,0,0,0,0,0,0,0,0,0,0
400164,0,1,1983,0,0,0,0,0,0,0,0,0,0
400164,1,1,1983,0,0,0,0,0,0,0,0,0,0
400165,1,1,1983,0,0,0,0,0,0,0,0,0,0
400165,2,1,1983,6,0,0,0,0,0,0,0,0,0
400166,1,1,1983,14,23,10,9,17,31,15,16,21,12
400166,2,1,1983,0,20,0,0,5,0,9,0,6,0
400167,1,1,1983,0,16,14,18,15,0,0,0,0,10
400167,2,1,1983,2,2,2,2,2,2,2,2,2,2
400168,1,1,1983,25,25,25,25,25,25,25,25,25,25
400168,2,1,1983,5,15,0,8,6,0,9,0,18,9
400169,1,1,1983,18,18,18,18,18,18,18,18,18,18
400170,1,1,1983,35,35,35,35,35,35,35,35,35,35
400170,2,1,1983,0,0,0,0,0,0,16,17,0,0
400171,1,1,1983,0,8,14,0,0,0,12,0,9,0
400171,2,1,1983,0,0,0,0,0,0,0,0,0,0
400171,3,1,1983,0,0,0,0,0,0,0,30,0,0
400172,1,1,1983,13,13,13,13,13,13,13,13,13,13
400173,1,1,1983,26,24,14,20,15,15,20,21,18,30
400173,2,1,1983,0,2,0,0,0,0,0,14,0,0
400173,3,1,1983,0,0,0,0,0,37,0,0,0,12
400174,1,1,1983,0,0,0,0,0,0,0,0,0,0
400174,2,1,1983,0,0,0,0,0,0,0,0,0,0
400175,1,1,1983,16,13,22,10,6,14,29,25,14,26
400175,2,1,1983,20,4,0,19,0,0,0,0,15,0
400176,1,1,1983,10,10,10,10,10,10,10,10,10,10
400177,1,1,1983,14,14,14,14,14,14,14,14,14,14
400178,1,1,1983,9,9,9,9,9,9,9,9,9,9
400178,2,1,1983,14,0,0,0,0,0,0,0,0,0
400178,3,1,1983,0,0,0,0,0,0,0,0,0,0
400179,1,1,1983,17,17,17,17,17,17,17,17,17,17
400180,1,1,1983,0,15,16,27,22,21,22,23,0,16
400180,2,1,1983,0,0,0,0,0,6,12,0,0,0
400180,3,1,1983,0,0,0,5,0,0,0,23,0,0
400181,1,1,1983,26,26,26,26,26,26,26,26,26,26
400182,1,1,1983,19,9,30,0,34,11,19,0,15,16
400182,2,1,1983,0,0,0,0,0,0,0,0,0,0
400183,1,1,1983,17,24,6,5,30,24,17,20,11,11
400183,2,1,1983,0,0,0,0,0,0,0,0,35,0
400184,1,1,1983,22,22,22,22,22,22,22,22,22,22
400185,1,1,1983,6,6,6,6,6,6,6,6,6,6
400186,1,1,1983,0,0,0,0,0,0,0,0,0,0
400186,2,1,1983,0,0,0,0,0,0,0,0,0,0
400187,1,1,1983,0,0,0,0,0,0,0,0,0,0
400188,1,1,1983,22,14,35,0,35,19,27,27,22,12
400189,1,1,1983,4,4,4,4,4,4,4,4,4,4
400189,2,1,1983,0,0,0,0,0,0,0,0,0,0
400190,0,1,1983,0,0,0,0,0,0,0,0,0,0
400190,1,1,1983,0,0,0,0,0,0,0,0,0,0
400191,1,1,1983,12,0,0,0,0,0,0,0,0,0
400191,2,1,1983,0,0,0,0,0,0,0,0,0,0
400192,1,1,1983,15,23,22,23,15,0,8,24,0,5
400193,0,1,1983,16,16,16,16,16,16,16,16,16,16
400193,1,1,1983,0,0,12,0,0,11,13,9,27,10
400194,0,1,1983,0,0,0,0,0,0,0,0,0,0
400194,0,2,1983,0,0,0,0,0,0,0,0,0,0
400194,0,3,1983,0,0,0,0,0,0,0,0,0,0
400194,1,1,1983,23,23,23,23,23,23,23,23,23,23
400195,0,1,1983,0,0,0,0,0,0,0,0,0,0