ST_CASE,VEH_NO,PER_NO,YEAR,P1,P2,P3,P4,P5,P6,P7,P8,P9,P10
400195,1,1,1983,0,0,0,0,0,0,0,0,0,0
400196,1,1,1983,0,0,0,0,0,0,0,0,0,0
400197,1,1,1983,0,0,0,0,0,0,0,0,0,0
400198,1,1,1983,19,19,19,19,19,19,19,19,19,19
400199,1,1,1983,0,0,0,0,0,0,0,0,0,0
400199,2,1,1983,0,0,0,7,0,0,0,0,0,0
400200,1,1,1983,0,0,0,0,17,0,0,0,0,0
400200,2,1,1983,0,0,0,0,0,0,0,0,0,0
400201,1,1,1983,0,0,0,0,0,0,0,0,0,0
400202,1,1,1983,19,19,19,19,19,19,19,19,19,19
400203,1,1,1983,16,16,16,16,16,16,16,16,16,16
400204,1,1,1983,27,27,27,27,27,27,27,27,27,27
400205,1,1,1983,0,0,0,0,0,0,0,0,0,0
400205,2,1,1983,0,0,0,0,0,0,0,0,0,0
400206,1,1,1983,22,22,22,22,22,22,22,22,22,22
400206,2,1,1983,0,0,0,0,0,0,0,0,0,0
400206,3,1,1983,0,0,0,0,0,0,0,0,0,0
400207,0,1,1983,24,24,24,24,24,24,24,24,24,24
400207,1,1,1983,11,11,11,11,11,11,11,11,11,11
400208,1,1,1983,0,0,0,0,0,0,0,0,0,0
400209,1,1,1983,0,0,0,0,0,0,0,0,0,0
400209,2,1,1983,0,0,0,0,0,0,0,0,0,0
400210,1,1,1983,14,14,14,14,14,14,14,14,14,14
400211,1,1,1983,15,17,14,29,17,8,4,28,16,18
400212,1,1,1983,0,0,0,0,0,0,0,0,0,0
400212,2,1,1983,0,0,0,0,0,0,0,0,0,0
400213,1,1,1983,0,0,0,0,0,0,0,0,0,0
400213,2,1,1983,0,0,0,0,0,0,0,0,0,0
400214,1,1,1983,0,2,0,0,0,0,0,0,0,0
400214,2,1,1983,0,0,0,0,0,0,0,0,0,0
400215,1,1,1983,0,18,0,0,0,0,0,0,0,0
400216,1,1,1983,23,0,0,16,0,18,0,0,0,28
400217,1,1,1983,44,29,23,20,16,22,0,12,19,15
400218,1,1,1983,19,19,19,19,19,19,19,19,19,19
400219,1,1,1983,0,0,0,0,0,0,0,0,0,0
400219,2,1,1983,0,0,0,0,0,0,0,0,0,0
400220,1,1,1983,18,18,18,18,18,18,18,18,18,18
400221,1,1,1983,0,0,0,0,0,0,0,0,0,0
400221,2,1,1983,0,0,0,0,0,0,0,0,0,0
400221,3,1,1983,0,0,0,0,0,0,0,0,0,0
400222,1,1,1983,0,0,13,11,21,0,0,6,26,27
400222,2,1,1983,0,0,0,0,0,0,0,0,0,0
400223,1,1,1983,0,0,0,0,0,0,0,0,0,0
400224,1,1,1983,17,17,17,17,17,17,17,17,17,17
400225,1,1,1983,23,23,23,23,23,23,23,23,23,23
400226,1,1,1983,0,0,0,0,0,8,5,0,0,0
400226,2,1,1983,0,9,10,0,0,20,0,0,0,15
400227,1,1,1983,9,9,9,9,9,9,9,9,9,9
400228,1,1,1983,0,0,0,0,0,0,10,0,0,0
400228,2,1,1983,0,0,0,0,0,0,0,0,26,0
400229,1,1,1983,20,20,20,20,20,20,20,20,20,20
400230,1,1,1983,0,0,0,0,0,0,0,0,0,0
400230,2,1,1983,0,14,0,0,0,0,0,23,0,0
400231,0,1,1983,0,0,0,0,0,0,0,0,0,0
400231,1,1,1983,0,0,0,0,0,4,0,0,0,0
400232,0,1,1983,0,0,0,0,0,0,0,0,0,0
400232,1,1,1983,5,5,5,5,5,5,5,5,5,5
400233,1,1,1983,0,0,0,0,0,0,0,0,0,0
400234,1,1,1983,47,47,47,47,47,47,47,47,47,47
400235,1,1,1983,0,0,0,17,0,0,0,0,0,0
400236,1,1,1983,0,0,0,0,0,0,0,0,0,0
400237,1,1,1983,9,9,9,9,9,9,9,9,9,9
400238,1,1,1983,0,0,0,0,0,0,0,0,0,0
400239,1,1,1983,0,0,0,0,0,0,0,0,0,0
400239,2,1,1983,0,0,0,0,0,0,35,0,0,0
400240,1,1,1983,0,0,0,0,0,0,0,0,0,0
400241,1,1,1983,0,0,0,0,0,0,0,0,0,0
400241,2,1,1983,0,0,0,0,0,0,0,0,0,0
400241,3,1,1983,0,0,0,0,0,0,0,11,0,0
400241,4,1,1983,0,0,0,0,0,0,0,0,0,0
400242,1,1,1983,28,28,28,28,28,28,28,28,28,28
400243,1,1,1983,0,0,0,0,0,0,0,0,0,0
400244,1,1,1983,19,19,19,19,19,19,19,19,19,19
400244,2,1,1983,0,0,0,0,0,0,0,0,0,0
400245,0,1,1983,18,18,18,18,18,18,18,18,18,18
400245,1,1,1983,0,0,0,0,0,0,0,0,25,0
400246,1,1,1983,0,0,0,0,0,0,0,15,0,0
400246,2,1,1983,0,0,0,0,0,0,0,0,0,0
400247,1,1,1983,4,4,4,4,4,4,4,4,4,4
400248,1,1,1983,0,0,0,0,0,0,0,0,0,0
400248,2,1,1983,0,0,0,8,0,0,0,0,0,0
400249,1,1,1983,15,15,15,15,15,15,15,15,15,15
400250,0,1,1983,0,0,0,0,0,0,0,0,0,0
400250,1,1,1983,0,0,0,0,0,0,0,0,0,0
400250,2,1,1983,0,0,0,0,6,0,0,0,0,0
400251,1,1,1983,8,0,0,0,0,0,0,0,0,0
400251,2,1,1983,0,0,0,0,0,0,0,0,0,0
400252,1,1,1983,0,0,0,0,0,0,0,0,0,0
400253,1,1,1983,0,0,0,0,0,0,0,14,0,0
400254,1,1,1983,12,12,12,12,12,12,12,12,12,12
400255,1,1,1983,5,5,5,5,5,5,5,5,5,5
400256,1,1,1983,0,0,0,0,0,0,0,0,0,0
400256,2,1,1983,0,0,0,0,0,0,0,0,0,0
400257,1,1,1983,0,0,0,0,0,0,0,0,0,0
400258,1,1,1983,18,18,18,18,18,18,18,18,18,18
400258,2,1,1983,0,0,0,0,0,0,28,0,13,0
400259,1,1,1983,0,0,0,0,0,0,0,0,0,0
400259,2,1,1983,0,0,0,0,0,0,0,0,0,0
400260,1,1,1983,28,28,28,28,28,28,28,28,28,28
400261,1,1,1983,20,8,7,25,18,0,23,18,10,37
400261,2,1,1983,3,3,3,3,3,3,3,3,3,3
400262,1,1,1983,17,13,15,29,31,15,22,26,18,19
400263,0,1,1983,24,24,24,24,24,24,24,24,24,24
400263,1,1,1983,0,0,0,0,0,0,0,0,16,0
400264,0,1,1983,0,38,0,38,0,0,0,0,21,0
400264,0,2,1983,13,0,47,28,7,14,0,0,0,0
400264,1,1,1983,0,0,0,0,0,0,0,0,0,0
400265,1,1,1983,18,18,18,18,18,18,18,18,18,18
400266,1,1,1983,28,28,28,28,28,28,28,28,28,28
400267,1,1,1983,0,0,0,16,0,12,0,0,0,0
400267,2,1,1983,0,0,0,0,0,0,0,0,0,0
400268,1,1,1983,0,0,0,0,0,0,0,0,0,0
400268,2,1,1983,0,0,0,0,0,0,0,0,0,0
400269,1,1,1983,25,25,25,25,25,25,25,25,25,25
400269,2,1,1983,0,0,0,0,0,0,0,0,0,0
400270,1,1,1983,14,14,14,14,14,14,14,14,14,14
400271,1,1,1983,30,30,30,30,30,30,30,30,30,30
400272,1,1,1983,12,27,0,21,0,0,20,2,11,11
400272,2,1,1983,0,0,0,0,0,0,0,0,0,0
400273,1,1,1983,4,6,0,0,22,29,18,13,20,16
400273,2,1,1983,3,3,3,3,3,3,3,3,3,3
400274,1,1,1983,0,0,0,0,0,0,0,0,0,0
400274,2,1,1983,0,0,0,0,0,0,0,0,0,0
400275,1,1,1983,21,21,21,21,21,21,21,21,21,21
400276,1,1,1983,0,22,22,0,14,21,19,0,21,17
400276,2,1,1983,0,0,0,0,0,0,0,20,0,0
400277,1,1,1983,0,0,11,0,8,1,0,0,0,0
400277,2,1,1983,0,0,0,0,0,28,0,0,0,0
400278,1,1,1983,13,13,13,13,13,13,13,13,13,13
400279,1,1,1983,0,0,0,0,0,0,0,0,0,0
400279,2,1,1983,0,0,0,0,0,0,0,0,0,0
400280,1,1,1983,0,0,0,0,0,0,0,0,14,0
400281,0,1,1983,11,11,11,11,11,11,11,11,11,11
400281,1,1,1983,0,0,0,0,0,0,0,0,0,0
400282,1,1,1983,25,28,23,16,19,8,7,19,21,0
400283,1,1,1983,0,0,0,0,0,0,0,0,0,0
400283,2,1,1983,0,0,0,0,0,0,0,0,0,21
400284,0,1,1983,0,6,42,0,36,0,0,0,0,0
400284,1,1,1983,0,0,0,0,0,0,0,26,0,0
400284,2,1,1983,0,0,0,0,0,0,0,0,0,0
400285,1,1,1983,12,0,19,13,6,11,0,22,20,0
400285,2,1,1983,0,0,0,0,0,0,0,0,0,0
400286,1,1,1983,8,8,8,8,8,8,8,8,8,8
400286,2,1,1983,0,0,0,0,0,0,0,0,0,0
400287,1,1,1983,0,0,0,0,11,0,0,0,0,0
400287,2,1,1983,0,5,0,0,0,0,0,0,0,0
400288,1,1,1983,0,0,0,0,0,0,0,0,0,0
400288,2,1,1983,0,0,0,0,0,0,0,0,0,0
400289,1,1,1983,0,0,0,0,0,0,0,0,0,0
400289,2,1,1983,0,14,0,0,0,0,0,0,0,0
400290,1,1,1983,14,19,27,0,24,40,28,17,24,13
400291,0,1,1983,30,30,30,30,30,30,30,30,30,30
400291,1,1,1983,0,0,0,0,0,0,0,17,0,0
400292,1,1,1983,0,0,0,0,0,0,0,0,0,0
400292,2,1,1983,0,0,0,0,0,0,0,0,0,0
400293,1,1,1983,0,0,5,0,0,0,0,0,0,6
400293,2,1,1983,11,0,29,4,14,17,31,15,9,26
400293,3,1,1983,0,0,0,0,0,0,0,0,12,0
400294,1,1,1983,0,0,0,0,0,0,0,0,0,0
400295,1,1,1983,0,0,0,0,0,0,0,0,0,0
400295,2,1,1983,0,0,0,34,0,0,0,0,0,0
400296,1,1,1983,0,0,0,0,0,0,0,0,0,0
400297,1,1,1983,0,0,0,0,0,0,0,0,0,0
400297,2,1,1983,0,0,0,0,0,0,0,0,0,0
400298,1,1,1983,18,18,18,18,18,18,18,18,18,18
400298,2,1,1983,0,0,0,0,0,0,0,0,0,0
400299,1,1,1983,0,0,0,0,0,0,0,0,0,0
400299,2,1,1983,0,0,0,0,0,0,0,0,0,0
400300,0,1,1983,0,0,0,0,0,0,0,0,0,0
400300,1,1,1983,0,12,0,0,0,0,0,0,0,0
400301,1,1,1983,22,0,0,0,12,0,0,23,0,21
400302,1,1,1983,25,23,15,7,20,19,19,19,23,13
400302,2,1,1983,0,0,0,0,0,0,0,0,0,0
400302,3,1,1983,0,0,0,0,0,0,0,0,20,0
400303,1,1,1983,13,13,13,13,13,13,13,13,13,13
400304,0,1,1983,1,1,1,1,1,1,1,1,1,1
400304,1,1,1983,0,0,0,0,0,0,0,0,0,0
400305,1,1,1983,0,0,0,0,0,0,0,0,0,0
400306,1,1,1983,34,34,34,34,34,34,34,34,34,34
400307,1,1,1983,0,0,0,0,0,0,0,0,0,7
400307,2,1,1983,0,0,0,0,0,0,0,0,0,0
400308,0,1,1983,0,0,0,0,0,0,0,0,0,0
400308,1,1,1983,0,0,0,0,0,0,0,0,0,0
400309,1,1,1983,0,0,0,0,0,0,0,0,0,0
400310,1,1,1983,20,20,20,20,20,20,20,20,20,20
400310,2,1,1983,0,0,0,19,0,0,0,10,0,0
400311,0,1,1983,35,35,35,35,35,35,35,35,35,35
400311,1,1,1983,0,0,0,0,0,0,0,0,0,18
400312,1,1,1983,23,8,5,9,6,0,14,20,11,6
400312,2,1,1983,0,0,0,0,0,0,0,0,0,9
400313,1,1,1983,0,0,0,0,0,21,0,0,21,0
400314,1,1,1983,5,5,5,5,5,5,5,5,5,5
400315,1,1,1983,19,19,19,19,19,19,19,19,19,19
400315,2,1,1983,2,0,0,13,6,22,0,23,17,0
400316,1,1,1983,0,0,0,0,0,0,0,0,0,0
400316,2,1,1983,0,0,0,0,0,0,0,0,0,0
400317,1,1,1983,2,2,2,2,2,2,2,2,2,2
400317,2,1,1983,0,0,0,0,0,0,0,0,0,4
400318,1,1,1983,6,6,6,6,6,6,6,6,6,6
400318,2,1,1983,0,0,0,10,0,0,24,0,14,0
400319,1,1,1983,20,7,11,0,0,0,0,0,0,0
400319,2,1,1983,0,0,0,0,0,0,0,0,0,0
400320,1,1,1983,0,0,0,0,0,0,0,0,0,0
400321,1,1,1983,0,0,0,0,0,0,0,0,0,0
400321,2,1,1983,0,9,21,0,0,0,0,0,0,0
400322,1,1,1983,0,11,26,0,9,10,0,0,0,0
400322,2,1,1983,13,13,17,18,8,10,0,0,25,25
400323,1,1,1983,0,0,0,0,0,0,0,0,0,0
400323,2,1,1983,0,0,0,0,0,0,0,0,0,0
400324,1,1,1983,0,0,0,0,0,0,0,0,0,0
400324,2,1,1983,0,0,0,0,0,0,0,0,0,0
400325,1,1,1983,7,7,7,7,7,7,7,7,7,7
400325,2,1,1983,0,0,0,0,24,0,0,0,0,0
400326,1,1,1983,7,13,6,25,4,12,22,28,18,11
400327,1,1,1983,0,0,0,0,0,0,0,0,0,0
400328,0,1,1983,0,0,0,0,0,0,0,0,0,0
400328,1,1,1983,20,20,20,20,20,20,20,20,20,20
400329,1,1,1983,10,0,0,0,0,0,8,0,0,0
400330,1,1,1983,17,17,17,17,17,17,17,17,17,17
400330,2,1,1983,33,24,26,0,17,14,19,12,12,17
400331,1,1,1983,22,13,18,16,26,0,12,6,11,0
400331,2,1,1983,0,0,0,10,0,0,0,0,0,0
400332,1,1,1983,22,22,22,22,22,22,22,22,22,22
400333,1,1,1983,0,0,0,0,0,0,0,0,0,0
400334,1,1,1983,20,20,20,20,20,20,20,20,20,20
400334,2,1,1983,0,0,0,0,0,0,0,0,0,0
400335,1,1,1983,28,28,28,28,28,28,28,28,28,28
400336,1,1,1983,0,5,16,0,9,12,0,0,0,0
400336,2,1,1983,0,0,0,0,0,0,16,0,0,0
400337,1,1,1983,0,12,8,0,2,16,12,0,17,13
400337,2,1,1983,0,0,0,0,0,0,0,0,0,0
400338,0,1,1983,26,26,26,26,26,26,26,26,26,26
400338,1,1,1983,4,17,26,40,8,20,15,0,0,0
400339,1,1,1983,0,0,0,0,0,0,0,0,0,0
400340,1,1,1983,0,13,0,0,0,21,0,0,0,0
400340,2,1,1983,0,0,0,0,0,0,0,0,0,0
400341,1,1,1983,0,17,0,0,0,0,10,0,0,0
400341,2,1,1983,0,0,0,0,0,0,0,0,0,0
400342,1,1,1983,0,0,16,0,0,0,0,0,0,0
400342,2,1,1983,0,0,0,0,0,0,0,0,0,0
400343,1,1,1983,0,0,0,0,0,0,0,0,0,0
400343,2,1,1983,15,15,15,15,15,15,15,15,15,15
400344,1,1,1983,22,22,22,22,22,22,22,22,22,22
400345,1,1,1983,2,17,0,21,15,17,17,7,32,0
400345,2,1,1983,27,37,21,19,19,9,18,10,13,16
400346,1,1,1983,0,0,6,25,20,0,16,0,0,0
400347,1,1,1983,0,0,0,0,0,0,0,0,0,0
400348,1,1,1983,30,4,38,27,14,36,29,0,18,28
400348,2,1,1983,19,19,19,19,19,19,19,19,19,19
400348,3,1,1983,0,0,0,0,0,0,0,0,0,0
400348,4,1,1983,0,0,0,0,0,0,0,0,0,0
400348,5,1,1983,24,8,6,8,19,18,24,8,16,11
400349,1,1,1983,0,0,0,0,0,0,0,0,0,0
400350,1,1,1983,9,9,9,9,9,9,9,9,9,9
400350,2,1,1983,0,0,0,0,0,0,0,0,0,0
400351,1,1,1983,24,24,24,24,24,24,24,24,24,24
400351,2,1,1983,28,0,0,0,0,0,0,0,0,0
400352,1,1,1983,0,0,0,0,0,0,0,0,0,0
400353,1,1,1983,0,34,0,0,10,0,31,14,0,0
400354,1,1,1983,18,18,18,18,18,18,18,18,18,18
400355,1,1,1983,23,0,0,16,14,20,17,0,11,23
400355,2,1,1983,0,0,0,0,0,0,0,8,0,0
400356,1,1,1983,0,0,0,0,0,0,0,0,0,0
400356,2,1,1983,16,0,0,0,0,0,15,0,0,0
400357,1,1,1983,30,15,16,22,0,9,19,37,16,26
400358,1,1,1983,0,0,0,0,0,0,0,0,0,0
400358,2,1,1983,0,0,0,0,0,0,0,0,0,0
400359,1,1,1983,0,0,0,0,0,0,0,0,0,0
400359,2,1,1983,0,0,0,0,0,0,0,0,0,0
400360,0,1,1983,29,29,29,29,29,29,29,29,29,29
400360,1,1,1983,0,0,0,0,0,0,0,0,0,0
400361,1,1,1983,0,0,0,0,0,0,0,0,0,0
400361,2,1,1983,0,0,0,0,0,0,0,0,0,0
400362,1,1,1983,0,0,0,0,0,0,0,0,0,0
400362,2,1,1983,0,0,0,0,0,0,0,0,0,0
400363,1,1,1983,0,0,0,0,0,0,0,0,0,0
400363,2,1,1983,14,0,0,0,0,0,0,0,0,0
400364,1,1,1983,19,19,19,19,19,19,19,19,19,19
400365,1,1,1983,0,0,0,0,0,0,0,0,0,0
400366,1,1,1983,18,18,18,18,18,18,18,18,18,18
400367,1,1,1983,0,0,0,0,0,0,0,0,0,0
400368,1,1,1983,28,7,4,19,2,15,15,11,8,16
400369,0,1,1983,0,0,0,0,0,0,0,0,0,0
400369,1,1,1983,0,0,5,0,0,0,0,23,0,0
400370,1,1,1983,0,0,0,0,0,0,0,0,0,0
400371,1,1,1983,0,0,0,0,0,0,0,0,0,0
400371,2,1,1983,0,0,23,16,0,0,0,0,0,0
400372,1,1,1983,0,0,0,0,0,0,0,0,0,0
400373,1,1,1983,0,0,0,0,0,0,0,0,0,0
400373,2,1,1983,0,0,0,0,0,0,0,0,0,0
400374,1,1,1983,0,0,0,0,0,0,0,0,0,0
400374,2,1,1983,8,0,0,0,0,0,0,0,0,0
400375,1,1,1983,0,0,0,0,0,0,0,0,0,0
400375,2,1,1983,0,0,0,0,0,0,3,20,0,0
400376,1,1,1983,21,21,21,21,21,21,21,21,21,21
400377,1,1,1983,0,0,0,0,0,0,0,0,0,0
400377,2,1,1983,0,0,0,0,0,0,0,0,0,0
400378,1,1,1983,20,20,20,20,20,20,20,20,20,20
400378,2,1,1983,0,0,0,0,0,0,0,0,0,0
400379,0,1,1983,0,0,0,0,0,0,0,0,0,0
400379,1,1,1983,0,0,0,0,0,0,0,0,0,0
400380,1,1,1983,19,49,14,9,12,24,13,22,34,0
400380,2,1,1983,8,8,8,8,8,8,8,8,8,8
400381,0,1,1983,0,0,0,0,0,0,0,0,0,7
400381,1,1,1983,0,0,0,0,0,0,23,0,0,0
400382,1,1,1983,7,7,7,7,7,7,7,7,7,7
400383,1,1,1983,0,0,0,0,0,5,0,0,0,8
400383,2,1,1983,0,0,0,0,0,0,0,0,0,0
400384,0,1,1983,0,33,0,0,0,0,0,0,0,0
400384,1,1,1983,14,0,0,0,0,0,0,0,0,0
400385,1,1,1983,22,17,26,0,0,26,23,0,0,19
400385,2,1,1983,0,0,0,0,0,8,38,0,0,0
400386,1,1,1983,0,19,12,9,12,21,9,25,9,15
400387,1,1,1983,0,0,0,0,0,0,0,0,0,0
400387,2,1,1983,0,0,0,0,0,0,0,0,0,0
400388,1,1,1983,25,25,25,25,25,25,25,25,25,25
400389,1,1,1983,0,0,13,0,0,0,0,0,0,0
400389,2,1,1983,0,0,0,0,0,0,0,0,0,0
400390,1,1,1983,22,22,22,22,22,22,22,22,22,22
400390,2,1,1983,0,0,0,0,0,0,0,0,0,20
400391,1,1,1983,0,0,0,0,0,0,0,0,0,0
400392,1,1,1983,0,0,0,0,0,0,0,0,0,0
400392,2,1,1983,0,0,0,0,0,0,0,0,0,0
400393,0,1,1983,0,0,0,0,0,0,0,0,0,0
400393,1,1,1983,0,0,0,0,0,0,0,0,0,0
400394,1,1,1983,0,0,0,0,0,0,0,0,0,0
400395,1,1,1983,0,0,0,0,0,0,0,19,0,0
400395,2,1,1983,12,0,0,18,6,0,13,18,9,0
400396,0,1,1983,0,30,11,0,0,22,0,26,18,0
400396,1,1,1983,0,0,0,0,0,0,0,0,0,0
400397,1,1,1983,13,13,13,13,13,13,13,13,13,13
400397,2,1,1983,0,0,0,0,0,0,0,0,0,0
400398,1,1,1983,0,0,0,0,0,0,0,0,0,0
400398,2,1,1983,0,0,0,0,0,0,0,0,0,0
400399,1,1,1983,25,8,18,10,21,17,26,17,16,8
400400,1,1,1983,0,0,0,0,0,0,0,0,0,0
400400,2,1,1983,0,0,0,0,0,0,0,0,0,0
400401,0,1,1983,24,0,21,6,24,10,18,0,13,17
400401,1,1,1983,0,0,0,0,0,0,0,0,0,17
400402,1,1,1983,0,0,8,0,13,11,21,18,12,29
400403,1,1,1983,16,8,6,19,29,14,23,10,12,17
400404,1,1,1983,2,2,2,2,2,2,2,2,2,2
400405,1,1,1983,0,0,0,0,0,0,0,0,0,0
400405,2,1,1983,0,0,0,0,0,0,0,0,0,0
400406,1,2,1983,12,12,12,12,12,12,12,12,12,12
400407,1,1,1983,0,0,0,0,0,0,0,0,0,0
400408,1,1,1983,0,0,9,0,24,0,0,25,0,44
400409,1,1,1983,0,0,0,0,0,0,0,0,0,0
400409,2,1,1983,0,0,0,9,0,0,0,0,0,0
400410,1,1,1983,0,0,0,0,0,0,0,0,0,0
400410,2,1,1983,4,0,0,0,0,0,0,0,0,0
400410,3,1,1983,0,0,0,0,0,0,0,0,5,0
400411,1,1,1983,0,0,0,0,0,0,0,0,0,0
400412,1,1,1983,11,0,12,11,19,15,19,0,0,10
400413,1,1,1983,0,0,0,0,0,0,0,0,0,0
400413,2,1,1983,0,0,0,0,0,0,0,0,0,0
400414,1,2,1983,35,0,0,17,22,0,4,0,0,22
400415,1,1,1983,0,0,0,0,0,0,0,0,0,0
400416,1,1,1983,0,0,0,0,16,0,0,13,0,0
400417,1,1,1983,0,0,0,0,0,0,0,0,0,0
400417,2,1,1983,0,0,0,0,0,20,0,0,0,0
400418,1,1,1983,0,0,0,0,0,0,0,0,0,0
400418,2,1,1983,0,0,0,0,0,0,0,0,0,0
400419,1,1,1983,10,10,10,10,10,10,10,10,10,10
400420,1,1,1983,0,0,0,0,0,0,0,0,0,0
400420,2,1,1983,0,0,0,0,0,0,0,0,0,0
400421,1,1,1983,18,18,18,18,18,18,18,18,18,18
400422,1,1,1983,26,13,11,10,13,22,34,33,17,22
400423,1,1,1983,14,14,14,14,14,14,14,14,14,14
400424,1,1,1983,19,18,19,14,13,22,8,29,0,16
400425,1,1,1983,0,0,0,0,0,0,0,0,0,0
400426,1,1,1983,0,0,0,0,0,0,0,0,0,0
400426,2,1,1983,0,0,0,0,0,0,0,0,0,0
400427,1,1,1983,23,23,23,23,23,23,23,23,23,23
400428,1,1,1983,27,27,27,27,27,27,27,27,27,27
400429,1,1,1983,0,0,0,0,0,0,0,0,0,0
400430,1,1,1983,0,0,0,0,6,0,0,0,0,12
400431,1,1,1983,0,0,0,0,0,0,0,0,0,0
400431,2,1,1983,0,0,0,0,0,0,0,0,0,0
400432,1,1,1983,0,0,0,0,0,0,0,0,0,0
400433,1,1,1983,0,0,0,0,0,0,0,0,0,0
400433,2,1,1983,0,0,0,0,0,0,0,0,0,0
400434,1,1,1983,0,0,0,0,0,0,0,0,0,0
400434,2,1,1983,0,0,0,0,0,0,0,0,0,0
400434,3,1,1983,0,0,0,0,0,0,0,0,0,0
400435,0,1,1983,28,28,28,28,28,28,28,28,28,28
400435,1,1,1983,0,5,0,0,26,0,0,0,0,0
400436,1,1,1983,0,0,0,0,0,0,0,0,0,0
400436,2,1,1983,0,0,0,0,0,0,0,0,0,0
400438,1,1,1983,12,12,12,12,12,12,12,12,12,12
400439,1,1,1983,7,7,7,7,7,7,7,7,7,7
400439,2,1,1983,0,0,0,0,0,0,0,0,0,0
400440,1,1,1983,0,0,0,0,0,0,0,0,0,0
400440,2,1,1983,0,0,0,0,0,0,0,0,0,0
400440,3,1,1983,0,0,0,0,0,0,0,0,0,0
400440,4,1,1983,0,0,0,0,0,6,0,0,0,0
400441,1,1,1983,23,23,23,23,23,23,23,23,23,23
400441,2,1,1983,18,0,0,0,0,0,0,0,0,0
400442,0,1,1983,0,0,0,0,0,0,0,0,0,0
400442,1,1,1983,0,0,0,0,0,0,0,0,0,0
400443,1,1,1983,12,13,26,28,24,13,20,19,19,22
400443,2,1,1983,0,0,0,0,0,0,0,0,0,0
400444,1,1,1983,0,0,0,0,0,0,0,0,0,0
400444,2,1,1983,17,17,17,17,17,17,17,17,17,17
400445,0,1,1983,23,23,23,23,23,23,23,23,23,23
400445,2,1,1983,0,0,0,0,0,0,0,0,0,0
400446,1,1,1983,20,20,20,20,20,20,20,20,20,20
400447,1,1,1983,0,0,0,20,0,0,2,14,0,0
400447,2,1,1983,0,0,0,0,0,0,0,0,4,0
400448,1,1,1983,16,10,13,15,3,9,11,26,22,15
400449,1,1,1983,23,23,23,23,23,23,23,23,23,23
400450,0,1,1983,7,7,7,7,7,7,7,7,7,7
400450,1,1,1983,0,0,0,0,0,0,0,0,0,0
400451,0,1,1983,11,11,11,11,11,11,11,11,11,11
400451,1,1,1983,0,0,0,10,0,0,0,22,0,0
400452,1,1,1983,14,14,0,20,14,10,9,0,16,15
400452,2,1,1983,0,0,0,0,0,0,0,0,0,0
400453,1,1,1983,27,27,27,27,27,27,27,27,27,27
400454,1,1,1983,0,0,0,0,0,0,0,0,0,0
400454,2,1,1983,0,10,0,0,0,0,0,0,0,0
400455,1,1,1983,12,27,29,32,13,18,22,8,0,15
400456,1,1,1983,0,0,0,0,0,0,0,0,0,0
400456,2,1,1983,15,0,0,0,13,0,0,22,0,0
400457,0,1,1983,0,0,0,0,0,0,0,0,0,0
400457,0,2,1983,32,0,19,17,0,17,7,19,22,0
400457,0,3,1983,0,0,27,0,49,0,0,0,0,0
400457,1,1,1983,0,0,0,0,0,0,0,0,0,0
400458,1,1,1983,16,16,16,16,16,16,16,16,16,16
400459,1,1,1983,0,0,0,0,0,0,0,13,30,0
400460,1,1,1983,17,0,0,21,0,0,0,0,0,0
400460,2,1,1983,0,0,0,0,0,0,0,0,0,0
400461,1,1,1983,0,0,0,0,0,0,0,0,0,0
400461,2,1,1983,0,0,0,0,0,0,0,0,0,0
400462,1,1,1983,22,22,22,22,22,22,22,22,22,22
400462,2,1,1983,0,0,0,0,0,0,0,0,0,0
400463,1,1,1983,0,0,0,0,0,0,0,0,0,0
400463,2,1,1983,0,13,0,0,0,0,0,0,0,0
400464,1,1,1983,0,0,0,0,0,0,0,0,0,0
400464,2,1,1983,0,0,0,0,0,0,19,0,0,10
400465,0,1,1983,21,23,9,7,27,32,11,8,15,19
400465,1,1,1983,7,0,0,6,15,24,4,21,26,22
400466,1,1,1983,23,23,23,23,23,23,23,23,23,23
400466,2,1,1983,0,0,0,0,0,0,0,0,0,0
400466,3,1,1983,0,0,0,0,0,0,0,0,0,0
400467,1,1,1983,0,0,0,0,0,0,0,0,0,0
400468,1,1,1983,0,0,0,0,0,0,0,0,0,0
400468,2,1,1983,12,0,0,0,0,0,0,0,0,0
400469,1,1,1983,0,0,0,0,0,0,0,0,0,0
400469,2,1,1983,0,0,0,0,0,0,0,0,0,0
400470,1,1,1983,0,0,0,0,0,0,0,0,0,0
400470,2,1,1983,0,0,0,0,0,0,0,0,0,0
400471,0,1,1983,0,0,0,0,0,0,0,0,0,0
400471,1,1,1983,23,0,0,20,14,0,0,0,17,0
400472,1,1,1983,0,27,0,0,0,12,0,0,0,0
400472,2,1,1983,0,0,0,0,0,0,0,0,0,0
400473,1,1,1983,0,0,0,0,0,0,0,0,0,0
400473,2,1,1983,0,0,0,0,0,0,0,0,0,0
400474,1,1,1983,11,29,18,11,23,4,20,26,14,20
400475,1,1,1983,0,0,0,0,0,0,0,0,0,0
400475,2,1,1983,0,0,0,0,0,0,0,0,0,0
400476,1,1,1983,0,0,0,0,0,0,0,0,0,0
400477,1,1,1983,14,1,16,18,15,19,16,3,18,22
400477,2,1,1983,0,0,0,0,0,0,27,24,0,0
400478,1,1,1983,0,11,0,18,0,0,0,35,13,0
400479,1,1,1983,0,0,0,0,0,0,0,0,0,0
400479,2,1,1983,0,0,0,0,0,0,0,0,0,0
400480,1,1,1983,15,15,15,15,15,15,15,15,15,15
400480,2,1,1983,0,0,0,0,0,0,0,0,0,0