ST_CASE,VEH_NO,PER_NO,YEAR,P1,P2,P3,P4,P5,P6,P7,P8,P9,P10
400481,1,1,1983,0,0,0,0,0,0,0,0,0,0
400482,1,1,1983,0,0,0,0,0,0,0,0,0,0
400482,2,1,1983,0,16,0,0,0,0,0,0,28,0
400483,1,1,1983,11,0,0,3,19,0,7,0,0,16
400484,1,1,1983,24,24,24,24,24,24,24,24,24,24
400485,1,1,1983,28,16,15,27,35,17,19,14,20,14
400486,1,1,1983,0,0,0,0,0,0,0,0,0,0
400487,1,1,1983,0,0,0,0,0,0,0,0,0,0
400488,1,1,1983,12,12,12,12,12,12,12,12,12,12
400489,1,1,1983,16,14,20,7,23,11,0,7,13,18
400489,2,1,1983,0,0,0,0,0,0,0,0,0,0
400490,1,1,1983,0,0,0,0,6,17,0,0,0,0
400490,2,1,1983,0,0,0,0,0,0,0,0,0,0
400491,1,1,1983,16,16,16,16,16,16,16,16,16,16
400492,1,1,1983,30,30,30,30,30,30,30,30,30,30
400492,2,1,1983,2,2,2,2,2,2,2,2,2,2
400493,1,1,1983,2,2,2,2,2,2,2,2,2,2
400493,2,1,1983,0,0,0,0,0,0,0,0,0,0
400494,1,1,1983,13,0,14,11,9,11,3,11,10,14
400495,1,1,1983,38,16,26,23,14,8,19,31,21,26
400496,1,1,1983,31,31,31,31,31,31,31,31,31,31
400496,2,1,1983,0,0,0,0,0,0,0,0,0,0
400497,1,1,1983,24,29,18,32,16,6,0,31,18,14
400498,0,1,1983,18,18,18,18,18,18,18,18,18,18
400498,1,1,1983,26,29,14,16,10,14,10,17,15,0
400499,0,1,1983,31,31,31,31,31,31,31,31,31,31
400499,1,1,1983,0,0,0,0,0,0,0,0,0,26
400500,1,1,1983,6,15,5,5,18,15,20,25,24,24
400501,1,1,1983,17,17,17,17,17,17,17,17,17,17
400502,1,1,1983,7,0,6,0,0,0,26,25,20,0
400503,1,1,1983,0,0,0,0,0,0,0,0,0,0
400503,2,1,1983,0,0,0,0,0,0,0,0,0,0
400504,1,1,1983,0,0,0,0,0,0,0,0,0,0
400505,1,1,1983,26,26,26,26,26,26,26,26,26,26
400506,1,1,1983,0,0,0,0,0,0,0,0,0,0
400506,2,1,1983,0,0,0,0,0,0,0,0,0,0
400507,1,1,1983,20,27,18,13,7,22,20,17,12,11
400508,1,1,1983,0,0,0,0,0,0,0,0,0,0
400508,2,1,1983,0,0,0,0,0,0,0,0,0,0
400509,1,1,1983,0,0,0,0,0,0,0,0,0,0
400509,2,1,1983,0,0,0,0,0,0,0,0,0,41
400510,1,1,1983,0,0,0,0,0,0,0,0,0,0
400510,2,1,1983,0,0,0,7,0,0,0,23,0,0
400511,1,1,1983,33,33,33,33,33,33,33,33,33,33
400512,1,1,1983,0,0,0,0,0,0,0,0,0,0
400513,1,1,1983,26,26,26,26,26,26,26,26,26,26
400513,2,1,1983,0,0,0,0,0,0,0,0,0,0
400514,1,1,1983,0,0,0,0,0,0,0,0,0,0
400515,0,1,1983,17,17,17,17,17,17,17,17,17,17
400515,1,1,1983,23,0,17,8,14,13,10,0,12,10
400516,1,1,1983,22,22,22,22,22,22,22,22,22,22
400517,1,1,1983,3,0,6,0,0,0,0,0,0,26
400517,2,1,1983,4,4,4,4,4,4,4,4,4,4
400518,1,1,1983,0,0,0,0,0,0,0,0,0,0
400518,2,1,1983,0,10,0,0,0,0,0,0,0,0
400519,1,1,1983,9,9,9,9,9,9,9,9,9,9
400520,1,1,1983,26,12,17,11,23,20,16,20,10,25
400521,1,1,1983,17,17,17,17,17,17,17,17,17,17
400522,1,1,1983,0,0,0,0,0,0,0,0,0,0
400523,1,1,1983,0,0,0,0,0,0,0,0,0,0
400524,1,1,1983,9,9,9,9,9,9,9,9,9,9
400525,1,1,1983,0,2,0,0,0,0,0,10,0,14
400526,1,1,1983,0,0,0,0,0,0,0,0,0,0
400527,1,1,1983,0,0,0,0,0,0,0,0,0,0
400527,2,1,1983,0,0,0,0,0,0,0,0,0,0
400528,1,1,1983,13,19,13,24,14,16,11,10,8,14
400528,2,1,1983,4,4,4,4,4,4,4,4,4,4
400529,1,1,1983,0,0,0,0,0,0,0,0,0,0
400529,2,1,1983,0,0,0,0,0,0,0,0,0,16
400530,1,1,1983,13,13,9,10,8,22,19,9,9,15
400531,1,1,1983,23,23,23,23,23,23,23,23,23,23
400532,1,1,1983,0,0,0,0,0,0,0,0,0,0
400532,2,1,1983,0,0,0,0,0,0,0,0,0,0
400533,0,1,1983,16,18,42,26,13,32,21,15,32,12
400533,1,1,1983,14,0,0,0,0,0,0,0,0,13
400534,1,1,1983,0,0,0,0,0,0,0,0,0,0
400535,1,1,1983,25,25,25,25,25,25,25,25,25,25
400536,1,1,1983,0,0,0,0,0,0,0,0,0,0
400537,1,1,1983,23,23,23,23,23,23,23,23,23,23
400538,0,1,1983,0,56,41,18,21,32,8,22,0,26
400538,0,2,1983,0,0,0,0,0,0,0,0,0,0
400538,1,1,1983,18,0,0,0,0,0,0,0,0,0
400539,1,1,1983,9,9,9,9,9,9,9,9,9,9
400539,2,1,1983,18,33,19,17,14,19,13,17,19,14
400540,1,1,1983,0,0,0,0,0,0,0,0,0,0
400541,1,1,1983,15,0,0,10,0,0,0,0,0,0
400541,2,1,1983,0,0,0,0,0,0,0,0,0,0
400542,1,1,1983,4,4,4,4,4,4,4,4,4,4
400542,2,1,1983,0,0,0,0,0,0,0,0,0,0
400543,1,1,1983,15,15,15,15,15,15,15,15,15,15
400543,2,1,1983,0,0,0,0,0,0,0,0,0,0
400543,3,1,1983,0,0,0,0,0,0,0,0,10,14
400544,1,1,1983,0,24,32,22,0,13,19,22,0,13
400544,2,1,1983,0,0,0,0,0,0,0,0,15,0
400545,1,1,1983,0,0,0,0,0,0,0,0,0,0
400545,2,1,1983,0,0,0,0,0,0,15,0,0,0
400546,1,1,1983,0,0,0,0,0,0,0,0,0,0
400547,1,1,1983,0,21,8,0,0,0,0,0,0,0
400548,1,1,1983,13,13,13,13,13,13,13,13,13,13
400549,1,1,1983,6,4,12,18,16,6,17,11,17,0
400549,2,1,1983,0,0,0,0,0,0,0,0,0,0
400550,1,1,1983,10,10,10,10,10,10,10,10,10,10
400551,1,1,1983,0,0,0,7,0,0,26,0,0,4
400552,1,1,1983,0,0,0,0,0,0,0,0,0,0
400553,1,1,1983,17,26,30,14,6,3,16,16,23,7
400553,2,1,1983,0,0,0,0,25,0,0,0,0,0
400554,2,1,1983,0,0,0,0,0,0,0,0,0,0
400555,1,1,1983,0,0,0,0,0,0,0,0,0,0
400555,2,1,1983,0,0,0,0,0,0,0,0,0,9
400556,1,1,1983,26,0,0,0,0,0,0,0,0,0
400556,2,1,1983,0,0,0,0,0,0,0,0,0,0
400556,3,1,1983,0,0,0,0,0,0,0,0,0,0
400557,1,1,1983,0,0,0,0,0,0,0,0,0,0
400557,2,1,1983,0,0,0,0,0,0,0,0,0,0
400558,1,1,1983,12,12,12,12,12,12,12,12,12,12
400559,0,1,1983,0,0,0,0,0,0,0,0,0,0
400559,1,1,1983,0,0,0,0,0,0,0,0,0,0
400560,1,1,1983,0,0,0,0,0,0,0,0,0,0
400561,1,1,1983,4,11,0,22,31,7,15,11,13,20
400561,2,1,1983,0,0,0,0,0,0,0,0,0,0
400562,1,1,1983,0,0,0,0,0,0,0,0,0,0
400563,1,1,1983,13,13,13,13,13,13,13,13,13,13
400563,2,1,1983,0,0,0,0,0,0,0,0,0,0
400564,1,1,1983,11,11,11,11,11,11,11,11,11,11
400564,2,1,1983,0,0,0,0,0,0,0,0,0,0
400565,1,1,1983,0,0,0,0,0,0,0,0,0,0
400565,2,1,1983,0,0,0,31,0,0,0,0,0,20
400566,1,1,1983,26,26,26,26,26,26,26,26,26,26
400567,1,1,1983,19,19,19,19,19,19,19,19,19,19
400568,1,1,1983,0,0,0,0,0,0,0,0,0,0
400568,2,1,1983,17,17,17,17,17,17,17,17,17,17
400569,0,1,1983,2,2,2,2,2,2,2,2,2,2
400569,1,1,1983,0,0,0,0,0,0,0,0,0,0
400570,1,1,1983,0,0,0,0,0,0,0,0,0,0
400572,1,1,1983,0,0,0,0,0,0,0,0,0,0
400572,2,1,1983,0,0,0,0,0,0,0,0,0,0
400573,1,1,1983,25,25,25,25,25,25,25,25,25,25
400574,1,1,1983,5,5,5,5,5,5,5,5,5,5
400574,2,1,1983,0,11,0,0,0,0,29,18,0,0
400575,1,1,1983,0,13,47,0,50,9,0,0,0,17
400576,1,1,1983,20,20,20,20,20,20,20,20,20,20
400577,1,1,1983,0,0,0,0,0,0,0,0,0,0
400578,1,1,1983,0,0,0,0,0,0,0,0,0,0
400578,2,1,1983,0,0,0,0,8,13,0,0,0,0
400579,1,1,1983,0,0,0,0,0,0,0,0,0,0
400579,2,1,1983,0,17,0,0,0,0,0,0,0,0
400580,1,1,1983,0,0,0,0,0,0,0,0,0,0
400580,2,1,1983,0,0,0,0,0,0,0,0,0,0
400580,3,1,1983,0,0,0,0,0,0,0,0,0,0
400580,4,1,1983,0,0,0,0,0,0,0,0,0,0
400580,5,1,1983,0,0,0,0,0,0,0,0,18,0
400581,1,1,1983,19,19,19,19,19,19,19,19,19,19
400582,1,1,1983,20,10,20,18,7,8,19,0,0,0
400583,0,1,1983,0,0,0,26,36,0,0,0,0,0
400583,1,1,1983,0,0,0,0,0,0,0,0,0,0
400584,1,1,1983,11,18,10,31,22,17,16,16,22,13
400585,1,1,1983,0,0,0,0,0,0,0,0,0,0
400585,2,1,1983,0,0,0,0,0,0,0,0,0,0
400586,1,1,1983,0,0,0,0,0,0,0,0,0,0
400586,2,1,1983,0,0,0,0,0,0,0,0,13,0
400587,1,1,1983,28,28,28,28,28,28,28,28,28,28
400588,1,1,1983,0,0,0,0,0,0,0,0,0,0
400588,2,1,1983,0,0,0,0,0,0,0,0,0,0
400589,0,1,1983,0,0,0,0,0,0,0,0,0,0
400589,0,2,1983,0,0,0,0,0,0,0,16,0,0
400589,1,1,1983,6,6,6,6,6,6,6,6,6,6
400590,1,1,1983,0,0,0,0,0,0,0,0,0,0
400591,1,1,1983,19,19,19,19,19,19,19,19,19,19
400591,2,1,1983,0,0,8,0,17,15,0,0,0,0
400592,1,1,1983,11,11,11,11,11,11,11,11,11,11
400593,0,1,1983,0,48,16,0,4,0,31,20,0,7
400593,1,1,1983,0,0,0,0,5,0,0,4,0,0
400594,1,1,1983,9,21,13,24,8,13,10,0,24,24
400594,2,1,1983,0,0,0,0,0,0,0,0,0,0
400595,1,1,1983,14,14,14,14,14,14,14,14,14,14
400596,1,1,1983,9,9,9,9,9,9,9,9,9,9
400596,2,1,1983,0,0,0,0,0,0,0,0,0,0
400597,1,1,1983,0,0,0,0,0,0,0,0,0,0
400597,2,1,1983,0,0,0,0,0,0,0,0,0,0
400598,1,1,1983,0,0,0,0,0,0,0,0,0,0
400598,2,1,1983,0,0,0,0,0,0,0,0,0,0
400599,1,1,1983,0,0,0,0,0,0,0,0,7,0
400599,2,1,1983,0,0,0,0,0,0,0,0,0,0
400600,0,1,1983,0,0,0,0,0,0,0,0,0,0
400600,1,1,1983,0,0,0,0,18,0,0,0,0,0
400601,1,1,1983,0,0,0,0,0,0,0,0,0,8
400601,2,1,1983,0,0,0,0,0,0,0,0,0,0
400602,0,1,1983,0,0,0,0,0,0,0,0,0,0
400602,0,2,1983,5,0,12,0,7,25,0,8,0,0
400602,1,1,1983,0,0,0,0,0,0,0,0,0,0
400603,1,1,1983,0,0,0,0,0,0,0,0,0,0
400603,2,1,1983,0,0,0,0,0,0,0,0,0,0
400604,1,1,1983,0,0,0,0,0,0,0,0,0,0
400604,2,1,1983,0,0,0,0,0,0,0,0,0,0
400604,3,1,1983,0,0,0,0,0,0,0,0,0,0
400605,1,1,1983,6,6,6,6,6,6,6,6,6,6
400605,2,1,1983,0,0,0,0,15,0,0,0,0,10
400606,0,1,1983,0,0,0,0,0,0,0,0,0,0
400606,1,1,1983,0,0,0,0,0,0,0,0,0,0
400607,1,1,1983,0,0,0,0,0,0,0,0,0,0
400607,2,1,1983,0,0,0,8,0,0,0,0,0,0
400608,1,1,1983,0,0,0,0,0,0,0,0,11,0
400609,0,1,1983,0,0,0,0,0,0,0,0,0,0
400609,0,2,1983,3,0,0,0,16,24,0,0,0,0
400609,1,1,1983,0,0,0,0,0,0,0,8,0,0
400610,1,1,1983,0,0,0,0,0,0,0,0,0,0
400611,1,1,1983,0,0,0,0,0,0,0,0,0,0
400611,2,1,1983,0,0,0,20,0,0,0,0,0,0
400612,1,1,1983,0,15,0,0,0,0,0,0,13,0
400613,0,1,1983,18,18,18,18,18,18,18,18,18,18
400613,0,2,1983,0,0,0,0,0,0,0,0,0,0
400613,1,1,1983,0,0,0,0,0,11,0,0,0,0
400614,1,1,1983,0,0,0,0,0,5,0,0,0,0
400614,2,1,1983,0,0,0,0,0,0,0,0,0,0
400615,1,1,1983,0,0,0,0,0,0,0,0,0,0
400615,2,1,1983,0,0,0,0,0,0,0,0,0,0
400616,1,1,1983,3,12,0,5,8,15,0,0,0,21
400616,2,1,1983,0,0,0,0,0,0,0,0,0,0
400617,1,1,1983,0,0,0,0,0,0,0,0,0,0
400618,1,1,1983,0,0,0,0,0,0,0,0,0,13
400618,2,1,1983,0,0,0,0,0,0,0,0,0,0
400619,1,1,1983,29,12,23,14,19,15,29,11,5,14
400619,2,1,1983,0,0,0,0,0,0,0,0,0,0
400620,0,1,1983,23,23,23,23,23,23,23,23,23,23
400620,1,1,1983,6,17,0,13,13,24,8,19,0,0
400621,1,1,1983,0,0,0,0,0,0,0,0,0,0
400621,2,1,1983,0,0,0,0,0,0,0,0,0,0
400622,1,1,1983,26,24,28,9,18,21,22,16,22,20
400623,1,1,1983,0,0,0,0,0,0,0,0,0,0
400623,2,1,1983,0,0,0,0,0,0,0,0,0,0
400624,1,1,1983,5,12,31,40,14,0,24,25,18,6
400624,2,1,1983,0,0,0,0,10,0,0,0,0,0
400624,3,1,1983,0,0,0,0,0,0,0,13,0,0
400625,1,1,1983,0,0,0,0,0,0,0,0,0,0
400626,1,1,1983,8,8,8,8,8,8,8,8,8,8
400627,1,1,1983,0,0,0,0,0,0,0,0,0,0
400628,1,1,1983,0,0,0,0,0,0,0,0,0,0
400628,2,1,1983,0,0,0,0,0,0,0,0,0,0
400629,1,1,1983,0,0,0,0,0,0,0,0,0,0
400629,2,1,1983,0,0,0,0,0,0,0,0,0,0
400630,1,1,1983,12,12,12,12,12,12,12,12,12,12
400631,1,1,1983,26,26,26,26,26,26,26,26,26,26
400632,1,1,1983,0,0,0,0,0,0,0,0,0,0
400633,1,1,1983,2,2,2,2,2,2,2,2,2,2
400634,1,1,1983,0,0,0,0,0,0,0,0,0,0
400635,1,1,1983,0,0,0,0,0,0,0,0,0,0
400635,2,1,1983,0,0,0,0,0,0,0,0,0,0
400636,1,1,1983,20,20,20,20,20,20,20,20,20,20
400637,1,1,1983,11,11,11,11,11,11,11,11,11,11
400637,2,1,1983,0,0,0,0,0,0,0,0,0,0
400637,3,1,1983,0,0,0,0,0,0,0,0,0,0
400637,4,1,1983,0,0,0,0,0,0,0,0,0,0
400638,0,1,1983,31,31,31,31,31,31,31,31,31,31
400638,1,1,1983,0,0,11,0,15,0,0,0,20,0
400639,1,1,1983,0,0,0,0,0,0,0,0,0,0
400639,2,1,1983,0,0,0,0,0,0,0,0,0,0
400640,1,1,1983,0,0,0,0,0,0,0,76,0,0
400641,1,1,1983,13,13,13,13,13,13,13,13,13,13
400641,2,1,1983,0,10,12,10,5,0,0,6,0,10
400642,1,1,1983,19,19,19,19,19,19,19,19,19,19
400643,0,1,1983,0,0,0,0,0,0,0,0,0,0
400643,1,1,1983,25,0,0,0,0,16,0,12,0,0
400644,1,1,1983,0,0,0,0,0,0,0,0,0,0
400645,1,1,1983,0,0,0,0,0,0,0,0,0,0
400646,1,1,1983,0,0,0,0,0,0,0,0,0,0
400646,2,1,1983,0,0,0,0,0,0,0,0,0,0
400647,1,1,1983,42,42,42,42,42,42,42,42,42,42
400648,1,1,1983,0,0,0,0,0,0,0,0,0,0
400649,1,1,1983,0,0,0,0,0,0,0,0,0,0
400650,1,1,1983,0,0,0,0,0,0,0,0,0,0
400650,2,1,1983,0,0,0,0,0,0,0,0,0,0
400651,1,1,1983,15,35,27,21,11,23,20,33,24,14
400652,1,1,1983,0,0,0,0,0,0,0,0,0,0
400652,2,1,1983,0,0,0,0,0,0,0,0,0,0
400653,1,1,1983,0,0,0,0,0,0,0,0,0,0
400654,1,1,1983,8,6,29,0,39,6,0,5,22,6
400654,2,1,1983,6,28,4,8,3,24,6,7,22,16
400654,3,1,1983,0,0,0,0,0,0,0,0,0,0
400655,1,1,1983,16,16,16,16,16,16,16,16,16,16
400655,2,1,1983,0,0,0,0,0,0,0,0,0,0
400656,1,1,1983,0,0,0,0,0,0,0,0,0,0
400656,2,1,1983,0,0,12,0,0,0,0,0,0,0
400657,1,1,1983,0,0,0,0,0,0,14,0,0,0
400657,2,1,1983,0,0,0,0,0,0,0,0,0,14
400658,1,1,1983,0,0,0,0,0,0,0,0,0,0
400658,2,1,1983,0,0,0,0,0,0,0,0,0,0
400658,3,1,1983,0,0,0,0,0,0,0,0,0,0
400659,1,1,1983,10,10,0,0,0,12,0,10,16,0
400660,1,1,1983,0,0,0,0,0,0,0,0,0,0
400660,2,1,1983,0,0,0,0,0,0,0,0,0,0
400661,1,1,1983,0,0,0,0,0,0,0,0,0,0
400661,2,1,1983,0,0,0,0,0,0,0,0,0,0
400661,3,1,1983,0,0,0,0,0,0,0,0,0,0
400662,1,1,1983,12,0,0,0,0,0,5,0,0,0
400662,2,1,1983,0,0,0,0,0,0,0,0,0,0
400663,1,1,1983,28,28,28,28,28,28,28,28,28,28
400664,1,1,1983,0,0,0,0,0,0,0,0,0,0
400665,1,1,1983,27,27,27,27,27,27,27,27,27,27
400666,1,1,1983,24,8,36,22,27,0,17,17,12,11
400667,1,1,1983,0,0,0,0,0,0,0,0,0,0
400668,0,1,1983,0,0,0,0,0,0,0,0,0,0
400668,1,1,1983,0,0,0,0,0,0,0,0,0,0
400669,1,1,1983,12,0,24,26,0,11,0,0,0,0
400669,2,1,1983,0,0,0,0,0,0,0,0,0,0
400670,1,1,1983,0,0,0,0,0,0,0,0,0,0
400671,1,1,1983,13,13,13,13,13,13,13,13,13,13
400671,2,1,1983,0,0,0,0,0,0,0,0,0,0
400672,1,1,1983,0,0,0,0,6,0,0,0,0,0
400672,2,1,1983,0,0,0,0,0,0,0,0,0,0
400673,0,1,1983,4,4,4,4,4,4,4,4,4,4
400673,1,1,1983,0,0,0,0,23,0,0,0,0,0
400674,1,1,1983,20,20,20,20,20,20,20,20,20,20
400675,1,1,1983,23,23,23,23,23,23,23,23,23,23
400676,0,1,1983,0,0,0,0,17,0,0,0,6,0
400676,1,1,1983,0,0,0,0,0,12,0,0,0,0
400677,1,1,1983,13,13,13,13,13,13,13,13,13,13
400678,1,1,1983,16,16,16,16,16,16,16,16,16,16
400679,1,1,1983,29,9,20,22,15,4,12,23,27,8
400680,1,1,1983,0,0,0,0,0,0,0,0,0,0
400681,0,1,1983,25,25,25,25,25,25,25,25,25,25
400681,1,1,1983,8,7,6,24,15,17,27,19,25,24
400682,1,1,1983,0,0,0,0,0,0,0,0,0,0
400682,2,1,1983,0,0,0,0,0,0,0,0,0,0
400682,3,1,1983,0,0,0,0,0,0,0,0,10,0
400682,4,1,1983,0,0,11,0,14,0,0,0,11,0
400683,1,1,1983,0,0,0,0,0,0,0,0,0,0
400684,1,1,1983,10,10,10,10,10,10,10,10,10,10
400684,2,1,1983,0,21,0,0,0,0,0,0,0,0
400685,1,1,1983,0,0,0,0,0,0,0,0,0,0
400685,2,1,1983,12,22,0,0,0,0,18,0,0,0
400686,1,1,1983,29,29,29,29,29,29,29,29,29,29
400687,1,1,1983,0,0,0,0,0,0,0,0,0,0
400687,2,1,1983,0,0,0,0,0,0,0,0,0,0
400688,1,1,1983,0,0,0,0,11,0,0,0,22,0
400689,1,1,1983,0,0,8,19,0,0,0,0,0,0
400690,1,1,1983,23,23,20,13,15,26,12,15,23,17
400691,1,1,1983,0,0,0,0,0,0,14,0,0,0
400691,2,1,1983,19,0,0,0,0,0,0,0,0,0
400692,1,1,1983,13,15,11,20,22,27,4,5,33,9
400692,2,1,1983,21,21,21,21,21,21,21,21,21,21
400692,3,1,1983,0,0,0,7,0,0,0,0,0,0
400693,1,1,1983,0,0,0,0,0,0,0,0,0,0
400693,2,1,1983,0,0,0,0,0,0,0,0,0,0
400694,1,1,1983,0,0,0,0,0,0,0,0,0,0
400694,2,1,1983,0,0,0,0,0,4,0,0,0,0
400695,1,1,1983,22,28,9,20,29,24,8,3,11,2
400695,2,1,1983,0,0,0,0,0,0,0,0,0,0
400696,1,1,1983,26,26,26,26,26,26,26,26,26,26
400697,1,1,1983,0,24,25,7,2,32,0,0,0,0
400697,2,1,1983,0,0,9,7,11,0,0,0,0,0
400698,1,1,1983,14,4,0,22,23,25,5,18,23,22
400699,1,1,1983,0,0,0,0,0,0,0,0,0,0
400699,2,1,1983,0,0,0,0,0,0,0,0,0,0
400700,1,1,1983,0,0,0,0,0,0,0,0,0,0
400700,2,1,1983,0,0,0,0,0,0,0,0,0,0
400701,1,1,1983,0,0,0,0,0,0,0,0,0,0
400701,2,1,1983,0,0,0,0,0,0,0,0,0,0
400702,1,1,1983,0,0,0,0,0,0,0,0,0,0
400702,2,1,1983,0,0,0,0,0,0,0,0,0,0
400703,1,1,1983,25,25,25,25,25,25,25,25,25,25
400704,0,1,1983,27,27,27,27,27,27,27,27,27,27
400704,1,1,1983,18,0,0,0,12,0,0,0,0,0
400705,1,1,1983,32,18,25,5,7,12,17,8,9,21
400705,2,1,1983,0,0,0,0,0,0,0,0,0,0
400706,0,1,1983,27,27,27,27,27,27,27,27,27,27
400706,1,1,1983,0,0,0,0,0,0,22,0,0,0
400707,1,1,1983,0,0,0,0,0,0,0,0,19,17
400708,1,1,1983,0,5,13,21,14,0,14,21,22,15
400709,1,1,1983,28,28,28,28,28,28,28,28,28,28
400709,2,1,1983,0,0,0,0,0,0,0,0,0,0
400710,1,1,1983,15,15,15,15,15,15,15,15,15,15
400711,0,1,1983,0,0,15,0,0,0,0,0,18,0
400711,1,1,1983,0,0,0,0,0,0,0,0,0,0
400712,1,1,1983,0,9,18,0,0,0,0,0,0,0
400712,2,1,1983,0,0,13,0,21,0,0,0,0,0
400713,0,1,1983,0,0,0,0,0,0,0,0,0,0
400713,1,1,1983,0,0,0,0,0,0,0,0,0,0
400714,1,1,1983,28,28,28,28,28,28,28,28,28,28
400715,1,1,1983,11,11,11,11,11,11,11,11,11,11
400716,1,1,1983,0,0,0,0,0,0,0,0,0,0
400717,1,1,1983,0,0,0,0,0,0,0,0,0,0
400718,1,1,1983,18,0,0,0,0,0,0,0,0,0
400719,1,1,1983,18,18,18,18,18,18,18,18,18,18
400719,2,1,1983,0,0,0,0,0,0,0,0,0,0
400720,1,1,1983,0,0,0,0,0,0,0,0,0,0
400720,2,1,1983,0,0,0,0,0,0,0,0,0,0
400720,3,1,1983,0,6,0,0,0,0,0,0,0,0
400721,1,1,1983,13,13,13,13,13,13,13,13,13,13
400721,2,1,1983,0,0,0,0,0,0,0,0,0,0
400722,1,1,1983,5,5,5,5,5,5,5,5,5,5
400723,1,1,1983,0,0,0,0,0,0,0,0,0,0
410001,1,1,1983,0,0,0,0,0,0,0,0,0,0
410002,1,1,1983,0,0,0,0,0,0,0,0,0,0
410003,1,1,1983,8,8,8,8,8,8,8,8,8,8
410003,2,1,1983,8,0,0,0,0,12,10,0,0,0
410004,0,1,1983,0,0,0,0,0,0,0,0,0,0
410004,1,1,1983,0,0,0,0,0,0,0,0,0,0
410005,1,1,1983,0,0,0,0,0,0,0,0,0,0
410006,1,1,1983,32,32,32,32,32,32,32,32,32,32
410007,1,1,1983,7,7,7,7,7,7,7,7,7,7
410007,2,1,1983,0,0,0,0,0,10,7,0,0,0
410008,1,1,1983,22,22,22,22,22,22,22,22,22,22
410009,1,1,1983,0,0,0,0,0,0,0,0,0,0
410010,0,1,1983,0,0,0,0,0,0,0,0,0,0
410010,1,1,1983,26,26,26,26,26,26,26,26,26,26
410011,1,1,1983,0,0,0,0,0,0,0,0,0,0
410011,2,1,1983,0,0,0,0,0,0,0,0,0,0
410011,3,1,1983,0,6,0,0,0,0,0,0,0,7
410012,1,1,1983,0,0,0,0,0,0,0,0,0,0
410012,2,1,1983,0,0,0,0,0,0,0,0,0,0
410013,1,1,1983,0,0,0,0,0,0,0,0,0,0
410014,1,1,1983,24,24,24,24,24,24,24,24,24,24
410014,2,1,1983,0,0,0,0,0,0,0,0,0,0
410015,0,1,1983,0,0,0,0,0,0,0,0,0,0
410015,1,1,1983,0,0,0,0,14,0,0,0,0,0
410016,1,1,1983,5,5,5,5,5,5,5,5,5,5
410018,1,1,1983,13,13,13,13,13,13,13,13,13,13
410019,1,1,1983,14,34,17,0,0,15,20,14,22,16
410019,2,1,1983,0,0,0,5,18,11,0,15,0,8
410019,3,1,1983,21,0,0,0,0,0,0,0,7,0
410020,1,1,1983,3,3,3,3,3,3,3,3,3,3
410020,2,1,1983,20,20,20,20,20,20,20,20,20,20
410021,1,1,1983,0,0,0,0,0,0,0,0,0,0
410021,2,1,1983,0,0,12,0,0,0,0,0,0,0
410022,0,1,1983,0,0,0,0,0,0,0,0,0,0
410022,1,1,1983,0,0,0,0,0,0,0,8,0,0
410023,1,1,1983,4,4,4,4,4,4,4,4,4,4
410023,2,1,1983,0,0,0,0,0,0,0,0,0,0
410024,1,1,1983,0,0,0,0,0,0,0,0,0,0
410025,1,1,1983,8,20,0,0,10,0,0,0,25,0
410025,2,1,1983,11,0,0,21,0,0,0,18,0,0
410025,3,1,1983,0,0,6,19,0,10,0,0,0,0
410026,1,1,1983,0,0,0,0,0,0,0,0,0,0
410027,1,1,1983,18,18,18,18,18,18,18,18,18,18
410028,1,1,1983,0,0,13,6,4,0,0,0,0,5
410029,1,1,1983,0,0,0,0,0,0,0,0,0,0
410029,2,1,1983,0,0,0,0,0,0,0,0,0,0
410030,1,1,1983,0,0,0,0,0,0,0,0,0,0
410030,2,1,1983,0,0,0,0,0,9,0,0,0,0
410031,1,1,1983,0,0,0,0,0,0,0,0,0,0
410032,1,1,1983,14,14,14,14,14,14,14,14,14,14
410033,1,1,1983,12,12,12,12,12,12,12,12,12,12
410034,1,1,1983,0,0,0,0,0,0,0,0,0,0
410035,1,1,1983,0,0,0,0,13,0,0,0,0,0
410035,2,1,1983,20,20,20,20,20,20,20,20,20,20
410036,1,1,1983,0,0,0,0,28,13,0,0,0,0
410036,2,1,1983,0,0,0,0,0,0,0,0,0,0
410037,1,1,1983,23,23,23,23,23,23,23,23,23,23
410038,1,1,1983,8,8,8,8,8,8,8,8,8,8
410039,1,1,1983,12,12,12,12,12,12,12,12,12,12
410040,0,1,1983,0,0,0,0,0,0,0,0,32,0
410040,1,1,1983,0,0,0,0,0,0,0,0,2,4
410041,1,1,1983,15,0,3,0,0,0,0,0,13,0
410041,2,1,1983,0,0,0,0,0,11,0,0,7,0
410042,1,1,1983,0,0,0,0,15,0,0,0,0,0
410042,2,1,1983,0,0,0,0,0,0,0,0,0,0
410043,0,1,1983,0,0,0,0,0,0,0,0,0,0
410043,1,1,1983,0,0,0,0,0,0,0,0,0,0
410044,1,1,1983,18,18,18,18,18,18,18,18,18,18
410044,2,1,1983,0,0,0,0,0,0,0,6,0,7
410044,3,1,1983,0,0,0,0,0,0,0,0,0,0
410045,1,1,1983,0,0,0,0,0,0,0,0,0,0
410045,2,1,1983,0,0,0,0,0,0,0,0,10,0
410046,0,1,1983,11,11,11,11,11,11,11,11,11,11
410046,1,1,1983,0,24,22,0,0,0,0,0,9,0
410047,0,1,1983,0,0,0,0,0,0,0,0,0,0
410047,1,1,1983,0,0,0,31,0,0,0,0,0,0
410048,1,1,1983,0,0,0,0,0,0,0,0,0,0