ST_CASE,VEH_NO,PER_NO,YEAR,P1,P2,P3,P4,P5,P6,P7,P8,P9,P10
420134,0,1,1983,0,0,0,0,0,0,0,0,0,0
420134,1,1,1983,0,0,0,0,0,0,0,0,0,0
420135,1,1,1983,10,10,10,10,10,10,10,10,10,10
420135,2,1,1983,0,0,13,0,17,15,25,0,0,0
420136,1,1,1983,15,15,15,15,15,15,15,15,15,15
420137,1,1,1983,3,3,3,3,3,3,3,3,3,3
420138,1,1,1983,21,21,21,21,21,21,21,21,21,21
420139,0,1,1983,21,21,21,21,21,21,21,21,21,21
420139,1,1,1983,8,8,8,8,8,8,8,8,8,8
420140,1,1,1983,18,18,18,18,18,18,18,18,18,18
420141,1,1,1983,0,0,0,0,0,0,0,0,0,0
420142,1,1,1983,0,11,0,0,0,0,0,0,25,0
420142,2,1,1983,0,0,0,0,0,0,0,0,0,0
420142,3,1,1983,0,14,0,0,14,24,0,19,28,11
420143,1,1,1983,0,0,0,0,0,0,0,0,0,0
420144,1,1,1983,13,13,13,13,13,13,13,13,13,13
420145,1,1,1983,0,0,0,0,0,0,0,0,0,0
420145,2,1,1983,23,21,21,21,0,0,0,0,12,0
420146,1,1,1983,30,30,30,30,30,30,30,30,30,30
420147,1,1,1983,0,0,0,0,0,0,0,0,0,0
420148,1,1,1983,13,13,13,13,13,13,13,13,13,13
420149,1,1,1983,0,0,0,0,0,0,0,0,0,0
420149,2,1,1983,0,0,0,0,0,0,0,0,0,0
420150,1,1,1983,0,0,0,0,0,0,0,0,0,0
420150,2,1,1983,0,7,13,0,0,0,0,0,0,0
420150,3,1,1983,0,0,0,0,0,0,0,0,9,0
420151,1,1,1983,25,25,25,25,25,25,25,25,25,25
420152,1,1,1983,23,23,23,23,23,23,23,23,23,23
420153,1,1,1983,0,0,0,0,0,0,0,0,0,0
420153,2,1,1983,0,12,0,0,0,0,0,0,0,0
420154,1,1,1983,23,23,23,23,23,23,23,23,23,23
420154,2,1,1983,31,19,0,0,0,10,6,0,21,0
420155,0,1,1983,11,0,0,0,15,24,0,0,0,17
420155,0,2,1983,0,0,0,0,0,0,0,0,0,0
420155,1,1,1983,0,0,0,0,0,22,0,0,0,0
420156,1,1,1983,31,31,31,31,31,31,31,31,31,31
420157,1,1,1983,0,4,0,20,12,0,0,0,0,14
420157,2,1,1983,0,0,0,3,15,24,16,0,0,0
420158,1,1,1983,23,23,23,23,23,23,23,23,23,23
420159,1,1,1983,4,4,4,4,4,4,4,4,4,4
420160,1,1,1983,21,21,21,21,21,21,21,21,21,21
420160,2,1,1983,0,0,0,0,9,0,0,0,11,21
420161,0,1,1983,0,6,23,14,0,0,5,0,0,0
420161,1,1,1983,0,8,10,0,0,9,0,21,8,9
420162,1,1,1983,2,2,2,2,2,2,2,2,2,2
420163,0,1,1983,24,24,24,24,24,24,24,24,24,24
420163,1,1,1983,37,0,26,10,0,0,0,24,30,0
420164,1,1,1983,0,0,0,0,0,0,0,0,0,0
420164,2,1,1983,0,0,0,0,0,0,0,0,0,0
420165,1,1,1983,15,13,9,10,0,23,11,12,0,0
420166,1,1,1983,0,0,0,0,0,0,0,0,0,0
420166,2,1,1983,0,0,12,0,0,15,0,0,0,0
420167,1,1,1983,25,25,25,25,25,25,25,25,25,25
420168,1,1,1983,15,0,0,0,28,0,0,25,10,12
420169,1,1,1983,0,0,0,0,0,0,0,0,0,0
420169,2,1,1983,20,19,8,15,0,0,24,4,5,0
420170,0,1,1983,32,0,15,10,0,13,19,40,16,16
420170,1,1,1983,0,0,0,0,0,0,0,0,0,0
420171,1,1,1983,0,12,21,24,35,27,0,0,0,19
420172,1,1,1983,26,26,26,26,26,26,26,26,26,26
420173,1,1,1983,22,22,22,22,22,22,22,22,22,22
420173,2,1,1983,0,0,0,0,0,0,0,0,12,10
420173,3,1,1983,0,0,0,0,0,0,0,0,0,0
420174,1,1,1983,0,0,13,23,12,0,9,0,0,12
420175,1,1,1983,21,21,21,21,21,21,21,21,21,21
420176,1,1,1983,0,0,0,0,0,0,0,0,0,0
420177,1,1,1983,5,5,5,5,5,5,5,5,5,5
420178,1,1,1983,0,8,0,12,15,14,14,0,0,26
420180,0,1,1983,0,37,28,12,0,25,43,24,34,24
420180,1,1,1983,0,0,0,0,0,0,0,0,0,0
420181,1,1,1983,0,0,0,0,0,0,0,0,0,14
420181,2,1,1983,0,0,0,0,18,0,0,0,0,0
420182,1,1,1983,0,2,15,10,0,27,0,0,14,0
420182,2,1,1983,13,0,0,0,0,0,0,4,0,0
420182,3,1,1983,0,30,4,13,20,11,0,0,0,18
420183,1,1,1983,5,5,5,5,5,5,5,5,5,5
420183,2,1,1983,0,0,0,19,29,13,12,0,0,0
420184,0,1,1983,22,22,22,22,22,22,22,22,22,22
420184,1,1,1983,0,0,0,0,13,0,0,0,0,15
420185,1,1,1983,0,0,0,0,10,0,0,0,1,0
420186,1,1,1983,15,15,15,15,15,15,15,15,15,15
420187,1,1,1983,32,32,32,32,32,32,32,32,32,32
420187,2,1,1983,0,0,0,0,0,0,0,0,0,0
420188,1,1,1983,12,12,12,12,12,12,12,12,12,12
420189,1,1,1983,0,0,19,0,0,15,0,0,0,5
420189,2,1,1983,0,0,0,0,0,0,0,0,0,0
420190,1,1,1983,22,22,22,22,22,22,22,22,22,22
420191,1,1,1983,0,18,11,16,24,23,0,33,27,25
420192,1,1,1983,0,0,0,0,0,0,0,0,0,0
420193,1,1,1983,19,19,19,19,19,19,19,19,19,19
420194,1,1,1983,7,0,0,24,11,0,21,23,0,0
420194,2,1,1983,0,0,0,2,0,0,0,8,0,0
420194,3,1,1983,0,0,0,20,6,0,0,15,0,0
420195,1,1,1983,20,20,20,20,20,20,20,20,20,20
420195,2,1,1983,0,0,0,0,0,0,0,0,0,0
420196,1,1,1983,0,0,0,0,0,0,0,0,0,0
420196,2,1,1983,0,0,0,0,0,14,0,0,0,0
420196,3,1,1983,0,0,0,0,0,0,9,0,0,0
420197,1,1,1983,31,31,31,31,31,31,31,31,31,31
420198,1,1,1983,0,0,0,0,17,0,0,0,11,21
420198,2,1,1983,0,0,0,0,0,0,0,0,0,0
420199,1,1,1983,5,10,10,10,19,0,20,9,14,23
420199,2,1,1983,0,5,0,0,0,5,21,0,8,0
420199,3,1,1983,0,0,8,8,0,0,24,0,13,0
420200,1,1,1983,22,22,22,22,22,22,22,22,22,22
420200,2,1,1983,0,6,14,15,0,12,16,17,0,0
420201,0,1,1983,24,24,24,24,24,24,24,24,24,24
420201,1,1,1983,0,8,27,20,10,0,0,11,0,0
420202,1,1,1983,0,0,0,0,0,0,0,0,0,0
420202,2,1,1983,28,0,0,19,3,0,0,27,0,11
420203,1,1,1983,0,0,0,0,0,4,0,0,0,0
420204,1,1,1983,13,13,13,13,13,13,13,13,13,13
420205,1,1,1983,19,19,19,19,19,19,19,19,19,19
420206,1,1,1983,3,14,27,10,21,16,0,10,20,6
420207,1,1,1983,25,25,25,25,25,25,25,25,25,25
420208,0,1,1983,0,19,8,0,23,33,28,26,14,20
420208,1,1,1983,0,14,0,14,9,0,0,0,0,21
420209,1,1,1983,0,0,0,0,0,0,0,0,0,0
420209,2,1,1983,0,9,12,0,0,0,7,0,10,22
420209,3,1,1983,0,0,10,0,0,0,0,14,0,0
420210,1,1,1983,0,0,0,0,0,0,0,0,0,0
420211,0,1,1983,0,0,0,0,0,0,0,0,0,0
420211,1,1,1983,0,12,0,0,0,35,22,0,0,0
420212,1,1,1983,27,27,27,27,27,27,27,27,27,27
420212,2,1,1983,28,12,23,19,0,0,19,11,0,9
420213,0,1,1983,35,35,35,35,35,35,35,35,35,35
420213,1,1,1983,0,0,0,0,0,0,0,0,0,0
420214,1,1,1983,0,0,0,0,0,0,0,0,0,0
420215,1,1,1983,0,0,0,0,0,0,0,0,0,0
420216,1,1,1983,0,0,0,0,0,0,0,0,0,0
420216,2,1,1983,0,0,0,0,0,0,0,0,0,0
420217,1,1,1983,15,0,7,0,12,0,6,13,20,0
420218,1,1,1983,0,0,0,0,0,0,0,0,0,0
420218,2,1,1983,0,0,0,24,0,15,0,0,14,0
420219,1,1,1983,0,0,0,0,0,0,0,0,0,0
420220,0,1,1983,19,19,19,19,19,19,19,19,19,19
420220,1,1,1983,0,0,0,0,0,0,0,0,0,0
420221,1,1,1983,15,15,15,15,15,15,15,15,15,15
420222,1,1,1983,0,0,0,0,0,0,0,0,14,0
420222,2,1,1983,0,0,0,0,13,0,0,0,0,0
420223,0,1,1983,0,0,0,0,0,0,0,0,0,0
420223,1,1,1983,0,0,32,0,4,0,0,14,0,10
420224,1,1,1983,16,0,0,0,0,8,0,0,0,0
420225,1,1,1983,22,15,32,10,13,18,19,20,26,15
420226,1,1,1983,7,0,4,9,0,6,9,0,0,6
420227,1,1,1983,26,26,26,26,26,26,26,26,26,26
420228,0,1,1983,0,0,0,0,0,19,0,0,0,0
420228,1,1,1983,0,0,0,0,0,0,0,0,0,0
420229,1,1,1983,25,25,25,25,25,25,25,25,25,25
420230,1,1,1983,13,13,13,13,13,13,13,13,13,13
420231,1,1,1983,0,0,0,0,0,0,0,0,0,0
420232,0,1,1983,0,0,0,0,0,0,0,0,0,0
420232,1,1,1983,0,0,0,14,0,0,0,0,0,0
420233,1,1,1983,0,0,19,0,24,0,0,13,0,19
420234,1,1,1983,0,0,0,0,0,0,0,0,0,0
420234,2,1,1983,0,0,0,0,0,0,0,0,0,17
420235,0,1,1983,0,0,0,0,5,7,29,15,0,0
420235,1,1,1983,20,0,15,0,36,20,0,0,24,0
420236,0,1,1983,15,12,26,0,0,0,0,0,0,0
420236,1,1,1983,11,0,0,0,0,0,0,0,0,0
420237,1,1,1983,39,39,39,39,39,39,39,39,39,39
420237,2,1,1983,16,16,16,16,16,16,16,16,16,16
420238,1,1,1983,20,20,20,20,20,20,20,20,20,20
420239,1,1,1983,28,28,28,28,28,28,28,28,28,28
420240,1,1,1983,1,0,6,0,0,0,0,0,0,0
420240,2,1,1983,0,0,0,0,0,0,0,0,10,0
420241,1,1,1983,0,0,0,0,0,0,0,0,0,0
420241,2,1,1983,0,0,0,0,0,0,0,0,0,0
420242,1,1,1983,5,5,5,5,5,5,5,5,5,5
420243,1,1,1983,4,4,4,4,4,4,4,4,4,4
420243,2,1,1983,0,0,6,10,17,0,0,0,2,19
420243,3,1,1983,14,20,0,12,15,20,0,0,0,21
420244,0,1,1983,0,0,0,0,0,0,0,0,0,20
420244,0,2,1983,0,0,10,0,0,11,0,16,22,0
420244,1,1,1983,0,0,0,0,9,0,6,16,0,5
420245,1,1,1983,0,0,0,0,0,12,0,0,0,19
420246,0,1,1983,0,0,0,0,0,0,0,0,0,0
420246,1,1,1983,0,0,0,4,0,0,0,0,15,0
420247,1,1,1983,22,22,22,22,22,22,22,22,22,22
420248,1,1,1983,31,31,31,31,31,31,31,31,31,31
420248,2,1,1983,13,0,0,0,0,0,0,0,0,0
420249,1,1,1983,0,0,0,0,9,0,0,13,27,0
420250,0,1,1983,0,24,21,15,0,21,17,0,0,19
420250,1,1,1983,17,0,20,0,0,0,0,19,14,9
420251,1,1,1983,0,27,33,34,14,0,13,19,15,18
420252,1,1,1983,11,11,11,11,11,11,11,11,11,11
420252,2,1,1983,0,18,0,25,0,9,0,8,0,31
420253,1,1,1983,6,0,6,0,0,0,0,0,12,6
420254,1,1,1983,0,0,0,0,0,0,0,0,0,0
420255,1,1,1983,23,23,23,23,23,23,23,23,23,23
420256,1,1,1983,0,0,0,0,0,0,0,0,0,0
420256,2,1,1983,0,0,0,0,0,0,0,0,0,0
420256,3,1,1983,0,0,0,0,0,0,0,0,0,0
420257,1,1,1983,20,20,20,20,20,20,20,20,20,20
420258,0,6,1983,0,0,7,0,0,15,0,0,8,27
420258,0,7,1983,21,6,13,29,0,0,0,32,0,0
420258,1,1,1983,9,0,2,0,0,0,11,8,0,0
420259,0,1,1983,0,0,15,0,16,0,15,0,0,0
420259,1,1,1983,0,0,0,0,0,0,0,15,0,0
420260,0,1,1983,26,26,26,26,26,26,26,26,26,26
420260,1,1,1983,0,0,0,0,0,0,0,0,0,0
420261,1,1,1983,24,0,10,13,0,4,19,16,4,0
420262,1,1,1983,22,22,22,22,22,22,22,22,22,22
420262,2,1,1983,0,0,0,0,0,0,0,0,0,0
420263,1,1,1983,0,0,0,0,0,0,0,0,0,0
420264,1,1,1983,0,0,0,0,0,0,0,0,0,0
420265,1,1,1983,0,0,0,0,0,25,0,0,0,0
420265,2,1,1983,11,0,0,0,0,0,3,6,0,0
420266,1,1,1983,14,14,14,14,14,14,14,14,14,14
420267,1,1,1983,19,19,19,19,19,19,19,19,19,19
420268,1,1,1983,18,18,18,18,18,18,18,18,18,18
420268,2,1,1983,3,0,16,0,0,13,0,8,6,7
420269,1,1,1983,24,24,24,24,24,24,24,24,24,24
420270,1,1,1983,32,32,32,32,32,32,32,32,32,32
420271,1,1,1983,19,19,19,19,19,19,19,19,19,19
420272,1,1,1983,0,0,11,0,0,0,14,0,0,0
420273,1,1,1983,0,23,0,0,0,0,0,0,0,0
420273,2,1,1983,0,0,0,0,0,0,0,0,0,0
420274,1,1,1983,14,14,14,14,14,14,14,14,14,14
420274,2,1,1983,19,19,19,19,19,19,19,19,19,19
420275,1,1,1983,27,27,27,27,27,27,27,27,27,27
420276,1,1,1983,0,0,0,0,0,0,0,0,0,0
420276,2,1,1983,0,0,0,0,0,0,0,0,0,2
420277,1,1,1983,0,0,0,0,0,0,0,0,0,0
420277,2,1,1983,8,0,0,11,0,0,9,0,0,0
420278,0,1,1983,0,20,0,22,34,0,0,10,0,0
420278,1,1,1983,0,0,0,0,0,0,0,0,0,0
420279,1,1,1983,8,8,8,8,8,8,8,8,8,8
420279,2,1,1983,0,22,0,0,0,0,9,0,0,0
420280,1,1,1983,0,10,24,0,9,8,0,22,15,22
420281,1,1,1983,0,0,0,0,0,0,0,0,0,0
420282,1,1,1983,0,0,0,0,0,13,0,0,0,0
420283,1,1,1983,20,20,20,20,20,20,20,20,20,20
420284,1,1,1983,9,9,9,9,9,9,9,9,9,9
420285,1,1,1983,0,0,0,0,0,0,0,0,0,0
420285,2,1,1983,0,8,0,25,0,0,0,14,14,0
420286,1,1,1983,15,0,13,0,0,0,0,0,0,0
420286,2,1,1983,4,0,0,30,0,0,0,0,0,0
420287,1,1,1983,13,21,0,24,24,16,17,13,0,16
420287,2,1,1983,12,0,0,15,23,12,0,0,24,0
420288,0,1,1983,31,31,31,31,31,31,31,31,31,31
420288,1,1,1983,0,0,16,9,0,12,13,26,0,0
420289,1,1,1983,19,14,21,0,22,26,4,3,0,12
420290,1,1,1983,0,0,0,0,0,0,0,0,0,0
420290,2,1,1983,18,0,0,19,0,0,29,0,18,0
420291,1,1,1983,10,10,10,10,10,10,10,10,10,10
420291,2,1,1983,0,0,0,0,0,0,0,0,0,0
420292,0,1,1983,0,0,0,0,17,0,6,24,0,0
420292,1,1,1983,0,16,0,0,0,0,0,0,0,9
420293,1,1,1983,0,0,0,0,34,0,0,0,0,0
420293,2,1,1983,0,0,0,0,0,0,0,0,0,0
420293,3,1,1983,0,0,0,0,0,0,0,0,0,0
420293,4,1,1983,0,4,0,0,0,0,0,0,3,0
420294,1,1,1983,0,0,0,0,16,0,18,0,0,0
420295,1,1,1983,7,7,7,7,7,7,7,7,7,7
420295,2,1,1983,0,0,0,0,0,0,0,0,0,0
420296,1,1,1983,11,11,11,11,11,11,11,11,11,11
420296,2,1,1983,6,6,6,6,6,6,6,6,6,6
420297,1,1,1983,0,0,0,0,0,0,0,0,0,0
420298,1,1,1983,20,20,20,20,20,20,20,20,20,20
420299,1,1,1983,0,0,0,0,0,0,0,0,0,0
420299,2,1,1983,0,0,0,0,0,0,0,25,0,0
420300,1,1,1983,19,19,19,19,19,19,19,19,19,19
420300,2,1,1983,0,0,0,0,0,0,0,13,0,12
420300,3,1,1983,15,0,0,0,0,0,21,17,0,0
420301,1,1,1983,23,23,23,23,23,23,23,23,23,23
420302,1,1,1983,0,27,0,0,0,17,31,0,0,11
420302,2,1,1983,0,8,0,2,0,0,9,0,0,0
420303,1,1,1983,11,11,11,11,11,11,11,11,11,11
420304,1,1,1983,14,14,14,14,14,14,14,14,14,14
420304,2,1,1983,16,8,21,0,0,0,0,0,16,0
420305,1,1,1983,15,15,15,15,15,15,15,15,15,15
420305,2,1,1983,18,15,0,0,0,11,0,0,0,0
420306,1,1,1983,17,0,0,0,0,0,21,6,0,11
420307,0,1,1983,6,37,0,15,9,18,0,21,12,0
420307,1,1,1983,0,16,0,0,0,0,0,0,21,0
420308,1,1,1983,0,0,0,0,0,0,0,0,0,0
420309,1,1,1983,0,0,0,0,0,0,0,0,20,0
420309,2,1,1983,0,20,0,0,0,0,31,0,0,0
420310,1,1,1983,28,28,28,28,28,28,28,28,28,28
420311,1,1,1983,0,0,0,0,0,0,0,0,0,0
420311,2,1,1983,0,0,20,0,0,0,0,0,0,0
420312,1,1,1983,25,25,25,25,25,25,25,25,25,25
420312,2,1,1983,0,0,0,0,8,0,7,0,10,0
420313,1,1,1983,0,24,0,21,14,12,0,24,21,12
420314,1,1,1983,0,18,13,0,13,6,13,24,20,14
420314,2,1,1983,0,0,16,11,10,13,11,7,0,0
420315,1,1,1983,0,0,0,0,0,0,0,0,0,0
420315,2,1,1983,18,0,0,0,0,17,0,18,0,0
420316,1,1,1983,0,0,0,0,13,0,0,0,0,0
420316,2,1,1983,0,0,0,19,0,0,0,0,0,0
420317,1,1,1983,0,4,0,0,0,11,0,0,20,3
420317,2,1,1983,0,0,0,0,0,0,0,0,0,0
420318,1,1,1983,14,14,14,14,14,14,14,14,14,14
420319,1,1,1983,0,0,0,0,0,0,0,0,0,0
420319,2,1,1983,0,0,0,0,0,0,0,0,0,0
420320,1,1,1983,17,10,23,9,0,0,17,0,0,0
420321,1,1,1983,7,0,0,0,0,19,0,0,0,0
420321,2,1,1983,0,0,0,0,0,0,0,0,0,0
420322,1,1,1983,16,16,16,16,16,16,16,16,16,16
420323,1,1,1983,0,0,0,0,0,0,0,0,0,0
420324,1,1,1983,12,12,12,12,12,12,12,12,12,12
420325,1,1,1983,27,27,27,27,27,27,27,27,27,27
420326,1,1,1983,8,8,8,8,8,8,8,8,8,8
420327,1,1,1983,0,0,0,0,0,0,0,0,0,6
420327,2,1,1983,19,0,13,0,17,17,8,0,8,0
420328,1,1,1983,14,14,14,14,14,14,14,14,14,14
420329,1,1,1983,0,0,0,0,0,0,0,0,0,0
420330,0,1,1983,0,0,0,0,0,0,0,0,0,25
420330,1,1,1983,11,14,10,6,2,12,10,13,7,9
420331,1,1,1983,0,0,17,7,22,21,22,13,22,0
420332,1,1,1983,23,23,23,23,23,23,23,23,23,23
420333,1,1,1983,0,0,0,0,0,0,0,0,0,0
420333,2,1,1983,0,0,0,0,0,0,0,0,0,0
420334,1,1,1983,0,0,0,0,0,0,0,0,0,0
420334,2,1,1983,0,0,0,0,0,0,0,0,0,0
420335,0,1,1983,0,0,0,0,17,0,0,0,0,0
420335,0,2,1983,0,0,0,0,0,0,0,0,0,0
420335,1,1,1983,0,0,0,0,21,0,0,0,0,0
420336,1,1,1983,0,0,0,10,17,21,0,0,0,0
420337,1,1,1983,0,12,10,0,0,0,36,0,0,0
420337,2,1,1983,0,16,0,26,11,29,0,0,0,13
420338,0,1,1983,0,0,0,0,0,0,0,0,0,0
420338,1,1,1983,0,0,0,0,0,0,0,0,0,0
420339,1,1,1983,19,19,19,19,19,19,19,19,19,19
420340,0,1,1983,0,0,0,0,0,0,0,0,0,0
420340,1,1,1983,0,0,0,12,0,15,0,0,0,15
420341,1,1,1983,0,0,0,0,0,0,11,0,0,0
420342,1,1,1983,0,10,0,24,11,0,0,0,25,0
420343,1,1,1983,0,0,0,8,16,0,7,3,0,0
420344,1,1,1983,0,0,0,0,0,0,0,0,29,0
420344,2,1,1983,0,0,12,0,0,0,0,0,0,17
420345,1,1,1983,27,27,27,27,27,27,27,27,27,27
420345,2,1,1983,31,19,6,0,0,0,0,0,0,7
420346,1,1,1983,19,19,19,19,19,19,19,19,19,19
420347,1,1,1983,9,9,9,9,9,9,9,9,9,9
420348,1,1,1983,16,16,16,16,16,16,16,16,16,16
420349,1,1,1983,0,0,0,0,0,0,0,0,0,0
420349,2,1,1983,0,0,0,16,0,0,13,0,0,0
420349,3,1,1983,0,0,17,23,18,10,0,0,0,0
420349,4,1,1983,0,0,0,0,0,0,0,0,14,0
420349,5,1,1983,0,9,11,12,26,0,0,11,21,6
420350,1,1,1983,22,22,22,22,22,22,22,22,22,22
420350,2,1,1983,0,0,14,12,15,23,11,7,13,27
420351,0,1,1983,21,21,21,21,21,21,21,21,21,21
420351,1,1,1983,43,10,7,0,25,0,0,33,21,0
420352,0,1,1983,0,0,0,0,0,0,0,0,0,0
420352,1,1,1983,0,25,0,0,0,13,0,0,0,0
420353,1,1,1983,27,27,27,27,27,27,27,27,27,27
420354,1,1,1983,9,6,8,21,10,4,11,6,16,0
420355,0,1,1983,0,0,0,0,0,0,0,0,0,0
420355,1,1,1983,0,0,0,12,0,19,0,12,0,8
420356,1,1,1983,12,12,12,12,12,12,12,12,12,12
420357,0,1,1983,31,45,0,30,25,14,28,5,34,0
420357,1,1,1983,0,11,0,0,15,0,0,0,11,0
420358,1,1,1983,26,26,26,26,26,26,26,26,26,26
420358,2,1,1983,9,0,0,0,0,0,0,0,0,0
420359,1,1,1983,0,24,14,0,23,29,26,24,21,18
420360,0,1,1983,27,27,27,27,27,27,27,27,27,27
420360,1,1,1983,6,14,14,23,0,0,0,26,0,0
420361,1,1,1983,0,0,0,0,10,0,0,0,0,0
420362,1,1,1983,26,26,26,26,26,26,26,26,26,26
420363,1,1,1983,0,0,0,0,0,0,0,0,0,0
420364,1,1,1983,0,0,0,0,0,0,0,0,0,0
420365,1,1,1983,12,12,12,12,12,12,12,12,12,12
420365,2,1,1983,15,0,0,26,7,0,0,0,0,4
420366,0,1,1983,16,16,16,16,16,16,16,16,16,16
420366,1,1,1983,21,16,46,22,40,22,0,27,26,15
420370,1,1,1983,0,12,0,0,19,31,14,0,7,18
420370,2,1,1983,12,28,10,19,0,29,0,21,0,17
420371,0,1,1983,0,0,0,0,0,0,0,0,0,0
420371,1,1,1983,0,0,0,0,0,0,0,0,0,0
420372,1,1,1983,18,5,0,15,0,0,7,0,4,0
420372,2,1,1983,6,0,22,0,19,0,0,0,22,0
420373,1,1,1983,27,27,27,27,27,27,27,27,27,27
420374,1,1,1983,0,0,0,0,0,0,0,0,10,0
420374,2,1,1983,0,0,0,0,0,0,0,0,0,0
420375,1,1,1983,19,19,19,19,19,19,19,19,19,19
420375,2,1,1983,0,10,0,0,0,0,0,0,0,0
420376,1,1,1983,15,15,15,15,15,15,15,15,15,15
420377,1,1,1983,28,0,0,30,0,9,0,17,15,0
420377,2,1,1983,0,0,0,0,0,0,0,0,0,0
420378,1,1,1983,20,20,20,20,20,20,20,20,20,20
420379,1,1,1983,19,19,19,19,19,19,19,19,19,19
420380,1,1,1983,0,0,0,6,0,0,0,0,0,5
420381,1,1,1983,11,11,11,11,11,11,11,11,11,11
420382,1,1,1983,17,17,17,17,17,17,17,17,17,17
420383,1,1,1983,13,13,13,13,13,13,13,13,13,13
420384,1,1,1983,0,0,12,0,0,0,11,0,22,19
420384,2,1,1983,0,11,0,0,7,0,0,0,0,0
420385,1,1,1983,1,1,1,1,1,1,1,1,1,1
420385,2,1,1983,32,15,0,14,0,13,14,0,0,18
420386,1,1,1983,9,25,0,17,30,21,0,30,0,0
420386,2,1,1983,0,0,0,0,0,0,0,0,9,0
420387,1,1,1983,14,14,14,14,14,14,14,14,14,14
420388,1,1,1983,0,0,0,0,0,22,0,0,0,0
420389,1,1,1983,14,14,14,14,14,14,14,14,14,14
420389,2,1,1983,0,0,0,0,0,0,0,0,0,0
420390,1,1,1983,0,0,0,0,0,0,0,0,0,0
420390,2,1,1983,0,0,0,0,0,0,0,0,0,0
420391,1,1,1983,0,25,0,0,0,0,0,0,0,0
420391,2,1,1983,16,0,0,16,0,0,0,0,0,0
420391,3,1,1983,0,0,0,0,6,0,0,0,24,0
420392,0,1,1983,0,0,0,0,0,0,0,0,0,0
420392,1,1,1983,0,0,0,0,14,0,0,0,8,0
420393,1,1,1983,31,31,31,31,31,31,31,31,31,31
420393,2,1,1983,0,0,0,0,0,0,0,0,0,0
420394,1,1,1983,28,28,28,28,28,28,28,28,28,28
420394,2,1,1983,0,0,19,0,20,3,0,0,0,0
420395,1,1,1983,0,0,0,0,0,0,0,0,0,0
420395,2,1,1983,0,0,0,0,0,0,0,0,0,0
420395,3,1,1983,0,0,0,0,0,0,0,0,0,0
420396,1,1,1983,29,29,29,29,29,29,29,29,29,29
420396,2,1,1983,19,19,0,0,0,8,6,19,10,8
420397,1,1,1983,16,16,16,16,16,16,16,16,16,16
420398,1,1,1983,0,5,26,0,15,23,0,13,0,22
420399,1,1,1983,14,17,31,17,27,0,21,15,37,30
420400,1,1,1983,17,0,0,0,0,0,0,0,0,0
420401,0,1,1983,13,20,0,0,0,14,0,19,15,11
420401,1,1,1983,0,0,0,0,11,16,0,0,0,14
420402,1,1,1983,9,0,0,0,15,4,9,0,19,0
420403,1,1,1983,17,10,18,0,0,0,0,0,23,0
420403,2,1,1983,0,23,24,0,0,11,0,0,0,0
420404,1,1,1983,0,0,0,0,0,0,0,0,0,0
420405,0,1,1983,18,18,18,18,18,18,18,18,18,18
420405,1,1,1983,45,26,0,44,23,33,0,15,0,15
420406,1,1,1983,19,19,19,19,19,19,19,19,19,19
420406,2,1,1983,0,13,0,0,0,0,10,0,0,0
420407,1,1,1983,28,28,28,28,28,28,28,28,28,28
420408,0,1,1983,0,0,33,8,0,0,0,0,0,0
420408,1,1,1983,0,0,0,0,0,0,0,0,0,0
420409,0,1,1983,29,29,29,29,29,29,29,29,29,29
420409,1,1,1983,14,0,0,0,0,22,0,14,0,11
420410,0,1,1983,0,0,0,0,0,0,18,26,0,0
420410,1,1,1983,0,0,0,0,0,0,0,0,0,20
420411,1,1,1983,13,13,13,13,13,13,13,13,13,13
420412,1,1,1983,10,17,0,19,21,0,9,0,0,12
420413,1,1,1983,0,0,0,0,0,0,0,0,0,0
420413,2,1,1983,23,0,0,0,0,0,0,0,19,10
420414,1,1,1983,9,0,12,0,33,0,26,0,14,0
420414,2,1,1983,0,0,4,0,0,0,10,4,0,0
420415,1,1,1983,0,0,0,0,0,0,0,0,0,0
420415,2,1,1983,0,0,0,0,0,0,13,18,0,0
420416,1,1,1983,0,0,0,2,0,0,0,0,0,0
420416,2,1,1983,0,0,0,0,0,0,31,0,0,0
420417,1,1,1983,27,27,27,27,27,27,27,27,27,27
420418,1,1,1983,15,15,15,15,15,15,15,15,15,15
420418,2,1,1983,0,0,0,7,0,0,0,0,14,0
420419,1,1,1983,0,0,16,0,9,0,0,0,32,0
420420,1,1,1983,0,0,0,0,0,0,0,0,0,0
420420,2,1,1983,0,0,0,0,0,0,0,0,0,0
420421,1,1,1983,11,0,7,7,0,0,14,15,19,14
420422,0,1,1983,24,0,15,9,14,25,0,0,0,20
420422,1,1,1983,14,0,0,16,0,0,0,0,0,0