ST_CASE,VEH_NO,PER_NO,YEAR,P1,P2,P3,P4,P5,P6,P7,P8,P9,P10
420423,0,1,1983,0,0,0,0,0,0,0,0,0,0
420423,0,2,1983,0,0,0,0,0,0,0,0,0,0
420423,1,1,1983,19,19,19,19,19,19,19,19,19,19
420424,1,1,1983,0,0,0,0,0,0,0,0,0,0
420424,2,1,1983,0,0,0,0,0,0,0,0,0,0
420425,1,1,1983,19,19,19,19,19,19,19,19,19,19
420425,2,1,1983,17,0,18,0,32,18,21,26,15,23
420426,1,1,1983,28,0,24,24,6,0,13,16,19,23
420427,1,1,1983,14,14,14,14,14,14,14,14,14,14
420428,1,1,1983,8,8,8,8,8,8,8,8,8,8
420428,2,1,1983,31,19,13,28,25,24,16,10,31,0
420429,1,1,1983,0,0,0,0,0,0,0,0,0,0
420429,2,1,1983,0,0,0,0,0,0,0,0,0,0
420430,1,1,1983,15,15,15,15,15,15,15,15,15,15
420430,2,1,1983,15,14,11,0,27,7,19,7,0,14
420431,1,1,1983,25,25,25,25,25,25,25,25,25,25
420431,2,1,1983,10,4,17,14,16,22,22,9,0,14
420432,1,1,1983,0,0,0,0,0,0,0,0,0,0
420433,1,1,1983,27,27,27,27,27,27,27,27,27,27
420433,2,1,1983,9,24,17,0,19,0,10,0,9,15
420434,1,1,1983,0,0,0,0,0,0,0,0,0,0
420434,2,1,1983,0,0,0,23,0,0,0,0,0,0
420435,1,1,1983,14,20,9,0,0,0,0,0,0,0
420435,2,1,1983,0,0,0,0,0,0,0,0,0,0
420436,1,1,1983,13,13,13,13,13,13,13,13,13,13
420436,2,1,1983,0,0,0,0,0,0,0,0,0,0
420437,1,1,1983,18,10,0,0,0,0,14,15,11,19
420437,2,1,1983,20,12,20,0,0,13,18,0,0,0
420438,1,1,1983,12,12,12,12,12,12,12,12,12,12
420438,2,1,1983,22,22,22,22,22,22,22,22,22,22
420438,3,1,1983,15,6,0,0,15,15,22,23,0,18
420439,0,1,1983,13,13,13,13,13,13,13,13,13,13
420439,1,1,1983,10,0,0,17,13,0,2,0,21,0
420440,1,1,1983,0,0,0,0,0,0,0,0,0,12
420440,2,1,1983,0,0,0,0,0,0,0,0,0,0
420441,0,1,1983,0,0,0,0,0,0,0,0,0,0
420441,1,1,1983,0,0,0,0,0,0,0,0,0,0
420442,1,1,1983,13,0,5,17,11,0,0,0,0,0
420443,1,1,1983,14,30,14,0,0,23,26,0,0,2
420444,1,1,1983,15,12,0,0,0,0,25,0,0,0
420444,2,1,1983,0,0,0,0,0,0,0,0,0,0
420445,1,1,1983,0,0,0,0,0,0,0,0,0,0
420446,1,1,1983,0,0,0,0,0,0,0,0,0,0
420446,2,1,1983,0,0,0,0,0,0,0,0,15,0
420446,3,1,1983,0,0,0,0,0,0,0,0,0,0
420447,0,1,1983,0,0,0,0,0,0,0,0,0,0
420447,1,1,1983,21,14,0,13,0,6,38,0,0,20
420448,0,1,1983,41,17,31,27,0,10,0,27,17,0
420448,1,1,1983,11,0,0,10,18,0,20,0,0,0
420449,1,1,1983,0,0,0,0,0,0,0,0,0,0
420449,2,1,1983,0,0,0,0,0,0,0,0,0,0
420449,3,1,1983,20,0,16,0,29,30,0,0,18,0
420450,1,1,1983,10,10,10,10,10,10,10,10,10,10
420451,1,1,1983,24,24,24,24,24,24,24,24,24,24
420452,1,1,1983,0,0,0,0,0,0,0,0,0,0
420453,1,1,1983,35,35,35,35,35,35,35,35,35,35
420453,2,1,1983,0,0,0,0,0,0,0,0,0,0
420454,1,1,1983,0,0,0,0,0,0,0,0,0,0
420454,2,1,1983,0,5,0,0,0,0,0,0,0,0
420455,0,1,1983,0,0,0,0,0,0,0,0,0,0
420455,0,2,1983,0,0,25,0,0,0,0,0,3,0
420455,1,1,1983,0,0,0,0,0,0,0,0,10,0
420456,1,1,1983,0,0,0,0,0,0,0,0,0,0
420457,1,1,1983,0,0,0,0,0,0,0,0,0,0
420457,2,1,1983,0,0,0,0,0,0,0,0,0,26
420458,1,1,1983,0,0,0,0,0,0,0,0,0,0
420459,1,1,1983,0,0,0,0,0,0,0,0,0,0
420459,2,1,1983,0,0,0,0,0,14,0,0,0,0
420460,1,1,1983,0,0,0,0,0,0,0,0,0,0
420460,2,1,1983,0,0,9,0,0,11,9,0,0,16
420461,1,1,1983,26,0,22,21,0,20,17,24,18,6
420462,1,1,1983,17,24,17,26,34,0,22,21,0,0
420462,2,1,1983,15,12,0,4,0,12,29,13,8,0
420463,1,1,1983,17,17,17,17,17,17,17,17,17,17
420463,2,1,1983,10,10,10,10,10,10,10,10,10,10
420464,1,1,1983,0,0,0,0,10,23,4,0,3,0
420465,1,1,1983,29,29,29,29,29,29,29,29,29,29
420465,2,1,1983,0,0,12,0,0,0,0,0,0,0
420466,0,1,1983,0,0,0,0,0,0,0,0,0,0
420466,0,2,1983,0,0,0,0,0,0,0,0,0,0
420466,0,3,1983,0,0,0,0,0,0,0,0,0,0
420466,1,1,1983,0,0,0,0,0,0,0,0,0,0
420467,1,1,1983,24,16,13,21,0,22,20,10,0,10
420468,1,1,1983,8,8,8,8,8,8,8,8,8,8
420469,0,1,1983,29,4,13,8,2,27,0,12,15,23
420469,1,1,1983,0,0,11,0,0,0,0,0,0,0
420470,1,1,1983,8,7,0,0,11,0,17,0,12,0
420470,2,1,1983,14,15,0,0,0,23,0,26,0,11
420471,1,1,1983,0,0,0,0,0,0,0,0,0,0
420471,2,1,1983,0,0,21,20,10,7,19,0,13,17
420472,1,1,1983,17,17,17,17,17,17,17,17,17,17
420472,2,1,1983,0,0,0,0,0,0,0,0,0,0
420473,1,1,1983,27,27,27,27,27,27,27,27,27,27
420473,2,1,1983,13,0,0,3,0,0,0,0,9,0
420473,3,1,1983,0,0,0,0,0,0,0,0,0,0
420473,4,1,1983,16,15,0,9,11,12,0,0,0,19
420474,0,1,1983,21,27,9,13,0,0,22,0,0,21
420474,1,1,1983,0,0,0,0,0,0,0,0,13,30
420475,1,1,1983,11,11,11,11,11,11,11,11,11,11
420476,1,1,1983,0,0,0,0,0,0,0,0,0,0
420477,1,1,1983,0,20,0,19,0,0,0,7,27,0
420477,2,1,1983,0,0,0,0,0,0,0,0,0,0
420478,1,1,1983,14,9,13,0,18,0,0,15,19,29
420479,1,1,1983,0,0,0,0,0,0,0,0,0,0
420479,2,1,1983,0,0,0,0,0,0,11,0,0,0
420480,1,1,1983,0,0,0,0,0,0,0,0,0,0
420481,0,1,1983,12,11,0,0,0,19,0,0,0,0
420481,1,1,1983,23,0,0,0,18,6,0,0,0,0
420482,0,1,1983,0,0,0,0,0,0,0,0,0,0
420482,1,1,1983,0,0,0,0,0,0,0,0,0,0
420483,1,1,1983,0,0,0,0,0,0,0,0,0,0
420485,1,1,1983,34,10,0,0,0,0,0,0,30,0
420486,1,1,1983,0,0,0,0,0,0,0,0,0,0
420486,2,1,1983,0,0,0,0,0,0,0,17,0,0
420487,1,1,1983,20,20,20,20,20,20,20,20,20,20
420487,2,1,1983,14,14,14,14,14,14,14,14,14,14
420488,0,1,1983,0,0,0,0,0,0,0,0,0,0
420488,1,1,1983,0,0,0,0,0,0,0,0,0,0
420489,1,1,1983,23,23,23,23,23,23,23,23,23,23
420490,1,1,1983,23,23,23,23,23,23,23,23,23,23
420490,2,1,1983,26,8,10,24,10,0,18,23,9,0
420491,0,1,1983,0,0,0,0,0,0,0,0,0,0
420491,1,1,1983,0,14,0,0,0,0,0,0,0,0
420492,1,1,1983,0,0,9,0,7,0,0,0,0,0
420492,2,1,1983,0,0,0,0,0,0,0,0,0,0
420492,3,1,1983,0,0,0,0,0,0,0,0,0,0
420493,1,1,1983,0,0,0,0,0,0,0,0,0,0
420493,2,1,1983,0,0,16,0,0,0,0,0,19,0
420494,1,1,1983,21,21,21,21,21,21,21,21,21,21
420495,1,1,1983,0,0,0,0,0,0,0,0,0,0
420495,2,1,1983,6,0,17,0,32,0,0,0,0,13
420495,3,1,1983,0,0,2,0,13,0,0,0,0,5
420496,0,1,1983,0,0,0,0,0,0,0,0,0,0
420496,1,1,1983,0,11,0,0,0,0,0,0,0,0
420497,1,1,1983,0,0,0,0,0,0,0,0,0,0
420497,2,1,1983,0,11,0,0,0,0,0,0,0,21
420498,1,1,1983,0,0,0,0,0,0,0,0,0,0
420499,1,1,1983,38,38,38,38,38,38,38,38,38,38
420500,0,1,1983,16,16,16,16,16,16,16,16,16,16
420500,1,1,1983,0,0,0,16,14,5,0,14,0,7
420501,1,1,1983,0,0,0,0,0,0,0,0,0,0
420502,1,1,1983,0,0,0,0,0,0,0,0,0,0
420503,1,1,1983,0,0,0,0,0,0,0,0,0,0
420504,1,1,1983,26,26,26,26,26,26,26,26,26,26
420505,1,1,1983,0,0,0,0,0,0,0,0,0,0
420506,1,1,1983,20,17,14,21,8,15,7,21,20,22
420507,1,1,1983,0,0,0,0,0,0,0,0,0,0
420508,1,1,1983,20,20,20,20,20,20,20,20,20,20
420508,2,1,1983,10,10,10,10,10,10,10,10,10,10
420509,1,1,1983,0,0,0,0,0,0,0,0,0,0
420509,2,1,1983,0,0,0,0,0,0,0,0,0,0
420509,3,1,1983,0,0,0,0,6,0,0,0,19,0
420510,1,1,1983,0,0,0,0,19,17,0,22,0,10
420510,2,1,1983,0,0,14,0,0,0,4,19,0,22
420511,0,1,1983,0,0,0,0,0,0,0,0,0,0
420511,1,1,1983,0,0,0,0,0,0,0,0,0,0
420512,1,1,1983,0,0,0,0,0,0,0,0,0,0
420512,2,1,1983,18,18,18,18,18,18,18,18,18,18
420513,1,1,1983,0,23,0,33,0,0,9,15,12,0
420513,2,1,1983,0,0,0,0,6,6,0,0,0,0
420514,1,1,1983,0,0,0,0,0,0,0,0,0,18
420514,2,1,1983,0,0,0,0,0,0,0,0,0,0
420514,3,1,1983,0,0,0,0,13,0,0,15,0,0
420515,1,1,1983,23,23,23,23,23,23,23,23,23,23
420516,1,1,1983,6,6,6,6,6,6,6,6,6,6
420517,1,1,1983,7,7,7,7,7,7,7,7,7,7
420517,2,1,1983,0,0,0,0,0,8,0,0,13,0
420518,1,1,1983,13,13,13,13,13,13,13,13,13,13
420519,1,1,1983,0,0,0,0,0,0,0,0,0,0
420519,2,1,1983,0,0,0,0,0,0,0,0,0,0
420520,1,1,1983,32,0,0,10,9,0,0,7,0,16
420520,2,1,1983,0,0,0,8,0,0,0,0,0,0
420521,1,1,1983,0,0,0,0,0,0,0,0,0,0
420521,2,1,1983,0,0,0,0,0,0,0,0,0,13
420522,1,1,1983,30,30,30,30,30,30,30,30,30,30
420523,1,1,1983,18,18,18,18,18,18,18,18,18,18
420524,0,1,1983,0,0,0,0,0,0,0,0,0,0
420524,1,1,1983,0,0,0,0,0,0,0,0,0,0
420525,0,1,1983,0,27,0,0,0,0,0,0,0,0
420525,1,1,1983,0,17,12,0,0,23,0,0,8,29
420526,1,1,1983,0,0,0,0,0,0,0,0,0,0
420526,2,1,1983,2,0,9,0,0,0,0,23,0,0
420527,1,1,1983,0,19,20,13,9,20,23,28,11,8
420528,1,1,1983,0,0,0,0,0,0,0,0,0,0
420528,2,1,1983,0,6,0,0,0,0,0,22,21,12
420529,1,1,1983,21,21,21,21,21,21,21,21,21,21
420530,1,1,1983,11,11,11,11,11,11,11,11,11,11
420530,2,1,1983,0,0,0,0,0,0,0,0,0,0
420531,1,1,1983,0,0,0,0,0,0,0,0,0,0
420532,0,1,1983,0,0,0,0,0,0,0,0,0,0
420532,1,1,1983,0,0,0,0,0,0,0,0,0,0
420533,0,1,1983,0,0,0,0,0,0,0,0,0,0
420533,1,1,1983,0,14,0,13,0,0,23,0,0,0
420534,1,1,1983,0,0,18,0,0,0,0,0,0,0
420535,1,1,1983,19,19,19,19,19,19,19,19,19,19
420536,1,1,1983,0,0,0,0,0,0,0,0,0,0
420537,1,1,1983,30,30,30,30,30,30,30,30,30,30
420537,2,1,1983,0,0,0,0,0,0,0,0,0,0
420538,1,1,1983,14,14,14,14,14,14,14,14,14,14
420538,2,1,1983,12,24,7,25,20,0,20,10,18,0
420539,1,1,1983,0,0,0,0,0,0,0,0,0,0
420540,1,1,1983,0,0,0,0,0,0,0,0,0,0
420541,1,1,1983,9,9,9,9,9,9,9,9,9,9
420541,2,1,1983,0,0,0,0,0,0,0,0,0,0
420542,1,1,1983,36,36,36,36,36,36,36,36,36,36
420542,2,1,1983,0,0,0,0,0,0,6,16,18,33
420543,1,1,1983,12,12,12,12,12,12,12,12,12,12
420544,1,1,1983,0,0,0,0,0,0,0,0,0,0
420545,1,1,1983,14,0,28,0,13,0,14,0,0,16
420545,2,1,1983,2,0,0,0,13,12,0,0,0,0
420546,1,1,1983,6,6,6,6,6,6,6,6,6,6
420547,0,1,1983,0,0,0,0,0,0,0,0,0,0
420547,1,1,1983,0,0,0,0,0,0,0,0,0,0
420548,1,1,1983,23,19,0,10,0,0,21,6,17,0
420549,1,1,1983,16,6,18,17,32,34,30,9,6,0
420550,1,1,1983,41,23,30,13,15,3,39,31,12,0
420551,1,1,1983,24,24,24,24,24,24,24,24,24,24
420552,1,1,1983,0,0,0,0,0,0,0,0,0,0
420552,2,1,1983,9,0,29,0,0,0,12,8,14,13
420553,1,1,1983,0,0,0,0,0,0,0,0,0,0
420553,2,1,1983,0,0,15,24,0,15,0,0,0,9
420554,0,1,1983,0,27,0,0,16,12,0,14,12,0
420554,1,1,1983,12,0,4,0,0,0,0,0,11,0
420555,1,1,1983,18,18,18,18,18,18,18,18,18,18
420556,1,1,1983,0,0,0,0,0,13,0,0,0,0
420557,1,1,1983,7,7,7,7,7,7,7,7,7,7
420558,1,1,1983,0,0,0,0,0,0,0,0,0,0
420559,0,1,1983,19,0,0,18,27,5,0,0,7,29
420559,1,1,1983,0,18,0,0,0,12,0,0,0,0
420560,1,1,1983,0,0,0,0,0,0,23,0,0,0
420560,2,1,1983,0,0,0,0,0,0,0,0,0,0
420561,1,1,1983,20,20,20,20,20,20,20,20,20,20
420562,0,1,1983,17,8,25,28,29,0,32,20,0,16
420562,1,1,1983,0,0,18,0,0,19,0,0,0,11
420563,1,1,1983,4,0,0,0,0,0,17,0,20,12
420563,2,1,1983,0,9,0,11,0,0,22,0,0,0
420563,3,1,1983,0,0,0,39,17,28,7,21,15,0
420564,1,1,1983,0,0,0,0,0,0,0,0,0,0
420565,1,1,1983,0,0,23,0,0,18,5,0,0,19
420566,1,1,1983,25,25,25,25,25,25,25,25,25,25
420567,0,1,1983,17,14,0,0,23,0,0,0,0,0
420567,1,1,1983,0,13,12,0,0,0,0,0,0,0
420568,1,1,1983,2,11,14,24,0,0,0,0,0,0
420568,2,1,1983,0,0,0,0,0,0,0,0,0,0
420568,3,1,1983,0,0,21,0,0,0,10,0,0,0
420569,1,1,1983,30,30,30,30,30,30,30,30,30,30
420570,1,1,1983,16,16,16,16,16,16,16,16,16,16
420571,1,1,1983,20,20,20,20,20,20,20,20,20,20
420572,1,1,1983,14,14,14,14,14,14,14,14,14,14
420572,2,1,1983,0,0,0,0,0,22,14,0,0,27
420573,0,1,1983,0,0,0,0,0,0,0,0,0,0
420573,1,1,1983,0,0,0,0,0,0,2,0,0,0
420574,1,1,1983,17,17,17,17,17,17,17,17,17,17
420576,1,1,1983,20,20,20,20,20,20,20,20,20,20
420577,1,1,1983,0,0,0,0,0,0,0,0,0,0
420578,0,1,1983,0,0,0,6,9,0,0,0,0,10
420578,1,1,1983,0,0,0,0,0,0,0,24,0,0
420579,1,1,1983,0,0,0,0,0,0,0,0,0,0
420580,1,1,1983,0,0,0,0,0,0,0,0,0,0
420580,2,1,1983,0,0,0,0,0,0,0,21,0,0
420581,1,1,1983,0,5,7,0,0,0,0,19,4,16
420581,2,1,1983,0,0,0,0,0,0,21,0,0,0
420581,3,1,1983,0,0,0,0,0,0,0,0,0,0
420582,1,1,1983,0,0,0,0,0,13,0,0,0,17
420582,2,1,1983,0,0,0,0,0,0,0,0,0,0
420583,1,1,1983,7,7,7,7,7,7,7,7,7,7
420584,1,1,1983,0,0,21,15,0,13,0,0,21,0
420584,2,1,1983,0,0,12,15,0,0,0,14,0,0
420585,1,1,1983,0,24,4,31,39,10,0,22,0,0
420585,2,1,1983,0,0,0,0,0,9,0,0,0,0
420586,0,1,1983,29,26,0,0,0,44,9,20,17,11
420586,1,1,1983,13,0,0,25,0,7,0,0,5,13
420587,1,1,1983,0,0,16,30,0,8,0,18,12,0
420587,2,1,1983,4,0,0,0,7,0,0,13,10,0
420588,1,1,1983,0,0,31,0,0,0,0,0,10,0
420588,2,1,1983,0,0,0,0,0,0,0,0,0,0
420588,3,1,1983,15,5,0,0,0,0,0,0,0,9
420590,1,1,1983,0,14,0,22,35,0,0,0,17,17
420590,2,1,1983,0,14,13,0,0,0,13,0,11,0
420591,1,1,1983,0,0,27,0,0,0,10,17,0,16
420592,1,1,1983,0,3,0,0,7,0,0,10,19,0
420593,0,1,1983,10,10,10,10,10,10,10,10,10,10
420593,1,1,1983,0,0,0,0,0,0,0,0,14,0
420594,0,1,1983,0,0,0,0,0,0,0,0,0,0
420594,1,1,1983,0,0,0,0,0,0,0,8,0,0
420595,1,1,1983,0,0,0,0,0,0,0,0,0,0
420596,1,1,1983,0,0,0,0,0,0,0,0,0,0
420596,2,1,1983,0,0,0,0,0,0,0,0,0,0
420597,1,1,1983,2,0,0,0,15,0,0,0,41,0
420597,2,1,1983,20,20,20,20,20,20,20,20,20,20
420598,1,1,1983,0,0,0,0,0,0,0,0,0,0
420598,2,1,1983,4,0,0,0,0,0,0,0,0,0
420599,1,1,1983,0,0,0,0,0,0,0,0,0,0
420600,1,1,1983,18,18,18,18,18,18,18,18,18,18
420601,0,1,1983,28,28,28,28,28,28,28,28,28,28
420601,0,2,1983,24,24,24,24,24,24,24,24,24,24
420601,1,1,1983,0,0,23,0,0,0,36,0,0,33
420602,1,1,1983,21,21,21,21,21,21,21,21,21,21
420603,1,1,1983,0,0,0,0,0,0,0,0,0,0
420603,2,1,1983,0,0,0,0,0,0,0,0,0,0
420604,1,1,1983,5,5,5,5,5,5,5,5,5,5
420604,2,1,1983,19,25,0,0,0,31,0,36,9,0
420605,1,1,1983,10,10,10,10,10,10,10,10,10,10
420606,1,1,1983,0,0,0,0,0,0,0,0,0,0
420606,2,1,1983,0,0,0,0,0,0,0,0,0,0
420607,0,1,1983,0,0,0,0,0,0,0,0,0,18
420607,1,1,1983,0,0,0,0,0,0,0,0,0,0
420608,1,1,1983,11,11,11,11,11,11,11,11,11,11
420609,1,1,1983,0,0,0,0,0,0,33,31,0,0
420610,0,1,1983,27,23,0,12,12,2,0,21,0,0
420610,1,1,1983,0,11,0,10,11,14,0,5,19,0
420611,1,1,1983,0,0,4,13,12,12,21,3,19,18
420612,1,1,1983,26,0,0,0,0,0,0,0,0,0
420613,1,1,1983,9,9,9,9,9,9,9,9,9,9
420613,2,1,1983,0,0,0,0,0,0,0,0,0,0
420614,1,1,1983,5,17,0,0,24,18,5,0,0,17
420615,1,1,1983,0,0,0,0,0,0,0,0,0,0
420615,2,1,1983,0,0,0,0,0,0,0,0,0,0
420616,1,1,1983,0,0,0,0,0,0,0,0,0,0
420616,2,1,1983,0,0,0,0,0,0,0,0,0,0
420617,1,1,1983,13,25,3,21,23,0,0,0,23,24
420617,2,1,1983,0,0,0,0,8,0,15,18,4,0
420618,0,1,1983,0,0,0,0,0,0,0,0,0,0
420618,1,1,1983,0,0,0,0,0,0,0,0,0,0
420619,1,1,1983,0,0,0,0,0,0,0,0,0,0
420619,2,1,1983,0,0,23,0,36,25,9,0,0,0
420620,0,1,1983,0,0,0,0,0,0,0,0,0,0
420620,1,1,1983,0,0,0,0,0,0,0,0,0,0
420621,0,1,1983,25,20,39,0,0,17,0,14,38,15
420621,1,1,1983,0,0,0,0,0,0,0,0,0,0
420622,1,1,1983,0,16,16,5,19,23,19,0,0,15
420623,1,1,1983,0,8,0,0,0,0,11,0,0,0
420623,2,1,1983,0,0,0,0,0,0,0,0,0,0
420624,0,1,1983,0,0,0,0,0,0,0,0,0,0
420624,0,2,1983,0,0,0,0,0,5,0,19,19,0
420624,1,1,1983,0,0,0,0,0,0,0,0,0,0
420625,1,1,1983,25,25,25,25,25,25,25,25,25,25
420626,1,1,1983,24,24,24,24,24,24,24,24,24,24
420626,2,1,1983,5,5,5,5,5,5,5,5,5,5
420627,1,1,1983,15,15,15,15,15,15,15,15,15,15
420627,2,1,1983,21,0,0,0,14,0,0,0,0,0
420628,1,1,1983,17,0,0,20,14,23,0,7,15,16
420629,1,1,1983,19,10,0,17,0,0,0,0,13,0
420629,2,1,1983,22,22,22,22,22,22,22,22,22,22
420630,1,1,1983,0,0,0,0,0,0,0,0,0,0
420630,2,1,1983,0,0,0,0,0,0,0,0,0,0
420631,0,1,1983,0,0,0,0,0,0,0,0,0,0
420631,1,1,1983,9,9,9,9,9,9,9,9,9,9
420632,1,1,1983,0,0,0,0,0,0,0,0,0,0
420633,1,1,1983,0,0,0,0,0,0,0,10,7,0
420633,2,1,1983,32,12,0,0,0,0,0,9,17,0
420634,1,1,1983,18,26,8,48,26,4,32,33,11,0
420635,1,1,1983,0,0,0,0,0,0,0,0,0,0
420635,2,1,1983,0,0,0,0,0,0,0,0,0,0
420636,1,1,1983,0,0,0,0,0,0,0,0,0,0
420637,0,1,1983,0,0,0,0,0,0,0,0,0,0
420637,1,1,1983,0,0,0,10,0,0,0,0,0,0
420638,1,1,1983,8,8,8,8,8,8,8,8,8,8
420639,0,1,1983,0,0,0,0,0,0,0,0,0,0
420639,1,1,1983,0,0,0,11,0,0,0,0,0,0
420640,1,1,1983,0,0,0,0,24,0,12,0,0,0
420640,2,1,1983,0,0,0,0,0,0,0,0,0,0
420642,1,1,1983,0,14,0,0,0,0,8,0,20,0
420642,2,1,1983,0,0,0,0,0,0,0,0,0,0
420643,1,1,1983,0,10,16,9,0,20,12,22,0,12
420644,1,1,1983,0,0,0,0,0,0,0,0,0,0
420644,2,1,1983,0,0,0,0,0,0,0,0,0,0
420645,1,1,1983,0,0,0,0,18,0,0,0,0,0
420646,0,1,1983,29,29,29,29,29,29,29,29,29,29
420646,1,1,1983,0,0,12,0,0,0,0,15,0,0
420647,1,1,1983,15,0,10,7,0,22,0,0,0,8
420647,2,1,1983,0,0,0,0,0,0,0,0,0,0
420647,3,1,1983,0,0,0,11,0,0,10,0,0,0
420648,1,1,1983,0,15,0,0,21,25,0,8,9,19
420648,2,1,1983,18,6,15,8,0,29,0,14,7,16
420649,1,1,1983,0,0,0,0,0,0,0,0,0,0
420649,2,1,1983,0,0,0,0,0,0,0,0,0,0
420650,1,1,1983,6,21,18,0,6,12,0,12,19,0
420650,2,1,1983,5,5,5,5,5,5,5,5,5,5
420651,0,1,1983,0,0,0,0,0,0,0,0,0,0
420651,1,1,1983,0,0,0,0,0,0,0,0,0,0
420652,1,1,1983,0,0,9,0,0,0,0,0,0,0
420652,2,1,1983,0,0,0,0,0,0,0,0,0,0
420653,1,1,1983,0,19,0,18,14,24,26,29,0,21
420654,0,1,1983,0,0,0,0,0,0,0,0,0,0
420654,1,1,1983,0,0,0,0,0,0,0,0,0,0
420655,1,1,1983,12,12,12,12,12,12,12,12,12,12
420655,2,1,1983,0,0,0,10,0,15,0,0,0,0
420656,1,1,1983,19,19,19,19,19,19,19,19,19,19
420656,2,1,1983,0,0,22,0,0,0,12,0,22,0
420657,1,1,1983,0,0,0,0,0,0,0,0,0,0
420658,1,1,1983,11,11,11,11,11,11,11,11,11,11
420658,2,1,1983,0,0,8,0,0,0,16,0,0,0
420659,1,1,1983,15,15,15,15,15,15,15,15,15,15
420660,0,1,1983,0,0,0,0,0,0,0,0,0,0
420660,1,1,1983,0,0,0,0,0,0,0,0,0,0
420661,1,1,1983,0,0,0,0,0,0,0,0,0,0
420661,2,1,1983,0,0,0,0,0,0,0,0,0,0
420662,1,1,1983,6,6,6,6,6,6,6,6,6,6
420662,2,1,1983,0,0,18,0,0,0,0,0,0,0
420662,3,1,1983,0,12,0,0,17,0,0,0,14,0
420663,0,1,1983,0,0,0,12,0,24,18,17,0,13
420663,1,1,1983,0,0,0,0,0,22,0,0,13,0
420664,1,1,1983,13,13,13,13,13,13,13,13,13,13
420665,0,1,1983,0,0,0,0,0,0,0,0,0,0
420665,0,2,1983,10,0,15,0,0,21,10,0,9,0
420665,0,3,1983,16,17,17,18,16,6,12,0,0,24
420665,0,4,1983,0,0,0,0,0,0,0,0,0,0
420665,0,5,1983,0,0,0,0,0,0,0,0,0,0
420665,1,1,1983,14,0,26,4,0,0,41,0,7,10
420666,0,1,1983,4,4,22,12,5,21,17,14,8,22
420666,1,1,1983,19,19,19,19,19,19,19,19,19,19
420666,2,1,1983,0,16,16,32,41,8,22,7,0,7
420667,1,1,1983,0,0,0,0,0,0,0,0,0,0
420668,1,1,1983,14,0,0,0,0,11,19,0,28,0
420668,2,1,1983,0,0,0,0,0,0,0,0,0,0
420669,1,1,1983,0,0,0,0,0,0,0,0,0,0
420669,2,1,1983,0,0,0,0,0,0,0,0,0,0
420670,1,1,1983,0,0,0,9,0,0,0,10,0,0
420671,1,1,1983,0,0,0,0,0,0,0,0,0,0
420671,2,1,1983,0,0,0,0,0,0,0,0,0,0
420671,3,1,1983,0,0,0,0,0,0,0,0,0,0
420672,1,1,1983,0,0,0,0,0,0,0,0,0,0
420673,1,1,1983,12,12,12,12,12,12,12,12,12,12
420673,2,1,1983,0,0,0,0,0,0,0,0,0,0
420674,1,1,1983,13,13,13,13,13,13,13,13,13,13
420674,2,1,1983,0,0,9,0,0,0,0,0,0,0
420674,3,1,1983,15,0,7,0,5,13,0,0,0,0
420674,4,1,1983,15,0,0,0,0,6,0,0,12,0
420675,1,1,1983,23,18,23,28,15,10,20,18,20,0
420676,1,1,1983,0,14,0,12,0,0,0,28,0,0
420676,2,1,1983,0,0,0,0,0,0,0,0,0,0
420676,3,1,1983,0,15,0,0,23,0,3,0,0,16
420677,1,1,1983,0,0,0,0,0,0,0,0,0,0
420677,2,1,1983,0,0,0,0,25,0,0,0,0,16
420678,1,1,1983,0,10,0,0,24,0,13,0,0,0
420678,2,1,1983,0,0,0,0,0,0,0,0,0,0
420679,1,1,1983,28,28,28,28,28,28,28,28,28,28
420680,1,1,1983,0,0,0,0,0,0,0,0,0,0
420681,1,1,1983,21,21,21,21,21,21,21,21,21,21
420681,2,1,1983,0,11,15,24,0,14,0,0,0,17
420682,1,1,1983,24,24,24,24,24,24,24,24,24,24
420682,2,1,1983,12,0,0,27,0,0,0,0,0,0
420683,1,1,1983,0,0,0,0,0,0,0,0,0,0
420683,2,1,1983,0,0,0,0,17,0,0,0,0,0
420684,1,1,1983,21,21,21,21,21,21,21,21,21,21
420685,1,1,1983,0,0,0,0,0,0,0,0,0,0
420686,1,1,1983,0,0,0,0,0,0,0,0,0,0
420686,2,1,1983,0,0,15,0,9,18,0,0,0,13
420687,1,1,1983,0,0,0,0,0,0,0,0,0,14
420687,2,1,1983,0,0,0,0,0,0,0,0,0,0
420688,0,1,1983,0,0,0,0,0,0,0,0,0,17
420688,1,1,1983,0,0,15,0,0,0,0,18,0,0
420689,1,1,1983,13,13,13,13,13,13,13,13,13,13
420690,1,1,1983,16,16,16,16,16,16,16,16,16,16
420691,1,1,1983,0,0,0,0,0,0,0,0,0,0
420692,1,1,1983,12,12,12,12,12,12,12,12,12,12
420693,1,1,1983,18,18,18,18,18,18,18,18,18,18
420694,1,1,1983,0,0,0,0,0,0,0,0,0,0
420694,2,1,1983,0,0,0,0,0,0,0,0,0,17
420694,3,1,1983,5,5,5,5,5,5,5,5,5,5
420694,4,1,1983,0,0,0,0,0,0,0,0,0,11
420694,5,1,1983,0,0,0,0,0,6,0,0,0,0