ST_CASE,VEH_NO,PER_NO,YEAR,P1,P2,P3,P4,P5,P6,P7,P8,P9,P10
420695,1,1,1983,32,32,32,32,32,32,32,32,32,32
420695,2,1,1983,0,0,0,0,0,0,0,0,0,0
420696,1,1,1983,7,7,7,7,7,7,7,7,7,7
420697,1,1,1983,0,0,0,0,0,0,0,0,0,0
420698,1,1,1983,13,13,13,13,13,13,13,13,13,13
420699,0,1,1983,17,17,17,17,17,17,17,17,17,17
420699,1,1,1983,0,0,0,9,0,14,15,5,18,0
420700,0,1,1983,15,0,19,20,0,0,0,0,13,0
420700,1,1,1983,0,0,0,0,0,0,0,0,0,0
420701,1,1,1983,0,0,13,0,7,0,8,0,0,0
420701,2,1,1983,0,0,0,0,0,0,0,0,0,0
420702,0,1,1983,0,0,0,0,0,0,0,0,0,0
420702,1,1,1983,0,0,15,0,0,0,16,26,0,0
420703,1,1,1983,0,0,0,0,0,0,0,0,0,0
420703,2,1,1983,35,0,0,0,0,0,0,0,0,0
420704,1,1,1983,0,0,0,0,0,10,0,0,0,10
420705,0,1,1983,33,33,33,33,33,33,33,33,33,33
420705,1,1,1983,0,18,22,0,0,23,0,13,9,4
420706,1,1,1983,17,17,17,17,17,17,17,17,17,17
420707,1,1,1983,0,30,13,22,17,18,26,13,15,8
420708,0,1,1983,0,0,0,0,0,0,0,0,0,0
420708,1,1,1983,0,0,0,0,0,0,0,0,0,0
420709,0,1,1983,0,0,0,0,0,0,0,0,0,0
420709,1,1,1983,1,0,19,0,17,0,0,0,0,20
420710,0,1,1983,0,0,0,30,0,0,0,0,22,0
420710,1,1,1983,0,0,0,0,0,0,21,0,0,0
420711,1,1,1983,15,22,14,0,28,27,15,20,0,7
420713,1,1,1983,18,18,18,18,18,18,18,18,18,18
420714,1,1,1983,0,0,12,0,0,0,0,0,0,0
420714,2,1,1983,0,0,0,0,0,0,0,0,0,0
420715,1,1,1983,21,21,21,21,21,21,21,21,21,21
420715,2,1,1983,0,4,0,0,0,0,0,23,0,19
420716,1,1,1983,0,0,0,0,0,0,0,0,0,0
420716,2,1,1983,0,0,0,0,0,0,0,0,0,0
420717,0,1,1983,0,0,0,0,0,0,0,0,0,0
420717,1,1,1983,22,0,0,0,0,16,5,0,0,0
420718,1,1,1983,12,0,0,0,0,0,0,0,0,0
420718,2,1,1983,0,0,0,0,0,0,0,0,0,0
420718,3,1,1983,0,0,0,0,0,0,0,0,0,0
420719,1,1,1983,0,20,0,16,10,26,12,0,0,15
420719,2,1,1983,21,0,6,20,9,0,18,21,0,0
420720,1,1,1983,0,0,29,0,0,0,0,0,0,0
420720,2,1,1983,0,0,0,0,0,0,0,0,0,0
420721,1,1,1983,0,0,0,0,33,14,25,0,0,0
420722,0,1,1983,0,0,0,0,0,0,0,0,0,0
420722,1,1,1983,0,0,0,0,0,0,0,0,0,0
420723,1,1,1983,0,0,0,0,0,0,0,0,0,0
420723,2,1,1983,0,0,0,0,0,0,16,0,0,0
420724,0,1,1983,0,0,0,0,0,0,0,0,0,0
420724,1,1,1983,0,0,0,0,22,0,0,0,0,0
420725,1,1,1983,0,0,0,0,0,0,0,0,0,0
420725,2,1,1983,0,0,0,0,0,0,0,0,0,0
420726,1,1,1983,12,12,12,12,12,12,12,12,12,12
420727,1,1,1983,5,0,0,7,0,0,0,0,0,0
420727,2,1,1983,13,0,0,25,7,0,8,0,0,18
420728,0,1,1983,0,0,0,0,0,0,0,0,0,0
420728,1,1,1983,13,0,0,0,0,0,0,0,0,0
420729,1,1,1983,0,0,0,0,0,0,0,0,0,0
420729,2,1,1983,0,0,0,0,0,0,0,0,0,0
420730,0,1,1983,0,0,0,0,0,0,0,0,0,0
420730,1,1,1983,0,0,0,0,0,0,0,16,0,0
420731,1,1,1983,29,29,29,29,29,29,29,29,29,29
420732,1,1,1983,17,22,4,21,14,32,30,27,10,0
420733,1,1,1983,16,16,16,16,16,16,16,16,16,16
420734,1,1,1983,0,0,0,0,0,0,0,0,0,0
420734,2,1,1983,0,0,5,0,0,0,0,0,0,0
420735,1,1,1983,0,0,0,0,0,0,0,0,0,0
420735,2,1,1983,0,0,0,0,0,0,0,0,0,0
420736,1,1,1983,6,14,7,0,0,0,0,17,12,10
420737,0,1,1983,19,19,19,19,19,19,19,19,19,19
420737,1,1,1983,14,5,26,0,0,0,0,18,0,23
420738,1,1,1983,12,12,12,12,12,12,12,12,12,12
420739,1,1,1983,16,16,16,16,16,16,16,16,16,16
420740,1,1,1983,0,0,0,0,16,0,0,14,8,0
420740,2,1,1983,0,0,0,0,0,0,0,0,0,0
420741,1,1,1983,0,0,0,0,0,0,0,0,0,0
420741,2,1,1983,0,0,0,0,0,0,0,0,0,0
420742,1,1,1983,21,14,0,0,11,13,23,15,0,7
420742,2,1,1983,18,0,0,0,12,18,0,0,13,0
420743,1,1,1983,0,0,26,0,26,0,0,0,0,0
420743,2,1,1983,0,0,0,16,0,17,0,9,29,0
420744,1,1,1983,9,9,9,9,9,9,9,9,9,9
420745,1,1,1983,0,0,0,0,15,0,0,0,0,17
420745,2,1,1983,0,0,0,0,0,0,0,0,0,0
420746,1,1,1983,16,16,16,16,16,16,16,16,16,16
420746,2,1,1983,12,12,12,12,12,12,12,12,12,12
420748,1,1,1983,0,22,25,0,0,29,0,0,25,32
420749,1,1,1983,26,26,26,26,26,26,26,26,26,26
420749,2,1,1983,0,8,0,9,0,15,6,0,0,22
420750,1,1,1983,0,0,0,15,24,0,0,0,0,16
420751,1,1,1983,0,0,0,0,0,0,0,0,0,0
420751,2,1,1983,0,0,0,0,0,0,0,0,0,0
420752,1,1,1983,9,9,9,9,9,9,9,9,9,9
420752,2,1,1983,0,0,14,0,0,34,0,20,0,0
420753,1,1,1983,21,21,21,21,21,21,21,21,21,21
420753,2,1,1983,12,12,12,12,12,12,12,12,12,12
420754,1,1,1983,0,0,0,0,0,0,0,0,0,0
420755,0,1,1983,0,0,0,0,0,0,0,0,0,0
420755,1,1,1983,0,0,0,0,0,0,0,0,0,0
420756,1,1,1983,0,0,0,0,0,0,0,0,20,23
420756,2,1,1983,0,7,0,18,0,0,0,0,0,0
420757,1,1,1983,12,0,0,0,25,28,26,0,0,0
420757,2,1,1983,0,0,0,0,0,0,0,0,0,0
420758,0,1,1983,27,27,27,27,27,27,27,27,27,27
420758,1,1,1983,27,15,19,15,11,0,0,15,0,11
420759,1,1,1983,19,19,19,19,19,19,19,19,19,19
420759,2,1,1983,0,0,0,0,0,30,0,14,0,0
420760,1,1,1983,12,12,12,12,12,12,12,12,12,12
420761,1,1,1983,0,0,0,0,0,0,0,0,0,0
420762,1,1,1983,0,16,0,14,19,22,18,10,0,17
420762,2,1,1983,0,0,0,14,0,0,0,0,0,0
420763,1,1,1983,0,0,18,0,30,6,21,0,0,0
420763,2,1,1983,8,0,22,0,27,7,0,9,11,13
420764,1,1,1983,0,0,8,9,13,8,16,0,11,19
420765,1,1,1983,0,0,0,0,0,0,0,0,0,0
420765,2,1,1983,0,0,0,0,0,0,0,0,0,0
420766,1,1,1983,10,11,0,7,13,0,21,18,0,0
420767,1,1,1983,10,10,10,10,10,10,10,10,10,10
420768,1,1,1983,16,16,16,16,16,16,16,16,16,16
420769,1,1,1983,0,0,0,0,0,0,0,0,0,0
420770,0,1,1983,33,33,33,33,33,33,33,33,33,33
420770,1,1,1983,0,0,41,8,0,0,0,12,14,22
420771,1,1,1983,0,0,0,0,0,0,0,0,0,0
420772,1,1,1983,0,0,0,0,0,0,0,0,0,0
420774,1,1,1983,10,8,12,19,18,0,18,9,33,18
420775,1,1,1983,0,0,0,0,0,0,0,0,0,0
420775,2,1,1983,0,0,0,0,0,0,0,0,0,0
420776,1,1,1983,0,0,0,0,0,0,0,0,0,0
420776,2,1,1983,0,0,0,0,0,0,0,16,0,0
420777,1,1,1983,0,0,0,0,0,0,0,0,0,0
420778,1,1,1983,0,14,16,0,7,0,0,7,16,0
420779,1,1,1983,22,22,22,22,22,22,22,22,22,22
420779,2,1,1983,2,2,2,2,2,2,2,2,2,2
420780,0,1,1983,0,0,0,0,0,0,0,0,0,26
420780,1,1,1983,0,0,0,0,0,0,0,0,0,0
420781,1,1,1983,0,20,13,16,16,8,0,9,0,0
420781,2,1,1983,0,0,0,15,0,21,0,0,0,0
420782,0,1,1983,0,0,0,0,0,0,0,0,0,0
420782,1,1,1983,0,0,0,0,0,0,0,0,0,0
420783,1,1,1983,16,0,22,19,0,0,0,0,13,0
420784,1,1,1983,0,0,0,0,0,0,0,0,0,0
420784,2,1,1983,0,0,0,0,0,0,0,0,0,0
420784,3,1,1983,0,0,0,0,0,0,0,0,0,0
420785,1,1,1983,0,0,0,0,0,0,0,0,0,0
420785,2,1,1983,0,26,0,7,0,20,0,8,23,0
420785,3,1,1983,0,0,0,0,0,0,0,0,0,0
420786,1,1,1983,0,0,0,0,0,0,0,0,0,0
420786,2,1,1983,0,0,0,0,0,0,0,0,0,0
420787,1,1,1983,0,0,0,0,0,0,0,0,0,0
420788,1,1,1983,13,0,0,9,9,17,9,26,0,6
420788,2,1,1983,6,0,0,0,0,0,0,0,0,0
420789,1,1,1983,8,8,8,8,8,8,8,8,8,8
420789,2,1,1983,0,0,0,0,0,0,0,0,0,0
420790,1,1,1983,26,19,0,0,15,0,0,0,0,16
420791,0,1,1983,7,39,27,12,20,22,20,21,17,16
420791,1,1,1983,0,0,0,0,0,0,0,0,0,0
420792,1,1,1983,13,13,13,13,13,13,13,13,13,13
420793,1,1,1983,7,5,5,21,0,0,0,20,24,9
420793,2,1,1983,0,0,0,0,0,0,0,0,0,0
420794,1,1,1983,0,9,12,0,0,0,17,27,0,0
420794,2,1,1983,4,4,4,4,4,4,4,4,4,4
420794,3,1,1983,16,0,0,22,6,11,6,0,15,11
420795,1,1,1983,0,0,0,0,0,0,0,0,0,0
420796,1,1,1983,0,0,0,22,0,11,14,0,11,0
420796,2,1,1983,0,0,0,0,0,0,0,0,0,0
420797,1,1,1983,0,0,0,0,0,11,0,7,27,15
420798,1,1,1983,0,0,0,0,0,0,0,0,0,0
420799,0,1,1983,11,14,18,22,11,0,18,3,0,13
420799,1,1,1983,0,0,0,0,0,6,31,0,0,0
420800,1,1,1983,19,19,19,19,19,19,19,19,19,19
420800,2,1,1983,0,0,17,4,17,0,20,0,26,0
420801,1,1,1983,24,24,24,24,24,24,24,24,24,24
420802,0,1,1983,0,0,0,18,20,9,0,0,0,7
420802,1,1,1983,0,0,0,0,0,0,0,0,0,0
420803,1,1,1983,0,0,0,0,0,0,0,0,0,0
420804,1,1,1983,0,0,0,0,0,0,0,0,0,0
420805,1,1,1983,9,7,46,16,18,32,0,7,15,20
420806,1,1,1983,10,0,0,0,0,0,0,0,0,0
420807,1,1,1983,0,0,0,0,0,0,0,0,0,0
420807,2,1,1983,13,0,0,0,14,0,0,0,0,14
420808,1,1,1983,10,10,10,10,10,10,10,10,10,10
420809,0,1,1983,0,0,0,0,0,0,0,0,0,0
420809,1,1,1983,16,0,0,0,19,0,0,0,0,0
420810,0,1,1983,0,0,0,0,0,0,0,0,0,0
420811,1,1,1983,12,0,0,0,0,0,0,0,0,0
420811,2,1,1983,0,0,0,0,0,0,0,0,0,11
420813,0,1,1983,0,0,0,0,0,0,0,0,0,0
420813,1,1,1983,0,0,0,0,0,0,0,0,13,0
420814,1,1,1983,17,17,17,17,17,17,17,17,17,17
420815,1,1,1983,0,0,0,0,0,0,0,0,0,0
420815,2,1,1983,14,0,6,0,0,0,0,0,0,0
420816,1,1,1983,13,13,13,13,13,13,13,13,13,13
420817,1,1,1983,11,31,12,0,32,0,0,14,0,13
420817,2,1,1983,0,0,0,10,0,0,0,0,0,0
420818,1,1,1983,22,19,0,23,13,27,32,19,34,16
420818,2,1,1983,5,0,0,0,8,12,0,0,0,0
420818,3,1,1983,0,30,5,0,16,21,11,10,0,12
420819,1,1,1983,0,0,0,0,0,0,0,0,9,0
420819,2,1,1983,0,0,0,0,0,0,0,0,0,0
420819,3,1,1983,0,0,0,0,0,0,0,0,0,0
420820,1,1,1983,0,0,0,0,0,13,12,0,0,0
420820,2,1,1983,0,0,0,0,0,0,0,0,0,0
420821,1,1,1983,0,0,0,0,10,0,0,0,0,0
420822,1,1,1983,2,0,0,0,0,0,0,0,0,0
420822,2,1,1983,0,0,0,0,0,0,0,0,0,0
420823,1,1,1983,0,0,0,0,0,0,0,0,0,0
420823,2,1,1983,0,0,0,0,0,0,0,0,0,0
420824,1,1,1983,0,0,0,0,0,0,0,0,0,0
420824,2,1,1983,0,0,0,0,0,0,0,0,0,0
420825,1,1,1983,0,0,0,59,0,0,0,0,0,0
420826,1,1,1983,0,0,0,0,0,0,0,0,0,0
420827,1,1,1983,14,12,0,13,11,0,13,0,0,6
420827,2,1,1983,20,22,0,0,0,0,23,0,0,0
420828,1,1,1983,13,13,13,13,13,13,13,13,13,13
420829,0,1,1983,0,0,0,0,0,0,0,0,0,0
420829,1,1,1983,0,0,0,19,0,0,0,0,0,0
420830,1,1,1983,0,0,0,0,0,0,0,0,0,0
420830,2,1,1983,0,0,0,0,0,6,0,0,0,0
420831,1,1,1983,0,0,12,0,0,0,0,0,0,0
420831,2,1,1983,0,0,0,0,0,0,0,0,0,0
420832,1,1,1983,0,0,0,0,0,0,0,0,0,0
420833,0,1,1983,0,0,0,0,0,0,0,0,0,0
420833,1,1,1983,0,0,0,0,0,0,0,0,0,0
420834,0,1,1983,0,0,0,0,0,0,0,0,0,0
420834,1,1,1983,12,14,0,0,0,16,7,0,22,0
420835,1,1,1983,0,19,14,0,12,0,17,0,0,21
420835,2,1,1983,0,0,0,0,0,0,0,0,0,0
420836,1,1,1983,0,0,0,0,0,0,0,0,0,0
420837,1,1,1983,0,27,0,10,14,17,11,19,15,0
420838,1,1,1983,8,8,8,8,8,8,8,8,8,8
420839,1,1,1983,20,20,20,20,20,20,20,20,20,20
420840,1,1,1983,0,0,0,0,0,0,20,0,0,0
420840,2,1,1983,0,0,0,0,13,0,19,0,0,10
420841,1,1,1983,24,24,24,24,24,24,24,24,24,24
420841,2,1,1983,0,22,22,0,35,14,10,0,25,0
420842,1,1,1983,13,13,13,13,13,13,13,13,13,13
420843,0,1,1983,0,0,0,0,0,0,0,0,0,0
420843,1,1,1983,0,8,29,19,0,0,20,0,22,0
420844,1,1,1983,0,0,0,0,0,0,0,0,0,0
420844,2,1,1983,0,0,0,0,0,0,0,0,0,0
420845,0,1,1983,27,27,27,27,27,27,27,27,27,27
420845,1,1,1983,11,33,18,11,0,11,17,0,0,9
420846,1,1,1983,28,28,13,0,19,16,15,0,30,14
420847,1,1,1983,15,15,15,15,15,15,15,15,15,15
420848,1,1,1983,0,0,14,0,0,0,0,0,0,0
420848,2,1,1983,0,0,0,0,0,0,0,0,0,0
420849,1,1,1983,0,0,0,0,0,0,0,0,0,0
420850,1,1,1983,28,15,18,14,6,0,18,26,0,0
420850,2,1,1983,6,0,0,0,0,0,0,0,0,0
420851,1,1,1983,19,19,19,19,19,19,19,19,19,19
420851,2,1,1983,16,0,16,0,0,34,6,11,16,17
420851,3,1,1983,0,0,0,0,22,0,0,25,0,0
420852,0,1,1983,0,0,0,0,0,0,0,0,0,0
420852,1,1,1983,0,0,0,0,0,0,0,0,0,0
420853,0,1,1983,0,0,0,0,0,0,0,0,0,0
420853,1,1,1983,0,0,0,0,0,0,0,0,0,0
420854,0,1,1983,20,20,20,20,20,20,20,20,20,20
420854,1,1,1983,0,0,0,0,0,0,0,0,0,0
420855,1,1,1983,21,21,21,21,21,21,21,21,21,21
420855,2,1,1983,16,16,16,16,16,16,16,16,16,16
420856,1,1,1983,12,12,12,12,12,12,12,12,12,12
420857,0,1,1983,0,0,0,0,0,0,0,0,0,0
420857,1,1,1983,0,0,0,0,0,0,0,0,0,0
420858,1,1,1983,0,0,0,0,0,0,0,0,0,0
420858,2,1,1983,0,0,0,0,0,0,0,0,0,0
420859,1,1,1983,0,0,0,0,0,18,0,17,0,0
420860,0,1,1983,9,16,0,19,16,0,14,0,0,9
420860,1,1,1983,24,24,24,24,24,24,24,24,24,24
420861,1,1,1983,0,23,0,8,4,0,0,0,0,0
420861,2,1,1983,0,13,0,17,0,0,25,22,0,6
420861,3,1,1983,0,0,10,0,15,4,0,0,0,13
420861,4,1,1983,0,0,0,0,13,11,0,0,17,13
420861,5,1,1983,0,0,29,0,0,0,0,6,0,0
420862,1,1,1983,11,11,11,11,11,11,11,11,11,11
420863,1,1,1983,17,17,17,17,17,17,17,17,17,17
420864,1,1,1983,23,23,23,23,23,23,23,23,23,23
420865,1,1,1983,0,0,0,0,0,0,0,0,0,0
420865,2,1,1983,33,0,0,0,0,7,0,7,0,0
420866,1,1,1983,14,0,0,0,0,0,0,0,0,0
420867,1,1,1983,23,23,23,23,23,23,23,23,23,23
420868,1,1,1983,11,11,11,11,11,11,11,11,11,11
420869,1,1,1983,0,0,0,0,0,0,0,0,0,0
420870,1,1,1983,28,10,12,18,8,0,10,0,0,0
420871,1,1,1983,11,22,14,13,21,15,9,13,16,22
420871,2,1,1983,11,11,11,11,11,11,11,11,11,11
420872,1,1,1983,0,0,0,0,0,0,0,0,0,0
420873,1,1,1983,0,0,5,0,0,0,0,33,0,0
420873,2,1,1983,8,8,8,8,8,8,8,8,8,8
420874,1,1,1983,0,0,0,0,0,0,0,0,0,0
420874,2,1,1983,0,0,0,0,0,0,0,0,0,0
420874,3,1,1983,0,0,0,0,0,0,0,0,0,0
420875,1,1,1983,0,0,0,0,0,0,0,0,0,0
420875,2,1,1983,22,22,22,22,22,22,22,22,22,22
420876,1,1,1983,0,0,0,0,0,0,0,0,0,0
420876,2,1,1983,0,0,0,0,0,0,0,12,0,0
420877,1,1,1983,12,12,12,12,12,12,12,12,12,12
420877,2,1,1983,0,0,0,0,0,0,0,0,0,0
420878,1,1,1983,0,0,0,0,16,0,11,0,0,9
420878,2,1,1983,7,7,7,7,7,7,7,7,7,7
420879,1,1,1983,3,18,21,11,3,0,12,8,9,24
420879,2,1,1983,29,29,29,29,29,29,29,29,29,29
420880,1,1,1983,13,13,13,13,13,13,13,13,13,13
420880,2,1,1983,21,21,21,21,21,21,21,21,21,21
420881,0,1,1983,26,30,19,15,11,23,0,17,3,0
420881,1,1,1983,0,0,0,0,0,0,0,0,0,0
420882,1,1,1983,10,10,10,10,10,10,10,10,10,10
420883,1,1,1983,0,0,6,0,0,0,0,0,0,0
420883,2,1,1983,0,0,0,0,0,0,0,0,0,0
420884,1,1,1983,5,5,5,5,5,5,5,5,5,5
420885,1,1,1983,0,0,0,0,0,0,0,0,0,0
420885,2,1,1983,11,0,0,0,6,0,0,0,4,6
420886,0,1,1983,0,0,0,11,0,0,0,0,0,0
420886,1,1,1983,23,0,15,25,0,0,26,0,0,33
420887,1,1,1983,28,28,28,28,28,28,28,28,28,28
420888,0,1,1983,0,0,0,0,0,0,0,0,0,0
420888,0,2,1983,0,12,8,18,0,0,0,26,18,0
420888,1,1,1983,16,5,0,10,15,0,19,20,19,20
420889,1,1,1983,0,0,0,0,0,0,0,0,0,0
420889,2,1,1983,0,0,0,0,0,0,0,0,0,0
420890,1,1,1983,19,19,19,19,19,19,19,19,19,19
420891,1,1,1983,16,16,16,16,16,16,16,16,16,16
420892,1,1,1983,21,21,21,21,21,21,21,21,21,21
420893,1,1,1983,0,0,0,0,3,24,10,8,13,0
420893,2,1,1983,10,0,0,0,0,0,0,0,0,0
420894,1,1,1983,5,5,5,5,5,5,5,5,5,5
420894,2,1,1983,19,19,19,19,19,19,19,19,19,19
420895,1,1,1983,1,1,1,1,1,1,1,1,1,1
420896,1,1,1983,8,17,7,23,15,0,0,4,10,3
420896,2,1,1983,0,0,0,0,17,0,0,0,19,0
420897,1,1,1983,0,0,0,0,0,0,0,0,0,0
420897,2,1,1983,8,8,8,8,8,8,8,8,8,8
420898,1,1,1983,18,18,18,18,18,18,18,18,18,18
420899,1,1,1983,0,0,0,0,0,0,0,0,0,0
420899,2,1,1983,0,0,0,0,0,0,0,0,0,0
420900,1,1,1983,21,21,21,21,21,21,21,21,21,21
420901,1,1,1983,28,28,28,28,28,28,28,28,28,28
420902,1,1,1983,16,16,16,16,16,16,16,16,16,16
420902,2,1,1983,0,0,0,0,0,0,15,0,0,21
420903,1,1,1983,0,0,11,0,27,0,0,18,19,0
420903,2,1,1983,0,0,14,0,0,0,0,0,0,0
420904,1,1,1983,13,13,13,13,13,13,13,13,13,13
420905,1,1,1983,3,3,3,3,3,3,3,3,3,3
420906,1,1,1983,19,19,19,19,19,19,19,19,19,19
420906,2,1,1983,0,0,0,0,0,0,0,1,0,3
420907,1,1,1983,0,0,0,0,0,0,0,0,0,0
420907,2,1,1983,17,17,17,17,17,17,17,17,17,17
420908,1,1,1983,20,20,20,20,20,20,20,20,20,20
420909,0,1,1983,0,15,26,36,17,13,0,30,14,23
420909,1,1,1983,17,25,22,24,13,21,33,8,21,29
420910,1,1,1983,0,0,14,0,0,0,0,0,0,25
420910,2,1,1983,0,0,0,0,0,0,0,0,0,0
420911,1,1,1983,0,0,0,0,15,0,0,2,12,18
420911,2,1,1983,14,0,16,0,0,20,13,0,25,0
420912,0,1,1983,0,0,11,8,0,0,20,0,0,0
420912,1,1,1983,0,0,0,0,21,0,11,0,15,0
420913,1,1,1983,0,0,0,0,0,11,0,0,0,0
420913,2,1,1983,0,0,0,0,0,0,0,0,0,0
420914,0,1,1983,0,0,0,0,0,0,0,0,0,0
420914,1,1,1983,0,0,8,0,0,0,0,0,0,0
420915,0,1,1983,0,0,0,22,0,0,0,0,0,0
420915,1,1,1983,25,0,0,11,0,29,0,0,0,17
420916,1,1,1983,16,16,16,16,16,16,16,16,16,16
420916,2,1,1983,0,0,0,0,0,0,0,0,0,0
420917,1,1,1983,25,25,25,25,25,25,25,25,25,25
420918,1,1,1983,14,22,0,0,0,0,0,0,0,0
420919,1,1,1983,18,0,0,0,0,0,24,10,0,0
420919,2,1,1983,4,4,4,4,4,4,4,4,4,4
420920,1,1,1983,0,0,0,0,27,14,0,0,0,14
420920,2,1,1983,5,0,0,0,0,10,6,0,0,0
420921,1,1,1983,23,23,23,23,23,23,23,23,23,23
420921,2,1,1983,0,0,0,20,0,0,0,0,0,0
420922,1,1,1983,25,25,25,25,25,25,25,25,25,25
420922,2,1,1983,4,4,4,4,4,4,4,4,4,4
420923,0,1,1983,0,0,0,0,0,0,0,0,0,0
420923,1,1,1983,23,0,0,17,0,0,0,23,0,25
420923,2,1,1983,0,0,13,14,24,12,27,0,6,0
420924,1,1,1983,15,4,0,0,0,9,10,0,13,12
420924,2,1,1983,0,16,11,18,0,4,0,0,12,14
420924,3,1,1983,13,0,12,10,6,0,0,0,0,0
420924,4,1,1983,0,0,0,0,0,0,0,0,0,13
420925,1,1,1983,0,0,0,0,0,0,0,0,0,0
420925,2,1,1983,0,0,0,0,0,0,0,0,0,0
420926,1,1,1983,0,0,0,0,0,0,0,10,0,0
420926,2,1,1983,0,0,0,0,0,0,0,0,0,0
420927,1,1,1983,26,26,26,26,26,26,26,26,26,26
420928,1,1,1983,18,18,18,18,18,18,18,18,18,18
420929,1,1,1983,0,15,10,0,0,14,0,25,0,0
420930,0,1,1983,0,0,0,0,0,0,0,0,0,0
420930,1,1,1983,25,0,0,26,20,0,11,0,0,0
420931,1,1,1983,24,24,24,24,24,24,24,24,24,24
420932,1,1,1983,24,24,24,24,24,24,24,24,24,24
420933,1,1,1983,31,31,31,31,31,31,31,31,31,31
420933,2,1,1983,19,15,0,0,0,0,0,0,0,14
420933,3,1,1983,0,0,28,6,13,0,20,0,8,0
420934,1,1,1983,13,13,13,13,13,13,13,13,13,13
420935,0,1,1983,0,29,0,14,0,0,0,0,24,14
420935,1,1,1983,15,18,9,29,24,0,14,0,0,0
420936,1,1,1983,0,0,0,0,0,0,0,0,0,0
420937,0,1,1983,0,0,25,0,4,11,0,0,0,0
420938,1,1,1983,1,1,1,1,1,1,1,1,1,1
420938,2,1,1983,0,0,0,0,0,0,0,0,0,0
420939,1,1,1983,0,0,0,0,0,0,0,0,0,0
420939,2,1,1983,0,0,0,0,0,0,0,0,0,0
420940,1,1,1983,22,22,22,22,22,22,22,22,22,22
420941,1,1,1983,19,19,19,19,19,19,19,19,19,19
420942,1,1,1983,0,0,0,0,0,0,0,0,13,0
420942,2,1,1983,30,0,0,29,0,11,27,0,0,0
420942,3,1,1983,0,0,0,0,0,0,0,0,0,0
420943,0,1,1983,16,16,16,16,16,16,16,16,16,16
420943,1,1,1983,18,0,13,10,0,0,18,17,8,3
420944,1,1,1983,0,0,0,0,0,0,0,0,0,0
420945,1,1,1983,0,0,0,0,0,0,0,0,0,0
420946,0,1,1983,0,0,0,0,0,0,0,0,0,0
420946,1,1,1983,0,14,0,0,0,0,6,0,0,0
420947,1,1,1983,19,19,19,19,19,19,19,19,19,19
420948,1,1,1983,30,30,30,30,30,30,30,30,30,30
420948,2,1,1983,0,14,0,0,0,0,0,0,0,6
420949,0,1,1983,16,16,16,16,16,16,16,16,16,16
420949,1,1,1983,0,0,0,10,0,0,0,0,14,7
420950,0,1,1983,0,25,0,0,0,0,0,0,21,19
420950,1,1,1983,0,0,0,0,0,0,0,0,16,11
420951,1,1,1983,19,19,19,19,19,19,19,19,19,19
420952,1,1,1983,22,20,21,14,28,9,10,14,17,14
420953,1,1,1983,0,0,0,0,0,0,0,0,0,0
420954,1,1,1983,14,14,14,14,14,14,14,14,14,14
420955,1,1,1983,0,0,0,0,0,33,0,0,0,0
420955,2,1,1983,0,0,0,0,0,0,0,0,0,0
420956,1,1,1983,0,0,0,0,0,0,0,0,0,0
420957,1,1,1983,0,0,0,0,0,0,0,0,0,0
420957,2,1,1983,0,0,0,0,0,0,0,0,0,0
420958,1,1,1983,25,25,25,25,25,25,25,25,25,25
420959,1,1,1983,16,16,16,16,16,16,16,16,16,16
420959,2,1,1983,0,6,0,0,0,0,0,0,18,11
420959,3,1,1983,0,0,0,0,0,24,0,23,0,0
420960,0,1,1983,0,0,0,0,0,0,0,0,0,0
420960,1,1,1983,0,0,0,0,0,0,0,0,0,0
420961,0,1,1983,19,19,19,19,19,19,19,19,19,19
420961,1,1,1983,0,0,0,0,0,0,0,0,0,0
420962,1,1,1983,0,0,0,0,0,0,0,0,0,0
420962,2,1,1983,0,0,0,0,0,0,0,15,0,0
420963,1,1,1983,0,0,0,0,0,0,0,0,0,0
420963,2,1,1983,0,0,0,0,0,0,0,0,0,0
420963,3,1,1983,11,24,14,13,12,24,20,22,19,34
420963,4,1,1983,0,0,0,0,0,0,0,0,0,0
420963,5,1,1983,0,20,5,6,19,0,0,8,0,0
420964,1,1,1983,0,0,30,7,0,7,0,0,0,0
420964,2,1,1983,0,0,0,0,0,5,0,0,0,20
420965,1,1,1983,0,0,0,0,0,0,0,0,0,0
420965,2,1,1983,0,0,0,0,0,0,0,0,0,0
420966,1,1,1983,25,25,25,25,25,25,25,25,25,25
420967,1,1,1983,14,12,17,4,10,10,0,6,10,11
420967,2,1,1983,0,20,0,8,0,0,0,0,0,0
420968,1,1,1983,0,7,0,10,16,0,0,0,30,6
420968,2,1,1983,0,0,0,14,0,0,8,0,0,11
420969,1,1,1983,0,0,0,0,0,0,0,0,0,0
420970,1,1,1983,19,19,19,19,19,19,19,19,19,19
420970,2,1,1983,0,4,0,0,0,0,0,0,0,0
420971,1,1,1983,0,12,0,0,21,0,0,0,7,22
420972,1,1,1983,18,27,0,0,0,11,0,0,19,0
420973,1,1,1983,22,22,22,22,22,22,22,22,22,22
420974,1,1,1983,10,10,10,10,10,10,10,10,10,10