ST_CASE,VEH_NO,PER_NO,YEAR,P1,P2,P3,P4,P5,P6,P7,P8,P9,P10
420974,2,1,1983,0,0,0,0,0,0,0,0,0,0
420975,1,1,1983,0,0,0,0,0,0,0,0,0,0
420975,2,1,1983,0,0,0,0,0,0,0,0,0,0
420976,0,1,1983,0,0,0,0,0,0,0,0,0,0
420976,1,1,1983,0,0,0,0,0,0,0,0,0,0
420977,0,1,1983,0,0,0,0,0,0,0,0,0,0
420977,1,1,1983,0,15,0,3,3,10,0,9,0,14
420978,0,1,1983,0,0,0,0,0,0,0,0,0,0
420978,1,1,1983,0,0,0,0,0,0,0,0,0,0
420979,0,1,1983,13,13,13,13,13,13,13,13,13,13
420979,1,1,1983,0,0,14,0,0,0,0,14,0,0
420980,1,1,1983,0,0,0,0,0,0,0,0,0,0
420980,2,1,1983,0,0,0,0,0,0,0,0,0,0
420980,3,1,1983,0,0,0,0,0,0,0,0,0,0
420980,4,1,1983,0,0,0,0,0,0,0,0,0,0
420981,1,1,1983,0,0,0,0,0,0,0,0,0,0
420981,2,1,1983,0,41,0,0,0,0,0,0,0,0
420982,1,1,1983,19,16,0,0,0,23,24,17,0,17
420983,1,1,1983,0,0,0,0,0,0,0,0,0,0
420983,2,1,1983,10,14,0,0,0,0,0,0,0,0
420984,1,1,1983,21,12,12,0,10,0,9,6,26,0
420984,2,1,1983,18,16,11,0,10,0,0,0,0,0
420985,0,1,1983,5,5,5,5,5,5,5,5,5,5
420985,1,1,1983,0,0,0,15,0,8,0,0,0,0
420986,0,1,1983,0,0,0,34,0,13,0,0,0,0
420986,1,1,1983,8,17,6,0,0,20,0,0,0,0
420987,1,1,1983,28,8,0,5,18,0,12,0,0,5
420987,2,1,1983,28,13,0,0,0,0,0,10,23,13
420987,3,1,1983,0,0,0,0,10,0,0,0,0,0
420988,1,1,1983,0,0,0,0,0,0,0,0,0,0
420988,2,1,1983,0,0,0,16,0,0,0,0,26,0
420988,3,1,1983,0,0,0,0,0,0,0,0,0,0
420989,1,1,1983,0,0,0,0,0,0,0,0,0,0
420989,2,1,1983,0,0,0,15,0,0,0,12,0,0
420990,1,1,1983,0,20,6,0,0,0,0,0,0,0
420990,2,1,1983,0,0,0,0,0,0,0,0,0,0
420991,1,1,1983,11,11,11,11,11,11,11,11,11,11
420992,1,1,1983,0,0,0,0,0,0,0,0,0,0
420993,1,1,1983,27,27,27,27,27,27,27,27,27,27
420994,1,1,1983,19,19,19,19,19,19,19,19,19,19
420995,1,1,1983,15,17,19,18,31,13,25,15,0,25
420996,1,1,1983,0,0,0,0,0,0,0,0,0,0
420997,1,1,1983,0,0,0,0,0,0,0,0,0,0
420997,2,1,1983,0,0,0,0,31,24,0,0,0,0
420998,0,1,1983,0,0,0,0,0,0,0,0,0,0
420998,1,1,1983,0,0,15,0,0,0,0,0,4,15
420999,1,1,1983,11,11,11,11,11,11,11,11,11,11
420999,2,1,1983,27,27,27,27,27,27,27,27,27,27
421000,1,1,1983,21,21,21,21,21,21,21,21,21,21
421001,1,1,1983,15,15,15,15,15,15,15,15,15,15
421002,0,1,1983,5,5,5,5,5,5,5,5,5,5
421002,1,1,1983,0,0,7,12,8,23,0,12,0,0
421003,1,1,1983,0,0,0,0,11,26,0,0,0,0
421004,1,1,1983,0,0,0,0,0,0,0,0,0,0
421004,2,1,1983,0,0,0,0,0,0,0,0,0,0
421005,1,1,1983,0,0,10,18,0,10,0,0,0,0
421005,2,1,1983,0,4,12,0,12,22,0,0,0,0
421006,0,1,1983,0,0,0,0,0,0,0,0,0,0
421006,1,1,1983,0,0,0,0,0,0,12,13,0,0
421006,2,1,1983,0,0,0,0,0,0,0,0,0,7
421007,1,1,1983,0,0,22,0,0,0,0,0,0,0
421007,2,1,1983,0,0,0,0,0,0,0,0,0,0
421008,1,1,1983,0,0,0,0,0,0,0,0,0,0
421008,2,1,1983,0,0,0,0,0,0,0,0,0,0
421009,1,1,1983,19,19,19,19,19,19,19,19,19,19
421010,1,1,1983,8,8,8,8,8,8,8,8,8,8
421010,2,1,1983,0,0,0,0,0,0,0,0,0,0
421011,0,1,1983,24,24,24,24,24,24,24,24,24,24
421011,1,1,1983,0,20,0,10,18,29,0,32,0,15
421012,1,1,1983,6,6,6,6,6,6,6,6,6,6
421012,2,1,1983,0,0,13,14,0,7,0,0,0,0
421013,1,1,1983,0,0,0,0,0,0,0,0,0,0
421014,0,1,1983,0,0,0,0,0,0,0,0,0,0
421014,1,1,1983,14,16,30,11,0,0,0,13,15,0
421014,2,1,1983,0,11,0,0,14,0,10,0,0,9
421016,1,1,1983,0,26,14,20,23,13,18,4,11,12
421017,1,1,1983,11,12,22,12,25,0,26,33,28,19
421018,1,1,1983,10,10,10,10,10,10,10,10,10,10
421019,0,1,1983,24,24,24,24,24,24,24,24,24,24
421019,1,1,1983,0,0,0,0,9,0,0,0,0,0
421020,0,1,1983,0,0,0,0,0,0,0,0,0,0
421020,1,1,1983,0,0,0,0,0,0,0,0,0,0
421021,1,1,1983,0,0,10,0,0,0,0,0,0,0
421021,2,1,1983,0,0,0,0,0,0,0,0,0,0
421022,1,1,1983,0,0,15,0,20,26,0,7,0,0
421023,0,1,1983,0,0,0,0,0,0,0,0,0,0
421023,1,1,1983,0,0,0,0,0,0,0,0,0,0
421024,1,1,1983,24,24,24,24,24,24,24,24,24,24
421025,1,1,1983,0,0,0,0,0,0,0,0,0,0
421025,2,1,1983,0,0,0,0,0,0,0,0,0,0
421026,1,1,1983,23,23,23,23,23,23,23,23,23,23
421027,1,1,1983,18,18,18,18,18,18,18,18,18,18
421028,1,1,1983,0,0,0,0,0,0,0,0,0,0
421029,0,1,1983,0,22,28,0,0,7,0,0,0,0
421029,1,1,1983,0,0,0,0,0,0,0,0,0,15
421030,1,1,1983,0,0,8,2,0,0,0,0,0,0
421030,2,1,1983,14,14,14,14,14,14,14,14,14,14
421030,3,1,1983,8,0,0,9,0,0,0,0,0,0
421031,1,1,1983,0,0,0,0,0,0,0,0,0,0
421032,1,1,1983,0,0,0,0,0,0,0,0,0,0
421032,2,1,1983,0,0,0,0,0,0,0,0,0,0
421033,1,1,1983,10,10,10,10,10,10,10,10,10,10
421034,1,1,1983,16,0,0,0,0,0,0,3,0,0
421034,2,1,1983,0,0,13,14,0,27,0,0,17,0
421035,1,1,1983,0,0,3,5,0,0,6,32,0,0
421036,0,1,1983,0,0,0,0,0,0,0,0,0,0
421036,1,1,1983,23,8,11,0,0,0,0,0,9,21
421037,1,1,1983,20,20,20,20,20,20,20,20,20,20
421038,1,1,1983,9,9,9,9,9,9,9,9,9,9
421038,2,1,1983,0,0,0,0,0,0,0,0,0,0
421039,0,1,1983,0,0,0,0,0,0,0,0,0,0
421039,1,1,1983,7,0,0,0,0,0,13,0,0,0
421039,2,1,1983,0,0,0,0,10,0,0,0,0,0
421040,1,1,1983,0,0,0,0,0,17,20,7,0,23
421041,1,1,1983,0,0,0,0,0,0,0,0,0,0
421041,2,1,1983,0,0,0,0,0,0,0,0,0,0
421042,1,1,1983,24,21,28,16,13,11,32,0,15,6
421043,1,1,1983,18,18,18,18,18,18,18,18,18,18
421043,2,1,1983,7,15,21,23,0,8,29,10,0,0
421044,1,1,1983,0,0,0,0,0,0,0,0,0,0
421044,2,1,1983,0,0,0,0,0,0,0,0,0,0
421045,1,1,1983,15,15,15,15,15,15,15,15,15,15
421046,1,1,1983,25,25,25,25,25,25,25,25,25,25
421047,1,1,1983,8,8,8,8,8,8,8,8,8,8
421047,2,1,1983,0,12,0,0,0,0,6,7,0,15
421047,3,1,1983,0,0,0,0,0,0,0,0,0,0
421048,0,1,1983,0,0,28,0,0,0,0,0,0,0
421048,1,1,1983,0,0,0,0,0,0,0,0,0,0
421049,1,1,1983,5,5,5,5,5,5,5,5,5,5
421050,1,1,1983,27,27,27,27,27,27,27,27,27,27
421051,1,1,1983,0,0,0,0,0,0,0,0,0,0
421051,2,1,1983,0,0,0,0,0,0,0,0,0,0
421052,1,1,1983,14,14,14,14,14,14,14,14,14,14
421053,1,1,1983,6,6,6,6,6,6,6,6,6,6
421053,2,1,1983,0,0,0,12,22,22,11,0,8,0
421054,1,1,1983,8,8,8,8,8,8,8,8,8,8
421055,1,1,1983,0,0,0,0,0,0,0,0,0,0
421056,1,1,1983,18,18,18,18,18,18,18,18,18,18
421056,2,1,1983,0,0,18,0,11,0,0,0,0,0
421057,1,1,1983,11,11,11,11,11,11,11,11,11,11
421058,1,1,1983,0,0,0,0,0,0,0,0,0,0
421058,2,1,1983,0,0,0,0,0,0,0,15,0,0
421059,0,1,1983,0,0,0,0,0,0,0,0,0,0
421059,1,1,1983,0,0,0,0,0,0,0,0,0,0
421060,1,1,1983,0,0,0,0,0,0,13,0,0,0
421061,1,1,1983,0,0,18,14,35,26,0,24,28,0
421062,0,1,1983,0,0,0,0,0,0,0,0,0,0
421062,1,1,1983,0,0,0,0,0,0,0,0,0,0
421063,1,1,1983,15,11,10,0,0,20,0,7,10,12
421064,1,1,1983,8,0,0,0,0,0,0,40,0,0
421064,2,1,1983,9,9,9,9,9,9,9,9,9,9
421065,1,1,1983,8,29,0,24,18,21,14,0,0,13
421065,2,1,1983,11,11,11,11,11,11,11,11,11,11
421066,1,1,1983,29,29,29,29,29,29,29,29,29,29
421067,1,1,1983,0,0,0,0,0,0,0,0,0,0
421068,1,1,1983,16,16,16,16,16,16,16,16,16,16
421069,1,1,1983,2,2,2,2,2,2,2,2,2,2
421069,2,1,1983,0,0,0,0,0,0,0,0,0,0
421070,1,1,1983,0,0,0,0,0,0,0,0,0,0
421070,2,1,1983,0,0,0,0,0,0,0,0,27,0
421071,1,1,1983,0,0,0,0,0,0,0,0,0,0
421071,2,1,1983,0,0,0,0,0,0,0,0,0,0
421072,1,1,1983,16,16,16,16,16,16,16,16,16,16
421073,0,1,1983,9,0,29,29,19,19,20,0,0,29
421073,1,1,1983,17,15,0,0,0,0,15,0,0,0
421074,1,1,1983,15,18,11,15,0,23,0,15,13,11
421075,1,1,1983,23,23,23,23,23,23,23,23,23,23
421076,1,1,1983,0,26,16,0,0,36,24,27,0,24
421077,1,1,1983,0,0,0,0,0,0,0,0,0,0
421077,2,1,1983,0,0,14,0,0,0,0,0,0,0
421078,1,1,1983,13,13,13,13,13,13,13,13,13,13
421078,2,1,1983,0,16,26,0,13,0,0,0,0,0
421079,0,1,1983,0,0,0,0,0,0,0,0,0,0
421079,1,1,1983,0,17,0,0,0,0,0,29,0,7
421080,1,1,1983,0,0,0,0,0,0,0,0,0,0
421080,2,1,1983,0,0,0,0,0,0,0,0,0,0
421081,1,1,1983,16,16,16,16,16,16,16,16,16,16
421083,1,1,1983,21,0,21,0,0,18,0,0,5,4
421084,1,1,1983,0,0,0,0,0,0,9,0,0,0
421084,2,1,1983,0,0,0,0,0,0,0,0,0,0
421084,3,1,1983,0,0,0,0,0,0,0,0,0,0
421084,4,1,1983,0,0,0,0,0,13,0,0,0,0
421084,5,1,1983,0,0,0,0,0,0,0,0,0,0
421085,1,1,1983,0,0,0,0,0,0,0,0,0,0
421085,2,1,1983,0,0,0,0,0,0,0,0,0,0
421086,0,1,1983,0,0,0,0,0,0,0,0,0,0
421086,0,2,1983,0,0,0,0,6,0,0,0,0,0
421086,1,1,1983,6,0,0,0,0,0,0,0,0,0
421087,1,1,1983,0,0,0,0,0,0,0,0,0,0
421087,2,1,1983,0,12,0,0,0,0,0,0,0,0
421088,1,1,1983,0,0,0,24,8,7,11,2,5,23
421089,0,1,1983,0,37,16,23,22,23,45,0,18,20
421089,1,1,1983,0,16,0,0,0,0,0,25,18,0
421090,1,1,1983,9,0,0,0,0,0,0,0,0,29
421090,2,1,1983,0,0,0,0,0,0,0,9,4,0
421091,0,1,1983,13,0,15,24,18,0,0,17,6,15
421091,1,1,1983,11,0,7,17,12,16,12,18,0,0
421092,0,1,1983,13,0,0,0,0,0,0,9,0,13
421092,1,1,1983,0,0,0,0,0,0,0,0,0,0
421093,1,1,1983,20,0,21,27,27,28,0,0,0,0
421094,1,1,1983,0,0,0,0,0,0,0,0,0,0
421094,2,1,1983,0,0,0,0,0,0,0,0,0,0
421095,1,1,1983,0,0,0,0,0,0,0,0,0,0
421095,2,1,1983,0,0,0,0,0,0,0,0,0,0
421096,1,1,1983,0,0,0,0,0,0,0,0,0,0
421096,2,1,1983,0,10,0,0,0,31,0,0,0,0
421096,3,1,1983,0,0,0,0,0,0,0,0,0,0
421097,1,1,1983,14,17,25,0,35,6,8,0,18,19
421098,1,1,1983,0,0,0,0,0,0,0,0,0,0
421098,2,1,1983,0,0,0,0,0,0,0,0,0,0
421099,1,1,1983,8,8,8,8,8,8,8,8,8,8
421100,1,1,1983,20,0,18,50,0,0,0,0,39,19
421101,1,1,1983,25,25,25,25,25,25,25,25,25,25
421102,0,1,1983,34,34,34,34,34,34,34,34,34,34
421102,1,1,1983,0,0,0,0,0,14,0,0,21,19
421103,1,1,1983,0,0,0,0,0,0,0,0,0,0
421103,2,1,1983,0,13,0,20,0,0,0,17,0,5
421104,1,1,1983,0,0,0,0,0,0,0,0,0,0
421104,2,1,1983,0,0,0,0,12,0,0,0,0,0
421105,1,1,1983,0,0,0,19,0,25,0,0,0,16
421106,1,1,1983,12,12,12,12,12,12,12,12,12,12
421107,1,1,1983,17,17,17,17,17,17,17,17,17,17
421108,1,1,1983,14,14,14,14,14,14,14,14,14,14
421109,1,1,1983,0,0,0,0,0,0,0,0,0,0
421109,2,1,1983,0,0,0,0,0,0,0,0,0,12
421110,1,1,1983,0,0,0,0,0,0,0,0,0,0
421110,2,1,1983,0,0,0,14,0,0,0,0,0,0
421111,1,1,1983,0,0,0,0,13,0,0,0,0,0
421111,2,1,1983,0,0,0,12,0,0,0,0,27,0
421112,1,1,1983,18,18,18,18,18,18,18,18,18,18
421113,1,1,1983,11,24,17,8,0,9,0,0,19,27
421113,2,1,1983,15,15,15,15,15,15,15,15,15,15
421114,1,1,1983,12,12,12,12,12,12,12,12,12,12
421115,1,1,1983,9,9,9,9,9,9,9,9,9,9
421116,0,1,1983,32,7,26,23,29,32,11,31,0,23
421116,1,1,1983,0,0,0,7,21,7,27,0,29,17
421117,1,1,1983,22,22,22,22,22,22,22,22,22,22
421118,1,1,1983,0,0,0,8,14,6,0,0,0,25
421119,1,1,1983,0,0,0,0,0,0,0,0,0,0
421120,1,1,1983,0,0,0,0,0,0,0,0,0,0
421120,2,1,1983,0,0,0,0,0,0,0,0,0,0
421121,1,1,1983,0,0,0,0,0,0,0,0,0,0
421121,2,1,1983,10,0,0,0,0,33,7,17,0,0
421122,1,1,1983,19,19,19,19,19,19,19,19,19,19
421122,2,1,1983,0,0,0,0,0,0,0,0,0,0
421122,3,1,1983,0,0,0,0,0,0,0,0,0,35
421123,1,1,1983,14,14,14,14,14,14,14,14,14,14
421124,1,1,1983,7,7,7,7,7,7,7,7,7,7
421125,1,1,1983,2,0,0,22,0,0,0,0,0,15
421125,2,1,1983,0,0,0,12,0,26,9,24,0,15
421126,0,1,1983,0,0,0,0,0,0,0,0,0,0
421126,1,1,1983,12,0,0,0,0,0,0,0,0,0
421127,0,1,1983,0,0,0,0,0,0,0,0,0,0
421127,1,1,1983,0,0,0,0,0,0,0,0,0,0
421128,0,1,1983,0,0,0,0,0,0,0,0,0,0
421128,1,1,1983,0,0,0,0,9,20,0,28,0,18
421129,1,1,1983,0,0,0,0,0,0,0,0,0,0
421129,2,1,1983,0,0,0,0,0,0,0,0,0,0
421129,3,1,1983,0,2,0,0,0,0,0,0,0,0
421129,4,1,1983,0,22,0,0,0,0,0,0,7,0
421130,1,1,1983,0,12,19,16,13,39,0,14,16,11
421131,1,1,1983,16,22,11,12,16,0,0,16,0,0
421132,1,1,1983,0,0,0,0,0,0,0,0,0,0
421132,2,1,1983,34,0,0,11,8,0,0,0,0,11
421133,1,1,1983,29,29,29,29,29,29,29,29,29,29
421133,2,1,1983,0,0,0,0,0,0,0,0,0,0
421134,0,1,1983,0,27,38,0,21,0,23,16,19,20
421134,1,1,1983,15,0,12,0,0,19,0,0,0,0
421135,1,1,1983,18,18,18,18,18,18,18,18,18,18
421135,2,1,1983,0,0,0,0,0,0,0,0,0,0
421136,1,1,1983,0,0,0,0,0,0,0,0,0,0
421136,2,1,1983,0,0,0,0,0,18,0,0,0,0
421137,0,1,1983,0,0,0,0,0,0,0,0,0,0
421137,1,1,1983,0,0,0,0,0,0,5,4,0,21
421138,1,1,1983,0,0,0,0,0,0,0,0,3,0
421138,2,1,1983,0,0,0,0,0,0,0,0,0,0
421138,3,1,1983,0,0,0,0,0,0,0,0,0,0
421139,1,1,1983,25,25,25,25,25,25,25,25,25,25
421140,1,1,1983,0,0,0,0,0,0,9,0,0,0
421140,2,1,1983,0,0,0,0,0,0,0,0,0,0
421141,1,1,1983,8,8,8,8,8,8,8,8,8,8
421141,2,1,1983,0,0,0,0,0,0,0,0,0,0
421142,1,1,1983,24,0,11,16,11,26,7,12,18,0
421142,2,1,1983,0,0,17,0,0,19,8,0,0,19
421143,1,1,1983,27,27,27,27,27,27,27,27,27,27
421143,2,1,1983,0,0,18,9,0,0,0,0,0,0
421144,1,1,1983,0,0,11,0,0,0,0,0,0,0
421144,2,1,1983,0,0,0,0,0,0,0,0,0,0
421144,3,1,1983,0,0,0,0,0,0,0,0,0,0
421144,4,1,1983,0,14,0,0,0,0,0,0,0,0
421144,5,1,1983,0,0,0,0,0,0,0,0,0,0
421145,0,1,1983,17,0,0,30,0,17,9,24,19,0
421145,0,2,1983,0,0,28,0,48,11,25,15,0,0
421145,1,1,1983,0,0,0,0,0,12,15,0,23,0
421146,0,1,1983,0,0,0,0,0,0,0,0,0,0
421146,1,1,1983,0,0,0,0,0,0,0,0,0,0
421147,0,1,1983,0,0,0,0,0,0,0,0,0,0
421147,1,1,1983,12,0,41,30,21,0,0,0,0,18
421148,0,1,1983,0,0,0,0,0,0,0,0,0,0
421148,1,1,1983,0,0,0,0,0,0,0,0,0,0
421149,0,1,1983,0,0,0,0,0,0,0,0,0,0
421149,1,1,1983,0,14,0,0,0,0,0,0,0,0
421150,1,1,1983,30,30,30,30,30,30,30,30,30,30
421150,2,1,1983,0,0,0,0,0,0,0,0,0,0
421151,1,1,1983,21,0,0,0,0,0,0,0,0,0
421151,2,1,1983,0,0,0,0,0,0,0,0,0,0
421152,1,1,1983,18,18,18,18,18,18,18,18,18,18
421153,1,1,1983,0,0,0,0,0,0,0,0,0,0
421154,1,1,1983,12,12,12,12,12,12,12,12,12,12
421154,2,1,1983,0,0,0,11,0,10,0,13,0,0
421155,1,1,1983,23,22,14,9,20,26,31,27,20,19
421156,0,1,1983,0,0,0,0,0,0,0,0,0,0
421156,1,1,1983,0,0,0,0,0,0,0,0,0,0
421157,1,1,1983,0,0,0,0,0,0,0,0,15,0
421157,2,1,1983,0,0,0,14,5,0,0,0,0,0
421158,1,1,1983,0,0,0,0,0,0,6,0,0,0
421158,2,1,1983,0,0,0,19,0,0,33,0,0,0
421159,1,1,1983,0,0,0,0,0,0,0,0,0,0
421160,1,1,1983,0,0,0,0,0,0,0,0,0,0
421160,2,1,1983,22,15,0,19,11,0,23,11,0,26
421161,1,1,1983,15,15,15,15,15,15,15,15,15,15
421162,1,1,1983,20,20,20,20,20,20,20,20,20,20
421163,1,1,1983,0,0,0,0,0,0,0,0,0,0
421164,1,1,1983,22,22,22,22,22,22,22,22,22,22
421164,2,1,1983,0,9,0,18,0,0,0,0,0,0
421164,3,1,1983,0,0,0,0,0,0,0,0,0,0
421165,1,1,1983,0,0,0,0,0,0,0,0,0,16
421165,2,1,1983,0,0,0,0,0,0,0,0,20,0
421166,1,1,1983,4,4,4,4,4,4,4,4,4,4
421167,1,1,1983,0,0,0,0,0,0,0,0,0,0
421168,1,1,1983,16,10,0,0,0,0,15,16,0,0
421168,2,1,1983,14,13,22,0,17,27,0,0,0,0
421169,1,1,1983,0,0,0,0,0,0,0,0,0,0
421169,2,1,1983,0,16,0,7,23,12,25,0,0,0
421170,1,1,1983,20,20,20,20,20,20,20,20,20,20
421171,1,1,1983,13,13,13,13,13,13,13,13,13,13
421172,0,1,1983,19,19,19,19,19,19,19,19,19,19
421172,1,1,1983,0,0,0,0,12,0,0,15,0,0
421173,1,1,1983,0,0,0,0,0,0,0,0,0,0
421173,2,1,1983,0,0,0,0,0,0,0,0,0,0
421173,3,1,1983,0,0,12,22,0,0,0,0,0,15
421174,1,1,1983,0,0,0,0,0,0,0,0,0,0
421175,1,1,1983,0,0,0,0,0,0,0,15,0,0
421175,2,1,1983,0,0,0,0,0,0,0,0,0,0
421176,1,1,1983,12,0,0,25,0,5,7,0,0,0
421177,1,1,1983,0,0,0,0,8,0,0,22,0,0
421177,2,1,1983,18,0,0,0,0,0,0,7,0,0
421178,1,1,1983,13,13,13,13,13,13,13,13,13,13
421178,2,1,1983,20,0,0,0,0,0,0,22,0,0
421179,1,1,1983,0,0,0,24,0,0,11,0,19,0
421179,2,1,1983,14,14,14,14,14,14,14,14,14,14
421179,3,1,1983,13,0,20,0,0,4,0,0,0,0
421180,1,1,1983,0,0,0,0,0,0,0,0,0,0
421180,2,1,1983,0,0,0,0,0,0,0,0,0,0
421181,1,1,1983,15,15,15,15,15,15,15,15,15,15
421181,2,1,1983,4,0,0,0,0,0,19,0,0,0
421182,0,1,1983,19,19,19,19,19,19,19,19,19,19
421182,1,1,1983,0,0,0,0,0,0,21,0,18,0
421183,1,1,1983,16,13,21,0,5,11,11,18,5,0
421184,1,1,1983,0,0,0,0,0,0,0,0,0,0
421185,1,1,1983,9,9,9,9,9,9,9,9,9,9
421186,0,1,1983,8,0,0,20,0,0,23,0,8,24
421186,1,1,1983,0,0,0,0,0,0,0,0,0,0
421187,1,1,1983,0,0,0,0,0,0,0,0,0,0
421187,2,1,1983,0,0,0,0,0,0,0,0,0,0
421188,0,1,1983,0,0,0,0,0,0,0,0,0,0
421188,1,1,1983,11,0,10,0,5,0,0,0,19,0
421189,0,1,1983,0,10,0,0,0,28,0,0,0,21
421189,1,1,1983,0,23,0,0,0,10,0,0,0,0
421190,1,1,1983,0,0,0,0,0,0,0,0,0,0
421190,2,1,1983,0,0,0,0,0,0,0,0,0,0
421190,3,1,1983,6,0,0,0,0,0,0,0,0,0
421190,4,1,1983,0,0,0,0,0,0,0,0,0,0
421191,1,1,1983,24,24,24,24,24,24,24,24,24,24
421192,1,1,1983,11,0,0,0,0,0,0,0,0,0
421192,2,1,1983,0,0,0,0,0,6,0,0,0,0
421192,3,1,1983,0,0,0,0,0,0,0,0,0,0
421193,1,1,1983,0,0,0,0,0,0,0,0,0,0
421193,2,1,1983,0,0,0,0,0,0,0,0,0,0
421194,1,1,1983,21,21,21,21,21,21,21,21,21,21
421195,1,1,1983,3,3,3,3,3,3,3,3,3,3
421195,2,1,1983,0,0,0,0,0,17,0,0,0,0
421196,1,1,1983,0,18,0,0,0,11,0,4,0,0
421196,2,1,1983,10,10,10,10,10,10,10,10,10,10
421197,1,1,1983,0,0,0,0,0,0,0,0,0,0
421197,2,1,1983,0,0,0,0,0,5,0,0,0,0
421198,1,1,1983,0,0,0,0,0,0,0,0,0,0
421199,1,1,1983,7,0,0,7,12,0,0,6,0,0
421199,2,1,1983,15,0,26,0,0,0,0,0,0,0
421199,3,1,1983,15,0,0,14,0,19,0,8,0,0
421200,1,1,1983,0,0,0,0,0,0,0,0,0,0
421200,2,1,1983,0,0,0,0,0,0,0,16,0,0
421201,1,1,1983,13,13,13,13,13,13,13,13,13,13
421202,1,1,1983,24,24,24,24,24,24,24,24,24,24
421203,1,1,1983,25,25,25,25,25,25,25,25,25,25
421204,1,1,1983,14,14,14,14,14,14,14,14,14,14
421205,0,1,1983,0,7,0,0,0,0,0,0,0,21
421206,0,1,1983,0,0,0,0,0,0,0,0,0,0
421206,1,1,1983,0,21,0,14,0,0,12,0,0,0
421207,1,1,1983,0,0,0,0,0,0,0,0,0,0
421207,2,1,1983,0,14,0,0,19,15,14,0,0,0
421208,0,1,1983,0,0,20,18,25,0,24,0,0,0
421208,1,1,1983,0,0,0,0,0,0,0,0,0,0
421209,1,1,1983,0,0,0,6,0,0,0,0,0,0
421210,1,1,1983,36,36,36,36,36,36,36,36,36,36
421211,0,1,1983,0,0,0,0,0,0,0,0,0,0
421211,1,1,1983,0,0,0,0,0,18,19,25,0,0
421212,1,1,1983,28,28,28,28,28,28,28,28,28,28
421212,2,1,1983,36,0,0,0,0,21,0,12,21,0
421213,1,1,1983,0,0,0,0,0,0,0,0,0,0
421213,2,1,1983,4,0,0,0,0,0,0,0,0,0
421214,0,1,1983,0,0,0,0,0,0,0,0,0,0
421214,1,1,1983,19,18,0,0,0,0,0,0,20,0
421215,1,1,1983,11,11,11,11,11,11,11,11,11,11
421216,1,1,1983,0,0,0,0,0,0,0,0,0,0
421217,1,1,1983,46,19,0,9,15,21,12,17,11,0
421218,1,1,1983,22,0,5,0,0,17,0,0,0,0
421218,2,1,1983,0,0,0,0,0,0,0,0,0,0
421221,1,1,1983,14,17,0,12,0,0,7,6,0,25
421221,2,1,1983,0,0,0,0,0,0,0,0,0,19
421222,1,1,1983,15,15,15,15,15,15,15,15,15,15
421222,2,1,1983,0,5,0,0,21,0,13,0,5,0
421223,1,1,1983,0,0,0,0,0,0,0,0,0,0
421224,1,1,1983,17,0,0,7,26,12,0,19,16,14
421224,2,1,1983,0,0,0,0,0,0,0,0,0,0
421225,0,1,1983,0,0,0,0,0,0,0,0,0,0
421225,1,1,1983,0,0,0,0,0,12,14,0,0,0
421226,1,1,1983,0,0,0,0,0,0,0,0,0,0
421226,2,1,1983,0,0,0,0,0,0,0,0,0,0
421227,1,1,1983,0,0,0,0,0,0,0,0,0,0
421227,2,1,1983,0,0,0,0,0,0,0,0,0,0
421228,1,1,1983,12,0,26,17,31,21,0,20,26,13
421229,1,1,1983,0,0,24,17,28,23,22,17,24,9
421230,1,1,1983,20,20,20,20,20,20,20,20,20,20
421231,1,1,1983,17,19,28,0,0,22,21,9,29,0
421231,2,1,1983,0,0,7,0,0,0,0,6,0,0
421231,3,1,1983,0,0,9,0,0,0,0,0,0,0
421232,1,1,1983,23,0,19,15,28,0,21,34,13,0
421233,1,1,1983,24,24,24,24,24,24,24,24,24,24
421234,1,1,1983,0,0,0,0,0,0,0,0,0,0
421234,2,1,1983,0,19,0,0,0,0,0,0,0,0
421235,1,1,1983,17,17,17,17,17,17,17,17,17,17
421236,1,1,1983,0,15,0,0,0,0,0,11,0,10
421237,1,1,1983,15,15,15,15,15,15,15,15,15,15
421238,1,1,1983,0,15,0,0,0,0,0,0,13,0
421238,2,1,1983,0,0,0,0,0,0,0,0,0,0
421239,1,1,1983,5,5,5,5,5,5,5,5,5,5
421239,2,1,1983,0,0,0,0,0,0,0,0,0,0
421240,1,1,1983,19,19,19,19,19,19,19,19,19,19
421241,1,1,1983,0,0,0,0,0,0,0,0,0,0
421241,2,1,1983,17,0,0,0,0,0,0,0,0,0
421242,1,1,1983,0,0,0,0,0,0,0,0,0,0
421243,1,1,1983,0,0,4,0,0,0,0,0,0,0
421243,2,1,1983,0,0,0,0,0,0,0,0,0,0
421244,1,1,1983,24,24,24,24,24,24,24,24,24,24
421245,0,1,1983,0,0,0,0,0,0,0,0,0,0
421245,0,2,1983,0,0,0,20,0,0,0,0,0,0
421245,1,1,1983,0,0,0,0,0,0,0,0,0,0
421246,1,1,1983,18,18,12,0,0,6,30,3,0,0
421246,2,1,1983,0,0,0,0,0,0,0,0,0,0
421247,1,1,1983,0,0,0,0,0,0,0,0,0,0
421248,1,1,1983,0,16,0,0,23,8,26,14,0,23
421249,1,1,1983,18,0,12,31,18,14,9,11,12,17
421249,2,1,1983,0,0,0,0,0,0,10,0,0,4
421250,1,1,1983,0,0,0,0,0,0,0,0,0,0
421250,2,1,1983,0,10,0,0,0,15,0,0,16,19