ST_CASE,VEH_NO,PER_NO,YEAR,P1,P2,P3,P4,P5,P6,P7,P8,P9,P10
421251,1,1,1983,28,0,14,16,0,8,0,16,12,14
421251,2,1,1983,0,0,0,0,0,22,0,0,7,0
421251,3,1,1983,17,0,0,0,0,0,0,22,0,0
421252,1,1,1983,0,0,0,0,0,0,0,0,0,0
421252,2,1,1983,0,0,0,0,0,0,0,0,0,0
421253,1,1,1983,26,6,0,0,12,5,9,12,0,12
421253,2,1,1983,0,0,0,0,0,0,0,0,0,0
421254,0,1,1983,0,0,0,0,0,0,0,0,0,0
421254,1,1,1983,0,24,13,23,0,0,9,0,0,0
421255,1,1,1983,8,8,8,8,8,8,8,8,8,8
421256,1,1,1983,0,0,14,10,36,18,13,0,0,0
421256,2,1,1983,0,0,0,0,0,0,0,0,0,0
421256,3,1,1983,0,0,0,0,0,0,0,0,0,0
421257,1,1,1983,15,33,10,11,13,11,24,19,25,25
421258,1,1,1983,27,22,7,13,32,0,0,6,0,0
421258,2,1,1983,0,0,0,0,0,0,0,0,0,0
421259,1,1,1983,0,0,0,0,0,0,0,0,0,0
421260,0,1,1983,0,0,0,0,0,0,0,0,0,0
421260,1,1,1983,0,0,0,0,0,0,0,0,0,0
421261,0,1,1983,33,33,33,33,33,33,33,33,33,33
421261,1,1,1983,0,0,0,0,11,0,0,21,0,14
421262,1,1,1983,12,0,0,0,0,0,17,0,0,0
421262,2,1,1983,16,0,0,0,0,0,0,0,0,0
421263,0,1,1983,0,0,0,0,0,0,0,0,0,0
421263,1,1,1983,0,0,12,0,0,0,0,0,0,0
421264,0,1,1983,25,25,25,25,25,25,25,25,25,25
421264,1,1,1983,0,0,23,32,0,15,23,15,0,0
421265,1,1,1983,22,22,22,22,22,22,22,22,22,22
421265,2,1,1983,0,0,0,0,0,0,0,0,0,0
421266,1,1,1983,0,0,0,0,20,0,0,0,0,0
421267,1,1,1983,0,0,0,0,0,0,0,0,0,0
421267,2,1,1983,0,9,0,0,0,0,0,8,0,0
421268,1,1,1983,0,0,0,0,0,0,0,0,0,0
421268,2,1,1983,0,0,0,0,0,0,0,0,0,0
421269,1,1,1983,23,29,0,0,10,6,26,0,27,0
421269,2,1,1983,0,0,0,0,6,0,0,0,0,0
421270,1,1,1983,29,29,29,29,29,29,29,29,29,29
421271,1,1,1983,0,0,0,0,0,0,0,0,0,0
421272,1,1,1983,0,0,0,0,0,0,0,0,0,0
421272,2,1,1983,0,0,0,0,5,8,0,0,0,0
421273,1,1,1983,11,11,11,11,11,11,11,11,11,11
421273,2,1,1983,0,0,0,0,0,0,0,0,0,0
421274,1,1,1983,20,7,0,17,0,0,0,23,10,0
421275,1,1,1983,23,23,23,23,23,23,23,23,23,23
421275,2,1,1983,19,19,19,19,19,19,19,19,19,19
421276,0,1,1983,0,0,0,0,0,0,0,0,0,0
421276,0,2,1983,13,13,13,13,13,13,13,13,13,13
421276,1,1,1983,0,0,0,0,0,10,21,0,9,0
421277,1,1,1983,0,0,0,0,0,0,0,0,0,0
421277,2,1,1983,0,0,0,0,0,0,0,0,0,0
421277,3,1,1983,25,8,0,14,0,0,0,0,0,0
421278,1,1,1983,0,12,16,30,0,16,0,18,11,0
421278,2,1,1983,0,0,0,0,0,0,0,25,0,0
421279,0,1,1983,0,0,0,0,0,0,0,0,0,0
421279,1,1,1983,0,0,0,0,0,9,0,0,0,0
421280,0,1,1983,12,12,12,12,12,12,12,12,12,12
421280,1,1,1983,0,0,0,0,13,14,8,0,14,0
421280,2,1,1983,0,0,0,0,0,0,0,0,0,0
421281,1,1,1983,0,0,0,0,0,0,0,0,0,0
421281,2,1,1983,0,0,0,0,0,0,0,0,0,0
421282,1,1,1983,27,15,17,9,12,0,15,0,0,9
421282,2,1,1983,0,0,0,0,0,0,0,0,0,0
421283,1,1,1983,0,10,0,0,0,0,0,0,0,0
421283,2,1,1983,0,0,0,0,0,0,0,0,0,0
421284,1,1,1983,26,26,26,26,26,26,26,26,26,26
421284,2,1,1983,0,0,22,0,0,0,33,0,0,0
421285,0,1,1983,0,8,23,0,8,0,0,12,0,0
421285,1,1,1983,9,21,25,17,0,0,0,20,0,15
421286,1,1,1983,0,0,13,0,0,0,0,0,0,0
421286,2,1,1983,0,0,0,17,0,0,0,0,0,0
421287,1,1,1983,0,0,0,0,0,0,0,0,0,0
421288,1,1,1983,0,0,0,0,0,0,0,0,0,0
421288,2,1,1983,0,0,0,0,0,0,0,0,0,0
421289,1,1,1983,0,0,0,0,0,0,0,0,0,0
421289,2,1,1983,0,0,0,0,0,0,0,0,0,0
421290,1,1,1983,0,0,0,0,0,0,0,16,0,0
421290,2,1,1983,0,0,0,0,0,0,0,0,0,0
421291,1,1,1983,19,19,19,19,19,19,19,19,19,19
421292,1,1,1983,1,1,1,1,1,1,1,1,1,1
421293,1,1,1983,21,21,21,21,21,21,21,21,21,21
421293,2,1,1983,0,0,0,0,0,0,0,0,0,0
421294,0,1,1983,0,0,0,0,0,0,0,0,0,0
421294,1,1,1983,0,0,0,0,0,0,0,0,0,0
421295,1,1,1983,20,20,20,20,20,20,20,20,20,20
421295,2,1,1983,0,0,0,0,0,0,0,0,0,12
421296,1,1,1983,11,0,0,0,8,23,0,4,0,17
421297,1,1,1983,0,0,0,0,0,0,0,0,0,0
421298,1,1,1983,23,11,0,17,0,0,0,21,0,23
421298,2,1,1983,0,0,28,16,0,0,8,6,10,13
421299,1,1,1983,0,0,18,0,0,0,0,0,0,0
421299,2,1,1983,0,0,0,0,0,0,0,0,0,0
421299,3,1,1983,0,0,23,0,0,0,0,0,0,9
421300,1,1,1983,0,0,0,16,0,0,20,0,13,0
421300,2,1,1983,0,0,0,18,0,0,0,0,0,0
421301,1,1,1983,24,0,13,9,16,13,13,16,15,31
421302,1,1,1983,0,0,0,0,0,0,0,0,0,0
421302,2,1,1983,0,0,0,10,0,0,0,0,0,0
421303,0,1,1983,0,0,12,0,0,18,24,0,0,0
421303,1,1,1983,0,0,0,0,0,0,0,0,0,0
421304,1,1,1983,0,0,0,0,0,0,0,0,0,0
421304,2,1,1983,0,0,0,0,0,0,0,0,0,0
421305,1,1,1983,29,29,29,29,29,29,29,29,29,29
421306,1,1,1983,14,14,14,14,14,14,14,14,14,14
421307,1,1,1983,0,0,0,0,0,0,0,0,0,0
421308,0,1,1983,20,20,20,20,20,20,20,20,20,20
421308,1,1,1983,0,0,25,0,0,0,0,0,0,0
421309,1,1,1983,8,8,8,8,8,8,8,8,8,8
421309,2,1,1983,18,18,18,18,18,18,18,18,18,18
421309,3,1,1983,0,0,0,4,9,8,0,6,0,13
421310,1,1,1983,12,11,0,0,14,18,17,0,15,18
421310,2,1,1983,0,0,9,0,0,0,0,0,0,0
421311,1,1,1983,16,16,16,16,16,16,16,16,16,16
421312,1,1,1983,20,20,20,20,20,20,20,20,20,20
421312,2,1,1983,0,22,25,21,18,0,23,15,31,17
421313,1,1,1983,8,10,13,21,8,19,20,47,0,8
421314,1,1,1983,20,20,20,20,20,20,20,20,20,20
421315,0,1,1983,16,16,16,16,16,16,16,16,16,16
421315,1,1,1983,0,0,0,0,0,0,0,0,0,0
421316,1,1,1983,32,32,32,32,32,32,32,32,32,32
421317,1,1,1983,10,10,10,10,10,10,10,10,10,10
421318,0,1,1983,0,0,38,23,0,7,12,3,21,25
421318,1,1,1983,0,0,0,0,0,0,0,0,0,0
421319,0,1,1983,0,0,8,38,0,15,0,0,0,0
421319,1,1,1983,0,0,0,0,0,0,0,0,5,0
421320,1,1,1983,0,0,0,0,0,0,0,0,0,0
421320,2,1,1983,0,0,0,0,0,0,0,0,0,0
421321,1,1,1983,0,0,0,0,0,0,0,0,0,0
421322,1,1,1983,10,20,14,19,24,26,13,16,16,18
421323,1,1,1983,24,24,24,24,24,24,24,24,24,24
421324,1,1,1983,24,24,24,24,24,24,24,24,24,24
421325,1,1,1983,0,0,0,9,14,0,13,7,0,18
421325,2,1,1983,20,20,20,20,20,20,20,20,20,20
421326,1,1,1983,26,26,26,26,26,26,26,26,26,26
421327,1,1,1983,28,28,28,28,28,28,28,28,28,28
421327,2,1,1983,0,0,0,0,0,0,0,0,0,0
421328,1,1,1983,0,0,0,0,0,0,0,0,0,0
421330,1,1,1983,17,17,17,17,17,17,17,17,17,17
421331,1,1,1983,8,8,8,8,8,8,8,8,8,8
421331,2,1,1983,0,11,9,0,0,0,0,0,0,0
421331,3,1,1983,0,0,0,0,0,0,0,0,0,0
421332,0,1,1983,0,0,0,0,0,0,0,0,0,0
421332,1,1,1983,19,0,0,14,0,0,0,14,0,0
421333,0,1,1983,0,23,10,0,0,30,6,0,16,0
421333,1,1,1983,10,0,0,0,0,0,0,0,10,0
421334,1,1,1983,0,0,0,0,0,0,0,0,0,0
421334,2,1,1983,0,14,0,0,0,0,0,0,0,2
421335,1,1,1983,13,13,13,13,13,13,13,13,13,13
421336,0,1,1983,0,31,0,0,0,0,0,0,0,0
421336,1,1,1983,0,0,0,0,0,0,11,0,0,0
421337,0,1,1983,0,0,0,0,0,0,0,0,0,0
421337,1,1,1983,0,0,0,0,0,0,0,17,0,0
421338,0,1,1983,0,0,0,0,0,0,0,0,0,0
421338,1,1,1983,0,0,0,14,0,0,0,0,15,0
421339,1,1,1983,24,13,28,18,0,25,14,15,9,16
421340,1,1,1983,29,0,12,0,0,0,0,0,13,0
421340,2,1,1983,0,0,0,0,0,0,0,8,9,0
421341,1,1,1983,0,5,12,0,0,0,15,0,0,0
421341,2,1,1983,22,22,22,22,22,22,22,22,22,22
421342,0,1,1983,15,0,0,5,0,14,9,7,13,9
421342,1,1,1983,18,0,0,12,0,0,17,0,0,0
421343,1,1,1983,0,0,0,0,0,0,0,0,0,0
421343,2,1,1983,0,0,0,0,0,0,0,0,0,0
421344,1,1,1983,14,0,0,0,12,0,18,24,0,0
421344,2,1,1983,15,16,0,0,13,11,21,0,8,10
421344,3,1,1983,0,0,0,0,15,0,24,8,10,19
421345,1,1,1983,0,23,0,0,0,0,0,0,9,0
421345,2,1,1983,0,0,16,0,0,0,0,25,0,0
421346,1,1,1983,30,30,30,30,30,30,30,30,30,30
421347,1,1,1983,31,31,31,31,31,31,31,31,31,31
421348,1,1,1983,16,16,16,16,16,16,16,16,16,16
421349,1,1,1983,27,27,27,27,27,27,27,27,27,27
421349,2,1,1983,0,14,35,32,18,15,0,0,18,0
421350,1,1,1983,15,15,15,15,15,15,15,15,15,15
421351,1,1,1983,0,0,0,0,0,0,0,0,0,0
421351,2,1,1983,0,17,0,14,23,0,14,35,28,19
421352,1,1,1983,0,0,0,0,0,0,0,0,0,0
421352,2,1,1983,0,0,0,0,0,0,0,0,0,0
421353,0,1,1983,6,23,20,0,0,0,0,0,15,27
421353,0,2,1983,40,0,40,19,3,18,20,19,36,36
421353,1,1,1983,0,0,11,0,0,12,0,9,25,21
421354,0,1,1983,0,0,0,0,0,11,0,0,15,0
421354,1,1,1983,32,11,0,0,14,22,17,16,30,22
421355,0,1,1983,0,0,0,0,0,0,0,0,0,0
421355,1,1,1983,0,12,0,0,0,0,0,7,0,0
421356,1,1,1983,0,0,7,0,0,0,0,0,0,0
421356,2,1,1983,0,2,0,0,0,23,12,0,16,22
421357,1,1,1983,0,0,0,0,0,0,0,0,0,0
421358,1,1,1983,12,12,12,12,12,12,12,12,12,12
421359,1,1,1983,0,0,0,0,0,0,0,0,0,0
421360,1,1,1983,27,27,27,27,27,27,27,27,27,27
421361,1,1,1983,0,0,0,0,0,0,0,0,0,0
421361,2,1,1983,0,0,0,0,0,0,0,0,0,0
421362,1,1,1983,21,26,23,18,6,27,20,26,0,15
421363,1,1,1983,0,0,0,0,0,0,0,0,0,0
421363,2,1,1983,0,0,0,0,0,0,0,0,0,0
421364,0,1,1983,0,0,0,0,0,0,0,0,0,0
421364,1,1,1983,0,0,0,0,0,0,0,0,0,0
421365,1,1,1983,0,0,0,0,0,0,0,0,0,0
421365,2,1,1983,12,12,12,12,12,12,12,12,12,12
421366,1,1,1983,0,0,0,0,0,0,0,0,0,0
421367,1,1,1983,0,0,0,0,14,0,0,0,0,0
421367,2,1,1983,0,0,0,6,0,0,0,0,15,11
421368,1,1,1983,0,0,0,0,0,0,0,0,0,0
421368,2,1,1983,0,0,0,0,0,0,0,0,0,0
421369,1,1,1983,21,21,21,21,21,21,21,21,21,21
421370,0,1,1983,0,0,0,0,0,0,0,17,0,0
421370,1,1,1983,0,0,0,0,0,0,0,0,0,0
421371,1,1,1983,0,0,0,0,0,0,0,0,0,0
421372,0,1,1983,0,0,0,0,0,0,0,0,0,0
421372,0,2,1983,26,19,0,0,9,22,7,0,0,23
421372,0,3,1983,6,9,0,10,19,0,0,7,0,0
421372,1,1,1983,0,15,0,0,0,0,0,0,0,0
421373,1,1,1983,26,22,0,12,17,17,22,18,0,23
421374,1,1,1983,7,7,7,7,7,7,7,7,7,7
421374,2,1,1983,12,12,12,12,12,12,12,12,12,12
421375,1,1,1983,6,29,16,0,0,18,0,0,0,0
421376,1,1,1983,15,15,15,15,15,15,15,15,15,15
421377,1,1,1983,19,4,2,0,9,0,0,0,10,12
421378,1,1,1983,12,12,12,12,12,12,12,12,12,12
421379,1,1,1983,0,0,0,0,0,0,0,0,0,0
421380,1,1,1983,11,11,11,11,11,11,11,11,11,11
421381,1,1,1983,10,10,10,10,10,10,10,10,10,10
421382,1,1,1983,0,13,21,0,20,0,22,22,25,0
421383,0,1,1983,23,23,23,23,23,23,23,23,23,23
421383,1,1,1983,11,0,0,0,14,0,0,0,0,0
421384,0,1,1983,25,25,25,25,25,25,25,25,25,25
421384,1,1,1983,0,4,12,16,15,19,9,15,22,11
421385,1,1,1983,6,6,6,6,6,6,6,6,6,6
421386,1,1,1983,0,0,0,0,0,0,0,0,0,7
421386,2,1,1983,0,0,0,0,0,0,0,0,7,0
421387,1,1,1983,0,0,0,0,5,0,0,0,0,13
421387,2,1,1983,0,0,0,0,0,0,0,0,0,0
421388,1,1,1983,22,22,22,22,22,22,22,22,22,22
421390,1,1,1983,31,31,31,31,31,31,31,31,31,31
421391,1,1,1983,19,19,19,19,19,19,19,19,19,19
421392,1,1,1983,24,14,0,0,21,26,17,10,11,21
421393,0,1,1983,0,0,0,0,0,0,0,0,0,0
421393,1,1,1983,0,0,0,0,0,0,12,0,0,0
421394,1,1,1983,0,0,11,0,0,0,0,0,5,0
421394,2,1,1983,0,0,0,0,0,0,0,0,0,0
421395,1,1,1983,32,32,32,32,32,32,32,32,32,32
421396,1,1,1983,0,0,0,0,0,0,0,0,0,0
421396,2,1,1983,0,0,0,0,4,0,0,0,0,0
421397,1,1,1983,0,0,0,0,0,0,0,0,0,0
421397,2,1,1983,0,0,0,0,0,0,0,0,0,0
421397,3,1,1983,0,0,0,0,0,0,0,0,0,0
421397,4,1,1983,0,0,0,0,0,0,0,0,0,0
421398,1,1,1983,0,0,0,0,0,0,0,0,0,0
421398,2,1,1983,0,0,19,5,0,0,0,0,7,0
421398,3,1,1983,0,0,0,0,0,0,0,0,0,0
421399,1,1,1983,22,22,22,22,22,22,22,22,22,22
421400,1,1,1983,17,17,17,17,17,17,17,17,17,17
421401,0,1,1983,0,0,0,0,0,0,0,0,0,0
421401,1,1,1983,0,0,0,0,0,0,0,0,0,0
421402,1,1,1983,0,0,0,0,0,0,0,0,0,0
421403,1,1,1983,0,0,0,18,0,0,0,5,0,0
421403,2,1,1983,0,0,9,0,0,0,0,0,12,4
421404,1,1,1983,22,22,22,0,26,12,11,0,16,22
421405,1,1,1983,0,0,0,0,0,0,0,0,0,0
421405,2,1,1983,0,0,0,0,0,0,0,0,0,0
421406,0,1,1983,20,18,13,0,0,0,23,0,18,0
421406,1,1,1983,0,20,0,25,0,0,17,22,12,5
421406,2,1,1983,0,0,0,0,0,0,0,21,9,0
421407,1,1,1983,0,0,0,0,0,0,0,0,0,0
421408,1,1,1983,4,18,0,0,0,0,0,0,10,0
421409,1,1,1983,13,13,13,13,13,13,13,13,13,13
421411,0,1,1983,26,17,0,20,21,0,24,22,32,0
421411,1,1,1983,0,0,32,0,0,0,15,0,10,14
421412,1,1,1983,0,0,0,0,9,17,19,7,0,0
421413,0,1,1983,0,0,22,0,0,0,0,0,0,0
421413,1,1,1983,0,0,0,0,0,0,0,0,0,0
421414,1,1,1983,15,15,15,15,15,15,15,15,15,15
421415,0,1,1983,0,0,0,0,0,0,0,0,0,0
421415,1,1,1983,17,0,0,0,0,0,0,0,0,0
421416,0,1,1983,21,21,21,21,21,21,21,21,21,21
421416,1,1,1983,0,0,0,21,0,19,0,0,26,27
421417,1,1,1983,12,0,19,22,27,28,6,0,0,0
421417,2,1,1983,0,13,0,0,7,0,0,18,27,0
421418,1,1,1983,14,14,14,14,14,14,14,14,14,14
421418,2,1,1983,16,16,16,16,16,16,16,16,16,16
421419,1,1,1983,0,0,0,0,0,0,0,0,0,0
421420,1,1,1983,23,23,23,23,23,23,23,23,23,23
421421,1,1,1983,0,0,0,0,0,0,0,0,0,0
421421,2,1,1983,19,0,0,10,17,0,0,0,0,0
421422,0,1,1983,0,0,11,19,32,10,13,0,12,0
421422,0,2,1983,0,0,0,0,0,0,0,0,0,0
421422,1,1,1983,0,0,0,0,0,20,0,0,18,0
421422,2,1,1983,0,0,0,0,0,0,0,0,0,0
421423,1,1,1983,0,0,0,0,0,0,9,0,0,0
421423,2,1,1983,0,0,0,0,0,0,0,0,0,0
421424,1,1,1983,0,0,0,0,0,0,0,0,0,0
421424,2,1,1983,0,0,0,0,0,0,0,0,0,0
421425,0,1,1983,0,0,27,0,0,0,0,11,0,0
421425,1,1,1983,0,0,0,0,0,0,0,0,7,0
421426,1,1,1983,33,33,33,33,33,33,33,33,33,33
421426,2,1,1983,0,0,0,0,0,0,0,0,0,0
421427,1,1,1983,0,0,0,0,3,12,0,0,0,0
421427,2,1,1983,0,0,0,0,0,0,0,0,0,0
421428,1,1,1983,0,7,0,0,9,0,16,5,6,6
421429,0,1,1983,0,0,0,0,0,0,0,0,0,0
421429,1,1,1983,0,0,0,0,0,0,0,0,7,0
421430,1,1,1983,20,19,13,19,6,15,23,0,15,19
421430,2,1,1983,0,0,0,0,0,0,0,13,0,12
421431,0,1,1983,0,0,0,0,0,0,0,0,0,0
421431,1,1,1983,0,0,0,0,0,0,0,17,0,0
421432,1,1,1983,5,5,5,5,5,5,5,5,5,5
421433,1,1,1983,0,0,0,0,0,0,0,0,0,0
421433,2,1,1983,0,0,0,0,0,0,0,0,0,0
421434,1,1,1983,5,24,0,18,17,12,16,17,20,20
421435,1,1,1983,0,8,15,7,0,33,24,9,21,0
421436,1,1,1983,0,0,0,0,0,0,0,0,0,0
421438,1,1,1983,16,21,31,18,21,19,14,11,26,19
421439,1,1,1983,5,0,0,0,0,0,0,0,0,0
421439,2,1,1983,0,0,0,9,4,0,0,0,0,0
421439,3,1,1983,0,0,0,0,0,0,0,0,0,0
421440,1,1,1983,31,31,31,31,31,31,31,31,31,31
421441,1,1,1983,24,24,24,24,24,24,24,24,24,24
421442,1,1,1983,25,25,25,25,25,25,25,25,25,25
421443,1,1,1983,0,0,0,0,0,0,0,0,0,0
421443,2,1,1983,5,5,5,5,5,5,5,5,5,5
421444,1,1,1983,0,0,0,0,0,0,0,0,0,0
421445,1,1,1983,0,0,0,0,0,0,0,0,0,0
421445,2,1,1983,0,0,0,0,0,0,0,0,0,0
421446,0,1,1983,0,0,0,0,0,0,0,0,0,0
421446,1,1,1983,0,0,0,0,0,16,0,0,0,0
421447,1,1,1983,17,17,17,17,17,17,17,17,17,17
421447,2,1,1983,5,5,5,5,5,5,5,5,5,5
421448,1,1,1983,19,13,0,26,10,18,14,0,0,6
421449,1,1,1983,0,0,0,0,0,0,0,0,0,0
421449,2,1,1983,0,0,0,0,0,0,0,0,0,0
421450,1,1,1983,0,0,0,0,0,0,0,0,0,0
421450,2,1,1983,0,0,0,0,0,0,0,0,0,0
421451,1,1,1983,0,0,0,0,0,0,0,0,0,0
421451,2,1,1983,14,0,20,0,0,0,13,0,0,0
421452,1,1,1983,0,0,0,0,0,0,0,0,0,0
421453,0,1,1983,26,26,26,26,26,26,26,26,26,26
421453,1,1,1983,0,0,0,0,0,0,0,0,0,0
421454,1,1,1983,0,0,0,0,0,0,0,0,0,0
421454,2,1,1983,0,0,0,0,0,0,0,0,0,0
421455,1,1,1983,0,0,0,0,0,0,0,0,0,0
421456,0,1,1983,0,19,0,0,47,0,0,0,0,0
421456,1,1,1983,0,0,0,18,0,27,0,9,0,20
421457,1,1,1983,19,31,0,0,0,10,25,23,19,24
421458,1,1,1983,20,20,20,20,20,20,20,20,20,20
421459,1,1,1983,0,0,0,0,15,0,0,0,0,0
421460,0,1,1983,0,0,0,0,0,0,0,0,0,0
421460,1,1,1983,0,0,0,0,0,0,0,0,25,0
421461,1,1,1983,0,0,0,0,0,0,0,0,0,0
421461,2,1,1983,0,0,0,0,0,0,0,0,0,0
421462,1,1,1983,0,0,0,0,0,0,0,0,0,0
421462,2,1,1983,10,10,10,10,10,10,10,10,10,10
421463,1,1,1983,19,0,11,0,0,0,0,12,16,5
421464,0,1,1983,0,0,0,0,0,0,0,0,0,0
421464,1,1,1983,15,31,12,9,33,32,13,33,27,22
421465,0,1,1983,22,22,22,22,22,22,22,22,22,22
421465,1,1,1983,24,16,21,0,15,20,0,0,0,3
421466,0,1,1983,0,0,0,0,0,0,0,0,0,0
421466,1,1,1983,0,15,0,0,0,0,0,0,17,0
421467,1,1,1983,23,23,23,23,23,23,23,23,23,23
421468,1,1,1983,0,0,0,0,0,0,0,0,0,0
421468,2,1,1983,0,0,0,0,0,0,0,0,0,0
421469,0,1,1983,0,0,0,0,0,0,0,0,0,0
421469,1,1,1983,0,30,24,23,8,10,0,19,26,0
421469,2,1,1983,0,0,0,0,0,0,0,11,0,0
421470,1,1,1983,15,15,15,15,15,15,15,15,15,15
421471,1,1,1983,12,12,28,14,16,33,21,28,18,0
421472,1,1,1983,19,19,19,19,19,19,19,19,19,19
421472,2,1,1983,0,0,0,0,0,0,0,0,0,0
421472,3,1,1983,14,0,16,14,0,0,6,17,0,0
421473,1,1,1983,8,0,0,0,0,0,0,0,0,0
421473,2,1,1983,0,0,0,0,0,0,0,0,0,0
421474,1,1,1983,0,0,0,0,0,13,0,0,0,0
421474,2,1,1983,0,9,0,0,0,0,0,0,0,0
421475,1,1,1983,0,0,0,0,0,0,0,0,0,0
421475,2,1,1983,0,0,0,19,0,14,0,0,0,0
421476,1,1,1983,0,9,0,0,25,0,0,0,0,0
421476,2,1,1983,0,0,0,0,0,0,0,0,0,0
421477,0,1,1983,56,0,0,0,21,0,0,17,0,32
421477,1,1,1983,0,0,0,0,0,0,0,0,0,0
421477,2,1,1983,0,0,0,0,0,0,0,0,0,0
421477,3,1,1983,13,0,0,0,7,0,0,0,0,0
421478,1,1,1983,0,0,0,0,0,0,0,0,0,0
421478,2,1,1983,0,0,0,0,0,0,0,0,0,0
421478,3,1,1983,0,0,0,0,0,0,0,0,0,0
421478,4,1,1983,5,5,5,5,5,5,5,5,5,5
421478,5,1,1983,0,0,0,0,0,0,0,0,0,0
421479,1,1,1983,17,17,17,17,17,17,17,17,17,17
421479,2,1,1983,0,0,0,0,0,0,0,0,0,0
421480,1,1,1983,0,0,0,0,0,0,0,0,0,0
421480,2,1,1983,10,10,10,10,10,10,10,10,10,10
421481,1,1,1983,0,0,0,0,0,0,0,0,0,0
421481,2,1,1983,0,0,0,0,0,0,0,0,0,0
421482,1,1,1983,20,0,0,0,10,0,0,0,0,20
421482,2,1,1983,0,0,0,0,0,0,0,0,0,0
421483,1,1,1983,0,0,0,0,0,0,0,0,0,0
421483,2,1,1983,6,0,0,20,0,0,0,0,0,0
421484,1,1,1983,0,0,0,0,0,0,0,0,0,0
421485,1,1,1983,0,0,0,0,0,0,0,0,0,0
421485,2,1,1983,0,0,0,0,0,0,0,0,0,0
421486,1,1,1983,0,0,9,0,0,19,0,0,0,13
421487,1,1,1983,0,0,0,0,0,0,0,0,0,0
421487,2,1,1983,0,0,0,0,0,0,0,0,0,0
421488,0,1,1983,18,18,18,18,18,18,18,18,18,18
421488,1,1,1983,0,10,0,0,13,13,0,0,26,0
421489,1,1,1983,0,0,0,20,16,0,0,0,22,11
421490,0,1,1983,25,25,25,25,25,25,25,25,25,25
421490,1,1,1983,8,0,0,0,0,0,7,0,0,0
421491,1,1,1983,0,0,0,0,0,0,0,0,0,0
421492,1,1,1983,0,0,0,0,0,0,0,0,0,0
421493,1,1,1983,0,8,0,0,0,15,0,13,0,0
421493,2,1,1983,0,0,0,0,0,0,0,0,0,0
421494,0,1,1983,29,29,29,29,29,29,29,29,29,29
421494,0,2,1983,5,5,5,5,5,5,5,5,5,5
421494,1,1,1983,20,15,22,3,9,0,0,13,25,0
421495,1,1,1983,0,0,4,0,0,0,0,0,0,0
421495,2,1,1983,0,0,0,0,0,0,0,0,0,0
421496,1,1,1983,24,24,24,24,24,24,24,24,24,24
421496,2,1,1983,1,1,1,1,1,1,1,1,1,1
421497,1,1,1983,0,0,0,0,0,0,0,0,0,0
421497,2,1,1983,0,0,0,0,0,0,0,0,0,0
421497,3,1,1983,5,5,5,5,5,5,5,5,5,5
421498,1,1,1983,15,12,0,0,0,0,7,7,0,18
421498,2,1,1983,10,0,0,0,12,4,4,0,0,0
421499,1,1,1983,22,22,22,22,22,22,22,22,22,22
421499,2,1,1983,17,18,15,27,24,23,21,13,29,25
421500,0,1,1983,0,15,0,0,0,0,0,16,0,0
421500,1,1,1983,0,4,9,8,15,4,0,0,3,27
421501,1,1,1983,0,15,19,5,14,2,20,8,22,22
421502,1,1,1983,11,0,0,0,11,0,0,20,0,0
421503,0,1,1983,0,0,0,0,0,0,0,0,0,0
421503,1,1,1983,0,0,13,0,0,0,0,0,0,0
421504,1,1,1983,12,22,0,0,0,18,0,33,11,17
421504,2,1,1983,0,0,0,0,0,0,0,0,0,0
421505,1,1,1983,18,18,18,18,18,18,18,18,18,18
421505,2,1,1983,0,18,39,16,22,0,21,26,20,3
421506,1,1,1983,17,17,17,17,17,17,17,17,17,17
421506,2,1,1983,31,31,31,31,31,31,31,31,31,31
421507,0,1,1983,2,2,2,2,2,2,2,2,2,2
421507,1,1,1983,0,0,0,0,0,13,14,8,17,8
421508,1,1,1983,0,0,0,0,0,0,0,0,0,0
421508,2,1,1983,0,0,0,20,0,0,0,16,23,0
421509,1,1,1983,14,21,11,10,14,18,21,16,20,17
421510,0,1,1983,0,0,0,11,0,9,0,0,0,0
421510,1,1,1983,0,0,0,0,0,0,0,0,5,0
421511,1,1,1983,0,0,0,0,0,0,0,0,0,0
421511,2,1,1983,0,11,0,0,0,0,0,0,7,15
421511,3,1,1983,0,0,0,22,0,0,0,0,0,0
421512,1,1,1983,0,0,0,0,0,0,0,0,0,0
421513,1,1,1983,8,8,8,8,8,8,8,8,8,8
421514,1,1,1983,33,33,33,33,33,33,33,33,33,33
421514,2,1,1983,0,0,0,0,0,18,0,0,16,0
421514,3,1,1983,0,0,0,0,0,0,0,6,0,0
421514,4,1,1983,26,0,0,0,8,0,0,0,0,4
421514,5,1,1983,0,0,0,0,0,0,0,0,0,0
421515,1,1,1983,0,0,0,0,0,0,0,0,0,0
421515,2,1,1983,0,0,0,0,0,0,0,0,0,0
421516,1,1,1983,0,0,0,0,0,0,0,0,0,0
421516,2,1,1983,0,0,0,0,0,0,0,0,0,0
421516,3,1,1983,26,0,20,0,14,0,0,0,14,0
421517,0,1,1983,0,0,0,0,0,0,0,0,0,0
421517,1,1,1983,0,0,0,19,0,21,0,0,0,0
421518,1,1,1983,25,25,25,25,25,25,25,25,25,25
421519,1,1,1983,13,0,0,0,0,22,0,0,0,0