ST_CASE,VEH_NO,PER_NO,YEAR,P1,P2,P3,P4,P5,P6,P7,P8,P9,P10
421519,2,1,1983,12,8,0,0,0,10,10,16,0,0
421521,1,1,1983,0,0,0,0,0,0,0,0,0,0
421521,2,1,1983,0,0,0,12,0,0,0,0,0,0
421523,1,1,1983,20,20,20,20,20,20,20,20,20,20
421523,2,1,1983,0,12,15,26,22,7,7,0,5,27
421523,3,1,1983,14,0,0,5,10,0,0,0,0,0
421524,0,1,1983,0,0,0,0,0,0,0,0,0,0
421524,1,1,1983,0,19,0,0,0,0,3,9,16,0
421525,1,1,1983,0,0,0,0,0,0,0,0,0,0
421526,1,1,1983,0,0,0,0,0,0,0,0,0,0
421526,2,1,1983,0,0,0,0,0,0,0,0,0,0
421527,1,1,1983,24,24,24,24,24,24,24,24,24,24
421528,1,1,1983,5,5,5,5,5,5,5,5,5,5
421528,2,1,1983,0,0,0,0,0,0,0,15,0,0
421529,0,1,1983,0,0,0,9,0,0,0,8,0,0
421529,1,1,1983,0,0,0,0,0,0,0,0,0,0
421530,1,1,1983,27,27,27,27,27,27,27,27,27,27
421531,1,1,1983,0,0,0,0,0,0,0,0,0,0
421531,2,1,1983,0,0,0,0,0,0,0,0,0,0
421532,1,1,1983,23,23,23,23,23,23,23,23,23,23
421534,1,1,1983,0,0,0,0,0,0,0,0,0,0
421534,2,1,1983,0,0,0,0,0,0,0,0,0,18
421535,1,1,1983,17,0,0,9,0,0,0,0,0,15
421535,2,1,1983,5,5,5,5,5,5,5,5,5,5
421537,1,1,1983,17,17,17,17,17,17,17,17,17,17
421538,1,1,1983,18,18,18,18,18,18,18,18,18,18
421538,2,1,1983,5,5,5,5,5,5,5,5,5,5
421539,1,1,1983,0,0,0,0,0,0,0,0,7,0
421539,2,1,1983,0,0,0,0,0,0,0,0,0,0
421540,1,1,1983,20,20,20,20,20,20,20,20,20,20
421541,1,1,1983,0,0,0,0,0,0,0,0,0,0
421541,2,1,1983,13,0,0,0,0,0,0,0,0,0
421542,1,1,1983,18,18,18,18,18,18,18,18,18,18
421542,2,1,1983,2,0,0,0,0,0,0,0,0,0
421543,1,1,1983,0,0,0,0,0,0,0,0,0,0
421543,2,1,1983,0,9,11,0,0,0,0,0,0,0
421544,1,1,1983,15,15,0,22,0,23,0,16,0,34
421544,2,1,1983,0,0,0,0,0,0,0,0,0,0
421545,1,1,1983,0,0,0,0,0,0,0,0,0,0
421545,2,1,1983,0,0,0,0,0,0,0,0,0,0
421546,1,1,1983,25,25,25,25,25,25,25,25,25,25
421546,2,1,1983,0,29,10,20,21,7,0,24,15,0
421547,1,1,1983,0,0,0,18,0,0,0,0,23,0
421547,2,1,1983,0,0,0,0,0,0,24,0,0,0
421548,1,1,1983,0,9,0,0,9,0,0,0,0,0
421548,2,1,1983,0,14,7,0,0,0,0,0,6,0
421549,1,1,1983,0,0,0,0,0,0,0,0,0,8
421549,2,1,1983,0,0,0,0,0,0,0,0,0,0
421550,0,1,1983,0,8,0,0,0,0,0,0,17,0
421550,1,1,1983,22,25,0,0,11,0,0,0,0,0
421551,1,1,1983,20,35,13,0,0,0,8,0,0,23
421551,2,1,1983,0,0,0,0,19,0,0,0,0,0
421552,1,1,1983,18,18,18,18,18,18,18,18,18,18
421553,1,1,1983,0,0,0,0,0,0,14,0,15,0
421553,2,1,1983,0,0,0,0,0,0,0,0,0,0
421554,1,1,1983,0,0,0,0,0,0,0,0,0,0
421555,1,1,1983,0,11,17,30,30,19,0,28,0,0
421555,2,1,1983,9,0,0,0,0,14,0,0,15,0
421556,0,1,1983,16,0,0,0,0,26,0,25,0,0
421556,1,1,1983,25,0,0,27,0,0,0,21,0,10
421557,1,1,1983,31,31,31,31,31,31,31,31,31,31
421557,2,1,1983,23,0,21,6,0,10,36,20,38,0
421558,0,1,1983,38,17,9,31,7,0,21,0,0,0
421558,1,1,1983,0,0,0,0,17,0,7,0,0,0
421559,1,1,1983,21,21,21,21,21,21,21,21,21,21
421560,1,1,1983,0,0,0,0,0,0,0,0,0,0
421561,0,1,1983,18,18,18,18,18,18,18,18,18,18
421561,1,1,1983,0,17,15,0,20,0,0,0,0,0
421562,0,1,1983,0,0,0,0,20,0,0,0,0,0
421562,1,1,1983,0,0,0,22,0,0,0,0,0,0
421563,1,1,1983,0,12,0,0,0,0,0,0,0,2
421564,0,1,1983,27,20,0,0,0,8,13,14,0,0
421564,1,1,1983,28,0,0,17,0,0,16,0,0,0
421565,0,1,1983,0,0,0,0,0,0,0,0,0,0
421565,1,1,1983,0,0,0,0,0,0,0,0,0,0
421566,1,1,1983,0,0,0,0,0,0,0,0,0,0
421568,0,1,1983,27,27,27,27,27,27,27,27,27,27
421568,1,1,1983,0,24,14,0,0,27,0,0,17,15
421569,1,1,1983,12,0,17,0,17,17,0,0,0,0
440001,1,1,1983,32,32,32,32,32,32,32,32,32,32
440001,2,1,1983,22,0,0,13,0,0,0,0,14,0
440002,1,1,1983,14,14,14,14,14,14,14,14,14,14
440003,1,1,1983,24,24,24,24,24,24,24,24,24,24
440004,1,1,1983,20,20,20,20,20,20,20,20,20,20
440005,1,2,1983,0,0,0,0,0,0,0,0,0,15
440006,1,1,1983,16,16,16,16,16,16,16,16,16,16
440007,1,2,1983,12,8,9,20,11,0,16,7,18,23
440008,0,1,1983,0,0,0,0,0,0,0,0,0,0
440009,1,1,1983,28,28,28,28,28,28,28,28,28,28
440010,0,1,1983,0,0,0,0,0,0,0,0,0,0
440010,1,1,1983,0,0,0,0,0,0,0,0,0,0
440011,1,1,1983,18,18,18,18,18,18,18,18,18,18
440012,1,2,1983,16,16,16,16,16,16,16,16,16,16
440013,0,1,1983,0,0,0,0,0,0,0,0,0,0
440014,0,1,1983,0,0,0,0,0,0,0,0,0,0
440014,1,1,1983,0,0,0,0,0,0,0,0,0,0
440015,0,1,1983,25,25,25,25,25,25,25,25,25,25
440015,1,1,1983,0,0,0,0,0,0,0,0,0,0
440016,1,1,1983,0,0,0,0,0,0,0,0,0,0
440017,1,1,1983,1,1,1,1,1,1,1,1,1,1
440018,1,1,1983,16,16,16,16,16,16,16,16,16,16
440019,0,1,1983,27,27,27,27,27,27,27,27,27,27
440019,1,1,1983,0,0,0,20,0,0,8,0,0,0
440020,0,1,1983,0,0,0,0,0,0,0,0,0,0
440020,1,1,1983,0,0,0,10,0,0,0,0,0,0
440021,0,1,1983,0,0,0,0,0,0,0,0,0,0
440021,1,1,1983,0,26,0,0,10,0,0,0,23,9
440022,1,1,1983,0,0,0,0,0,0,0,0,0,0
440022,2,1,1983,0,0,0,0,0,0,0,10,0,0
440023,1,1,1983,25,25,25,25,25,25,25,25,25,25
440024,0,1,1983,0,0,0,0,0,0,0,0,0,0
440024,1,1,1983,17,0,14,0,5,15,16,0,0,14
440024,2,1,1983,0,0,0,0,0,0,0,0,0,0
440025,1,1,1983,21,0,0,0,21,0,10,0,0,20
440025,2,1,1983,0,0,15,3,0,0,0,0,19,0
440025,3,1,1983,13,13,13,13,13,13,13,13,13,13
440026,1,1,1983,3,3,3,3,3,3,3,3,3,3
440027,1,1,1983,0,0,0,0,0,0,0,0,0,0
440028,1,1,1983,0,13,0,0,0,0,0,0,5,0
440028,2,1,1983,0,0,0,0,0,0,0,0,0,0
440028,3,1,1983,0,0,9,0,0,0,0,0,0,0
440028,4,1,1983,0,0,20,0,0,0,0,0,0,0
440028,5,1,1983,0,0,0,0,0,0,0,0,0,0
440028,6,1,1983,0,0,0,0,0,0,0,0,0,0
440029,1,1,1983,0,0,0,0,0,0,0,0,0,0
440030,1,1,1983,0,0,0,0,0,0,0,0,0,0
440030,2,1,1983,0,0,0,0,0,0,0,0,0,0
440031,0,1,1983,7,0,0,0,0,9,13,0,0,4
440031,0,2,1983,25,23,0,0,15,18,36,11,33,0
440031,1,1,1983,0,0,0,0,0,0,0,0,0,0
440032,1,1,1983,12,12,12,12,12,12,12,12,12,12
440034,1,1,1983,0,0,0,0,0,0,0,0,0,0
440035,0,1,1983,27,27,27,27,27,27,27,27,27,27
440035,1,1,1983,7,11,22,7,0,0,8,0,33,7
440036,1,1,1983,18,18,18,18,18,18,18,18,18,18
440037,0,1,1983,13,13,13,13,13,13,13,13,13,13
440037,1,1,1983,0,0,0,0,0,0,0,0,0,0
440038,1,1,1983,13,13,13,13,13,13,13,13,13,13
440039,1,1,1983,22,22,22,22,22,22,22,22,22,22
440040,1,1,1983,25,17,9,0,12,8,14,16,16,13
440040,2,1,1983,0,0,0,0,0,0,0,0,0,0
440041,1,1,1983,15,15,15,15,15,15,15,15,15,15
440042,1,2,1983,0,0,0,0,0,0,0,0,0,0
440042,2,1,1983,0,0,0,0,0,0,0,0,0,0
440043,1,1,1983,25,25,25,25,25,25,25,25,25,25
440044,1,1,1983,27,0,7,0,0,13,22,28,14,23
440045,0,1,1983,0,0,0,0,0,0,0,0,0,0
440045,1,1,1983,15,18,9,0,17,0,0,9,8,0
440046,0,1,1983,0,0,0,0,0,0,0,0,0,0
440046,1,1,1983,13,13,13,13,13,13,13,13,13,13
440047,1,1,1983,3,3,3,3,3,3,3,3,3,3
440048,1,1,1983,0,0,0,0,0,0,0,0,0,0
440048,2,1,1983,0,0,0,0,0,0,0,0,0,0
440049,1,1,1983,0,0,0,0,0,0,0,0,0,0
440049,2,1,1983,0,0,0,0,0,0,0,0,0,0
440050,0,1,1983,0,0,0,0,0,0,0,0,0,0
440050,1,1,1983,5,5,0,20,19,4,10,10,14,10
440051,0,1,1983,29,29,29,29,29,29,29,29,29,29
440051,1,1,1983,0,0,0,0,0,0,0,9,0,0
440052,1,1,1983,0,0,8,11,8,17,9,21,13,0
440052,2,1,1983,0,0,0,0,0,0,0,0,0,0
440053,1,1,1983,11,0,7,11,0,19,10,10,0,15
440053,2,1,1983,0,18,0,27,18,0,14,12,25,0
440054,1,1,1983,0,0,0,0,0,0,0,0,0,0
440054,2,1,1983,0,8,0,24,16,0,18,0,0,0
440055,1,1,1983,0,15,0,0,21,0,14,0,0,0
440055,2,1,1983,0,0,0,0,0,0,0,0,0,0
440055,3,1,1983,0,0,0,7,0,15,23,0,0,16
440056,1,1,1983,13,13,13,13,13,13,13,13,13,13
440057,0,1,1983,0,0,0,0,0,0,0,0,0,0
440057,1,1,1983,0,0,0,0,0,0,0,0,0,0
440058,1,1,1983,0,12,22,19,21,24,23,6,14,13
440059,0,1,1983,0,0,0,0,0,0,0,0,0,0
440059,1,1,1983,12,9,10,27,0,0,9,13,0,7
440060,1,1,1983,16,16,16,16,16,16,16,16,16,16
440061,0,1,1983,0,0,0,0,0,0,0,0,0,0
440061,1,1,1983,16,0,13,0,5,20,0,17,0,7
440063,1,1,1983,0,0,0,0,0,0,0,0,0,0
440064,1,1,1983,14,14,14,14,14,14,14,14,14,14
440065,1,1,1983,37,37,37,37,37,37,37,37,37,37
440065,2,1,1983,0,0,0,0,0,0,0,0,0,0
440066,1,1,1983,19,19,19,19,19,19,19,19,19,19
440067,1,1,1983,6,15,16,8,17,4,14,18,8,15
440068,1,1,1983,0,0,0,0,0,0,0,0,0,0
440069,1,1,1983,15,0,0,0,15,0,13,0,0,0
440069,2,1,1983,21,27,22,14,23,4,32,15,12,25
440070,0,1,1983,0,0,0,0,0,0,0,0,0,0
440070,1,1,1983,0,0,0,0,0,18,0,0,0,21
440071,0,1,1983,0,0,0,0,0,0,0,0,0,0
440071,1,1,1983,0,0,0,0,0,0,0,0,0,0
440072,1,4,1983,25,25,25,25,25,25,25,25,25,25
440073,1,1,1983,0,0,0,0,0,0,0,0,0,0
440073,2,1,1983,0,0,0,0,0,0,0,0,0,0
440074,1,1,1983,0,0,0,0,0,0,0,0,0,0
440074,2,1,1983,0,0,0,0,0,0,0,0,0,0
440075,1,1,1983,0,0,0,0,0,0,0,0,0,0
440076,1,1,1983,0,0,0,0,0,0,0,0,0,0
440077,1,1,1983,21,0,15,3,0,0,28,19,0,0
440077,2,1,1983,7,7,7,7,7,7,7,7,7,7
440078,1,2,1983,0,11,0,0,0,0,0,0,7,0
440079,0,1,1983,0,0,0,0,0,0,0,0,0,0
440079,1,1,1983,0,0,0,0,0,0,0,0,0,0
440080,0,1,1983,0,0,0,0,0,0,0,0,0,0
440080,1,1,1983,0,0,0,0,0,0,0,0,0,0
440081,0,1,1983,0,0,0,0,0,0,0,0,0,0
440081,1,1,1983,0,0,0,0,0,0,0,0,0,0
440082,0,1,1983,0,0,0,0,0,0,0,0,0,0
440082,1,1,1983,0,0,0,19,0,0,0,0,0,26
440083,1,1,1983,6,6,6,6,6,6,6,6,6,6
440083,2,4,1983,0,0,0,0,14,0,0,0,0,0
440084,1,1,1983,0,0,0,0,0,0,0,0,0,0
440086,0,1,1983,0,0,0,0,0,0,0,0,0,0
440086,1,1,1983,15,0,0,0,0,0,0,0,0,0
440087,1,1,1983,0,0,0,0,0,9,0,0,0,0
440088,1,1,1983,0,0,0,0,0,0,0,0,0,0
440088,2,1,1983,0,0,0,0,16,26,0,0,0,0
440089,1,1,1983,26,26,26,26,26,26,26,26,26,26
440089,2,1,1983,0,0,0,6,0,0,0,0,0,0
440090,1,1,1983,16,16,16,16,16,16,16,16,16,16
440091,1,1,1983,22,22,22,22,22,22,22,22,22,22
440091,2,1,1983,0,23,0,10,0,0,0,0,0,0
440092,1,1,1983,20,15,22,17,17,0,0,4,14,10
440094,1,1,1983,14,14,14,14,14,14,14,14,14,14
440096,1,1,1983,0,0,0,0,0,0,0,0,0,0
440096,2,1,1983,0,0,0,0,0,0,0,0,0,9
440096,3,1,1983,0,0,0,0,0,0,0,0,0,0
440097,0,1,1983,15,15,15,15,15,15,15,15,15,15
440097,1,1,1983,14,14,14,14,14,14,14,14,14,14
440098,1,1,1983,0,0,0,0,0,0,0,0,0,0
440098,2,1,1983,0,0,14,0,6,0,19,0,24,0
440098,3,1,1983,15,31,18,19,17,4,0,22,0,14
440099,0,1,1983,0,0,0,0,0,0,0,0,0,0
440099,1,1,1983,2,13,0,0,13,0,0,0,24,0
440100,1,1,1983,0,0,0,0,0,0,0,0,0,0
440100,2,1,1983,0,0,0,0,0,0,0,0,0,0
440101,1,1,1983,29,29,29,29,29,29,29,29,29,29
440101,2,1,1983,25,0,0,0,11,0,0,0,5,0
450001,1,1,1983,13,13,13,13,13,13,13,13,13,13
450001,2,1,1983,27,27,27,27,27,27,27,27,27,27
450002,0,1,1983,29,17,27,0,29,35,0,15,0,27
450002,1,1,1983,11,17,20,20,15,9,11,18,16,23
450003,1,2,1983,10,11,24,23,14,10,15,16,30,31
450004,1,1,1983,20,18,0,24,21,24,7,25,21,6
450005,1,1,1983,0,0,0,0,0,0,0,0,0,0
450005,2,1,1983,0,0,0,0,0,0,0,0,0,0
450006,1,1,1983,14,14,14,14,14,14,14,14,14,14
450007,1,1,1983,0,0,0,0,0,0,0,0,0,0
450008,1,1,1983,0,0,0,0,0,0,0,0,0,0
450008,2,1,1983,3,3,3,3,3,3,3,3,3,3
450009,1,1,1983,18,18,18,18,18,18,18,18,18,18
450010,1,1,1983,17,29,18,0,0,0,14,31,34,12
450011,1,1,1983,0,0,0,0,0,0,0,0,0,0
450011,2,1,1983,9,9,9,9,9,9,9,9,9,9
450012,1,1,1983,0,0,0,0,0,0,0,0,0,0
450013,1,1,1983,22,22,22,22,22,22,22,22,22,22
450014,0,1,1983,8,8,8,8,8,8,8,8,8,8
450014,1,1,1983,0,0,0,0,0,0,0,0,0,0
450015,0,1,1983,18,17,12,0,0,0,0,10,27,0
450015,1,1,1983,0,20,0,0,0,0,0,17,0,0
450017,1,1,1983,14,14,14,14,14,14,14,14,14,14
450018,0,1,1983,20,20,20,20,20,20,20,20,20,20
450018,1,1,1983,0,0,16,0,0,0,0,0,15,0
450019,1,1,1983,10,10,10,10,10,10,10,10,10,10
450020,1,1,1983,0,0,0,0,0,0,0,0,0,0
450021,1,1,1983,4,17,16,15,15,14,19,15,21,15
450022,1,1,1983,0,0,0,0,0,15,0,0,0,0
450022,2,1,1983,0,0,0,0,0,0,0,0,0,0
450023,1,1,1983,0,0,0,0,0,0,0,0,0,0
450024,0,1,1983,27,13,0,0,0,12,0,10,12,0
450024,1,1,1983,0,0,0,0,0,0,0,0,0,0
450025,1,1,1983,0,0,0,0,0,0,0,0,0,0
450025,2,1,1983,0,13,14,0,0,0,0,0,0,0
450025,3,1,1983,0,30,12,0,11,0,0,0,0,0
450026,1,1,1983,19,19,19,19,19,19,19,19,19,19
450027,1,1,1983,0,0,0,0,0,0,0,0,0,0
450027,2,1,1983,0,0,0,0,0,0,0,0,0,0
450028,1,1,1983,0,10,7,22,20,0,0,0,0,0
450028,2,1,1983,0,0,0,0,0,0,0,0,0,0
450029,1,1,1983,0,0,0,0,0,0,0,13,0,0
450030,0,1,1983,16,16,16,16,16,16,16,16,16,16
450030,1,1,1983,0,0,0,0,0,0,0,0,0,0
450031,1,1,1983,0,0,0,0,0,0,0,0,0,0
450031,2,1,1983,0,0,0,0,0,0,0,0,0,0
450032,1,1,1983,0,0,0,0,0,0,0,0,0,0
450033,1,1,1983,25,25,25,25,25,25,25,25,25,25
450033,2,1,1983,0,0,0,0,5,0,0,0,0,0
450034,0,1,1983,0,27,0,28,0,0,0,13,8,17
450034,1,1,1983,18,0,19,0,19,14,12,8,34,15
450035,1,1,1983,22,22,22,22,22,22,22,22,22,22
450036,1,1,1983,0,0,0,0,13,0,0,0,0,19
450037,1,1,1983,0,0,0,0,0,0,0,0,0,0
450037,2,1,1983,0,0,0,0,0,0,0,0,0,0
450038,1,1,1983,21,21,21,21,21,21,21,21,21,21
450039,1,1,1983,18,18,18,18,18,18,18,18,18,18
450040,1,1,1983,0,0,0,0,0,0,0,0,0,0
450040,2,1,1983,0,0,0,0,0,0,0,0,0,0
450041,0,1,1983,30,6,11,5,16,18,14,30,24,11
450041,1,1,1983,0,0,0,0,0,0,0,0,0,0
450042,1,1,1983,0,0,0,0,0,0,0,28,0,0
450042,2,1,1983,8,8,8,8,8,8,8,8,8,8
450043,1,1,1983,30,5,0,17,12,10,11,20,21,11
450043,2,1,1983,20,20,20,20,20,20,20,20,20,20
450044,1,1,1983,17,17,17,17,17,17,17,17,17,17
450045,1,1,1983,20,40,9,12,30,11,8,13,6,0
450046,1,1,1983,22,9,0,24,14,0,22,25,22,23
450047,1,1,1983,21,0,24,16,16,0,10,9,26,4
450048,1,1,1983,0,0,0,0,0,0,0,0,0,0
450048,2,1,1983,22,22,22,22,22,22,22,22,22,22
450049,1,1,1983,0,0,21,0,0,0,0,0,0,0
450049,2,1,1983,9,9,9,9,9,9,9,9,9,9
450051,1,1,1983,16,3,0,0,0,17,26,0,0,0
450052,1,1,1983,31,0,7,0,14,0,8,0,0,0
450053,0,1,1983,0,0,0,23,0,7,24,0,0,0
450053,1,1,1983,0,0,0,0,0,0,25,0,0,0
450054,0,1,1983,0,0,0,0,0,0,0,0,0,0
450054,1,1,1983,0,17,0,0,0,0,0,0,0,0
450055,1,1,1983,13,13,13,13,13,13,13,13,13,13
450056,1,1,1983,5,5,5,5,5,5,5,5,5,5
450057,1,1,1983,29,7,30,14,0,12,0,7,23,11
450058,1,1,1983,12,12,12,12,12,12,12,12,12,12
450059,1,1,1983,22,22,22,22,22,22,22,22,22,22
450060,1,1,1983,0,18,17,0,10,0,0,0,0,0
450060,2,1,1983,14,0,12,0,0,0,0,0,0,5
450061,1,1,1983,0,0,0,0,0,0,0,0,0,0
450062,1,1,1983,15,15,15,15,15,15,15,15,15,15
450063,1,1,1983,0,0,22,0,11,0,0,0,0,0
450064,1,1,1983,45,20,0,23,2,0,0,0,0,25
450065,1,1,1983,0,0,0,5,0,17,0,0,0,0
450065,2,1,1983,32,32,32,32,32,32,32,32,32,32
450067,1,1,1983,10,10,10,10,10,10,10,10,10,10
450067,2,1,1983,0,0,0,0,0,0,0,0,0,0
450068,0,1,1983,0,0,0,0,0,0,0,0,0,0
450068,1,1,1983,0,0,0,0,0,0,0,0,0,0
450069,1,1,1983,0,0,0,0,0,0,0,0,0,0
450069,2,1,1983,0,0,0,0,0,0,0,0,0,0
450070,0,1,1983,19,0,0,14,0,0,0,0,0,0
450070,1,1,1983,0,0,0,0,0,0,0,0,0,0
450071,1,1,1983,13,13,13,13,13,13,13,13,13,13
450072,1,1,1983,0,0,21,0,0,0,12,0,0,0
450072,2,1,1983,0,0,0,0,0,0,0,0,0,0
450072,3,1,1983,0,0,0,0,0,0,0,0,0,0
450072,4,1,1983,0,0,0,0,0,0,0,0,0,0
450073,0,1,1983,0,0,0,0,0,0,0,0,8,0
450073,1,1,1983,0,0,0,0,0,0,0,0,0,0
450074,1,1,1983,18,18,18,18,18,18,18,18,18,18
450075,1,1,1983,0,0,0,0,0,0,0,0,0,0
450075,2,1,1983,0,0,0,0,0,0,0,0,0,5
450076,0,1,1983,11,18,15,24,10,20,12,10,24,25
450076,1,1,1983,10,14,8,0,17,0,15,10,0,11
450077,1,1,1983,0,0,0,0,0,0,0,0,0,0
450077,2,1,1983,0,0,0,0,0,0,0,0,0,0
450078,0,1,1983,25,25,25,25,25,25,25,25,25,25
450078,1,1,1983,0,0,0,0,0,0,0,0,0,0
450079,1,1,1983,0,0,0,0,0,0,0,0,0,0
450079,2,1,1983,0,0,0,0,0,0,0,0,0,0
450080,1,1,1983,12,12,12,12,12,12,12,12,12,12
450081,1,1,1983,27,27,27,27,27,27,27,27,27,27
450082,1,1,1983,20,20,20,20,20,20,20,20,20,20
450083,1,1,1983,0,0,0,0,0,0,0,0,14,0
450083,2,1,1983,0,0,0,0,0,0,0,0,0,0
450084,1,1,1983,0,0,0,0,0,0,0,0,0,0
450084,2,1,1983,0,0,0,0,0,0,0,0,0,0
450085,0,1,1983,0,0,12,0,0,0,26,0,0,5
450085,1,1,1983,0,17,0,12,50,0,9,0,15,0
450086,1,1,1983,18,18,18,18,18,18,18,18,18,18
450087,1,1,1983,0,0,0,0,0,0,0,9,0,0
450088,1,1,1983,0,0,0,0,0,0,0,0,0,0
450088,2,1,1983,0,0,0,0,0,0,0,0,0,0
450089,1,1,1983,0,0,0,0,0,0,0,0,0,0
450089,2,1,1983,0,0,0,0,0,0,0,0,0,0
450090,1,1,1983,0,0,0,0,0,0,0,0,0,0
450090,2,1,1983,0,17,15,17,13,19,26,33,19,15
450091,1,1,1983,0,7,0,0,0,0,0,0,0,0
450091,2,1,1983,11,33,22,16,24,19,17,8,5,16
450093,1,1,1983,24,24,24,24,24,24,24,24,24,24
450094,0,1,1983,29,29,29,29,29,29,29,29,29,29
450094,1,1,1983,0,0,0,0,0,0,0,0,0,0
450095,1,1,1983,18,35,27,24,13,23,14,31,23,22
450096,0,1,1983,0,0,0,0,0,19,0,10,0,0
450096,1,1,1983,0,0,0,0,0,0,0,0,0,0
450097,1,1,1983,0,0,0,0,0,0,0,0,0,0
450097,2,1,1983,21,28,8,19,15,17,16,6,23,15
450098,1,1,1983,8,10,12,0,0,4,0,0,0,0
450098,2,1,1983,10,21,10,19,10,0,11,28,19,27
450099,1,1,1983,0,0,0,0,0,0,0,0,0,0
450099,2,1,1983,17,0,0,0,0,0,0,0,0,0
450100,1,1,1983,15,0,8,11,0,0,20,0,0,0
450101,1,1,1983,0,0,21,0,0,0,11,16,0,0
450101,2,1,1983,0,0,0,0,0,0,0,0,0,0
450102,1,1,1983,0,0,0,0,0,0,0,0,0,0
450102,2,1,1983,0,24,17,14,16,0,17,5,20,7
450103,1,1,1983,0,0,0,0,0,0,0,0,0,0
450104,0,1,1983,0,7,0,34,12,17,27,0,0,0
450104,1,1,1983,0,0,0,0,0,0,0,0,16,0
450105,1,1,1983,5,5,5,5,5,5,5,5,5,5
450106,1,1,1983,27,25,27,23,19,8,21,26,18,17
450106,2,1,1983,0,0,0,0,0,0,0,0,0,0
450107,1,1,1983,16,16,16,16,16,16,16,16,16,16
450108,1,1,1983,0,0,0,0,0,0,0,0,0,0
450108,2,1,1983,0,0,0,0,0,0,0,0,0,0
450109,1,1,1983,23,17,23,0,27,20,29,22,16,17
450110,1,1,1983,0,0,0,0,0,0,0,0,0,0
450110,2,1,1983,20,11,6,21,15,18,10,8,14,6
450111,0,1,1983,0,0,23,0,0,0,0,0,30,0
450111,1,1,1983,0,0,0,0,0,0,0,0,0,0
450112,1,1,1983,0,0,0,0,0,0,0,0,0,0
450112,2,1,1983,1,1,1,1,1,1,1,1,1,1
450113,1,1,1983,14,14,14,14,14,14,14,14,14,14
450114,1,1,1983,0,0,0,0,0,25,0,38,0,0
450115,0,1,1983,29,0,0,0,22,0,24,0,0,0
450115,1,1,1983,13,13,15,0,11,0,12,0,22,0
450116,1,1,1983,22,22,35,13,19,18,15,7,8,23
450117,1,1,1983,12,19,7,14,14,21,13,17,15,18
450117,2,1,1983,25,10,18,12,26,6,11,23,29,24
450118,1,1,1983,0,0,0,0,0,0,0,0,0,0
450119,0,1,1983,20,0,0,0,0,0,0,0,0,0
450120,0,1,1983,0,0,0,0,0,0,0,0,0,0
450120,1,1,1983,0,0,7,0,0,0,0,0,0,0
450121,1,1,1983,19,24,19,0,16,13,0,37,16,16
450122,1,1,1983,14,0,0,0,0,0,0,0,31,0
450123,0,1,1983,5,5,5,5,5,5,5,5,5,5
450123,1,1,1983,11,20,14,23,21,18,8,0,10,12
450124,0,1,1983,0,0,0,6,9,0,10,0,0,13
450124,1,1,1983,0,0,0,0,0,0,0,0,0,0
450125,0,1,1983,0,0,0,0,0,0,0,0,0,0
450125,1,1,1983,30,17,7,14,8,11,19,15,24,13
450126,0,1,1983,0,0,0,0,0,0,0,0,0,0
450126,1,1,1983,0,0,0,0,0,0,0,0,0,0
450127,1,1,1983,23,23,23,23,23,23,23,23,23,23
450128,1,1,1983,0,0,0,0,0,0,0,0,0,0
450128,2,1,1983,0,0,0,0,0,0,0,0,0,0
450129,1,1,1983,0,0,0,0,0,0,0,0,0,0
450129,2,1,1983,0,0,0,0,0,0,0,0,0,0
450129,3,1,1983,0,0,0,18,0,0,0,0,0,0
450129,4,1,1983,0,0,0,0,0,0,0,0,0,0
450130,1,1,1983,21,21,21,21,21,21,21,21,21,21
450131,1,1,1983,11,11,11,11,11,11,11,11,11,11
450132,0,1,1983,4,4,4,4,4,4,4,4,4,4
450132,1,1,1983,12,22,34,16,26,25,11,17,16,22
450133,0,1,1983,0,0,0,0,0,0,0,0,0,0
450133,1,1,1983,0,9,0,0,0,0,0,0,10,0
450133,2,1,1983,0,0,0,0,0,0,0,0,0,0
450134,0,1,1983,0,0,0,0,0,0,0,0,0,19
450134,1,1,1983,0,0,0,0,0,0,0,0,0,0
450135,0,1,1983,25,15,41,13,20,3,16,25,25,12
450135,1,1,1983,0,20,0,0,29,0,0,0,0,0
450136,1,1,1983,0,0,0,0,0,0,0,0,0,0
450136,2,1,1983,27,14,15,0,0,18,25,23,10,0
450137,1,1,1983,14,14,14,14,14,14,14,14,14,14
450138,1,1,1983,19,0,11,33,19,10,0,20,26,13
450139,0,1,1983,0,11,0,0,0,0,0,13,0,0
450139,1,1,1983,0,0,0,0,0,0,0,0,0,0
450140,1,1,1983,0,0,0,0,0,0,0,10,0,0
450140,2,1,1983,14,14,14,14,14,14,14,14,14,14
450140,3,1,1983,0,0,0,19,0,13,0,0,0,0
450141,1,1,1983,20,18,0,12,0,22,0,0,15,0
450142,0,1,1983,4,4,4,4,4,4,4,4,4,4
450142,1,1,1983,19,33,4,25,23,9,22,17,6,9
450143,0,1,1983,14,14,14,14,14,14,14,14,14,14
450143,1,1,1983,0,0,0,0,0,0,0,0,0,0