ST_CASE,VEH_NO,PER_NO,YEAR,P1,P2,P3,P4,P5,P6,P7,P8,P9,P10
450434,1,1,1983,22,34,13,26,17,0,17,0,12,0
450435,1,1,1983,0,0,0,0,0,0,0,0,0,0
450435,2,1,1983,0,0,0,0,0,0,0,0,0,0
450436,1,1,1983,0,0,0,0,0,21,0,0,0,19
450436,2,1,1983,0,0,0,0,0,0,0,0,0,0
450437,1,1,1983,0,0,0,0,0,0,0,0,0,0
450437,2,1,1983,0,0,0,0,0,0,0,0,0,0
450438,1,1,1983,26,26,26,26,26,26,26,26,26,26
450439,1,1,1983,4,4,4,4,4,4,4,4,4,4
450439,2,1,1983,0,0,0,0,0,0,0,0,0,0
450440,1,1,1983,9,9,9,9,9,9,9,9,9,9
450441,1,1,1983,22,22,22,22,22,22,22,22,22,22
450441,2,1,1983,21,21,21,21,21,21,21,21,21,21
450442,1,1,1983,18,18,18,18,18,18,18,18,18,18
450443,1,1,1983,15,22,21,30,17,17,13,19,0,19
450443,2,1,1983,0,0,0,19,0,0,0,0,0,0
450444,1,1,1983,0,0,0,0,0,0,0,0,0,0
450444,2,1,1983,0,0,0,0,0,0,0,0,0,0
450444,3,1,1983,0,0,0,0,0,0,7,0,0,0
450445,1,1,1983,13,13,13,13,13,13,13,13,13,13
450446,1,1,1983,21,21,21,21,21,21,21,21,21,21
450447,1,1,1983,0,19,33,0,0,11,7,0,15,0
450447,2,1,1983,0,0,0,0,0,0,0,8,0,11
450448,0,1,1983,35,16,27,39,0,29,18,0,28,18
450448,1,1,1983,19,20,8,19,31,21,17,7,18,18
450449,1,1,1983,18,9,15,15,10,18,33,20,5,26
450450,0,1,1983,0,0,0,0,0,0,0,0,0,0
450450,1,1,1983,0,0,0,0,0,0,0,0,0,0
450451,1,1,1983,0,0,0,0,0,0,0,0,0,0
450451,2,1,1983,0,0,0,0,0,0,0,0,0,0
450452,1,1,1983,18,19,17,24,4,34,20,16,16,0
450453,1,1,1983,24,24,24,24,24,24,24,24,24,24
450454,0,1,1983,9,7,26,14,20,29,14,31,28,35
450454,1,1,1983,0,0,0,0,0,0,0,0,0,0
450455,1,1,1983,18,18,18,18,18,18,18,18,18,18
450456,1,1,1983,0,0,0,0,0,0,0,0,0,0
450456,2,1,1983,0,0,0,0,0,0,0,0,0,0
450457,1,1,1983,0,6,29,5,17,20,24,10,0,0
450458,1,1,1983,0,0,0,15,0,0,0,0,0,0
450459,1,1,1983,0,0,0,0,0,0,0,0,0,0
450460,0,1,1983,15,2,24,16,5,25,16,46,0,18
450460,1,1,1983,4,4,11,6,6,16,32,18,23,15
450461,0,1,1983,16,0,0,0,0,5,0,0,0,10
450461,1,1,1983,0,0,0,16,11,0,0,0,0,0
450462,1,1,1983,24,19,0,7,19,12,21,6,10,27
450463,0,1,1983,30,19,19,12,5,0,15,12,0,0
450463,0,2,1983,0,0,0,0,0,0,0,0,0,0
450463,1,1,1983,0,0,0,0,0,0,0,0,0,0
450464,1,1,1983,0,0,0,0,0,0,0,0,0,0
450464,2,1,1983,20,20,20,20,20,20,20,20,20,20
450465,1,1,1983,0,0,0,0,0,0,0,0,0,0
450466,0,1,1983,22,22,22,22,22,22,22,22,22,22
450466,1,1,1983,0,0,0,0,0,0,0,0,0,0
450467,1,1,1983,0,20,15,15,15,27,19,17,14,15
450468,0,1,1983,33,18,13,0,20,28,22,27,18,14
450468,1,1,1983,10,16,0,13,6,14,7,0,11,5
450469,0,1,1983,11,15,39,29,15,33,24,40,25,39
450469,1,1,1983,0,0,0,0,0,0,0,0,0,0
450470,1,1,1983,20,20,20,20,20,20,20,20,20,20
450471,1,1,1983,19,15,14,17,9,11,26,13,6,17
450472,1,1,1983,28,20,10,15,16,2,16,24,17,0
450473,1,1,1983,0,0,0,0,0,0,14,0,0,0
450473,2,1,1983,0,0,0,0,0,0,0,0,0,31
450474,1,1,1983,0,0,0,0,0,0,0,0,0,0
450475,0,1,1983,0,0,0,0,0,0,0,0,0,0
450475,1,1,1983,0,0,0,0,0,0,0,0,0,0
450476,0,1,1983,0,0,24,0,0,0,0,0,0,0
450476,1,1,1983,0,0,0,0,0,0,0,0,0,0
450477,1,1,1983,0,0,0,0,0,0,11,0,0,0
450477,2,1,1983,0,0,0,0,0,0,0,0,0,0
450478,1,1,1983,0,0,0,0,0,0,0,0,0,0
450479,0,1,1983,0,0,0,0,0,0,0,0,0,0
450479,1,1,1983,0,0,0,0,0,0,0,0,0,0
450480,1,1,1983,8,8,8,8,8,8,8,8,8,8
450481,1,1,1983,0,0,0,0,0,0,20,0,0,0
450481,2,1,1983,0,0,0,0,0,0,0,0,0,0
450482,1,1,1983,25,25,25,25,25,25,25,25,25,25
450482,2,1,1983,0,0,0,0,0,0,10,0,0,0
450483,1,1,1983,0,0,0,0,0,0,0,0,0,0
450483,2,1,1983,11,0,0,13,10,16,3,0,0,0
450484,0,1,1983,0,0,0,0,0,27,0,0,0,0
450484,1,1,1983,0,0,0,0,0,0,0,0,0,0
450485,1,1,1983,22,15,20,32,20,22,19,26,20,21
450486,0,1,1983,0,0,0,0,16,33,0,42,23,21
450486,1,1,1983,0,0,0,0,0,0,0,0,0,0
450487,1,1,1983,13,16,11,12,32,6,27,16,17,14
450488,1,1,1983,17,17,17,17,17,17,17,17,17,17
450489,1,1,1983,20,20,20,20,20,20,20,20,20,20
450490,1,1,1983,0,0,0,10,0,0,0,0,17,0
450490,2,1,1983,0,0,0,0,0,0,0,0,0,0
450491,1,1,1983,0,0,0,14,0,0,0,0,0,0
450491,2,1,1983,8,0,0,0,0,0,13,0,0,0
450492,1,1,1983,0,0,0,0,0,0,0,0,0,0
450492,2,1,1983,0,0,0,0,0,0,0,0,0,0
450493,0,1,1983,18,18,18,18,18,18,18,18,18,18
450493,1,1,1983,0,0,13,0,0,0,0,15,0,4
450494,0,1,1983,15,15,15,15,15,15,15,15,15,15
450494,1,1,1983,3,3,3,3,3,3,3,3,3,3
450495,1,1,1983,0,0,0,0,0,0,0,0,0,0
450495,2,1,1983,0,0,0,0,0,0,0,0,0,0
450496,1,1,1983,0,0,0,0,0,0,0,0,0,0
450496,2,1,1983,0,0,0,0,0,0,0,0,0,0
450497,1,1,1983,0,0,0,0,0,0,0,0,0,0
450497,2,1,1983,0,0,0,0,9,10,0,0,0,0
450498,1,1,1983,0,0,0,0,8,0,0,0,0,0
450498,2,1,1983,0,0,0,0,0,0,0,0,0,0
450499,0,1,1983,0,0,0,46,0,0,0,0,0,0
450499,1,1,1983,0,0,0,0,0,0,0,0,0,0
450500,1,1,1983,26,20,11,9,12,15,5,24,18,11
450500,2,1,1983,19,19,8,7,16,19,18,10,25,11
450501,1,1,1983,19,10,12,10,13,24,19,28,11,8
450502,1,1,1983,18,13,22,18,0,0,27,9,26,33
450503,1,1,1983,9,9,9,9,9,9,9,9,9,9
450504,0,1,1983,23,23,23,23,23,23,23,23,23,23
450504,1,1,1983,0,0,32,0,8,29,0,0,18,0
450505,0,1,1983,0,14,17,0,0,0,0,17,16,19
450505,1,1,1983,0,0,0,0,0,0,0,0,0,0
450506,1,1,1983,25,25,25,25,25,25,25,25,25,25
450507,1,1,1983,21,21,21,21,21,21,21,21,21,21
450508,0,1,1983,0,0,0,0,0,0,0,0,0,0
450508,1,1,1983,0,0,0,0,0,0,0,0,0,0
450509,1,1,1983,13,13,13,13,13,13,13,13,13,13
450510,1,1,1983,0,19,0,17,19,0,19,31,11,16
450511,0,1,1983,0,38,4,24,0,0,12,20,0,0
450511,1,1,1983,0,0,0,0,0,0,0,0,0,0
450512,1,1,1983,19,10,11,16,12,10,13,17,17,16
450513,0,1,1983,24,0,0,0,0,0,0,0,0,11
450513,1,1,1983,0,0,0,0,0,0,0,0,0,0
450514,0,1,1983,0,0,0,0,0,0,0,0,13,0
450514,1,1,1983,0,0,0,0,0,0,0,0,0,0
450515,0,1,1983,11,11,11,11,11,11,11,11,11,11
450515,1,1,1983,0,0,0,0,0,0,0,0,0,0
450516,1,1,1983,0,0,0,0,0,0,0,0,0,0
450516,2,1,1983,0,0,0,0,0,0,0,0,0,0
450517,1,1,1983,7,8,14,16,22,9,9,11,19,24
450518,1,1,1983,23,23,23,23,23,23,23,23,23,23
450519,1,1,1983,16,0,0,0,0,0,0,0,0,0
450519,2,1,1983,0,0,25,11,4,0,20,26,16,8
450520,0,1,1983,0,0,0,0,0,8,0,0,8,0
450520,0,2,1983,0,0,0,19,0,0,0,0,0,17
450520,1,1,1983,13,0,0,0,0,0,0,0,0,0
450521,1,1,1983,34,17,0,0,0,0,0,0,0,0
450521,2,1,1983,6,15,5,0,21,19,19,15,11,16
450522,1,1,1983,27,29,30,0,0,5,0,11,0,6
450523,0,1,1983,0,0,0,10,34,0,0,0,0,0
450523,1,1,1983,11,12,7,4,18,13,2,20,11,22
450524,1,1,1983,13,13,13,13,13,13,13,13,13,13
450524,2,1,1983,0,17,0,0,0,0,0,0,0,0
450524,3,1,1983,0,0,0,0,0,0,0,0,0,0
450525,0,1,1983,25,7,20,27,20,0,26,0,31,17
450525,1,1,1983,0,0,0,0,0,0,0,0,0,0
450526,1,1,1983,0,0,0,0,0,0,0,0,0,0
450526,2,1,1983,10,10,10,10,10,10,10,10,10,10
450527,1,1,1983,20,20,20,20,20,20,20,20,20,20
450527,2,1,1983,0,0,0,0,0,0,0,0,0,0
450528,1,1,1983,0,0,0,6,7,11,0,0,0,8
450528,2,1,1983,0,0,0,0,0,0,0,0,0,0
450529,1,1,1983,0,0,0,0,0,0,0,0,0,0
450529,2,1,1983,16,16,16,16,16,16,16,16,16,16
450530,1,1,1983,0,0,0,0,0,0,0,0,0,0
450530,2,1,1983,0,0,0,0,0,0,0,0,0,0
450531,0,1,1983,0,0,0,0,0,0,0,0,0,0
450531,1,1,1983,0,0,0,0,0,0,18,0,0,0
450532,1,1,1983,19,0,4,0,15,10,0,0,18,11
450533,1,1,1983,19,19,19,19,19,19,19,19,19,19
450534,1,1,1983,21,41,27,17,15,10,8,4,6,13
450534,2,1,1983,3,3,3,3,3,3,3,3,3,3
450535,1,1,1983,0,0,0,0,0,27,0,21,0,0
450536,1,1,1983,0,0,0,0,0,0,0,0,0,0
450537,1,1,1983,0,0,0,0,0,0,0,0,0,0
450537,2,1,1983,0,0,0,0,0,0,0,0,0,0
450538,0,1,1983,0,0,0,0,0,0,0,0,0,0
450538,1,1,1983,0,0,0,0,0,0,0,0,0,0
450539,1,1,1983,0,0,0,0,0,0,0,0,0,0
450539,2,1,1983,0,0,0,0,0,0,0,0,0,0
450540,1,1,1983,23,23,23,23,23,23,23,23,23,23
450541,1,1,1983,0,0,0,0,0,0,0,0,0,0
450541,2,1,1983,0,0,0,0,0,0,0,0,0,0
450542,1,1,1983,0,0,0,0,0,0,0,0,0,0
450543,1,1,1983,12,13,25,23,25,28,26,14,10,24
450544,1,1,1983,0,0,0,0,0,0,0,0,0,0
450544,2,1,1983,0,0,0,0,0,0,0,0,0,0
450544,3,1,1983,0,0,0,0,0,0,0,0,0,0
450545,1,1,1983,0,0,0,0,0,14,0,0,0,16
450546,0,1,1983,0,0,21,0,30,0,0,0,0,0
450546,1,1,1983,24,17,21,19,19,4,15,18,14,14
450547,0,1,1983,20,20,20,20,20,20,20,20,20,20
450547,1,1,1983,13,0,0,0,0,0,0,0,0,0
450548,0,1,1983,0,0,0,0,0,0,0,0,0,0
450548,1,1,1983,0,0,0,0,0,0,0,0,0,0
450549,0,1,1983,13,13,13,13,13,13,13,13,13,13
450549,1,1,1983,0,0,0,0,0,0,0,0,0,0
450550,1,1,1983,31,31,31,31,31,31,31,31,31,31
450551,0,1,1983,0,0,0,0,0,0,0,0,0,0
450551,1,1,1983,0,0,13,0,0,0,12,0,0,0
450552,0,1,1983,21,21,21,21,21,21,21,21,21,21
450552,1,1,1983,20,15,11,15,12,6,0,15,14,0
450553,1,1,1983,17,57,18,18,21,23,20,16,15,18
450554,0,1,1983,18,20,9,4,14,27,24,9,14,29
450554,1,1,1983,0,0,0,0,0,0,0,0,0,0
450555,1,1,1983,16,0,0,12,17,0,3,0,4,6
450555,2,1,1983,0,0,0,0,0,0,0,0,0,0
450556,0,1,1983,0,0,0,19,9,0,0,0,0,0
450556,1,1,1983,0,0,0,0,0,0,0,0,0,0
450557,1,1,1983,0,15,0,0,0,16,0,21,15,0
450557,2,1,1983,0,0,0,0,0,0,0,0,0,0
450558,1,1,1983,0,18,0,0,0,13,12,13,0,4
450559,1,1,1983,21,21,21,21,21,21,21,21,21,21
450560,0,1,1983,12,12,12,12,12,12,12,12,12,12
450560,1,1,1983,0,0,0,0,0,0,0,0,0,0
450561,1,1,1983,0,0,0,0,0,0,0,0,0,0
450561,2,1,1983,0,0,0,0,0,0,0,0,0,0
450562,1,1,1983,15,15,15,15,15,15,15,15,15,15
450563,0,1,1983,28,11,19,21,15,24,13,20,16,22
450563,1,1,1983,13,0,0,7,0,12,0,19,21,16
450564,1,1,1983,0,0,0,0,0,64,0,0,0,0
450564,2,1,1983,22,22,22,22,22,22,22,22,22,22
450565,0,1,1983,14,29,0,23,0,10,0,15,9,19
450565,1,1,1983,16,0,45,19,17,40,15,0,8,28
450566,0,1,1983,0,0,0,0,0,0,0,0,0,0
450566,1,1,1983,0,0,0,15,0,0,0,0,0,0
450567,1,1,1983,28,28,28,28,28,28,28,28,28,28
450568,1,1,1983,0,0,0,0,0,0,0,0,0,0
450568,2,1,1983,0,0,0,0,0,0,0,0,0,0
450569,0,1,1983,0,0,0,0,0,0,0,0,0,0
450569,1,1,1983,0,0,0,0,0,0,0,0,0,0
450570,0,1,1983,0,0,0,0,0,0,0,0,0,0
450570,1,1,1983,0,0,0,0,0,0,0,0,0,0
450571,0,1,1983,0,0,0,0,0,0,0,0,0,0
450571,1,1,1983,0,0,0,0,0,0,0,0,0,0
450572,1,1,1983,12,11,16,19,11,23,10,25,28,17
450573,1,1,1983,0,0,0,0,0,0,0,0,0,0
450573,2,1,1983,0,0,0,0,0,0,0,0,0,0
450574,1,1,1983,0,0,0,18,0,0,0,0,0,0
450574,2,1,1983,0,0,0,0,0,0,0,0,0,0
450575,1,1,1983,0,0,0,0,0,0,0,0,0,0
450576,1,1,1983,0,0,21,0,0,0,18,0,0,0
450576,2,1,1983,0,0,0,26,0,26,0,0,0,0
450577,1,1,1983,0,0,0,0,0,0,0,0,0,0
450577,2,1,1983,25,25,25,25,25,25,25,25,25,25
450578,1,1,1983,0,0,0,0,0,0,15,0,0,0
450579,1,1,1983,17,27,0,17,21,17,44,17,25,17
450580,1,1,1983,0,0,0,0,0,0,0,0,0,0
450580,2,1,1983,0,0,0,6,0,0,0,0,0,0
450581,1,1,1983,0,0,6,0,0,0,0,0,0,0
450581,2,1,1983,0,0,0,0,0,0,0,0,16,0
450582,1,1,1983,0,0,0,0,0,0,0,13,0,0
450583,1,1,1983,0,0,0,0,0,0,0,0,0,0
450584,1,1,1983,0,0,0,0,0,0,0,0,0,0
450584,2,1,1983,0,0,0,0,0,0,0,0,0,0
450584,3,1,1983,0,0,0,0,0,0,0,0,0,0
450585,0,1,1983,12,12,12,12,12,12,12,12,12,12
450585,1,1,1983,0,0,0,0,16,21,0,0,0,0
450586,0,1,1983,0,0,0,0,0,0,0,0,0,0
450586,1,1,1983,21,0,0,0,0,0,0,0,0,0
450587,0,1,1983,22,22,7,19,16,16,34,16,39,19
450587,1,1,1983,0,0,0,0,0,0,0,0,0,0
450588,1,1,1983,0,0,0,0,0,0,0,0,0,0
450588,2,1,1983,0,0,0,0,0,0,0,25,7,0
450588,3,1,1983,2,23,0,0,0,0,13,15,0,12
450589,1,1,1983,28,8,20,25,20,18,24,14,28,39
450590,0,1,1983,0,8,0,0,0,0,0,0,0,36
450590,1,1,1983,0,0,0,0,0,0,0,0,0,0
450591,1,1,1983,17,0,0,0,0,0,0,0,0,0
450591,2,1,1983,0,0,0,0,0,0,0,0,0,0
450592,1,1,1983,29,20,8,32,13,19,39,10,30,14
450593,0,1,1983,15,15,15,15,15,15,15,15,15,15
450593,1,1,1983,0,0,0,0,0,0,0,35,0,0
450594,1,1,1983,0,0,0,0,0,0,0,0,0,0
450594,2,1,1983,0,0,0,0,0,0,0,0,0,0
450595,1,1,1983,15,15,15,15,15,15,15,15,15,15
450596,1,1,1983,0,33,0,0,0,14,0,0,20,0
450597,1,1,1983,18,18,18,18,18,18,18,18,18,18
450598,1,1,1983,0,0,0,0,0,0,0,0,0,0
450598,2,1,1983,0,0,0,0,0,0,0,0,0,0
450599,1,1,1983,0,0,0,0,0,0,0,0,0,0
450599,2,1,1983,8,9,14,13,19,11,26,11,16,11
450600,1,1,1983,0,0,0,0,0,0,0,0,0,0
450600,2,1,1983,0,22,17,0,0,0,0,0,0,0
450601,1,1,1983,0,0,0,0,0,0,0,0,0,0
450602,1,1,1983,20,11,25,20,0,0,32,14,10,11
450603,0,1,1983,0,0,0,0,0,0,0,0,0,0
450603,1,1,1983,0,0,0,0,0,0,0,0,0,0
450604,0,1,1983,0,0,0,0,0,0,0,0,0,0
450604,1,1,1983,0,0,0,0,0,22,0,11,0,0
450605,1,1,1983,13,13,13,13,13,13,13,13,13,13
450605,2,1,1983,21,21,21,21,21,21,21,21,21,21
450606,1,1,1983,0,14,0,13,0,0,0,0,0,0
450606,2,1,1983,22,12,0,0,0,24,0,4,0,20
450607,1,1,1983,0,0,0,0,0,0,0,0,0,0
450608,1,1,1983,11,11,11,11,11,11,11,11,11,11
450608,2,1,1983,0,0,0,0,0,0,0,0,0,0
450609,1,1,1983,6,6,6,6,6,6,6,6,6,6
450610,1,1,1983,0,0,0,0,0,0,0,0,0,0
450610,2,1,1983,0,0,0,0,0,0,0,0,0,0
450611,0,1,1983,0,0,29,0,30,22,16,11,0,24
450611,1,1,1983,0,13,0,26,0,0,7,0,0,0
450612,1,1,1983,0,0,0,0,0,0,0,0,0,0
450612,2,1,1983,0,0,0,0,18,0,0,0,0,0
450613,0,1,1983,0,0,0,0,0,0,0,0,0,0
450613,1,1,1983,0,0,0,0,0,0,0,0,0,0
450614,1,1,1983,0,0,0,0,0,0,0,0,0,0
450614,2,1,1983,0,0,0,0,0,0,0,0,0,0
450615,1,1,1983,0,0,0,0,0,0,0,0,0,0
450615,2,1,1983,0,0,0,0,0,0,0,0,0,0
450616,1,1,1983,11,11,11,11,11,11,11,11,11,11
450617,1,1,1983,9,9,9,9,9,9,9,9,9,9
450618,1,1,1983,14,14,14,14,14,14,14,14,14,14
450619,1,1,1983,0,0,0,0,0,8,0,0,0,0
450619,2,1,1983,19,15,8,23,17,21,21,0,18,8
450620,1,1,1983,18,18,18,18,18,18,18,18,18,18
450621,1,1,1983,17,11,17,24,15,14,24,11,22,27
450622,1,1,1983,5,28,10,0,18,0,13,5,15,0
450623,1,1,1983,24,24,24,24,24,24,24,24,24,24
450624,0,1,1983,0,12,25,0,17,37,0,0,0,22
450624,1,1,1983,0,0,0,0,0,0,0,0,0,25
450625,1,1,1983,16,20,26,16,22,0,17,45,0,15
450626,1,1,1983,0,0,0,0,0,0,0,0,0,0
450627,0,1,1983,0,0,0,0,19,0,12,0,0,0
450627,1,1,1983,0,11,0,14,2,27,15,0,13,10
450628,1,1,1983,15,15,15,15,15,15,15,15,15,15
450628,2,1,1983,0,0,0,0,0,0,0,0,0,0
450628,3,1,1983,0,0,0,0,0,0,0,0,0,0
450629,1,1,1983,0,0,0,0,0,0,0,0,0,0
450629,2,1,1983,0,0,0,0,0,0,0,0,0,0
450630,1,1,1983,0,0,0,0,0,0,0,0,0,0
450630,2,1,1983,0,0,0,0,0,0,0,0,0,0
450631,1,1,1983,0,0,0,0,0,0,0,0,19,0
450631,2,1,1983,3,10,14,6,18,18,14,19,0,11
450632,1,1,1983,0,0,0,0,0,0,0,0,0,0
450633,1,1,1983,27,27,27,27,27,27,27,27,27,27
450634,1,1,1983,0,0,0,0,0,0,0,0,0,0
450634,2,1,1983,0,0,0,0,0,0,0,0,0,0
450635,1,1,1983,0,27,0,0,0,0,0,23,0,0
450635,2,1,1983,0,0,0,0,0,0,0,0,0,0
450636,1,1,1983,15,15,15,15,15,15,15,15,15,15
450636,2,1,1983,21,21,21,21,21,21,21,21,21,21
450637,1,1,1983,0,0,0,0,0,0,0,0,0,0
450638,1,1,1983,8,20,25,12,0,0,16,9,10,15
450639,1,1,1983,0,0,0,0,0,0,0,0,0,0
450639,2,1,1983,18,18,18,18,18,18,18,18,18,18
450640,1,1,1983,24,24,24,24,24,24,24,24,24,24
450641,1,1,1983,0,0,20,0,0,0,0,0,0,0
450641,2,1,1983,0,0,0,0,0,0,0,0,0,0
450642,1,1,1983,0,0,0,0,0,0,0,0,0,0
450643,1,1,1983,0,0,0,0,0,0,9,19,0,0
450644,1,1,1983,20,0,19,0,0,0,0,0,0,11
450644,2,1,1983,0,0,0,0,0,0,0,0,0,0
450645,1,1,1983,0,0,0,0,0,0,0,24,0,0
450646,1,1,1983,0,0,18,0,0,0,0,0,0,0
450646,2,1,1983,20,18,14,26,12,0,11,10,12,20
450647,1,1,1983,0,0,0,0,0,0,0,0,0,0
450648,0,1,1983,14,0,0,0,21,0,0,0,0,0
450648,1,1,1983,0,0,0,0,0,0,0,0,0,0
450649,1,1,1983,0,0,0,0,0,0,0,0,0,0
450649,2,1,1983,11,11,11,11,11,11,11,11,11,11
450650,1,1,1983,11,11,11,11,11,11,11,11,11,11
450651,1,1,1983,8,9,0,0,0,0,0,0,8,0
450651,2,1,1983,0,0,0,0,0,20,0,0,0,0
450652,1,1,1983,10,15,21,7,11,15,19,16,12,25
450653,1,1,1983,19,19,19,19,19,19,19,19,19,19
450654,1,1,1983,0,0,0,0,0,0,0,0,0,0
450654,2,1,1983,18,18,18,18,18,18,18,18,18,18
450655,1,1,1983,0,0,0,6,0,0,0,0,0,0
450656,0,1,1983,25,25,25,25,25,25,25,25,25,25
450656,1,1,1983,0,0,0,0,0,0,14,0,0,0
450657,1,1,1983,0,0,0,0,0,0,0,0,0,0
450657,2,1,1983,6,6,6,6,6,6,6,6,6,6
450657,3,1,1983,1,1,1,1,1,1,1,1,1,1
450658,1,1,1983,0,28,32,9,0,27,5,18,15,0
450659,1,1,1983,1,1,1,1,1,1,1,1,1,1
450659,2,1,1983,11,9,0,0,0,8,22,0,0,0
450660,1,1,1983,15,30,33,10,17,3,10,4,5,20
450661,1,1,1983,0,0,0,0,0,0,0,0,13,0
450662,1,1,1983,0,0,0,0,0,0,15,0,0,0
450663,1,1,1983,0,0,0,0,0,0,0,0,0,0
450663,2,1,1983,0,0,21,0,0,0,20,17,0,0
450664,1,1,1983,0,0,0,0,0,0,0,0,0,0
450664,2,1,1983,0,0,0,0,0,0,0,0,0,0
450664,3,1,1983,0,0,0,0,19,0,0,0,0,0
450665,1,1,1983,0,0,0,0,0,0,0,0,0,0
450665,2,1,1983,15,15,15,15,15,15,15,15,15,15
450666,1,1,1983,16,16,18,18,29,21,24,6,5,0
450667,1,1,1983,5,0,22,22,0,0,27,0,10,23
450667,2,1,1983,0,15,0,6,0,4,0,0,17,7
450668,1,1,1983,0,11,20,20,33,12,18,7,17,8
450669,0,1,1983,0,32,23,14,0,19,0,0,18,17
450669,1,1,1983,0,24,20,13,11,12,19,11,12,24
450670,1,1,1983,0,0,0,0,0,0,0,0,0,21
450670,2,1,1983,0,0,0,0,5,0,0,0,0,0
450671,0,1,1983,25,14,19,36,12,31,27,23,18,15
450671,1,1,1983,0,0,0,0,0,0,0,0,0,0
450672,1,1,1983,0,0,0,0,0,0,0,0,0,0
450672,2,1,1983,0,0,0,0,0,0,0,0,0,0
450673,1,1,1983,0,47,0,0,0,0,0,0,0,0
450673,2,1,1983,0,15,0,0,0,0,0,0,0,12
450673,3,1,1983,0,0,0,0,0,0,0,0,0,0
450674,1,1,1983,0,0,0,0,0,0,0,0,0,0
450674,2,1,1983,0,0,0,16,0,0,15,0,0,11
450675,1,1,1983,0,0,0,0,0,0,0,0,0,0
450675,2,1,1983,0,0,0,11,35,0,0,0,0,0
450676,1,1,1983,15,26,30,20,26,12,11,35,23,27
450677,1,1,1983,12,18,32,35,16,25,18,37,10,10
450678,1,1,1983,0,0,0,0,0,0,0,0,0,0
450678,2,1,1983,0,0,0,0,0,0,0,0,0,0
450679,1,1,1983,24,24,24,24,24,24,24,24,24,24
450679,2,1,1983,26,26,26,26,26,26,26,26,26,26
450680,1,1,1983,0,0,0,0,0,0,0,0,0,0
450681,0,1,1983,0,0,0,0,0,0,0,0,0,0
450681,1,1,1983,0,0,0,0,0,0,0,0,0,0
450682,0,1,1983,13,37,0,7,14,25,28,6,18,17
450682,1,1,1983,0,0,0,0,0,0,0,0,0,0
450683,1,1,1983,25,25,25,25,25,25,25,25,25,25
450684,1,1,1983,20,20,20,20,20,20,20,20,20,20
450684,2,1,1983,17,17,17,17,17,17,17,17,17,17
450685,1,1,1983,12,12,12,12,12,12,12,12,12,12
450686,1,1,1983,10,10,10,10,10,10,10,10,10,10
450687,0,1,1983,26,30,17,8,8,4,22,34,19,44
450687,1,1,1983,12,27,27,31,4,21,18,18,10,26
450688,1,1,1983,21,21,21,21,21,21,21,21,21,21
450689,1,1,1983,0,0,0,0,0,0,0,0,0,0
450689,2,1,1983,0,0,0,0,0,0,0,0,0,0
450690,0,1,1983,0,0,0,0,0,0,0,0,0,0
450690,1,1,1983,0,0,0,0,0,0,0,0,0,0
450691,0,1,1983,30,30,30,30,30,30,30,30,30,30
450691,1,1,1983,0,0,0,0,0,0,0,0,0,0
450692,1,1,1983,0,0,0,0,0,0,0,0,0,0
450692,2,1,1983,0,0,0,0,0,0,0,0,0,0
450693,1,1,1983,18,18,18,18,18,18,18,18,18,18
450694,0,1,1983,30,0,44,0,15,0,0,22,9,11
450694,1,1,1983,0,0,0,0,0,0,0,11,0,0
450695,1,1,1983,0,15,0,0,10,0,0,8,0,20
450696,1,1,1983,17,17,17,17,17,17,17,17,17,17
450697,1,1,1983,15,15,15,15,15,15,15,15,15,15
450697,2,1,1983,0,0,0,0,16,0,0,0,0,0
450698,1,1,1983,15,0,6,18,0,0,0,24,0,0
450699,0,1,1983,28,28,28,28,28,28,28,28,28,28
450699,1,1,1983,0,0,0,0,0,0,0,0,13,0
450700,1,1,1983,0,0,0,0,0,11,0,0,0,17
450700,2,1,1983,3,0,3,15,12,3,26,0,10,10
450701,0,1,1983,0,0,0,0,31,0,15,0,9,12
450701,1,1,1983,0,0,0,0,5,0,0,0,0,0
450702,1,1,1983,29,29,29,29,29,29,29,29,29,29
450703,0,1,1983,0,0,0,0,0,0,0,0,0,0
450703,1,1,1983,0,0,0,0,0,0,0,0,0,0
450704,0,1,1983,39,10,16,22,5,6,20,0,19,13
450704,1,1,1983,33,33,33,26,14,0,25,23,14,6
450705,1,1,1983,0,0,0,0,0,0,0,0,0,0
450705,2,1,1983,20,20,20,20,20,20,20,20,20,20
450706,0,1,1983,0,0,0,0,0,13,17,0,0,33
450706,1,1,1983,0,0,0,0,0,0,0,0,0,0
450707,1,1,1983,0,0,0,0,0,0,0,0,0,0
450707,2,1,1983,0,0,0,0,0,0,0,0,0,0
450708,0,1,1983,28,21,45,9,5,0,9,0,4,5
450708,1,1,1983,0,0,0,0,10,0,0,0,0,0
450709,1,1,1983,7,15,0,2,14,6,4,14,20,0
450710,1,1,1983,7,22,19,28,24,34,16,8,14,34
450711,1,1,1983,13,0,0,0,0,11,0,0,0,0
450711,2,1,1983,0,0,0,0,22,0,0,0,0,22
450712,1,1,1983,4,15,0,7,13,13,13,23,14,24