ST_CASE,VEH_NO,PER_NO,YEAR,P1,P2,P3,P4,P5,P6,P7,P8,P9,P10
450713,1,1,1983,7,7,7,7,7,7,7,7,7,7
450714,1,1,1983,0,0,0,0,0,0,0,0,0,0
450714,2,1,1983,0,0,0,0,0,0,0,0,0,0
450715,1,1,1983,0,19,21,10,21,19,9,15,11,25
450715,2,1,1983,14,20,2,6,13,5,7,16,7,10
450716,1,1,1983,22,22,22,22,22,22,22,22,22,22
450717,1,1,1983,0,0,0,0,0,0,0,0,0,0
450718,1,1,1983,42,0,0,27,0,19,21,28,8,14
450718,2,1,1983,13,13,13,13,13,13,13,13,13,13
450719,1,1,1983,0,44,19,19,21,0,9,21,9,11
450720,1,1,1983,16,10,5,16,13,20,13,11,14,14
450720,2,1,1983,0,0,0,0,0,0,0,0,0,0
450721,1,1,1983,0,0,0,0,0,0,0,0,0,0
450721,2,1,1983,0,0,0,0,0,0,0,0,0,0
450722,1,1,1983,20,20,20,20,20,20,20,20,20,20
450723,1,1,1983,0,0,0,0,0,0,0,0,0,0
450723,2,1,1983,0,0,0,0,0,0,0,0,0,0
450724,1,1,1983,0,0,0,0,0,0,0,0,0,0
450724,2,1,1983,0,0,0,0,0,0,0,0,0,0
450724,3,1,1983,0,17,0,0,0,6,0,12,0,0
450725,1,1,1983,0,0,0,0,0,0,0,0,0,0
450725,2,1,1983,0,0,0,0,0,0,0,0,0,0
450725,3,1,1983,0,0,0,0,0,0,0,0,0,0
450726,1,1,1983,33,28,35,0,11,5,20,28,24,24
450727,1,1,1983,0,10,0,18,0,0,0,0,0,0
450728,1,1,1983,26,26,26,26,26,26,26,26,26,26
450729,1,1,1983,15,15,15,15,15,15,15,15,15,15
450729,2,1,1983,0,0,0,0,0,0,0,0,0,0
450730,1,1,1983,25,25,25,25,25,25,25,25,25,25
450731,1,1,1983,13,27,14,6,17,21,15,12,14,11
450731,2,1,1983,0,0,0,0,0,0,0,0,0,0
450732,1,1,1983,23,27,23,14,41,25,8,20,15,6
450733,1,1,1983,0,18,0,16,0,8,0,0,0,15
450733,2,1,1983,0,0,0,0,23,0,25,26,11,0
450734,0,1,1983,0,0,0,0,0,0,20,0,0,0
450734,1,1,1983,0,0,0,0,0,0,0,0,0,0
450735,0,1,1983,0,14,0,17,0,0,0,0,0,0
450735,1,1,1983,0,0,0,0,0,0,0,0,0,0
450735,2,1,1983,0,0,0,0,0,0,0,12,0,0
450736,0,1,1983,18,15,16,4,21,11,0,21,0,15
450736,1,1,1983,9,0,0,21,12,0,0,8,0,0
450737,1,1,1983,24,24,24,24,24,24,24,24,24,24
450738,0,1,1983,40,40,40,40,40,40,40,40,40,40
450738,1,1,1983,0,0,0,0,0,0,0,0,0,0
450739,1,1,1983,28,35,22,30,20,18,42,33,28,15
450740,0,1,1983,0,16,27,0,0,0,0,10,0,13
450740,1,1,1983,0,0,0,0,0,0,0,0,0,0
450740,2,1,1983,0,0,0,0,0,0,0,0,0,0
450741,1,1,1983,0,0,0,0,0,0,0,0,0,0
450742,0,1,1983,0,0,0,0,0,0,0,21,22,0
450742,1,1,1983,16,0,9,0,0,0,0,0,0,26
450743,1,1,1983,0,0,0,0,0,0,0,0,0,0
450743,2,1,1983,0,0,0,0,0,0,0,0,0,0
450744,0,1,1983,0,35,0,16,0,0,0,0,0,40
450744,1,1,1983,0,0,0,0,0,0,0,18,0,0
460001,0,1,1983,0,0,0,0,0,0,0,0,0,0
460001,1,1,1983,0,0,0,0,0,0,0,0,0,0
460002,1,1,1983,0,0,0,0,0,0,0,0,0,0
460002,2,1,1983,0,0,0,0,0,0,0,0,0,0
460003,1,1,1983,23,23,23,23,23,23,23,23,23,23
460003,2,1,1983,0,0,0,0,12,0,0,0,0,0
460004,1,1,1983,7,24,15,29,16,21,11,4,24,13
460005,1,1,1983,20,20,20,20,20,20,20,20,20,20
460006,1,1,1983,0,0,0,0,0,0,0,0,0,0
460007,1,1,1983,0,0,0,0,0,0,0,0,0,0
460007,2,1,1983,0,0,0,0,0,0,0,0,0,0
460007,3,1,1983,0,0,0,0,0,0,0,0,0,0
460008,1,1,1983,0,10,0,0,0,0,14,0,0,0
460009,1,1,1983,16,16,16,16,16,16,16,16,16,16
460010,0,1,1983,17,17,17,17,17,17,17,17,17,17
460010,1,1,1983,17,24,19,17,26,23,14,13,16,8
460011,1,1,1983,0,0,0,0,0,0,0,0,0,0
460011,2,1,1983,0,0,0,0,0,0,0,0,0,0
460012,1,1,1983,0,4,0,0,0,0,0,0,0,0
460012,2,1,1983,0,0,0,0,0,0,0,0,0,0
460013,0,1,1983,36,36,36,36,36,36,36,36,36,36
460013,1,1,1983,0,0,0,0,0,0,0,0,0,0
460014,1,1,1983,19,19,19,19,19,19,19,19,19,19
460015,0,1,1983,1,1,1,1,1,1,1,1,1,1
460015,1,1,1983,0,0,0,0,0,0,0,0,0,0
460016,1,1,1983,0,0,0,0,0,0,0,0,0,0
460016,2,1,1983,0,0,0,0,0,0,0,0,0,0
460016,3,1,1983,0,0,0,0,0,0,0,0,0,0
460018,1,1,1983,0,0,0,0,0,0,0,0,0,0
460019,0,1,1983,0,0,0,0,0,0,0,0,0,0
460019,1,1,1983,0,0,0,0,0,0,0,0,0,0
460020,1,1,1983,26,26,26,26,26,26,26,26,26,26
460021,1,1,1983,18,0,33,0,0,31,19,9,28,12
460022,1,1,1983,0,0,0,0,0,0,0,0,0,0
460022,2,1,1983,0,0,34,0,0,0,0,0,0,0
460023,1,1,1983,19,19,19,19,19,19,19,19,19,19
460023,2,1,1983,0,0,0,0,0,0,0,0,0,0
460024,1,1,1983,25,25,25,25,25,25,25,25,25,25
460025,1,1,1983,18,18,18,18,18,18,18,18,18,18
460026,1,1,1983,0,0,0,0,0,0,0,0,0,0
460027,0,1,1983,0,0,14,4,0,0,0,0,0,0
460027,1,1,1983,0,0,0,0,0,0,0,0,0,0
460028,1,1,1983,26,26,26,26,26,26,26,26,26,26
460030,1,1,1983,22,22,22,22,22,22,22,22,22,22
460031,1,1,1983,0,0,0,0,0,0,0,0,0,0
460031,2,1,1983,0,0,0,0,0,0,0,0,0,0
460032,1,1,1983,17,17,17,17,17,17,17,17,17,17
460033,0,1,1983,21,21,21,21,21,21,21,21,21,21
460033,1,1,1983,0,0,0,0,0,0,0,0,12,18
460034,1,1,1983,0,0,0,0,0,0,0,0,0,0
460035,1,1,1983,38,18,0,41,14,17,19,0,12,0
460036,1,1,1983,12,12,12,12,12,12,12,12,12,12
460036,2,1,1983,0,0,0,0,0,0,0,0,0,0
460037,1,1,1983,0,0,0,0,0,0,0,0,0,0
460038,1,1,1983,16,20,0,0,0,0,0,18,0,0
460039,1,1,1983,0,0,0,0,0,0,0,0,0,0
460039,2,1,1983,0,0,0,0,0,0,0,0,0,0
460040,1,1,1983,8,8,8,8,8,8,8,8,8,8
460041,1,1,1983,15,15,15,15,15,15,15,15,15,15
460042,1,1,1983,0,0,0,0,0,0,0,0,0,0
460043,1,1,1983,0,0,0,0,0,0,0,0,0,0
460043,2,1,1983,25,25,25,25,25,25,25,25,25,25
460044,1,1,1983,0,0,0,0,0,0,0,0,0,0
460044,2,1,1983,0,0,0,0,0,0,0,0,0,0
460045,0,1,1983,28,0,15,0,0,38,17,0,25,21
460045,1,1,1983,0,23,26,17,11,8,9,18,14,26
460046,1,1,1983,17,17,17,17,17,17,17,17,17,17
460047,1,1,1983,13,13,13,13,13,13,13,13,13,13
460048,1,1,1983,21,21,21,21,21,21,21,21,21,21
460049,1,1,1983,24,24,24,24,24,24,24,24,24,24
460050,1,1,1983,0,0,0,0,0,0,0,0,0,0
460050,2,1,1983,0,0,0,0,0,0,0,0,0,0
460051,1,1,1983,0,0,0,0,0,0,0,0,0,0
460051,2,1,1983,0,0,0,0,0,0,0,0,0,0
460052,1,1,1983,20,3,10,0,5,5,5,6,11,0
460053,1,1,1983,15,15,15,15,15,15,15,15,15,15
460054,1,1,1983,0,0,0,0,0,0,0,0,0,0
460054,2,1,1983,0,0,0,0,0,0,0,0,0,0
460055,1,1,1983,0,0,0,0,0,0,0,0,0,0
460055,2,1,1983,0,0,0,0,0,0,0,0,0,0
460056,1,1,1983,15,15,15,15,15,15,15,15,15,15
460057,1,1,1983,0,0,0,7,21,0,11,0,17,0
460059,1,1,1983,0,0,0,0,0,0,0,0,0,0
460059,2,1,1983,0,0,0,0,0,0,0,0,0,0
460060,0,1,1983,27,27,27,27,27,27,27,27,27,27
460060,1,1,1983,36,17,23,28,11,30,3,0,20,10
460062,1,1,1983,9,9,9,9,9,9,9,9,9,9
460063,1,1,1983,0,0,0,0,0,0,0,0,0,0
460063,2,1,1983,0,0,0,0,0,0,0,0,0,0
460064,1,1,1983,0,0,0,0,0,0,0,0,0,0
460064,2,1,1983,0,0,0,6,0,0,0,0,0,0
460065,1,1,1983,0,0,0,0,0,0,0,0,0,0
460065,2,1,1983,0,0,0,0,0,0,0,0,0,0
460066,1,1,1983,28,28,28,28,28,28,28,28,28,28
460067,1,1,1983,0,0,0,0,0,0,0,0,0,0
460067,2,1,1983,0,0,0,0,0,0,0,0,0,0
460068,0,1,1983,17,17,17,17,17,17,17,17,17,17
460068,1,1,1983,0,0,0,0,0,0,0,0,0,0
460069,1,1,1983,21,21,21,21,21,21,21,21,21,21
460070,1,1,1983,0,0,0,0,0,0,0,0,0,0
460070,2,1,1983,0,0,0,0,0,0,0,0,0,0
460071,0,1,1983,30,30,30,30,30,30,30,30,30,30
460071,1,1,1983,3,3,3,3,3,3,3,3,3,3
460072,1,1,1983,0,0,0,0,0,0,0,0,0,0
460072,2,1,1983,0,0,0,0,0,0,0,0,0,0
460073,1,1,1983,19,19,19,19,19,19,19,19,19,19
460073,2,1,1983,0,0,0,20,0,0,2,0,0,0
460074,1,1,1983,0,15,20,25,24,24,0,28,0,27
460075,1,1,1983,0,0,0,0,0,0,0,0,0,0
460076,1,1,1983,17,17,17,17,17,17,17,17,17,17
460076,2,1,1983,33,33,33,33,33,33,33,33,33,33
460077,1,1,1983,15,15,12,7,28,8,18,16,16,18
460077,2,1,1983,0,0,0,0,0,17,0,0,0,0
460078,1,1,1983,0,0,0,0,0,0,0,0,0,0
460078,2,1,1983,0,0,0,0,0,0,0,0,0,0
460079,1,1,1983,19,19,19,19,19,19,19,19,19,19
460080,1,1,1983,14,20,0,18,16,20,4,0,19,29
460081,1,1,1983,0,0,0,0,0,0,0,0,0,0
460082,1,1,1983,13,13,13,13,13,13,13,13,13,13
460083,1,1,1983,0,0,0,0,0,0,0,0,0,0
460083,2,1,1983,0,0,0,0,0,0,0,0,0,0
460084,1,1,1983,0,0,0,0,0,0,0,0,0,0
460084,2,1,1983,0,0,0,0,0,0,0,0,0,0
460085,1,1,1983,17,17,17,17,17,17,17,17,17,17
460086,1,1,1983,0,0,0,0,12,0,0,0,0,0
460087,1,1,1983,20,20,20,20,20,20,20,20,20,20
460087,2,1,1983,0,0,0,0,0,0,0,0,0,0
460088,1,1,1983,11,35,12,0,0,0,0,0,0,0
460089,0,1,1983,13,13,13,13,13,13,13,13,13,13
460089,1,1,1983,0,0,0,0,0,0,0,0,0,0
460090,1,1,1983,0,0,0,0,0,0,0,0,0,0
460090,2,1,1983,0,0,0,0,0,0,0,0,0,0
460091,1,1,1983,20,20,20,20,20,20,20,20,20,20
460092,1,1,1983,0,0,0,0,0,0,0,0,0,0
460093,1,1,1983,0,0,0,0,0,0,0,0,0,0
460093,2,1,1983,8,8,8,8,8,8,8,8,8,8
460094,1,1,1983,25,25,25,25,25,25,25,25,25,25
460095,1,1,1983,0,0,0,18,9,0,17,0,0,8
460096,1,1,1983,16,16,16,16,16,16,16,16,16,16
460097,1,1,1983,17,17,17,17,17,17,17,17,17,17
460097,2,1,1983,14,14,14,14,14,14,14,14,14,14
460098,1,1,1983,17,17,17,17,17,17,17,17,17,17
460099,1,1,1983,22,27,0,0,18,0,13,12,0,0
460100,1,1,1983,32,32,32,32,32,32,32,32,32,32
460100,2,1,1983,14,0,0,0,19,8,0,14,18,7
460101,1,1,1983,0,0,0,0,0,0,0,0,0,0
460101,2,1,1983,13,9,10,13,22,21,0,8,21,14
460102,1,1,1983,0,0,0,0,0,0,0,0,0,0
460102,2,1,1983,18,0,0,0,0,0,0,0,0,16
460103,1,1,1983,26,26,26,26,26,26,26,26,26,26
460104,1,1,1983,0,0,0,0,0,10,0,0,0,0
460105,1,1,1983,0,0,0,0,0,0,0,0,0,0
460105,2,1,1983,0,0,13,21,0,20,0,0,0,0
460106,0,1,1983,0,0,0,0,0,0,0,0,0,0
460106,1,1,1983,0,0,0,0,0,0,0,0,0,0
460107,1,1,1983,10,10,10,10,10,10,10,10,10,10
460108,1,1,1983,0,0,0,0,0,0,0,9,0,0
460108,2,1,1983,0,0,0,0,0,0,0,0,0,0
460109,1,1,1983,0,0,0,0,0,0,0,0,0,0
460110,1,1,1983,0,0,0,0,0,0,0,0,13,0
460110,2,1,1983,0,0,0,0,0,0,0,0,0,0
460111,1,1,1983,0,0,0,0,0,0,0,0,0,0
460112,0,1,1983,34,34,34,34,34,34,34,34,34,34
460112,1,1,1983,15,15,15,15,15,15,15,15,15,15
460113,1,1,1983,24,24,24,24,24,24,24,24,24,24
460113,2,1,1983,0,0,0,0,0,0,0,0,0,0
460114,1,1,1983,26,0,27,14,22,24,13,31,5,40
460115,1,1,1983,22,22,22,22,22,22,22,22,22,22
460116,1,1,1983,24,24,24,24,24,24,24,24,24,24
460117,1,1,1983,0,0,0,0,0,0,0,0,0,0
460117,2,1,1983,0,0,0,0,0,0,0,0,0,0
460118,0,1,1983,23,23,23,23,23,23,23,23,23,23
460118,1,1,1983,5,5,5,5,5,5,5,5,5,5
460119,1,3,1983,25,25,25,25,25,25,25,25,25,25
460120,1,1,1983,0,0,0,0,0,0,0,0,0,0
460120,2,1,1983,13,13,13,13,13,13,13,13,13,13
460121,1,1,1983,0,0,0,0,0,0,0,0,0,0
460121,2,1,1983,0,0,0,0,0,0,0,0,0,0
460122,1,1,1983,14,14,14,14,14,14,14,14,14,14
460124,1,1,1983,5,5,5,5,5,5,5,5,5,5
460124,2,1,1983,0,0,0,0,0,0,0,0,0,0
460125,1,1,1983,20,20,20,20,20,20,20,20,20,20
460126,1,1,1983,0,0,0,0,0,0,0,0,27,0
460126,2,1,1983,0,0,0,0,0,0,0,0,0,0
460127,1,1,1983,0,0,0,0,0,0,0,0,0,0
460127,2,1,1983,0,0,0,0,0,0,0,0,0,0
460128,1,1,1983,0,0,0,0,0,0,0,0,0,0
460128,2,1,1983,0,0,0,0,0,0,0,0,0,0
460129,1,1,1983,0,0,0,0,0,0,0,0,0,0
460129,2,1,1983,0,0,0,0,0,0,0,0,0,0
460130,0,1,1983,17,17,17,17,17,17,17,17,17,17
460130,0,2,1983,0,0,23,42,0,3,0,18,10,0
460130,0,3,1983,0,0,0,24,15,19,0,0,0,0
460130,1,1,1983,1,1,1,1,1,1,1,1,1,1
460131,1,1,1983,0,0,0,0,0,14,0,0,15,9
460131,2,1,1983,0,0,0,0,0,0,0,0,0,0
460132,1,1,1983,0,0,0,0,0,0,0,0,0,0
460132,2,1,1983,0,0,0,0,0,0,0,0,0,0
460133,1,1,1983,0,0,0,0,0,0,0,0,0,0
460133,2,1,1983,22,22,22,22,22,22,22,22,22,22
460134,1,1,1983,35,35,35,35,35,35,35,35,35,35
460135,1,1,1983,0,0,0,0,0,0,0,0,0,0
460135,2,1,1983,0,0,0,0,0,0,0,0,0,0
460136,1,1,1983,0,0,0,0,0,0,0,0,0,0
460136,2,1,1983,12,12,12,12,12,12,12,12,12,12
460137,0,1,1983,6,6,6,6,6,6,6,6,6,6
460137,1,1,1983,30,30,30,30,30,30,30,30,30,30
460138,1,1,1983,0,0,0,0,0,0,0,0,0,0
460138,2,1,1983,5,18,4,25,11,37,0,16,0,29
460139,1,1,1983,0,0,0,0,0,0,0,0,0,0
460139,2,1,1983,0,0,0,0,11,0,0,0,0,0
460140,1,1,1983,0,0,0,0,0,0,0,0,0,0
460140,2,1,1983,0,0,0,0,0,0,0,0,0,0
460141,1,1,1983,0,4,0,0,0,0,0,0,0,0
460141,2,1,1983,10,0,0,0,0,0,0,0,0,0
460142,0,1,1983,17,17,17,17,17,17,17,17,17,17
460142,1,1,1983,0,0,0,0,0,0,0,0,0,0
460143,1,1,1983,0,0,0,0,0,0,0,0,0,0
460143,2,1,1983,0,0,0,0,0,0,0,0,0,0
460144,0,1,1983,22,22,22,22,22,22,22,22,22,22
460144,1,1,1983,0,0,38,0,0,0,0,0,0,0
460145,1,1,1983,0,0,0,0,0,0,0,0,0,0
460146,1,1,1983,0,0,0,0,0,0,0,0,0,0
460146,2,1,1983,0,0,0,0,0,0,6,0,0,0
460147,1,1,1983,25,25,25,25,25,25,25,25,25,25
460148,0,1,1983,0,0,0,0,0,0,0,0,0,0
460148,1,1,1983,0,0,0,0,0,0,0,0,0,0
460149,1,1,1983,0,17,33,0,0,0,13,0,0,0
460150,1,1,1983,0,0,0,0,28,0,10,0,17,0
460150,2,1,1983,0,0,0,0,0,15,0,0,0,0
460151,1,1,1983,9,27,11,12,0,29,28,22,26,6
460153,1,1,1983,0,0,0,0,0,0,0,0,0,0
470001,1,1,1983,0,0,0,0,0,0,0,0,0,0
470001,2,1,1983,0,0,0,0,0,0,0,0,0,0
470002,1,1,1983,0,0,0,0,0,0,0,0,0,0
470003,1,1,1983,0,0,0,0,0,0,0,0,0,0
470003,2,1,1983,0,0,0,0,10,0,0,0,0,0
470004,0,1,1983,0,0,0,0,0,0,0,0,0,0
470004,2,1,1983,0,0,0,0,0,0,0,0,0,0
470005,1,1,1983,6,6,6,6,6,6,6,6,6,6
470006,1,1,1983,20,20,20,20,20,20,20,20,20,20
470007,1,1,1983,19,19,19,19,19,19,19,19,19,19
470008,1,1,1983,0,0,0,0,0,0,0,0,0,0
470008,2,1,1983,8,8,8,8,8,8,8,8,8,8
470009,1,1,1983,0,0,0,0,0,0,0,0,0,0
470009,2,1,1983,27,27,27,27,27,27,27,27,27,27
470010,0,1,1983,12,12,12,12,12,12,12,12,12,12
470010,1,1,1983,0,0,0,0,0,0,0,0,0,0
470011,1,1,1983,0,0,0,0,0,0,0,0,0,0
470013,1,1,1983,10,10,10,10,10,10,10,10,10,10
470014,1,1,1983,13,13,13,13,13,13,13,13,13,13
470014,2,1,1983,0,0,14,0,0,0,0,0,0,0
470015,1,1,1983,0,0,9,11,0,0,0,0,0,0
470015,2,1,1983,0,23,26,0,0,0,13,0,18,0
470016,0,1,1983,0,0,0,0,0,0,0,0,0,0
470016,1,1,1983,0,0,0,0,0,0,0,0,0,0
470017,1,1,1983,0,0,0,0,0,0,6,0,0,0
470017,2,1,1983,0,14,0,0,18,0,0,0,8,0
470018,1,1,1983,24,24,24,24,24,24,24,24,24,24
470019,1,1,1983,8,0,0,0,0,2,0,0,0,8
470020,1,1,1983,0,0,0,0,21,0,0,0,0,0
470020,2,1,1983,0,0,0,0,0,0,0,0,0,0
470021,0,1,1983,0,0,0,0,0,0,0,0,0,0
470021,1,1,1983,0,0,0,0,0,0,21,0,0,0
470022,1,1,1983,18,18,18,18,18,18,18,18,18,18
470023,1,1,1983,0,0,0,0,0,0,0,0,0,0
470023,2,1,1983,0,0,0,0,0,0,0,0,0,0
470024,0,1,1983,0,0,0,0,0,0,0,0,0,0
470024,0,2,1983,0,0,0,0,0,0,0,0,14,9
470024,1,1,1983,0,0,0,23,0,0,0,0,0,0
470025,1,1,1983,0,0,0,0,0,0,0,0,0,0
470026,1,1,1983,0,0,0,0,0,0,0,0,0,0
470026,2,1,1983,4,0,0,22,0,12,2,7,9,9
470026,3,1,1983,0,0,0,0,0,0,0,0,0,0
470027,0,1,1983,24,24,24,24,24,24,24,24,24,24
470027,1,1,1983,0,14,24,15,21,21,0,12,24,17
470028,1,1,1983,0,22,25,22,16,0,30,0,0,0
470028,2,1,1983,0,0,0,15,0,0,16,0,0,0
470029,1,1,1983,0,0,0,0,0,0,0,0,0,0
470029,2,1,1983,0,0,0,0,0,0,0,0,0,0
470030,1,1,1983,16,16,16,16,16,16,16,16,16,16
470031,1,1,1983,30,30,30,30,30,30,30,30,30,30
470032,1,1,1983,25,25,25,25,25,25,25,25,25,25
470033,1,1,1983,31,31,31,31,31,31,31,31,31,31
470034,1,1,1983,22,22,22,22,22,22,22,22,22,22
470034,2,1,1983,0,0,0,0,0,0,0,0,0,0
470036,1,1,1983,20,20,20,20,20,20,20,20,20,20
470037,1,1,1983,6,0,0,0,21,0,0,0,15,0
470037,2,1,1983,34,34,34,34,34,34,34,34,34,34
470038,1,1,1983,15,13,0,5,0,0,20,17,14,4
470038,2,1,1983,21,21,21,21,21,21,21,21,21,21
470039,1,1,1983,0,0,0,0,0,0,0,0,0,0
470039,2,1,1983,0,0,0,0,0,0,0,0,0,0
470040,0,1,1983,24,24,24,24,24,24,24,24,24,24
470040,1,1,1983,15,19,11,23,20,11,22,22,23,13
470041,0,1,1983,17,17,17,17,17,17,17,17,17,17
470041,1,1,1983,0,0,0,0,0,0,0,0,0,0
470042,1,1,1983,0,0,0,0,0,0,0,0,0,0
470042,2,1,1983,0,0,0,0,0,0,0,0,0,0
470043,1,1,1983,0,0,0,0,0,0,0,0,0,0
470044,1,1,1983,24,24,24,24,24,24,24,24,24,24
470044,2,1,1983,19,0,0,18,17,0,27,14,26,14
470045,1,1,1983,0,0,0,0,0,0,0,0,0,0
470045,2,1,1983,0,0,0,0,0,0,0,0,0,0
470046,1,1,1983,19,19,19,19,19,19,19,19,19,19
470046,2,1,1983,0,0,0,0,0,0,0,0,0,0
470047,1,1,1983,18,18,18,18,18,18,18,18,18,18
470048,1,1,1983,17,17,17,17,17,17,17,17,17,17
470049,1,1,1983,0,0,0,0,0,0,0,0,0,0
470049,2,1,1983,25,25,25,25,25,25,25,25,25,25
470050,0,1,1983,0,0,0,0,0,0,0,0,0,0
470050,1,1,1983,14,12,0,0,10,0,0,0,0,0
470051,1,1,1983,21,21,21,21,21,21,21,21,21,21
470052,1,1,1983,19,19,19,19,19,19,19,19,19,19
470053,1,1,1983,0,0,0,0,0,0,0,0,0,0
470054,0,1,1983,16,16,16,16,16,16,16,16,16,16
470054,1,1,1983,0,0,0,9,0,0,0,18,0,0
470055,1,1,1983,0,0,0,0,0,0,17,0,0,7
470055,2,1,1983,6,6,6,6,6,6,6,6,6,6
470056,1,1,1983,0,0,8,0,0,0,0,0,0,0
470057,1,1,1983,10,10,10,10,10,10,10,10,10,10
470057,2,1,1983,0,0,0,0,0,0,0,0,0,0
470058,1,1,1983,24,24,24,24,24,24,24,24,24,24
470059,1,1,1983,0,0,0,0,0,0,0,0,0,0
470059,2,1,1983,0,0,0,0,0,0,0,0,0,0
470059,3,1,1983,0,0,0,0,0,0,0,0,0,0
470060,1,1,1983,0,0,0,0,0,0,0,0,0,0
470060,2,1,1983,0,21,20,0,0,20,19,0,22,8
470061,1,1,1983,30,17,21,8,40,11,7,7,17,25
470062,1,1,1983,22,0,13,6,21,12,24,18,17,18
470062,2,1,1983,0,0,19,0,12,0,0,0,0,0
470062,3,1,1983,6,0,0,0,0,14,0,0,0,3
470062,4,1,1983,0,0,0,0,0,25,0,0,16,0
470063,1,1,1983,0,0,0,0,0,0,0,24,0,0
470063,2,1,1983,11,18,0,21,25,21,13,25,0,14
470064,1,1,1983,21,21,21,21,21,21,21,21,21,21
470065,1,1,1983,20,20,20,20,20,20,20,20,20,20
470065,2,1,1983,16,0,16,0,0,15,0,0,10,0
470065,3,1,1983,9,0,0,0,0,0,0,0,0,0
470067,1,1,1983,11,11,11,11,11,11,11,11,11,11
470068,0,1,1983,0,0,0,0,0,0,0,0,0,0
470068,1,1,1983,0,0,0,0,0,0,0,0,0,0
470069,1,1,1983,25,25,25,25,25,25,25,25,25,25
470070,1,1,1983,15,15,15,15,15,15,15,15,15,15
470071,1,1,1983,7,7,0,10,0,0,0,12,20,0
470071,2,1,1983,3,3,3,3,3,3,3,3,3,3
470072,1,1,1983,23,23,23,23,23,23,23,23,23,23
470072,2,1,1983,0,0,0,0,0,0,0,0,0,0
470073,1,1,1983,0,0,0,0,0,0,0,0,0,0
470074,1,1,1983,0,0,0,0,0,0,0,0,0,0
470075,1,1,1983,28,28,28,28,28,28,28,28,28,28
470076,1,1,1983,0,0,0,0,0,0,0,0,0,0
470077,1,1,1983,0,0,0,0,0,0,0,0,0,0
470078,1,1,1983,0,0,0,0,0,0,0,0,0,0
470078,2,1,1983,0,0,0,0,0,0,0,0,0,0
470079,1,1,1983,9,9,9,9,9,9,9,9,9,9
470080,1,1,1983,20,20,20,20,20,20,20,20,20,20
470081,1,1,1983,15,15,15,15,15,15,15,15,15,15
470081,2,1,1983,0,0,0,0,0,0,0,0,0,0
470082,1,1,1983,24,24,24,24,24,24,24,24,24,24
470083,1,1,1983,13,0,13,0,0,0,17,21,0,9
470083,2,1,1983,0,0,0,5,0,0,0,0,0,0
470084,0,1,1983,0,3,0,0,0,0,24,0,0,0
470084,1,1,1983,38,0,0,0,0,0,0,0,0,0
470086,1,1,1983,0,0,0,0,0,0,0,0,0,0
470087,1,1,1983,25,25,25,25,25,25,25,25,25,25
470088,1,1,1983,0,0,0,0,0,0,0,0,0,0
470088,2,1,1983,0,0,0,0,0,0,0,0,0,0
470089,1,1,1983,19,13,31,32,0,30,19,6,25,18
470090,1,1,1983,0,0,15,0,21,0,24,0,0,0
470091,1,1,1983,22,0,0,0,10,0,0,0,0,0
470092,1,1,1983,28,28,28,28,28,28,28,28,28,28
470093,0,1,1983,0,0,0,0,0,0,0,0,0,0
470093,1,1,1983,23,0,6,0,0,0,21,14,0,0
470094,1,1,1983,20,20,20,20,20,20,20,20,20,20
470095,1,1,1983,0,0,0,0,0,0,0,0,0,0
470096,1,1,1983,21,21,21,21,21,21,21,21,21,21
470097,1,1,1983,20,20,20,20,20,20,20,20,20,20
470098,1,1,1983,32,32,32,32,32,32,32,32,32,32
470099,1,1,1983,0,0,0,0,0,0,0,0,0,0
470100,1,1,1983,0,0,0,0,0,0,0,0,0,0
470100,2,1,1983,18,18,18,18,18,18,18,18,18,18
470101,1,1,1983,28,28,28,28,28,28,28,28,28,28
470102,1,1,1983,0,0,0,0,0,0,0,0,0,0
470102,2,1,1983,0,0,0,0,0,0,0,0,0,0
470103,1,1,1983,0,0,0,0,0,0,0,0,0,0
470103,2,1,1983,0,0,0,0,0,0,0,0,0,0
470104,0,1,1983,25,25,25,25,25,25,25,25,25,25
470104,1,1,1983,0,0,17,0,8,0,0,0,0,7
470104,2,1,1983,0,0,29,23,0,0,0,6,0,0
470105,1,1,1983,16,16,16,16,16,16,16,16,16,16
470106,1,1,1983,13,0,5,13,3,0,21,3,3,3
470106,2,1,1983,0,0,0,0,0,0,0,0,0,0
470107,1,1,1983,21,21,21,21,21,21,21,21,21,21
470108,1,1,1983,0,0,0,0,0,0,0,0,0,0
470108,2,1,1983,9,9,9,9,9,9,9,9,9,9
470109,0,1,1983,0,0,0,0,0,0,0,0,0,0
470109,1,1,1983,0,5,28,0,0,0,0,0,0,11
470110,1,1,1983,8,8,8,8,8,8,8,8,8,8
470110,2,1,1983,0,0,0,0,0,0,0,0,0,0
470111,1,1,1983,0,25,0,0,0,0,0,0,0,0
470111,2,1,1983,0,0,0,0,0,0,0,0,0,0
470112,0,1,1983,0,0,0,0,0,0,0,0,0,0