ST_CASE,VEH_NO,PER_NO,YEAR,P1,P2,P3,P4,P5,P6,P7,P8,P9,P10
470706,1,1,1983,23,23,23,23,23,23,23,23,23,23
470706,2,1,1983,0,0,9,6,0,0,0,7,16,8
470707,1,1,1983,22,22,22,22,22,22,22,22,22,22
470708,1,1,1983,13,13,13,13,13,13,13,13,13,13
470709,1,1,1983,25,25,25,25,25,25,25,25,25,25
470710,1,1,1983,21,21,21,21,21,21,21,21,21,21
470711,1,1,1983,0,0,0,0,0,0,0,0,0,0
470711,2,1,1983,2,2,2,2,2,2,2,2,2,2
470712,1,1,1983,13,13,13,13,13,13,13,13,13,13
470713,1,1,1983,0,0,0,0,0,0,0,0,0,0
470713,2,1,1983,0,0,0,0,0,0,0,0,0,0
470714,0,1,1983,0,0,0,0,0,0,0,0,0,0
470714,1,1,1983,0,0,0,0,0,0,0,0,0,0
470715,1,1,1983,25,25,25,25,25,25,25,25,25,25
470716,1,1,1983,8,8,8,8,8,8,8,8,8,8
470716,2,1,1983,0,13,0,0,21,0,0,0,0,0
470717,1,1,1983,19,19,19,19,19,19,19,19,19,19
470718,1,1,1983,26,26,26,26,26,26,26,26,26,26
470719,0,1,1983,0,0,0,0,0,0,0,0,0,0
470719,1,1,1983,0,0,0,0,0,0,0,0,0,0
470720,1,1,1983,19,19,19,19,19,19,19,19,19,19
470721,1,1,1983,0,0,0,0,0,0,0,0,0,0
470721,2,1,1983,0,0,0,0,0,0,0,0,0,0
470721,3,1,1983,0,0,0,0,0,0,0,0,14,0
470722,1,1,1983,17,17,17,17,17,17,17,17,17,17
470722,2,1,1983,0,0,0,0,0,0,0,0,0,0
470723,1,1,1983,23,23,23,23,23,23,23,23,23,23
470723,2,1,1983,0,0,0,0,0,0,0,0,0,0
470724,1,1,1983,9,9,9,9,9,9,9,9,9,9
470725,1,1,1983,0,0,0,0,0,0,0,0,0,0
470725,2,1,1983,0,14,0,0,0,0,0,0,0,0
470726,1,1,1983,25,25,25,25,25,25,25,25,25,25
470727,1,1,1983,17,17,17,17,17,17,17,17,17,17
470728,1,1,1983,10,10,10,10,10,10,10,10,10,10
470729,0,1,1983,0,13,0,0,0,0,0,0,18,0
470729,0,2,1983,0,0,0,0,0,0,0,0,0,0
470729,1,1,1983,16,16,16,16,16,16,16,16,16,16
470730,1,1,1983,25,25,25,25,25,25,25,25,25,25
470731,1,1,1983,0,0,0,0,0,0,0,0,0,0
470732,1,1,1983,0,0,0,0,0,0,0,0,0,0
470732,2,1,1983,0,0,0,0,0,0,0,0,0,0
470733,1,1,1983,0,0,0,0,0,0,0,0,0,0
470733,2,1,1983,0,0,0,0,0,0,0,0,0,0
470734,1,1,1983,0,0,0,0,0,0,0,0,0,0
470735,1,1,1983,17,17,17,17,17,17,17,17,17,17
470735,2,1,1983,0,23,13,0,15,16,0,0,6,12
470736,1,1,1983,0,0,0,0,0,15,41,17,0,0
470737,1,1,1983,0,0,0,0,0,0,0,0,0,0
470737,2,1,1983,0,0,0,0,0,0,0,0,0,0
470738,1,1,1983,19,19,19,19,19,19,19,19,19,19
470739,1,1,1983,0,0,0,0,28,0,0,0,22,0
470739,2,1,1983,25,25,25,25,25,25,25,25,25,25
470740,1,1,1983,18,18,18,18,18,18,18,18,18,18
470741,0,1,1983,0,0,0,0,0,0,0,0,0,0
470741,1,1,1983,0,0,0,0,0,0,0,0,0,0
470742,1,1,1983,0,0,0,0,0,0,0,0,0,0
470743,1,1,1983,19,19,19,19,19,19,19,19,19,19
470743,2,1,1983,0,0,0,0,0,0,0,0,0,0
470744,0,1,1983,0,0,0,0,0,0,0,0,0,0
470744,1,1,1983,0,0,0,0,0,0,0,0,0,0
470745,1,1,1983,0,0,0,0,0,0,0,0,0,0
470746,1,1,1983,34,34,34,34,34,34,34,34,34,34
470747,1,1,1983,10,10,10,10,10,10,10,10,10,10
470748,1,1,1983,18,18,18,18,18,18,18,18,18,18
470749,1,1,1983,22,22,22,22,22,22,22,22,22,22
470749,2,1,1983,0,0,0,0,0,0,0,0,0,0
470750,1,1,1983,27,27,27,27,27,27,27,27,27,27
470751,1,1,1983,16,16,16,16,16,16,16,16,16,16
470752,1,1,1983,13,0,0,0,0,0,0,0,0,0
470752,2,1,1983,20,20,20,20,20,20,20,20,20,20
470753,1,1,1983,0,4,0,0,0,0,0,6,0,0
470754,1,1,1983,19,19,19,19,19,19,19,19,19,19
470755,1,1,1983,11,11,11,11,11,11,11,11,11,11
470756,1,1,1983,18,18,18,18,18,18,18,18,18,18
470757,1,1,1983,29,29,29,29,29,29,29,29,29,29
470758,1,1,1983,0,0,0,0,0,0,0,0,0,0
470759,1,1,1983,21,21,21,21,21,21,21,21,21,21
470760,1,1,1983,0,0,0,29,0,0,0,0,0,0
470760,2,1,1983,0,0,0,0,0,0,0,0,0,0
470760,3,1,1983,0,0,0,0,0,0,0,0,0,0
470761,1,1,1983,24,9,31,18,27,15,15,11,9,19
470761,2,1,1983,0,0,0,0,0,0,0,0,0,0
470762,1,1,1983,16,16,16,16,16,16,16,16,16,16
470763,1,1,1983,0,0,0,0,0,0,0,0,0,0
470763,2,1,1983,14,14,14,14,14,14,14,14,14,14
470764,1,1,1983,20,0,0,0,24,0,0,0,14,0
470764,2,1,1983,18,18,18,18,18,18,18,18,18,18
470765,1,1,1983,23,23,23,23,23,23,23,23,23,23
470766,1,1,1983,17,17,17,17,17,17,17,17,17,17
470767,1,1,1983,0,13,0,0,0,12,0,0,0,0
470767,2,1,1983,13,13,13,13,13,13,13,13,13,13
470768,1,1,1983,0,0,0,0,0,0,0,0,0,0
470769,1,1,1983,25,25,25,25,25,25,25,25,25,25
470770,1,1,1983,21,17,25,15,8,21,18,18,12,11
470771,0,1,1983,23,23,23,23,23,23,23,23,23,23
470772,1,1,1983,11,11,11,11,11,11,11,11,11,11
470773,0,1,1983,0,0,0,0,0,0,0,0,0,0
470773,1,1,1983,0,0,0,15,0,0,0,0,0,0
470774,1,1,1983,14,14,14,14,14,14,14,14,14,14
470775,1,1,1983,24,24,24,24,24,24,24,24,24,24
470776,1,1,1983,0,0,0,0,0,28,0,2,15,17
470777,1,1,1983,17,17,17,17,17,17,17,17,17,17
470778,1,1,1983,0,0,0,0,0,0,0,0,0,0
470778,2,1,1983,0,0,0,0,0,0,0,0,0,0
470779,1,1,1983,0,0,0,0,0,0,0,0,0,0
470779,2,1,1983,0,0,0,0,0,0,0,0,0,0
470780,1,1,1983,14,0,0,0,0,0,0,0,0,0
470780,2,1,1983,0,0,0,0,0,0,0,0,0,10
470781,0,1,1983,0,0,0,0,0,36,0,21,0,0
470781,1,1,1983,0,0,0,0,0,0,0,0,0,8
470782,0,1,1983,0,0,0,0,0,0,0,0,0,0
470782,1,1,1983,13,8,0,35,16,13,12,12,29,0
470783,0,1,1983,20,29,12,28,17,10,29,32,21,37
470783,1,1,1983,0,0,0,0,0,0,0,0,22,0
470784,0,1,1983,0,0,0,0,0,0,0,0,0,0
470784,1,1,1983,0,0,0,0,0,0,0,0,0,0
470785,0,1,1983,0,0,0,0,0,0,0,0,0,0
470785,1,1,1983,0,0,0,0,0,0,0,0,0,0
470786,0,1,1983,6,6,6,6,6,6,6,6,6,6
470786,1,1,1983,24,10,0,31,0,21,0,11,0,15
470786,2,1,1983,19,19,19,19,19,19,19,19,19,19
470787,1,1,1983,0,0,0,0,0,0,16,0,22,0
470788,1,1,1983,0,0,0,0,0,0,0,0,0,0
470788,2,1,1983,0,0,0,0,0,0,0,0,0,0
470789,1,1,1983,0,0,0,0,0,0,0,0,0,0
470790,1,1,1983,25,25,25,25,25,25,25,25,25,25
470791,1,1,1983,11,11,11,11,11,11,11,11,11,11
470792,1,1,1983,0,0,0,0,0,0,0,0,0,0
470793,1,1,1983,12,12,12,12,12,12,12,12,12,12
470794,0,1,1983,33,33,33,33,33,33,33,33,33,33
470794,1,1,1983,0,0,0,0,0,0,0,0,0,0
470795,1,1,1983,19,39,0,9,8,18,13,22,10,0
470796,1,1,1983,0,0,0,0,0,0,0,0,0,0
470796,2,1,1983,0,0,0,0,0,0,0,0,0,0
470797,0,1,1983,14,14,14,14,14,14,14,14,14,14
470797,1,1,1983,0,0,17,0,0,0,0,0,0,0
470798,1,1,1983,0,0,0,0,0,0,0,0,0,0
470798,2,1,1983,0,0,0,0,0,0,0,0,0,0
470799,1,1,1983,0,0,0,0,0,0,0,0,0,0
470799,2,1,1983,0,0,3,0,0,0,0,0,0,0
470800,1,1,1983,0,0,16,2,0,0,20,0,17,26
470801,1,1,1983,13,13,13,13,13,13,13,13,13,13
470801,2,1,1983,0,0,0,0,0,0,0,0,0,0
470802,0,1,1983,22,22,22,22,22,22,22,22,22,22
470802,1,1,1983,11,17,8,19,0,19,19,14,0,0
470803,1,1,1983,0,0,0,0,0,0,20,0,0,0
470803,2,1,1983,0,0,0,0,0,0,0,0,0,0
470804,1,1,1983,14,17,0,9,6,24,13,0,15,20
470804,2,1,1983,8,0,0,6,0,13,0,0,0,0
470805,1,1,1983,0,0,0,0,0,0,0,0,0,0
470805,2,1,1983,0,0,0,13,0,6,0,0,0,0
470806,1,1,1983,15,18,32,11,7,30,12,14,12,21
470807,0,1,1983,0,0,0,0,0,0,0,0,0,0
470807,1,1,1983,0,0,18,0,0,0,0,22,0,0
470808,1,1,1983,0,0,0,0,0,0,0,0,0,0
470809,1,1,1983,22,22,22,22,22,22,22,22,22,22
470809,2,1,1983,0,0,0,0,0,0,0,0,0,0
470810,1,2,1983,12,12,12,12,12,12,12,12,12,12
470811,1,1,1983,0,0,0,0,0,0,0,0,0,0
470812,0,1,1983,20,20,20,20,20,20,20,20,20,20
470813,1,1,1983,0,0,0,0,0,0,0,0,0,0
470813,2,1,1983,37,37,37,37,37,37,37,37,37,37
470814,1,1,1983,0,0,0,0,0,0,0,0,0,0
470814,2,1,1983,0,0,0,0,0,0,0,15,0,0
470815,1,1,1983,11,11,11,11,11,11,11,11,11,11
470816,0,1,1983,0,0,0,0,0,0,0,0,0,0
470816,1,1,1983,0,0,19,0,0,0,0,0,0,0
470816,2,1,1983,0,0,0,0,0,0,0,0,0,0
470817,1,1,1983,0,0,0,0,0,0,0,0,3,0
470817,2,1,1983,0,0,0,0,0,0,0,0,0,0
470818,1,1,1983,0,0,0,0,0,0,0,0,0,0
470818,2,1,1983,0,0,0,0,0,0,0,0,0,0
470819,1,1,1983,7,5,21,0,18,15,23,11,6,15
470819,2,1,1983,0,0,0,0,0,0,0,0,0,0
470820,0,1,1983,0,0,0,0,0,0,0,0,0,0
470820,1,1,1983,0,15,0,0,16,10,13,0,0,24
470821,1,1,1983,0,0,0,11,0,0,0,0,0,0
470821,2,1,1983,0,0,0,0,0,0,0,0,0,0
470822,1,1,1983,10,10,10,10,10,10,10,10,10,10
470822,2,1,1983,18,18,18,18,18,18,18,18,18,18
470823,1,1,1983,0,0,0,0,0,0,0,0,0,0
470824,1,1,1983,13,13,13,13,13,13,13,13,13,13
470825,1,1,1983,0,0,0,0,0,0,0,0,0,0
470825,2,1,1983,0,0,0,0,0,0,0,0,0,0
470826,1,1,1983,0,0,0,15,0,26,0,0,0,0
470826,2,1,1983,19,19,19,19,19,19,19,19,19,19
470827,1,1,1983,0,0,0,0,0,0,0,0,0,0
470828,0,1,1983,0,0,20,0,17,0,20,0,0,0
470828,1,1,1983,0,0,0,0,0,0,0,0,0,0
470829,1,1,1983,31,31,31,31,31,31,31,31,31,31
470830,1,1,1983,0,0,0,0,0,0,0,0,0,0
470831,1,1,1983,9,9,9,9,9,9,9,9,9,9
470832,1,1,1983,7,0,0,0,0,0,0,0,9,0
470832,2,1,1983,0,0,0,9,0,0,0,0,16,0
470833,1,1,1983,54,54,54,54,54,54,54,54,54,54
470833,2,1,1983,0,0,0,0,0,0,0,0,0,0
470834,1,1,1983,18,18,18,18,18,18,18,18,18,18
470835,1,1,1983,28,28,28,28,28,28,28,28,28,28
470836,1,1,1983,22,22,22,22,22,22,22,22,22,22
470837,0,1,1983,20,20,20,20,20,20,20,20,20,20
470837,1,1,1983,0,6,5,0,0,0,0,0,0,0
470838,1,1,1983,45,12,20,0,13,30,8,0,10,0
470839,1,1,1983,24,24,24,24,24,24,24,24,24,24
470839,2,1,1983,18,18,18,18,18,18,18,18,18,18
470840,1,1,1983,0,0,0,0,0,0,0,0,0,0
470840,2,1,1983,19,0,0,0,0,0,0,0,0,0
470841,1,1,1983,0,0,0,0,0,0,0,0,0,0
470841,2,1,1983,0,0,0,0,0,0,0,0,0,0
470842,1,1,1983,7,7,7,7,7,7,7,7,7,7
470843,1,1,1983,13,13,13,13,13,13,13,13,13,13
470844,1,1,1983,18,18,18,18,18,18,18,18,18,18
470845,1,1,1983,0,0,0,0,0,0,0,0,0,0
470846,1,1,1983,0,0,0,0,0,13,0,0,0,0
470846,2,1,1983,0,0,0,0,0,0,0,0,0,0
470847,1,1,1983,0,0,0,0,0,0,0,0,0,0
470847,2,1,1983,0,0,0,0,0,0,0,0,0,0
470848,1,1,1983,0,0,0,0,0,0,0,0,0,0
470848,2,1,1983,0,0,0,0,0,0,0,0,0,0
470849,1,1,1983,17,17,17,17,17,17,17,17,17,17
470850,1,1,1983,18,22,11,19,43,19,12,21,9,15
470851,1,1,1983,12,12,12,12,12,12,12,12,12,12
470852,1,1,1983,10,10,10,10,10,10,10,10,10,10
470852,2,1,1983,17,0,0,0,0,0,0,0,0,6
470853,1,1,1983,18,18,18,18,18,18,18,18,18,18
470853,2,1,1983,0,0,0,0,0,0,0,0,0,0
470854,1,1,1983,0,0,0,0,0,0,0,0,0,0
470854,2,1,1983,20,20,20,20,20,20,20,20,20,20
470855,1,1,1983,0,31,23,0,23,0,27,19,25,17
470855,2,1,1983,13,13,13,13,13,13,13,13,13,13
470857,1,1,1983,2,2,2,2,2,2,2,2,2,2
470857,2,1,1983,0,0,8,0,5,0,3,0,0,0
470858,1,1,1983,13,11,9,17,6,0,19,20,9,21
470859,1,1,1983,6,20,13,16,22,16,22,22,25,23
470860,1,1,1983,0,0,0,0,0,0,0,0,0,0
470861,1,1,1983,0,0,0,0,0,0,0,0,0,0
470861,2,1,1983,0,0,15,0,0,0,0,0,14,23
470862,1,1,1983,0,0,0,0,0,0,0,0,0,0
470862,2,1,1983,0,0,0,0,0,0,0,0,0,0
470863,1,1,1983,0,0,0,0,0,0,0,0,0,0
470863,2,1,1983,0,0,0,0,0,0,0,0,0,0
470863,3,1,1983,0,0,0,0,0,0,0,0,0,0
470864,0,1,1983,0,0,0,0,0,0,0,0,0,0
470864,0,2,1983,0,0,0,0,0,0,0,0,0,0
470864,1,1,1983,0,25,0,0,2,0,16,0,9,5
470865,1,1,1983,0,0,0,0,0,0,0,0,0,0
470866,1,1,1983,19,19,19,19,19,19,19,19,19,19
470867,1,1,1983,6,0,0,0,0,0,0,0,0,0
470868,1,1,1983,0,0,0,0,0,0,0,0,0,0
470868,2,1,1983,0,0,0,0,0,0,0,0,0,0
470869,1,1,1983,18,18,18,18,18,18,18,18,18,18
470869,2,1,1983,0,0,0,0,0,0,0,0,0,0
470870,1,1,1983,22,22,22,22,22,22,22,22,22,22
470871,1,1,1983,4,4,4,4,4,4,4,4,4,4
470871,2,1,1983,6,6,6,6,6,6,6,6,6,6
470872,1,1,1983,21,21,21,21,21,21,21,21,21,21
470873,1,1,1983,21,21,21,21,21,21,21,21,21,21
470873,2,1,1983,38,0,0,20,0,0,0,0,0,0
470874,1,1,1983,21,21,21,21,21,21,21,21,21,21
470875,1,1,1983,14,14,14,14,14,14,14,14,14,14
470876,1,1,1983,0,0,0,0,0,0,0,0,0,0
470876,2,1,1983,5,5,5,5,5,5,5,5,5,5
470877,0,1,1983,0,0,0,0,0,0,0,0,0,0
470877,1,1,1983,5,5,5,5,5,5,5,5,5,5
470878,0,1,1983,21,33,20,16,8,25,0,11,26,20
470878,1,1,1983,0,0,0,0,0,16,0,0,0,0
470879,1,1,1983,16,0,0,0,0,0,0,0,0,0
470880,1,1,1983,0,0,0,0,0,0,0,0,0,0
470881,1,1,1983,0,0,0,0,0,0,0,0,0,0
470882,1,1,1983,21,19,0,13,17,14,31,14,20,11
470883,1,1,1983,0,0,0,7,13,0,0,18,0,14
470883,2,1,1983,0,0,0,13,0,0,0,0,0,0
470883,3,1,1983,0,0,0,0,0,0,0,0,0,0
470883,4,1,1983,0,0,0,0,0,0,0,18,0,0
470883,5,1,1983,0,0,0,0,0,15,0,0,0,14
470884,1,1,1983,0,0,17,18,0,6,13,0,0,0
470884,2,1,1983,13,0,0,21,5,9,9,9,18,0
470885,1,1,1983,21,21,21,21,21,21,21,21,21,21
470885,2,1,1983,17,3,10,12,10,10,10,17,9,19
470885,3,1,1983,0,0,0,11,6,0,10,16,2,18
470886,1,1,1983,20,20,20,20,20,20,20,20,20,20
470886,2,1,1983,19,19,19,19,19,19,19,19,19,19
470886,3,1,1983,0,0,0,0,0,0,1,0,0,0
470887,0,1,1983,0,0,0,0,0,0,0,0,0,0
470887,1,1,1983,0,0,0,0,0,0,0,0,0,0
470888,1,1,1983,9,9,9,9,9,9,9,9,9,9
470889,1,1,1983,0,0,0,0,14,0,0,11,25,0
470889,2,1,1983,12,12,12,12,12,12,12,12,12,12
470890,1,1,1983,29,29,19,32,15,28,18,16,20,42
470891,0,1,1983,18,18,19,19,26,25,20,29,31,10
470891,1,1,1983,0,0,2,0,0,12,8,0,5,0
470892,1,1,1983,0,0,0,0,0,0,0,0,0,0
470892,2,1,1983,0,0,0,0,0,0,0,0,0,0
470893,1,1,1983,5,5,5,5,5,5,5,5,5,5
470893,2,1,1983,21,0,0,28,14,15,9,0,23,0
470894,1,1,1983,17,17,17,17,17,17,17,17,17,17
470895,1,1,1983,0,0,0,0,21,0,0,0,0,0
470895,2,1,1983,0,24,0,0,21,0,0,0,14,0
470896,1,1,1983,25,25,25,25,25,25,25,25,25,25
470897,1,1,1983,0,0,0,0,12,13,0,0,0,0
470897,2,1,1983,0,0,0,0,0,0,0,0,0,17
470898,1,1,1983,10,0,0,12,0,21,0,0,0,6
470899,1,1,1983,9,9,9,9,9,9,9,9,9,9
470899,2,1,1983,0,22,14,0,18,0,0,0,0,0
470900,1,1,1983,6,35,5,9,8,0,0,0,0,0
470900,2,1,1983,0,0,0,22,0,0,0,25,11,12
470901,0,1,1983,11,4,0,19,0,0,0,0,32,16
470901,1,1,1983,14,9,3,18,11,10,12,0,10,8
470902,1,1,1983,0,0,0,0,0,0,0,0,0,0
470902,2,1,1983,0,0,0,0,0,0,0,0,0,0
470904,1,1,1983,25,25,25,25,25,25,25,25,25,25
470905,1,1,1983,0,0,0,0,0,0,0,0,0,0
470907,1,1,1983,0,0,0,0,0,0,0,0,0,0
470907,2,1,1983,0,0,0,0,10,0,5,0,0,0
470908,0,1,1983,0,0,0,0,0,0,0,0,0,0
470908,1,1,1983,0,0,0,0,0,0,0,0,0,0
470911,1,1,1983,15,15,15,15,15,15,15,15,15,15
470912,1,1,1983,11,11,11,11,11,11,11,11,11,11
470914,1,1,1983,19,14,17,7,19,30,23,24,18,25
470916,1,1,1983,0,12,0,18,9,0,0,0,8,13
470917,1,1,1983,20,20,20,20,20,20,20,20,20,20
470917,2,1,1983,0,0,0,0,0,0,0,0,0,0
470918,1,1,1983,0,0,0,0,0,0,0,0,0,0
470919,0,1,1983,0,0,0,0,0,0,0,0,0,0
470919,0,2,1983,0,0,0,0,0,0,0,0,0,0
470919,1,1,1983,0,0,0,0,0,0,0,0,0,0
470920,1,1,1983,23,23,23,23,23,23,23,23,23,23
470920,2,1,1983,0,0,0,0,0,0,20,0,0,0
470921,1,1,1983,11,11,11,11,11,11,11,11,11,11
470922,1,1,1983,3,3,3,3,3,3,3,3,3,3
470923,0,1,1983,44,25,0,25,27,28,12,12,0,0
470923,1,1,1983,0,16,0,10,0,0,0,0,0,0
470924,1,1,1983,25,25,25,25,25,25,25,25,25,25
470925,1,1,1983,35,18,15,25,29,16,23,31,21,10
470926,1,1,1983,35,14,21,23,17,14,13,15,25,26
470927,0,1,1983,0,0,0,0,9,22,0,0,0,24
470927,1,1,1983,0,0,9,0,0,0,0,0,0,7
470928,1,1,1983,15,15,15,15,15,15,15,15,15,15
470928,2,1,1983,0,0,0,18,15,0,0,17,22,0
470928,3,1,1983,14,16,10,0,10,22,16,0,0,0
470929,1,1,1983,0,0,0,0,0,0,0,0,0,0
470930,0,1,1983,2,2,2,2,2,2,2,2,2,2
470930,1,1,1983,0,0,0,0,0,0,0,0,0,0
470931,1,1,1983,9,4,0,0,0,0,0,0,0,0
470931,2,1,1983,6,6,6,6,6,6,6,6,6,6
470932,1,1,1983,17,12,0,10,13,0,15,0,0,0
470933,1,1,1983,0,0,0,0,0,0,0,0,0,0
470933,2,1,1983,0,0,0,0,0,0,0,0,0,0
470934,1,1,1983,0,0,0,0,0,0,0,0,0,0
470935,1,1,1983,0,20,0,0,0,0,0,0,0,0
470935,2,1,1983,21,21,21,21,21,21,21,21,21,21
470936,1,1,1983,16,0,0,0,0,0,0,0,12,0
470937,1,1,1983,47,47,47,47,47,47,47,47,47,47
470938,1,1,1983,18,18,18,18,18,18,18,18,18,18
470939,1,1,1983,0,0,0,0,0,0,0,0,0,0
470939,2,1,1983,0,0,0,0,0,0,0,0,0,0
470940,1,1,1983,16,16,16,16,16,16,16,16,16,16
470941,1,1,1983,10,10,10,10,10,10,10,10,10,10
470941,2,1,1983,0,24,0,22,0,10,0,0,6,0
470942,1,1,1983,5,0,9,0,0,0,0,16,21,0
470942,2,1,1983,0,0,0,0,0,0,0,0,0,0
470943,0,1,1983,25,25,25,25,25,25,25,25,25,25
470943,0,2,1983,19,24,0,14,17,25,24,0,26,0
470943,1,1,1983,0,0,0,0,0,0,0,0,0,0
470943,2,1,1983,24,24,24,24,24,24,24,24,24,24
470944,1,1,1983,0,0,13,29,0,16,0,0,16,18
470945,1,1,1983,17,22,24,17,12,18,24,0,0,27
470946,1,1,1983,26,26,26,26,26,26,26,26,26,26
480001,1,1,1983,0,0,26,21,16,0,6,21,0,0
480002,1,1,1983,9,18,22,24,11,26,14,38,16,22
480003,1,1,1983,0,0,0,22,0,0,0,0,0,0
480003,2,1,1983,0,0,17,22,22,0,22,28,0,0
480004,1,1,1983,0,0,13,17,0,28,22,10,7,13
480004,2,1,1983,18,0,12,30,0,0,15,21,0,0
480005,1,1,1983,8,12,24,24,13,11,28,4,8,26
480005,2,1,1983,19,13,11,24,8,8,15,23,25,5
480006,1,1,1983,29,19,26,24,11,14,0,4,19,26
480007,1,1,1983,15,32,0,21,16,24,22,20,13,26
480008,0,1,1983,0,0,0,0,0,0,0,0,0,0
480008,1,1,1983,0,16,0,0,0,0,0,0,0,0
480009,0,1,1983,0,0,0,0,0,0,13,0,20,0
480009,1,1,1983,0,0,0,0,0,0,0,8,0,17
480010,0,1,1983,0,21,12,20,20,11,43,16,10,20
480010,1,1,1983,0,0,0,14,14,0,0,21,0,19
480011,1,1,1983,20,0,13,0,23,22,21,21,12,11
480011,2,1,1983,9,0,15,9,0,2,29,0,8,18
480012,1,1,1983,0,13,12,0,11,0,4,1,14,3
480012,2,1,1983,0,0,0,0,48,0,0,0,0,0
480013,1,1,1983,25,33,25,14,22,14,21,0,23,0
480013,2,1,1983,0,6,12,17,0,8,0,0,0,0
480014,1,1,1983,17,15,39,0,13,8,18,0,16,0
480015,1,1,1983,0,0,0,0,0,0,0,0,0,0
480015,2,1,1983,0,18,0,7,0,21,0,0,0,0
480016,1,1,1983,27,15,4,0,21,7,6,0,0,14
480016,2,1,1983,0,0,0,0,0,0,0,0,0,0
480017,1,1,1983,0,2,0,0,0,0,0,0,0,0
480018,1,1,1983,12,0,7,0,0,0,0,0,0,0
480018,2,1,1983,9,0,0,0,0,0,0,0,0,15
480019,1,1,1983,0,0,0,0,0,0,0,0,0,0
480019,2,1,1983,0,0,0,0,0,0,0,0,0,0
480020,1,1,1983,0,13,30,0,0,0,12,16,0,0
480020,2,1,1983,0,24,0,0,14,0,6,0,29,13
480021,1,1,1983,0,12,22,0,0,10,18,11,31,0
480022,1,1,1983,24,0,0,0,0,0,13,0,0,6
480022,2,1,1983,28,0,0,0,27,36,0,11,25,0
480023,1,1,1983,25,40,23,18,19,42,19,39,35,14
480024,0,1,1983,13,35,0,0,0,0,0,0,0,0
480024,1,1,1983,0,0,6,10,0,18,0,0,19,0
480025,1,1,1983,14,19,36,21,9,9,12,19,13,26
480025,2,1,1983,9,0,0,0,0,5,0,0,0,0
480026,1,1,1983,16,13,18,11,17,24,15,21,23,39
480027,1,1,1983,0,0,14,0,0,0,0,0,0,0
480027,2,1,1983,0,0,0,0,0,0,0,0,9,0
480028,0,1,1983,0,0,0,0,0,0,0,0,0,0
480028,1,1,1983,0,0,0,0,0,0,0,0,0,0
480029,1,1,1983,14,14,21,10,24,11,24,34,10,19
480030,1,1,1983,31,31,31,31,31,31,31,31,31,31
480030,2,1,1983,21,3,20,26,0,21,0,15,32,22
480031,1,1,1983,26,13,24,18,17,24,16,18,24,24
480032,1,1,1983,0,0,0,12,0,9,0,0,0,7
480032,2,1,1983,14,0,0,0,18,0,26,0,0,0
480033,1,1,1983,24,24,24,24,24,24,24,24,24,24
480034,1,1,1983,22,0,0,0,0,0,0,28,19,0
480034,2,1,1983,13,14,0,17,7,11,0,6,10,0
480035,1,1,1983,18,0,2,0,0,23,0,0,0,0
480035,2,1,1983,24,23,20,10,14,21,6,11,0,17
480036,1,1,1983,0,4,0,2,0,0,0,0,0,0
480036,2,1,1983,8,10,22,10,25,2,10,18,15,15
480037,1,1,1983,0,4,0,0,0,0,0,0,0,0
480037,2,1,1983,0,26,0,0,0,0,0,0,0,0
480038,1,1,1983,5,21,24,14,7,16,17,25,25,18
480039,1,1,1983,0,0,0,28,0,0,3,21,15,0
480039,2,1,1983,18,41,0,7,18,0,0,0,0,15
480040,1,1,1983,14,23,13,39,16,9,11,0,5,17
480040,2,1,1983,0,24,25,15,25,6,19,15,14,11
480041,1,1,1983,18,16,11,29,17,8,14,20,15,27
480041,2,1,1983,10,0,0,0,0,0,0,0,0,0
480042,1,1,1983,14,22,16,36,6,31,23,16,7,19
480042,2,1,1983,17,22,21,12,9,24,12,12,5,18
480043,1,1,1983,9,20,16,22,5,3,24,3,28,15
480044,1,1,1983,16,0,17,28,38,12,16,0,6,22
480045,1,1,1983,0,4,0,0,0,0,0,0,0,0
480045,2,1,1983,16,17,0,31,8,0,0,0,0,15
480046,1,1,1983,22,25,21,27,13,18,12,16,7,13
480047,1,1,1983,26,23,20,11,0,0,0,26,0,0
480048,1,1,1983,20,12,17,20,9,0,0,11,9,12
480048,2,1,1983,11,23,0,0,0,0,0,0,0,0
480049,1,1,1983,0,20,27,33,15,0,25,15,22,0
480050,1,1,1983,18,14,11,22,0,25,7,10,0,13
480051,1,1,1983,14,22,19,14,20,20,18,12,4,11
480052,0,1,1983,0,0,0,0,0,0,0,0,0,0
480052,1,1,1983,0,0,0,0,0,0,0,0,0,0
480053,1,1,1983,20,19,21,13,24,19,28,16,24,18