ST_CASE,VEH_NO,PER_NO,YEAR,P1,P2,P3,P4,P5,P6,P7,P8,P9,P10
480054,1,1,1983,0,0,27,14,23,11,0,23,0,17
480055,1,1,1983,0,13,15,11,33,0,16,5,11,11
480056,0,1,1983,15,0,0,17,23,0,8,0,17,0
480056,1,1,1983,0,0,0,0,0,0,0,0,0,0
480057,1,1,1983,0,0,0,0,0,0,17,0,0,0
480057,2,1,1983,0,8,0,0,14,0,0,0,0,0
480058,1,1,1983,25,36,14,22,0,0,13,0,16,0
480059,1,1,1983,0,0,0,26,25,16,0,0,0,0
480059,2,1,1983,0,0,23,0,22,19,10,10,0,0
480060,1,1,1983,0,0,0,0,0,0,0,0,0,0
480060,2,1,1983,0,0,0,0,0,0,0,0,0,0
480061,0,1,1983,28,28,30,4,39,20,43,14,22,24
480061,1,1,1983,0,22,0,22,0,0,6,0,14,0
480062,1,1,1983,0,4,0,0,0,0,0,0,0,0
480062,2,1,1983,0,0,0,0,0,0,0,0,0,0
480063,1,1,1983,0,4,12,20,36,19,19,29,19,15
480064,1,1,1983,25,19,15,21,27,24,9,10,27,21
480064,2,1,1983,18,16,0,28,0,0,13,0,15,0
480065,0,1,1983,0,0,0,0,0,0,0,0,0,0
480065,1,1,1983,0,0,0,0,0,0,0,0,0,0
480066,1,1,1983,35,14,18,19,21,23,17,20,33,17
480067,1,1,1983,0,0,0,4,0,0,0,0,0,0
480067,2,1,1983,9,0,10,0,5,0,0,0,10,18
480068,0,1,1983,0,0,0,0,0,0,0,0,0,0
480068,1,1,1983,0,0,24,0,0,0,10,0,0,0
480069,1,1,1983,0,4,0,0,16,0,0,0,0,0
480069,2,1,1983,0,0,0,0,0,0,0,0,0,0
480070,1,1,1983,0,30,12,22,29,12,11,19,33,0
480071,0,1,1983,0,0,0,33,19,0,0,8,0,11
480071,0,2,1983,0,0,0,0,0,0,0,0,0,0
480071,1,1,1983,0,31,0,0,0,0,0,0,17,0
480071,2,1,1983,0,0,0,0,0,0,0,0,0,0
480072,1,1,1983,0,0,0,0,0,19,0,0,0,0
480072,2,1,1983,0,0,0,0,0,0,0,0,22,0
480073,1,1,1983,11,13,15,29,18,17,17,14,11,19
480074,1,1,1983,22,0,0,0,33,0,29,31,0,0
480074,2,1,1983,0,0,0,15,0,0,0,0,0,0
480075,0,1,1983,17,19,22,34,0,10,20,28,5,18
480075,1,1,1983,0,0,0,0,0,0,0,0,15,0
480076,1,1,1983,20,22,15,17,12,17,28,24,18,14
480076,2,1,1983,9,15,0,13,0,0,0,0,0,11
480077,1,1,1983,0,5,19,11,0,10,0,0,0,0
480077,2,1,1983,0,0,0,11,8,0,0,0,0,10
480078,1,1,1983,10,0,32,0,33,20,13,9,14,9
480079,1,1,1983,17,15,0,18,12,22,38,10,23,0
480080,1,1,1983,43,21,14,6,25,21,23,8,28,21
480081,1,1,1983,6,13,12,17,24,35,18,6,15,16
480082,0,1,1983,24,21,24,24,30,11,0,17,7,8
480082,0,2,1983,22,15,25,18,23,10,25,29,24,19
480082,1,1,1983,13,21,19,0,20,0,18,0,0,30
480083,0,1,1983,0,0,0,0,0,0,0,0,0,0
480083,1,1,1983,0,12,0,9,0,14,0,0,0,0
480084,1,1,1983,0,0,0,0,0,19,7,0,6,0
480084,2,1,1983,0,0,0,0,0,10,0,0,0,0
480084,3,1,1983,0,0,0,0,0,0,0,0,0,0
480085,1,1,1983,7,16,16,0,9,11,9,4,14,15
480085,2,1,1983,9,31,0,11,0,0,0,9,17,23
480086,1,1,1983,0,8,14,18,0,17,21,22,23,21
480087,1,1,1983,9,35,9,14,31,19,6,24,13,19
480088,1,1,1983,10,0,42,16,0,30,12,21,15,12
480089,1,1,1983,22,15,27,8,23,11,40,30,32,29
480089,2,1,1983,0,0,0,0,0,0,12,0,0,0
480090,1,1,1983,0,17,0,0,0,29,0,9,0,0
480090,2,1,1983,0,21,11,0,12,0,0,0,13,5
480091,1,1,1983,16,20,20,9,41,14,31,0,11,19
480091,2,1,1983,0,0,14,11,25,16,0,0,0,5
480092,0,1,1983,10,27,30,25,0,0,11,23,7,0
480092,1,1,1983,0,0,17,0,21,14,18,7,12,0
480093,1,1,1983,29,24,0,0,0,0,24,17,23,14
480094,1,1,1983,3,0,8,0,0,6,0,9,0,8
480095,1,1,1983,16,26,12,12,14,21,18,25,23,14
480096,1,1,1983,19,0,31,0,6,0,0,0,8,0
480096,2,1,1983,17,0,0,0,27,18,0,0,18,0
480097,1,1,1983,0,0,0,0,0,20,12,0,0,0
480098,1,1,1983,0,19,0,20,17,0,0,0,0,0
480098,2,1,1983,0,0,0,0,0,0,0,0,0,0
480099,0,1,1983,0,0,0,0,0,0,0,0,0,0
480099,1,1,1983,0,0,0,0,0,0,0,0,26,0
480100,1,1,1983,0,0,0,0,0,0,0,0,0,0
480101,1,1,1983,19,22,25,17,14,10,24,9,21,16
480102,1,1,1983,0,0,0,0,0,0,0,0,0,0
480102,2,1,1983,0,0,0,0,0,0,0,0,0,0
480103,1,1,1983,35,21,24,0,11,34,23,15,32,7
480104,1,1,1983,0,16,4,0,0,22,0,30,0,0
480105,1,1,1983,0,0,0,0,0,0,0,15,0,0
480105,2,1,1983,0,0,25,0,40,17,0,25,25,0
480106,1,1,1983,0,0,8,0,35,0,0,4,0,0
480106,2,1,1983,0,0,0,0,15,22,0,0,13,15
480107,1,1,1983,0,0,0,0,0,0,0,0,0,0
480107,2,1,1983,0,0,0,0,0,0,0,0,0,0
480108,1,1,1983,0,0,0,0,0,0,0,0,0,0
480108,2,1,1983,11,0,11,0,0,0,0,0,0,0
480109,0,1,1983,0,0,0,0,31,0,0,0,16,0
480109,1,1,1983,0,0,0,0,0,19,27,11,0,0
480110,1,1,1983,0,0,0,11,0,0,0,0,0,0
480110,2,1,1983,25,0,0,0,0,0,0,0,0,0
480111,0,1,1983,5,12,21,26,14,9,17,26,32,12
480111,1,1,1983,0,24,0,9,0,0,0,0,0,15
480112,1,1,1983,10,6,0,7,5,0,0,0,0,0
480112,2,1,1983,0,12,0,0,18,11,25,15,0,31
480113,0,1,1983,15,22,35,23,20,18,14,11,9,17
480113,1,1,1983,20,15,12,0,7,0,18,8,9,0
480114,1,1,1983,29,0,15,0,0,0,0,0,0,0
480114,2,1,1983,0,0,0,0,0,0,0,0,10,0
480115,1,1,1983,0,0,0,15,0,9,0,0,0,0
480115,2,1,1983,13,0,0,0,0,0,0,0,0,0
480116,1,1,1983,28,0,0,0,14,5,12,13,0,0
480116,2,1,1983,0,0,0,0,0,0,0,0,0,0
480116,3,1,1983,11,18,13,15,15,0,21,20,0,0
480117,1,1,1983,0,15,19,0,25,0,17,30,12,21
480118,1,1,1983,20,19,11,20,21,14,8,21,34,21
480119,1,1,1983,0,0,0,0,0,0,13,0,0,0
480119,2,1,1983,0,0,0,0,0,14,0,0,0,0
480120,1,1,1983,5,0,17,0,0,0,0,0,11,14
480121,1,1,1983,11,21,6,9,0,0,13,22,23,17
480121,2,1,1983,0,0,0,0,0,13,7,0,0,0
480122,0,1,1983,18,14,20,37,14,19,19,17,52,18
480122,1,1,1983,0,0,0,0,0,0,0,9,0,19
480123,1,1,1983,11,18,5,18,15,13,13,15,4,6
480123,2,1,1983,0,0,12,19,18,0,0,0,9,24
480124,1,1,1983,0,21,27,21,12,10,21,22,15,14
480125,1,1,1983,27,27,27,27,27,27,27,27,27,27
480126,1,1,1983,20,14,0,19,24,22,19,14,19,23
480127,1,1,1983,0,0,5,0,0,0,0,0,13,0
480127,2,1,1983,0,4,0,5,0,0,0,0,0,0
480128,1,1,1983,0,0,0,22,15,10,27,0,0,22
480129,1,1,1983,0,0,0,18,0,0,26,0,0,0
480130,1,1,1983,7,14,12,20,0,20,8,0,15,0
480130,2,1,1983,15,19,3,18,7,20,9,15,8,16
480131,1,1,1983,0,0,0,27,11,0,10,0,18,0
480131,2,1,1983,0,0,7,0,0,0,0,0,0,0
480132,1,1,1983,40,0,18,24,19,16,30,18,29,22
480133,1,1,1983,0,17,17,0,24,34,26,0,0,0
480134,1,1,1983,0,7,0,16,0,0,0,18,13,7
480134,2,1,1983,0,0,0,22,0,0,0,0,0,0
480135,1,1,1983,11,20,17,0,0,12,0,11,19,22
480135,2,1,1983,0,9,16,13,0,0,14,15,0,7
480136,1,1,1983,0,0,0,5,0,0,0,0,0,0
480137,1,1,1983,13,20,17,7,25,0,24,0,20,20
480138,2,1,1983,0,24,0,0,12,11,0,0,0,13
480139,0,1,1983,0,0,0,10,0,0,0,0,0,0
480139,1,1,1983,0,0,0,0,15,0,0,21,11,0
480140,1,1,1983,26,12,11,24,21,0,11,6,17,37
480141,1,1,1983,11,12,7,19,0,11,19,15,12,6
480142,0,1,1983,0,0,0,0,0,0,0,0,0,0
480142,1,1,1983,0,0,0,0,0,0,0,0,0,0
480143,1,1,1983,25,20,0,24,22,16,0,32,12,21
480144,1,1,1983,0,15,0,14,0,0,0,0,0,0
480144,2,1,1983,0,12,0,0,20,0,8,0,0,9
480145,1,1,1983,0,18,0,7,0,0,0,0,0,16
480145,2,1,1983,0,0,0,0,0,18,0,0,0,0
480146,1,1,1983,22,0,12,0,0,0,0,19,24,0
480147,0,1,1983,0,10,26,0,0,0,23,24,0,0
480147,1,1,1983,0,0,0,0,0,0,0,0,0,0
480148,1,1,1983,2,20,12,0,19,33,19,11,10,24
480148,2,1,1983,0,0,0,0,0,0,0,0,0,0
480149,1,1,1983,18,7,21,22,23,23,39,22,18,20
480150,1,1,1983,21,35,18,7,25,29,12,15,38,15
480151,1,1,1983,0,37,13,23,13,25,25,15,16,18
480152,0,1,1983,0,0,0,0,0,0,0,0,0,0
480152,1,1,1983,0,0,0,0,0,15,28,0,0,0
480153,1,1,1983,8,26,11,28,23,0,10,0,29,0
480154,0,1,1983,0,13,0,0,0,13,27,0,0,0
480154,1,1,1983,0,14,13,0,14,10,25,0,0,12
480155,1,1,1983,12,18,27,7,13,0,9,13,27,18
480155,2,1,1983,6,0,0,0,0,0,0,0,0,0
480156,0,1,1983,0,0,0,10,0,0,0,0,0,0
480156,1,1,1983,0,0,0,0,0,0,0,0,0,0
480157,1,1,1983,0,16,0,0,17,17,10,0,0,0
480158,1,1,1983,31,21,10,0,0,13,12,0,26,0
480158,2,1,1983,0,22,0,0,0,0,0,0,21,0
480159,1,1,1983,20,9,12,16,16,8,0,34,0,0
480159,2,1,1983,0,0,0,0,10,0,0,0,0,0
480160,1,1,1983,11,17,0,0,0,16,6,5,0,0
480160,2,1,1983,16,8,10,22,15,27,18,24,11,14
480161,0,1,1983,9,10,0,9,18,12,0,0,0,0
480161,1,1,1983,0,19,0,0,0,13,0,15,0,18
480162,1,1,1983,18,23,12,26,27,13,16,12,0,19
480163,1,1,1983,0,0,0,0,0,0,0,0,0,0
480163,2,1,1983,21,9,0,0,0,0,33,0,0,0
480164,0,1,1983,13,16,48,20,14,40,5,28,27,27
480164,1,1,1983,5,0,0,13,0,0,0,0,0,11
480164,2,1,1983,29,0,22,27,19,11,20,20,0,18
480165,1,1,1983,11,7,13,20,16,14,21,16,28,15
480165,2,1,1983,15,0,16,0,0,32,34,25,0,13
480166,1,1,1983,0,0,10,0,0,0,0,0,16,15
480166,2,1,1983,0,0,0,0,12,0,0,0,0,5
480167,1,1,1983,8,8,8,8,8,8,8,8,8,8
480167,2,1,1983,0,0,0,0,0,25,0,15,13,0
480168,1,1,1983,51,0,0,3,19,27,38,20,0,12
480169,0,1,1983,14,0,0,0,0,19,0,26,30,16
480169,1,1,1983,16,6,6,14,16,12,19,15,4,22
480170,1,1,1983,0,17,0,16,0,34,21,10,26,0
480170,2,1,1983,13,14,18,19,9,16,24,19,11,0
480171,1,1,1983,0,7,11,17,0,0,0,15,0,11
480171,2,1,1983,0,25,12,0,23,17,0,15,0,0
480172,0,1,1983,0,0,33,16,14,32,30,18,22,29
480172,1,1,1983,9,11,0,10,18,11,14,14,13,8
480173,1,1,1983,10,36,16,18,27,27,21,17,11,0
480174,1,1,1983,25,31,10,8,20,24,18,27,14,22
480174,2,1,1983,0,0,0,5,6,10,14,29,0,10
480175,1,1,1983,0,10,16,0,34,7,10,0,8,0
480176,0,1,1983,0,0,0,0,16,0,9,16,8,0
480176,0,2,1983,33,17,19,21,0,14,20,0,39,15
480176,1,1,1983,31,31,31,31,31,31,31,31,31,31
480177,1,1,1983,13,13,13,13,13,13,13,13,13,13
480177,2,1,1983,20,20,16,22,15,14,23,22,12,0
480178,1,1,1983,12,19,0,0,17,18,19,10,28,0
480179,0,1,1983,23,5,0,14,26,0,28,0,0,19
480179,1,1,1983,35,0,0,0,32,18,0,0,8,20
480180,1,1,1983,8,11,11,0,0,0,0,16,0,7
480180,2,1,1983,18,0,18,0,17,7,0,25,15,15
480181,1,1,1983,0,17,15,0,0,0,0,0,0,0
480181,2,1,1983,0,0,9,0,24,0,0,3,0,0
480182,1,1,1983,20,13,21,18,11,16,30,20,14,27
480183,1,1,1983,0,0,0,0,0,0,0,0,0,0
480183,2,1,1983,4,0,0,0,13,18,0,0,0,14
480184,1,1,1983,22,22,22,22,22,22,22,22,22,22
480184,2,1,1983,5,0,0,0,0,0,0,0,0,0
480185,1,1,1983,0,0,26,0,14,0,0,22,0,0
480185,2,1,1983,0,0,0,0,0,0,0,0,0,0
480186,1,1,1983,8,0,0,0,0,0,0,6,0,0
480186,2,1,1983,0,20,0,10,0,0,0,24,0,12
480187,1,1,1983,0,0,0,0,5,0,0,0,0,0
480187,2,1,1983,0,0,0,0,0,0,0,0,0,0
480188,1,1,1983,0,0,0,0,0,36,0,0,0,0
480189,1,1,1983,0,0,0,0,0,15,0,0,12,8
480189,2,1,1983,0,0,0,0,0,0,0,0,0,0
480190,1,1,1983,0,0,0,0,0,0,0,0,0,0
480190,2,1,1983,0,0,9,0,12,0,0,0,0,0
480190,3,1,1983,0,0,0,0,0,0,0,0,0,0
480190,4,1,1983,0,0,0,0,0,0,0,0,0,0
480191,1,1,1983,0,0,0,0,0,0,0,0,0,0
480191,2,1,1983,34,0,7,9,0,0,28,17,21,0
480192,1,1,1983,8,5,5,8,12,9,21,16,9,16
480192,2,1,1983,0,0,0,0,0,0,0,0,0,0
480193,1,1,1983,0,0,0,24,0,0,20,49,0,0
480194,1,1,1983,10,12,14,11,0,0,0,14,17,27
480194,2,1,1983,24,9,20,0,8,5,28,0,26,23
480195,1,1,1983,20,9,24,28,35,12,12,0,0,22
480196,0,1,1983,0,0,0,0,0,0,0,0,0,0
480196,1,1,1983,0,0,0,14,0,0,0,0,0,0
480197,1,1,1983,29,22,6,15,31,8,23,11,5,9
480198,1,1,1983,17,0,18,0,23,0,0,0,0,17
480199,0,1,1983,46,0,0,12,0,0,12,19,18,9
480199,1,1,1983,0,22,17,0,0,29,0,0,8,0
480200,1,1,1983,0,0,0,0,0,0,0,0,0,0
480200,2,1,1983,0,0,0,0,0,0,0,0,0,0
480201,1,1,1983,4,11,17,17,15,17,18,33,23,16
480201,2,1,1983,17,0,14,0,14,20,0,5,27,0
480202,1,1,1983,0,0,0,0,0,0,0,0,0,0
480202,2,1,1983,0,0,0,0,0,0,0,6,0,0
480203,1,1,1983,11,7,0,12,9,0,17,0,15,0
480203,2,1,1983,0,0,11,0,0,11,0,0,0,0
480204,1,1,1983,13,41,11,24,9,12,17,19,20,18
480204,2,1,1983,14,3,7,11,4,17,9,12,7,0
480205,0,1,1983,0,0,0,24,5,0,0,27,0,0
480205,1,1,1983,30,0,0,20,0,0,0,0,0,0
480206,0,1,1983,17,11,30,20,0,15,13,51,34,24
480206,1,1,1983,0,0,0,0,23,0,0,0,0,21
480207,1,1,1983,0,0,0,0,0,0,0,0,0,0
480207,2,1,1983,0,0,0,0,6,15,0,23,8,0
480208,0,1,1983,43,15,16,0,16,0,28,18,14,0
480208,1,1,1983,18,0,0,3,0,20,31,0,4,0
480209,0,1,1983,0,0,0,0,0,0,0,0,0,0
480209,1,1,1983,0,0,24,0,0,0,17,0,0,0
480210,0,1,1983,13,6,0,7,0,0,0,0,10,0
480210,1,1,1983,0,6,13,0,11,0,7,0,15,0
480210,2,1,1983,0,0,18,0,27,0,0,0,0,0
480211,1,1,1983,17,17,16,17,31,16,26,15,31,20
480211,2,1,1983,0,0,0,0,0,9,0,0,0,37
480212,1,1,1983,17,14,24,0,21,33,29,0,27,0
480212,2,1,1983,0,5,3,15,15,0,10,12,8,19
480213,1,1,1983,26,16,9,11,11,32,3,22,19,23
480214,0,1,1983,0,25,22,29,0,32,0,22,0,7
480214,1,1,1983,0,0,18,0,19,21,0,16,9,0
480215,1,1,1983,0,0,0,0,0,0,0,0,0,0
480215,2,1,1983,0,0,0,0,0,0,0,0,0,0
480216,1,1,1983,23,14,15,11,0,13,26,21,30,31
480217,1,1,1983,0,0,0,9,17,16,0,13,0,0
480217,2,1,1983,21,12,13,16,10,8,5,20,4,41
480218,1,1,1983,27,0,0,0,0,0,24,15,0,0
480219,1,1,1983,19,36,18,24,10,21,35,21,11,27
480220,1,1,1983,15,19,0,23,0,0,6,27,27,9
480221,1,1,1983,41,33,23,18,21,25,27,30,19,11
480222,1,1,1983,31,26,19,6,0,18,0,8,0,16
480223,1,1,1983,0,0,0,17,13,15,18,29,17,12
480224,1,1,1983,0,20,12,14,21,25,23,23,16,20
480225,1,1,1983,10,22,14,0,0,8,7,23,22,10
480225,2,1,1983,16,0,24,27,6,8,22,13,14,0
480226,1,1,1983,5,0,0,0,0,0,14,14,23,0
480226,2,1,1983,20,0,0,0,0,0,0,0,0,0
480227,1,1,1983,0,15,7,20,23,15,0,34,10,11
480227,2,1,1983,22,18,18,4,24,26,0,0,14,0
480228,1,1,1983,11,24,31,23,14,7,14,19,14,23
480229,0,1,1983,0,0,0,20,0,0,14,0,25,0
480229,1,1,1983,8,8,8,8,8,8,8,8,8,8
480230,0,1,1983,0,33,0,0,0,8,29,0,32,0
480230,1,1,1983,0,4,16,20,25,12,0,0,0,0
480231,1,1,1983,0,9,7,22,0,12,5,0,18,13
480231,2,1,1983,18,37,0,0,0,0,0,18,16,18
480232,0,1,1983,0,0,0,0,0,0,0,0,0,0
480232,1,1,1983,7,0,6,25,13,33,0,15,5,0
480233,1,1,1983,0,28,23,18,18,22,25,0,0,27
480234,1,1,1983,0,0,18,19,0,0,19,0,31,24
480234,2,1,1983,11,18,14,8,0,20,20,15,23,8
480234,3,1,1983,23,23,23,23,23,23,23,23,23,23
480235,1,1,1983,21,0,8,12,0,16,11,9,0,6
480235,2,1,1983,0,11,0,20,0,0,0,0,0,0
480236,1,1,1983,17,0,13,21,0,26,17,16,23,21
480237,1,1,1983,30,15,0,16,12,30,13,25,14,27
480238,1,1,1983,21,17,13,10,17,2,18,15,9,13
480238,2,1,1983,13,22,0,16,19,18,20,16,11,18
480239,1,1,1983,17,11,19,0,0,0,23,0,0,0
480239,2,1,1983,20,15,0,11,13,0,0,0,0,27
480240,0,1,1983,0,0,0,0,0,0,0,0,0,0
480240,1,1,1983,0,0,0,0,0,16,0,0,9,0
480241,1,1,1983,27,21,26,14,21,14,25,40,26,22
480242,1,1,1983,13,18,0,0,21,0,0,27,0,13
480242,2,1,1983,0,0,0,0,0,0,0,0,0,0
480243,0,1,1983,0,0,0,0,0,0,0,0,0,0
480243,1,1,1983,26,8,0,2,0,17,0,11,0,0
480244,1,1,1983,11,15,10,17,11,19,21,18,15,9
480245,1,1,1983,0,16,18,16,14,11,0,0,0,12
480246,1,1,1983,0,0,0,0,0,0,0,0,0,0
480246,2,1,1983,0,0,0,0,0,18,0,0,0,0
480247,1,1,1983,7,7,7,7,7,7,7,7,7,7
480247,2,1,1983,0,21,0,0,25,0,0,3,0,4
480248,1,1,1983,11,0,0,0,0,19,9,16,23,10
480249,1,1,1983,11,11,27,0,0,0,0,21,0,22
480249,2,1,1983,9,0,0,0,0,0,0,0,0,0
480250,1,1,1983,27,35,38,25,17,18,16,0,25,16
480251,1,1,1983,18,13,5,27,26,0,25,27,11,13
480251,2,1,1983,0,0,0,0,0,0,0,0,3,0
480252,1,1,1983,0,0,0,0,0,0,6,0,7,0
480253,0,1,1983,0,15,0,17,0,0,0,29,4,11
480253,1,1,1983,28,16,16,0,0,7,13,17,10,14
480254,0,1,1983,30,0,8,0,0,9,11,0,38,0
480254,1,1,1983,0,0,0,25,0,0,0,0,0,10
480255,1,1,1983,0,0,0,0,0,3,0,18,0,0
480255,2,1,1983,22,0,17,26,10,0,6,0,18,28
480256,1,1,1983,21,0,17,17,19,0,0,23,0,0
480256,2,1,1983,0,0,0,0,0,0,0,0,0,0
480257,1,1,1983,6,13,0,0,0,0,24,15,12,9
480257,2,1,1983,0,12,13,16,20,0,0,12,13,0
480258,1,1,1983,30,0,0,0,0,0,8,0,0,0
480259,1,1,1983,7,0,20,0,24,0,0,19,0,20
480260,1,1,1983,0,0,0,17,25,0,0,25,0,0
480260,2,1,1983,0,0,0,0,5,0,0,0,0,0
480261,1,1,1983,9,28,22,19,15,7,11,0,0,0
480262,1,1,1983,7,14,0,4,12,19,8,7,13,29
480263,1,1,1983,0,0,0,0,0,0,0,0,0,0
480263,2,1,1983,0,0,0,0,0,0,0,0,0,0
480264,0,1,1983,0,0,0,0,0,0,0,0,0,0
480264,0,2,1983,0,0,0,0,0,0,0,0,0,0
480264,1,1,1983,36,36,36,36,36,36,36,36,36,36
480265,1,1,1983,16,0,14,13,13,0,15,16,4,14
480266,1,1,1983,0,0,0,0,0,0,0,0,0,0
480266,2,1,1983,23,19,21,23,16,0,19,7,21,0
480267,0,1,1983,32,32,32,32,32,32,32,32,32,32
480267,1,1,1983,11,13,0,0,26,14,14,0,17,13
480268,1,1,1983,0,0,0,0,0,8,11,0,0,0
480269,1,1,1983,0,0,0,0,0,54,16,0,0,0
480270,1,1,1983,12,20,20,21,32,25,27,22,13,12
480271,0,1,1983,0,0,0,0,7,0,5,12,0,11
480271,1,1,1983,0,8,12,0,7,23,13,13,0,11
480272,1,1,1983,21,35,12,8,11,0,12,23,22,13
480273,1,1,1983,4,22,13,15,20,30,19,7,10,12
480274,1,1,1983,10,7,10,22,7,12,11,19,18,3
480275,0,1,1983,25,17,16,17,28,23,23,28,45,34
480275,1,1,1983,0,0,0,9,10,6,9,0,0,11
480276,0,1,1983,10,0,0,0,0,3,0,0,0,29
480276,1,1,1983,20,12,0,0,22,0,0,8,0,11
480277,1,1,1983,24,0,17,14,24,5,8,20,35,16
480277,2,1,1983,12,12,23,20,16,14,16,25,19,13
480278,1,1,1983,0,25,28,20,15,14,27,7,15,18
480279,1,1,1983,0,0,0,0,0,0,0,0,0,0
480279,2,1,1983,11,7,17,17,0,13,9,20,14,18
480279,3,1,1983,12,17,2,11,20,12,19,9,20,20
480280,1,1,1983,19,19,19,19,19,19,19,19,19,19
480280,2,1,1983,15,13,18,10,32,13,0,0,16,6
480281,0,1,1983,14,34,15,22,14,23,13,24,7,29
480281,1,1,1983,0,6,0,0,0,0,0,0,7,6
480282,1,1,1983,30,30,30,30,30,30,30,30,30,30
480283,1,1,1983,0,24,0,18,0,17,0,0,10,0
480284,1,1,1983,20,12,13,27,12,5,11,7,28,25
480285,1,1,1983,4,25,19,14,9,17,4,28,22,8
480286,0,1,1983,0,0,0,0,0,0,0,0,0,0
480286,1,1,1983,0,0,0,0,0,0,0,0,21,0
480287,1,1,1983,0,0,15,0,0,0,0,0,0,0
480287,2,1,1983,0,0,11,11,20,26,9,28,11,13
480288,1,1,1983,24,9,13,7,17,19,14,0,13,28
480288,2,1,1983,0,0,14,3,18,11,0,0,0,0
480289,1,1,1983,2,19,16,0,0,32,0,16,30,0
480290,1,1,1983,18,8,10,5,5,10,11,17,4,8
480291,0,1,1983,28,25,40,21,16,20,22,44,32,12
480291,1,1,1983,0,0,16,5,0,0,0,0,0,0
480292,1,1,1983,13,0,0,0,0,0,0,0,0,0
480292,2,1,1983,0,0,0,0,33,0,0,0,0,0
480293,1,1,1983,0,18,0,17,11,31,0,0,5,0
480293,2,1,1983,0,0,0,25,0,0,0,0,0,0
480294,0,1,1983,0,0,0,16,0,0,27,0,8,0
480294,1,1,1983,0,0,0,0,0,0,0,0,4,0
480295,1,1,1983,0,0,0,0,0,0,0,0,0,0
480295,2,1,1983,0,0,0,0,0,0,0,0,0,0
480296,1,1,1983,27,15,31,0,0,0,24,8,0,0
480296,2,1,1983,0,14,7,0,19,21,4,13,8,0
480297,1,1,1983,16,27,13,27,18,13,19,17,35,13
480298,1,1,1983,2,0,13,0,11,14,0,0,30,0
480299,1,1,1983,0,0,0,0,0,0,0,0,0,0
480299,2,1,1983,14,0,0,0,0,0,0,0,0,0
480300,1,1,1983,0,0,0,0,0,0,0,0,0,0
480301,0,1,1983,26,3,39,10,17,15,28,20,11,32
480301,1,1,1983,8,0,0,0,0,0,0,7,11,0
480302,1,1,1983,15,13,24,16,20,15,10,32,15,17
480303,1,1,1983,0,0,0,0,0,0,0,0,0,0
480303,2,1,1983,15,10,36,20,25,31,23,26,17,12
480304,1,1,1983,0,0,0,0,0,0,0,14,0,13
480304,2,1,1983,0,14,12,12,0,0,0,0,0,16
480305,1,1,1983,0,0,0,0,0,0,0,0,0,0
480305,2,1,1983,13,29,17,27,13,6,10,11,32,21
480306,1,1,1983,0,0,12,0,0,0,0,0,0,0
480306,2,1,1983,0,0,0,0,0,0,0,0,0,0
480307,1,1,1983,0,0,0,0,0,0,0,0,0,0
480307,2,1,1983,0,0,0,0,23,0,12,0,0,0
480308,1,1,1983,20,0,15,0,4,0,0,0,12,0
480308,2,1,1983,11,0,10,8,17,18,0,17,32,0
480309,1,1,1983,18,13,29,22,17,13,25,18,30,19
480309,2,1,1983,32,22,14,8,18,24,18,10,28,17
480310,1,1,1983,27,22,13,8,20,28,16,34,26,17
480311,1,1,1983,0,0,0,0,0,0,0,0,0,0
480311,2,1,1983,14,0,0,0,0,0,0,8,0,0
480312,1,1,1983,3,0,0,0,0,0,0,0,26,15
480312,2,1,1983,0,0,0,0,0,16,0,0,0,0
480313,1,1,1983,11,16,14,9,5,17,23,15,17,13
480313,2,1,1983,15,0,0,0,0,0,10,19,0,0
480314,1,1,1983,0,0,0,0,0,0,0,0,0,0
480314,2,1,1983,15,15,7,23,24,15,0,0,23,11
480315,1,1,1983,0,0,36,0,0,0,0,0,0,0
480316,1,1,1983,11,26,19,33,17,29,26,31,25,11
480317,0,1,1983,9,18,21,35,20,16,14,23,27,28
480317,1,1,1983,0,0,0,0,0,0,0,0,21,0
480318,1,1,1983,8,9,36,22,13,12,7,13,0,22
480318,2,1,1983,0,15,20,20,0,29,28,16,0,26
480319,1,1,1983,17,0,0,0,0,0,0,0,0,0
480319,2,1,1983,0,0,0,0,0,0,0,0,0,5
480320,1,1,1983,6,23,16,20,23,25,29,3,16,18
480320,2,1,1983,18,31,0,0,12,0,5,22,4,0
480321,1,1,1983,6,15,21,10,11,10,8,2,20,18
480322,0,1,1983,0,27,0,0,0,0,0,8,24,0
480322,1,1,1983,0,0,7,0,11,24,23,0,0,0
480323,1,1,1983,0,16,0,0,0,0,0,0,0,0