ST_CASE,VEH_NO,PER_NO,YEAR,P1,P2,P3,P4,P5,P6,P7,P8,P9,P10
480323,2,1,1983,0,25,0,6,0,0,0,0,0,9
480324,1,1,1983,14,7,8,16,7,18,31,13,9,0
480325,1,1,1983,10,0,15,0,0,0,7,0,0,0
480325,2,1,1983,0,0,0,0,0,0,0,0,9,0
480326,1,1,1983,22,6,11,19,17,8,19,25,25,6
480327,1,1,1983,24,30,8,8,14,19,13,2,20,0
480328,1,1,1983,27,17,4,14,24,7,0,9,35,14
480328,2,1,1983,22,0,12,14,9,5,20,27,0,22
480329,1,1,1983,22,0,6,0,14,0,19,0,0,5
480330,1,1,1983,0,0,0,0,0,0,0,16,14,27
480330,2,1,1983,0,0,13,0,0,0,0,0,0,0
480331,1,1,1983,6,17,21,34,23,8,20,12,25,13
480332,1,1,1983,13,13,0,12,15,5,15,0,22,7
480332,2,1,1983,0,0,38,14,0,8,0,0,0,12
480333,0,1,1983,0,0,17,0,16,0,31,9,11,0
480333,1,1,1983,0,0,0,0,24,0,20,0,0,0
480334,1,1,1983,26,10,14,12,18,14,27,25,6,24
480334,2,1,1983,0,0,0,0,0,0,0,0,0,0
480335,0,1,1983,25,19,14,33,26,24,29,19,20,13
480335,1,1,1983,22,16,19,18,0,17,16,8,0,3
480336,1,1,1983,0,0,0,0,0,0,13,0,7,18
480336,2,1,1983,23,0,0,0,0,0,0,20,0,14
480337,0,1,1983,11,8,14,15,44,12,12,17,28,10
480337,1,1,1983,15,10,0,0,17,0,0,0,14,0
480338,1,1,1983,22,19,22,21,20,22,22,26,19,27
480339,1,1,1983,10,21,30,14,3,20,26,11,23,23
480340,1,1,1983,0,23,2,0,33,0,26,0,8,32
480340,2,1,1983,30,22,29,0,11,13,27,0,0,31
480341,1,1,1983,10,31,0,7,9,21,14,27,0,10
480342,1,1,1983,0,0,0,0,0,0,0,0,0,0
480342,2,1,1983,0,0,0,0,0,0,0,0,0,0
480343,0,1,1983,25,24,6,3,27,23,23,38,25,0
480343,1,1,1983,0,0,0,0,0,12,0,0,6,0
480344,1,1,1983,0,0,0,0,0,0,0,0,0,0
480344,2,1,1983,0,0,0,0,0,0,0,0,0,0
480345,1,1,1983,13,15,0,0,9,23,0,0,17,11
480346,1,1,1983,14,10,28,14,13,21,12,13,12,17
480347,1,1,1983,0,0,0,0,0,0,6,0,0,8
480347,2,1,1983,0,0,7,0,0,22,15,0,0,0
480348,0,1,1983,18,31,27,20,35,26,11,18,14,17
480348,1,1,1983,26,0,12,10,17,16,0,13,20,0
480349,1,1,1983,22,29,26,0,16,44,21,18,33,29
480350,1,1,1983,25,30,17,18,35,29,24,32,39,7
480351,1,1,1983,21,12,36,0,24,21,0,0,0,0
480352,1,1,1983,13,3,26,20,17,17,13,24,6,18
480353,1,1,1983,6,33,14,29,33,29,26,22,18,5
480354,1,1,1983,0,0,0,0,0,0,0,0,0,0
480354,2,1,1983,0,9,0,0,3,0,0,0,0,0
480355,1,1,1983,0,0,0,0,0,0,0,29,0,31
480355,2,1,1983,0,0,0,0,0,0,0,0,15,0
480356,1,1,1983,0,0,0,0,0,0,0,0,0,0
480356,2,1,1983,27,26,0,9,5,16,13,9,12,15
480357,1,1,1983,32,7,27,20,15,13,22,19,15,23
480357,2,1,1983,18,0,33,0,13,16,6,11,14,0
480358,1,1,1983,0,0,0,0,0,0,0,12,0,0
480358,2,1,1983,0,0,0,0,0,0,0,0,0,0
480359,1,1,1983,17,0,0,0,0,0,0,0,5,0
480359,2,1,1983,17,18,27,12,18,6,0,14,14,16
480360,1,1,1983,3,6,12,9,3,11,3,36,15,7
480360,2,1,1983,0,13,0,0,0,0,0,0,20,8
480361,1,1,1983,9,25,26,25,11,12,24,17,14,39
480361,2,1,1983,17,3,0,6,0,16,0,2,11,14
480362,1,1,1983,28,26,28,37,25,17,17,4,23,10
480363,1,1,1983,0,15,15,0,0,0,0,33,0,0
480364,0,1,1983,0,0,0,0,0,0,0,0,0,0
480364,1,1,1983,0,0,0,0,22,0,0,0,0,0
480365,1,1,1983,0,0,0,0,0,0,0,0,0,11
480365,2,1,1983,0,0,0,10,0,0,0,0,9,0
480366,1,1,1983,0,0,0,0,0,0,0,0,16,0
480366,2,1,1983,6,24,0,0,12,0,0,0,0,0
480366,3,1,1983,0,0,0,0,0,0,0,0,0,0
480367,1,1,1983,0,13,0,0,20,9,14,26,0,0
480367,2,1,1983,19,19,19,19,19,19,19,19,19,19
480368,1,1,1983,0,2,0,0,22,16,0,30,0,0
480368,2,1,1983,25,9,0,0,0,0,0,0,0,0
480369,0,1,1983,0,17,0,0,0,0,29,0,0,0
480369,1,1,1983,25,0,23,0,0,0,0,19,0,14
480370,1,1,1983,16,19,12,16,3,15,16,17,35,10
480371,1,1,1983,36,18,40,18,15,21,11,28,14,23
480372,1,1,1983,15,0,0,0,0,0,22,0,22,0
480372,2,1,1983,0,0,0,5,4,24,0,0,0,19
480373,0,1,1983,0,0,0,0,0,0,0,0,0,0
480373,1,1,1983,0,0,0,0,24,0,0,16,0,0
480374,1,1,1983,17,23,12,15,14,25,28,8,10,16
480375,1,1,1983,18,38,24,17,33,9,32,26,11,23
480376,1,1,1983,17,19,0,10,10,6,18,22,12,14
480377,1,1,1983,23,35,22,9,0,20,6,8,7,9
480377,2,1,1983,20,28,15,30,12,13,16,18,24,12
480378,1,1,1983,12,0,0,23,13,32,25,22,11,24
480379,1,1,1983,10,12,6,17,19,0,11,0,17,35
480380,1,1,1983,0,0,0,0,0,0,0,0,0,0
480380,2,1,1983,0,0,16,0,0,0,0,0,0,0
480381,1,1,1983,12,23,30,14,17,4,13,13,32,0
480382,1,1,1983,0,0,6,0,0,0,0,0,20,0
480382,2,1,1983,0,0,0,0,0,0,0,0,0,0
480383,1,1,1983,30,20,18,23,19,12,7,0,15,15
480384,1,1,1983,0,0,0,0,0,0,0,0,0,0
480384,2,1,1983,0,0,0,0,13,0,0,0,0,0
480385,1,1,1983,0,20,0,13,4,7,16,21,14,21
480385,2,1,1983,22,28,20,4,21,31,25,18,14,12
480386,1,1,1983,7,13,4,22,0,5,20,10,9,15
480387,1,1,1983,13,0,8,21,10,9,9,0,20,33
480388,1,1,1983,7,7,7,7,7,7,7,7,7,7
480389,1,1,1983,25,16,29,12,19,32,40,21,14,10
480390,1,1,1983,22,0,0,0,9,0,0,0,0,0
480391,1,1,1983,22,0,4,19,6,0,23,11,0,20
480392,1,1,1983,0,0,0,0,0,0,19,0,0,0
480392,2,1,1983,0,0,0,0,0,0,0,0,0,0
480393,1,1,1983,0,0,0,0,0,0,0,0,0,0
480393,2,1,1983,0,0,0,0,0,0,0,0,0,0
480394,0,1,1983,0,0,0,0,0,0,0,0,0,0
480394,1,1,1983,2,0,0,0,0,0,0,0,0,0
480395,0,1,1983,0,0,0,0,0,0,0,0,0,0
480396,1,1,1983,0,0,0,24,0,0,0,0,0,13
480396,2,1,1983,0,0,0,17,0,0,0,0,0,0
480397,0,1,1983,0,0,0,0,0,0,0,0,0,0
480397,1,1,1983,0,0,12,0,0,0,0,0,0,0
480398,1,1,1983,5,26,31,4,12,0,9,14,21,12
480399,1,1,1983,0,0,0,0,0,0,0,0,0,6
480399,2,1,1983,0,0,0,0,0,0,0,0,0,0
480400,0,1,1983,17,12,24,6,32,34,10,23,8,40
480400,1,1,1983,0,0,0,0,11,7,0,18,10,0
480401,1,1,1983,24,7,16,14,10,17,14,0,9,16
480401,2,1,1983,9,29,12,8,0,0,17,21,19,16
480403,1,1,1983,0,19,15,14,7,12,24,5,20,26
480403,2,1,1983,0,0,29,26,8,10,0,0,0,5
480403,3,1,1983,15,23,7,11,21,16,31,18,17,11
480404,0,1,1983,30,0,22,20,18,30,0,0,25,25
480404,1,1,1983,8,17,0,15,15,7,17,31,14,0
480405,1,1,1983,0,0,0,0,0,0,26,0,0,0
480405,2,1,1983,16,13,6,12,25,15,13,25,14,17
480406,1,1,1983,0,0,0,0,0,0,0,0,0,0
480406,2,1,1983,0,0,16,0,12,0,4,0,0,0
480407,1,1,1983,10,8,21,27,12,0,0,9,23,0
480408,1,1,1983,30,17,7,13,0,27,11,20,8,5
480409,1,1,1983,10,0,17,22,0,11,0,17,0,0
480410,1,1,1983,0,0,0,0,0,0,0,0,0,0
480410,2,1,1983,0,0,0,0,0,0,0,0,0,0
480411,1,1,1983,21,0,0,0,0,0,0,0,0,0
480411,2,1,1983,0,23,0,12,11,15,0,25,0,0
480412,1,1,1983,0,0,0,0,0,0,8,0,0,0
480412,2,1,1983,21,20,10,9,0,12,13,16,15,0
480413,1,1,1983,0,0,0,13,0,28,0,0,12,0
480413,2,1,1983,0,4,0,0,0,0,0,0,0,0
480414,1,1,1983,18,27,19,39,10,0,28,20,28,27
480415,0,1,1983,0,12,10,0,20,4,41,7,0,10
480415,1,1,1983,0,16,0,22,22,17,0,0,18,0
480416,1,1,1983,0,0,0,0,0,0,0,0,0,0
480416,2,1,1983,0,0,23,0,0,0,0,0,0,0
480416,3,1,1983,0,0,0,0,0,0,0,0,0,7
480416,4,1,1983,0,15,0,0,0,0,0,0,20,0
480417,0,1,1983,15,0,0,32,0,0,18,17,22,17
480417,0,2,1983,16,18,23,20,12,30,13,26,0,22
480417,1,1,1983,0,0,15,0,12,30,16,0,7,11
480418,1,1,1983,0,10,10,16,0,0,24,10,12,14
480418,2,1,1983,0,5,17,18,8,0,0,0,0,16
480419,0,1,1983,0,0,26,0,0,0,23,0,25,0
480419,1,1,1983,0,0,0,17,0,0,0,0,0,0
480420,1,1,1983,0,0,0,24,0,0,0,0,0,0
480420,2,1,1983,0,0,0,0,21,0,0,0,0,0
480421,1,1,1983,0,0,0,4,0,0,0,0,0,0
480421,2,1,1983,0,0,0,0,0,0,0,0,0,14
480422,1,1,1983,0,0,0,0,0,11,0,0,0,0
480422,2,1,1983,18,0,16,0,0,0,0,0,0,0
480423,1,1,1983,0,0,0,0,0,0,0,0,0,0
480423,2,1,1983,0,0,0,0,0,0,0,0,0,0
480424,1,1,1983,0,20,0,7,0,0,0,0,15,0
480425,1,1,1983,12,0,21,13,10,17,15,35,10,10
480426,1,1,1983,35,16,3,18,17,17,13,0,15,6
480427,1,1,1983,0,16,0,0,14,0,0,0,0,22
480427,2,1,1983,0,12,19,37,0,10,0,0,0,0
480428,1,1,1983,25,10,31,9,12,12,15,18,8,16
480429,1,1,1983,0,0,0,0,0,0,0,0,0,0
480429,2,1,1983,9,15,9,14,0,17,0,0,14,12
480430,1,1,1983,13,18,12,23,11,8,13,0,15,10
480430,2,1,1983,21,0,0,6,22,14,0,0,11,21
480431,0,1,1983,16,0,21,9,0,0,0,0,0,10
480431,1,1,1983,0,0,0,16,0,12,0,0,0,0
480432,1,1,1983,13,0,0,16,10,0,30,0,0,0
480432,2,1,1983,0,0,0,0,0,0,0,0,0,0
480433,1,1,1983,15,15,16,20,17,17,28,8,27,13
480434,1,1,1983,11,32,26,7,16,12,21,16,13,22
480435,1,1,1983,0,0,0,17,2,4,0,0,0,0
480435,2,1,1983,0,0,0,0,0,0,0,0,0,0
480436,0,1,1983,0,0,0,0,0,0,0,0,0,0
480436,1,1,1983,0,11,21,0,14,0,13,0,12,23
480437,1,1,1983,18,3,14,13,20,18,18,22,15,16
480438,1,1,1983,27,8,23,14,23,10,14,0,5,26
480439,1,1,1983,21,16,18,44,18,19,23,19,28,7
480440,1,1,1983,0,0,0,47,0,0,0,0,0,0
480440,2,1,1983,0,11,0,0,0,0,29,0,13,0
480441,0,1,1983,0,0,19,0,0,0,0,0,0,0
480441,1,1,1983,0,0,0,0,0,0,0,0,0,0
480442,1,1,1983,13,26,19,20,40,14,15,23,9,28
480443,1,1,1983,11,26,6,14,19,0,8,24,9,10
480444,1,1,1983,0,0,0,5,0,0,18,29,0,0
480445,0,1,1983,26,16,17,22,10,15,15,25,16,21
480445,1,1,1983,0,0,0,0,0,0,11,0,16,18
480446,1,1,1983,0,0,0,0,0,0,0,0,0,0
480446,2,1,1983,16,22,0,4,7,0,0,0,0,0
480447,1,1,1983,0,0,2,19,0,0,0,0,12,0
480447,2,1,1983,21,28,26,20,11,23,19,12,0,21
480448,1,1,1983,0,0,0,0,0,0,0,0,0,0
480449,1,1,1983,23,5,17,19,19,9,7,0,10,21
480450,1,1,1983,4,0,4,0,0,11,0,22,0,14
480450,2,1,1983,0,0,32,9,13,0,0,14,0,4
480451,1,1,1983,0,0,0,0,16,11,0,0,0,0
480451,2,1,1983,0,0,0,0,0,0,0,0,0,0
480452,1,1,1983,0,0,0,0,0,0,0,0,0,0
480452,2,1,1983,0,0,0,0,0,0,4,0,0,0
480453,0,1,1983,12,12,12,12,12,12,12,12,12,12
480453,1,1,1983,30,7,5,19,12,27,0,29,12,22
480454,1,1,1983,0,0,22,0,10,23,9,13,0,0
480454,2,1,1983,0,0,0,0,0,0,0,0,0,0
480455,1,1,1983,24,17,31,8,16,14,28,34,15,12
480456,1,1,1983,14,9,21,16,0,0,11,16,0,0
480456,2,1,1983,0,21,21,17,17,17,0,0,0,0
480457,1,1,1983,10,5,22,6,18,15,19,13,11,0
480457,2,1,1983,0,0,0,21,0,26,0,14,13,0
480458,0,1,1983,29,22,4,5,7,18,20,0,10,15
480458,1,1,1983,8,21,0,0,0,0,0,17,7,0
480459,1,1,1983,0,21,34,12,11,0,13,6,18,0
480459,2,1,1983,25,0,0,12,0,11,15,0,15,28
480460,1,1,1983,30,12,25,14,31,14,17,34,15,7
480461,0,1,1983,0,0,0,0,0,0,0,0,0,0
480461,1,1,1983,0,0,0,0,0,0,0,0,15,0
480462,1,1,1983,0,27,0,0,0,21,20,21,0,0
480463,1,1,1983,0,11,0,9,0,14,20,17,11,0
480463,2,1,1983,19,15,0,15,0,14,6,0,28,7
480464,1,1,1983,0,0,0,14,15,0,8,0,16,0
480464,2,1,1983,0,0,26,14,0,21,16,20,13,15
480465,1,1,1983,12,13,18,7,24,0,25,0,7,19
480465,2,1,1983,0,0,0,0,5,0,0,13,0,23
480466,1,1,1983,0,9,0,0,0,29,0,0,0,0
480466,2,1,1983,0,0,0,18,14,0,23,0,0,21
480467,1,1,1983,0,22,0,0,0,0,0,0,0,0
480467,2,1,1983,0,0,0,0,0,0,0,0,0,0
480468,1,1,1983,15,0,0,0,28,0,9,0,0,0
480468,2,1,1983,17,17,15,22,10,9,22,11,11,15
480469,1,1,1983,19,17,15,30,0,44,15,8,16,20
480470,1,1,1983,0,23,0,0,7,0,0,0,0,0
480470,2,1,1983,14,24,0,16,8,0,15,30,0,15
480471,1,1,1983,14,0,16,23,20,18,18,12,13,20
480472,0,1,1983,0,0,0,0,0,0,0,0,0,0
480472,1,1,1983,0,0,0,0,0,0,0,9,0,0
480473,0,1,1983,0,0,0,0,0,0,0,0,0,0
480473,1,1,1983,19,18,14,17,12,3,5,20,6,15
480474,1,1,1983,0,0,0,0,0,0,0,0,0,0
480474,2,1,1983,0,0,0,0,0,2,0,0,0,0
480475,0,1,1983,0,0,0,0,0,0,0,0,0,0
480475,1,1,1983,0,18,0,0,0,20,0,16,0,0
480476,1,1,1983,15,20,23,12,38,27,0,22,22,22
480477,1,1,1983,6,18,0,14,6,9,3,9,17,0
480477,2,1,1983,0,19,0,0,0,6,0,18,0,0
480478,0,1,1983,20,5,19,34,30,0,21,13,14,43
480478,0,2,1983,8,16,9,13,16,11,22,7,13,23
480478,1,1,1983,31,0,16,12,0,12,16,0,15,22
480479,1,1,1983,13,0,0,22,4,0,0,0,0,0
480479,2,1,1983,27,15,13,13,21,17,14,15,27,28
480480,1,1,1983,22,0,0,0,0,29,0,0,0,6
480480,2,1,1983,0,0,0,5,12,8,0,0,0,15
480480,3,1,1983,15,8,21,19,0,16,0,0,16,0
480481,1,1,1983,11,3,0,28,10,13,5,23,0,9
480482,1,1,1983,0,0,0,0,12,22,18,0,3,0
480482,2,1,1983,0,0,0,0,21,0,15,0,0,9
480482,3,1,1983,0,0,9,0,0,0,0,0,0,0
480483,1,1,1983,26,26,15,21,9,14,17,24,24,36
480484,1,1,1983,0,14,18,0,17,0,0,13,0,12
480485,1,1,1983,0,0,0,12,22,0,17,0,0,0
480485,2,1,1983,0,0,0,0,0,0,8,0,13,0
480486,1,1,1983,0,0,0,0,0,0,0,0,0,0
480486,2,1,1983,0,0,4,0,0,0,0,0,0,0
480487,0,1,1983,0,0,0,0,0,0,0,0,0,0
480487,1,1,1983,0,10,0,0,0,0,0,9,0,0
480488,1,1,1983,16,0,0,0,0,0,0,49,18,21
480489,1,1,1983,0,0,0,0,0,0,0,16,0,0
480489,2,1,1983,0,0,0,0,0,0,0,0,0,0
480490,1,1,1983,15,15,15,15,15,15,15,15,15,15
480491,1,1,1983,13,32,0,7,0,0,16,17,0,16
480492,1,1,1983,30,33,21,20,20,42,11,17,18,14
480493,1,1,1983,7,19,0,0,0,0,26,31,29,17
480493,2,1,1983,0,0,0,0,18,0,16,0,0,0
480494,1,1,1983,15,29,25,18,13,9,8,0,14,21
480495,0,1,1983,24,15,12,7,33,35,0,22,51,15
480495,1,1,1983,14,0,0,0,29,0,9,0,0,0
480496,0,1,1983,0,0,0,0,0,0,19,0,0,0
480496,1,1,1983,0,0,0,0,0,0,0,0,0,0
480497,1,1,1983,0,15,28,0,13,0,0,30,17,0
480498,1,1,1983,0,0,0,0,0,0,0,0,0,0
480498,2,1,1983,13,0,0,0,0,0,0,26,0,17
480499,1,1,1983,0,6,18,17,12,22,17,0,11,5
480500,0,1,1983,19,18,17,14,12,21,20,7,23,30
480500,1,1,1983,0,0,5,9,18,0,0,0,13,0
480501,1,1,1983,0,0,18,16,21,0,16,0,0,0
480501,2,1,1983,0,0,9,23,0,0,0,0,0,0
480502,1,1,1983,0,5,0,0,6,0,0,0,0,0
480502,2,1,1983,34,34,34,34,34,34,34,34,34,34
480503,0,1,1983,0,0,34,13,0,19,0,19,18,0
480503,1,1,1983,23,0,0,9,10,28,0,17,15,0
480504,1,1,1983,0,0,0,0,0,8,0,0,0,0
480504,2,1,1983,0,0,0,0,0,0,0,0,0,0
480505,1,1,1983,11,24,23,30,13,28,31,0,12,16
480506,1,1,1983,0,0,0,0,0,0,0,0,0,0
480506,2,1,1983,0,0,0,0,0,0,0,0,0,0
480507,1,1,1983,9,26,16,15,4,24,23,14,14,14
480508,1,1,1983,7,20,0,0,0,0,0,16,16,5
480509,1,1,1983,8,0,14,8,11,24,0,8,18,0
480510,1,1,1983,10,21,12,13,37,21,0,20,3,13
480511,0,1,1983,12,0,31,0,0,0,17,0,0,17
480511,1,1,1983,11,0,15,0,20,0,0,11,0,0
480512,1,1,1983,0,13,0,12,13,0,0,11,0,10
480512,2,1,1983,0,18,11,2,0,0,12,13,13,0
480513,1,1,1983,9,25,0,34,19,19,13,0,24,14
480514,1,1,1983,24,26,23,15,17,13,17,35,6,21
480515,0,1,1983,11,25,0,14,28,0,5,0,19,20
480515,1,1,1983,7,25,3,10,8,18,0,0,22,21
480516,1,1,1983,12,36,0,0,15,18,0,5,18,0
480517,0,1,1983,15,14,0,35,0,22,5,0,14,0
480517,1,1,1983,9,14,17,12,19,26,11,13,0,0
480518,1,1,1983,0,0,0,20,18,18,21,0,0,17
480518,2,1,1983,0,0,29,22,12,9,20,18,0,6
480519,1,1,1983,22,0,0,0,25,25,27,22,0,24
480520,1,1,1983,18,10,0,12,18,14,15,22,0,12
480521,1,1,1983,0,0,0,0,0,0,0,0,13,0
480521,2,1,1983,0,0,0,0,0,12,0,19,8,0
480522,1,1,1983,10,18,8,0,10,6,9,18,12,0
480523,1,1,1983,22,17,8,19,10,24,17,15,19,21
480524,1,1,1983,0,19,0,10,11,16,0,29,0,17
480525,1,1,1983,0,0,0,0,0,0,0,0,0,0
480525,2,1,1983,0,0,0,0,0,0,0,0,0,0
480526,1,1,1983,0,0,0,0,0,0,0,0,0,0
480526,2,1,1983,3,11,0,0,5,0,0,0,17,12
480527,1,1,1983,26,30,21,10,24,11,13,5,27,4
480528,1,1,1983,13,0,0,13,15,4,0,0,8,0
480528,2,1,1983,0,0,0,0,0,0,0,0,0,0
480529,1,1,1983,9,10,5,0,18,17,0,9,15,8
480530,0,1,1983,15,25,33,13,20,25,12,20,31,33
480530,1,1,1983,0,0,0,6,0,21,27,19,15,20
480531,1,1,1983,25,6,18,17,4,4,13,26,12,10
480531,2,1,1983,28,16,10,33,19,29,12,17,0,4
480532,1,1,1983,0,0,0,12,0,15,7,0,20,0
480532,2,1,1983,0,0,15,0,0,0,0,0,0,0
480533,0,1,1983,0,0,17,0,0,24,0,0,24,0
480533,0,2,1983,7,13,17,0,34,6,16,9,15,0
480534,1,1,1983,11,35,10,18,9,19,23,24,16,29
480534,2,1,1983,11,11,8,7,16,0,0,0,17,12
480535,1,1,1983,11,6,14,0,0,0,12,14,0,14
480535,2,1,1983,25,8,13,0,0,0,15,0,7,0
480536,1,1,1983,16,0,0,0,0,0,18,0,22,0
480536,2,1,1983,0,0,0,0,0,0,0,0,0,0
480537,1,1,1983,13,9,14,22,28,22,14,26,25,21
480538,0,1,1983,25,0,0,0,0,20,0,0,10,0
480538,1,1,1983,0,18,0,12,0,0,13,26,0,0
480539,1,1,1983,0,0,0,43,0,0,0,0,0,0
480540,1,1,1983,0,0,0,17,19,0,0,0,0,16
480541,0,1,1983,40,5,12,6,19,17,39,27,26,11
480541,1,1,1983,6,0,0,0,21,0,17,0,0,0
480542,1,1,1983,19,46,14,29,31,9,11,23,30,24
480543,1,1,1983,0,0,0,0,0,0,0,0,0,0
480543,2,1,1983,0,0,4,17,0,0,0,0,9,0
480544,1,1,1983,0,0,32,19,0,0,0,0,0,0
480544,2,1,1983,0,0,0,0,0,0,0,0,6,0
480545,0,1,1983,22,28,23,27,26,25,14,14,25,18
480545,1,1,1983,0,0,0,0,0,0,0,0,0,0
480546,1,1,1983,0,0,0,0,10,0,0,0,0,0
480546,2,1,1983,0,0,0,0,0,0,0,0,0,5
480547,1,1,1983,14,0,18,2,0,0,25,0,0,0
480548,1,1,1983,0,0,10,29,0,0,0,0,17,0
480548,2,1,1983,0,0,0,0,12,16,0,0,0,0
480549,1,1,1983,0,0,14,0,0,0,0,0,10,0
480550,1,1,1983,0,0,0,0,10,0,12,0,0,0
480550,2,1,1983,0,0,0,0,0,0,0,0,0,0
480551,1,1,1983,0,27,0,0,0,0,0,0,0,0
480551,2,1,1983,0,0,0,0,0,0,0,0,0,0
480552,1,1,1983,0,0,2,25,0,0,0,19,0,0
480552,2,1,1983,0,0,0,0,5,0,0,0,0,0
480553,1,1,1983,0,16,13,0,4,0,0,20,15,0
480553,2,1,1983,0,0,8,0,0,0,0,0,0,0
480554,0,1,1983,0,0,0,14,0,0,0,0,0,0
480554,1,1,1983,15,0,0,0,0,9,0,0,18,0
480555,1,1,1983,0,0,0,0,0,0,0,0,0,0
480555,2,1,1983,0,0,0,0,0,0,0,0,16,0
480556,0,1,1983,22,24,3,18,26,15,31,19,19,21
480556,1,1,1983,40,24,12,29,19,16,18,25,6,9
480557,1,1,1983,0,0,0,0,0,19,11,0,14,36
480558,1,1,1983,0,22,0,0,5,0,0,16,9,18
480559,1,1,1983,14,0,9,0,0,0,0,0,12,0
480560,0,1,1983,33,34,0,16,15,34,17,0,22,24
480560,1,1,1983,0,3,0,23,16,15,13,9,0,0
480561,1,1,1983,26,16,0,25,17,11,14,21,0,9
480561,2,1,1983,0,0,15,0,0,0,0,32,11,0
480562,1,1,1983,4,9,48,22,18,12,21,27,16,9
480563,0,1,1983,0,0,0,0,0,0,0,0,7,0
480563,1,1,1983,0,0,0,0,0,0,0,0,0,0
480564,1,1,1983,11,7,20,23,10,14,9,16,0,26
480564,2,1,1983,0,24,0,0,0,29,0,0,12,0
480565,1,1,1983,0,0,14,0,13,0,0,0,0,0
480566,0,1,1983,33,0,0,14,27,11,15,15,0,31
480566,1,1,1983,20,15,19,0,0,19,0,0,6,0
480567,0,1,1983,17,6,7,29,17,48,0,0,23,0
480567,1,1,1983,11,18,0,0,0,0,0,21,16,0
480568,1,1,1983,26,17,29,21,24,11,0,0,23,22
480569,1,1,1983,15,18,27,7,12,21,32,12,26,14
480570,0,1,1983,10,14,12,8,5,29,18,26,7,12
480570,1,1,1983,18,32,0,10,0,21,27,27,9,8
480571,1,1,1983,0,7,14,12,0,0,9,0,11,0
480571,2,1,1983,9,5,16,5,8,10,0,0,0,0
480572,1,1,1983,0,0,30,20,21,5,19,33,11,12
480573,1,1,1983,13,0,0,0,35,15,0,0,0,0
480573,2,1,1983,0,0,0,0,0,0,0,0,24,25
480574,1,1,1983,22,0,32,0,0,18,0,19,13,24
480575,1,1,1983,12,39,18,22,7,23,11,21,11,16
480577,1,1,1983,17,17,15,0,16,13,17,9,25,23
480577,2,1,1983,20,0,12,0,0,0,0,0,0,0
480577,3,1,1983,24,18,15,20,13,0,0,10,4,0
480578,1,1,1983,0,14,14,11,0,0,13,17,11,16
480579,0,1,1983,0,19,0,14,26,0,0,18,22,16
480579,1,1,1983,0,0,0,0,0,0,0,0,0,0
480580,1,1,1983,0,0,14,0,21,0,0,39,0,25
480581,1,1,1983,0,0,0,0,0,0,0,0,0,0
480581,2,1,1983,0,0,0,0,0,0,0,0,0,0
480582,1,1,1983,0,0,4,0,0,16,0,0,0,0
480582,2,1,1983,0,0,0,0,0,0,0,22,0,0
480583,1,1,1983,0,0,0,0,0,0,0,0,0,7
480583,2,1,1983,0,0,0,0,7,0,0,0,0,0
480584,1,1,1983,0,0,0,0,0,0,0,0,0,0
480584,2,1,1983,0,0,0,0,0,0,0,2,0,18
480585,1,1,1983,15,14,48,15,21,31,27,27,12,0
480586,1,1,1983,0,20,19,28,23,8,20,0,0,0
480587,1,1,1983,0,17,0,8,0,22,31,23,7,10
480588,0,1,1983,0,0,0,0,0,0,0,0,0,0
480588,1,1,1983,16,16,16,16,16,16,16,16,16,16
480589,1,1,1983,12,0,0,0,0,0,11,0,0,0
480589,2,1,1983,0,0,0,0,0,0,0,0,0,20
480590,1,1,1983,18,18,18,18,18,18,18,18,18,18
480591,1,1,1983,7,21,14,0,17,26,25,17,33,24
480592,0,1,1983,0,38,0,18,12,10,0,24,27,36
480592,1,1,1983,0,0,0,0,24,0,0,0,0,14
480593,1,1,1983,0,0,0,0,0,0,0,0,0,0
480593,2,1,1983,0,0,0,0,0,0,0,0,0,0
480594,1,1,1983,0,0,0,0,17,0,21,0,0,0
480594,2,1,1983,0,0,0,0,0,0,0,0,0,0
480595,1,1,1983,35,9,8,16,0,0,0,22,0,19
480596,0,1,1983,0,0,0,6,20,6,0,0,31,34
480596,0,2,1983,0,0,0,0,0,0,0,0,0,0
480596,1,1,1983,0,0,0,0,0,0,0,0,3,0
480597,1,1,1983,15,28,22,31,27,22,0,23,17,22
480598,1,1,1983,16,0,15,16,6,0,0,17,12,6
480598,2,1,1983,0,0,0,27,0,0,0,0,0,14
480599,1,1,1983,20,0,17,24,0,0,17,0,0,7
480599,2,1,1983,0,16,0,19,6,15,20,0,2,13
480600,1,1,1983,16,16,12,25,13,14,6,19,21,10
480601,1,1,1983,0,0,0,0,0,13,0,0,0,0
480601,2,1,1983,0,0,26,11,12,0,11,0,0,0