ST_CASE,VEH_NO,PER_NO,YEAR,P1,P2,P3,P4,P5,P6,P7,P8,P9,P10
480602,0,1,1983,12,16,15,21,0,20,32,18,32,12
480602,1,1,1983,20,33,37,0,12,0,10,13,12,2
480603,1,1,1983,0,16,0,14,16,0,0,0,0,0
480603,2,1,1983,14,0,0,26,0,19,0,0,7,34
480604,1,1,1983,11,28,18,28,23,15,11,16,22,30
480604,2,1,1983,0,6,0,0,0,0,0,0,0,0
480605,0,1,1983,0,30,0,7,30,26,14,18,19,21
480605,1,1,1983,0,0,0,9,0,0,13,0,0,13
480606,0,1,1983,30,20,30,30,20,11,22,17,27,0
480606,1,1,1983,0,0,7,0,19,0,3,0,9,0
480607,1,2,1983,16,15,12,0,14,15,19,0,0,15
480608,1,1,1983,11,37,12,10,0,0,21,3,27,18
480609,1,1,1983,26,24,21,11,3,18,7,19,14,12
480609,2,1,1983,0,16,0,12,11,8,0,26,0,0
480610,1,1,1983,0,0,0,0,0,0,19,0,0,0
480610,2,1,1983,0,0,0,0,0,0,0,0,0,0
480611,0,1,1983,21,5,28,19,15,29,0,0,18,25
480611,1,1,1983,30,9,38,0,11,9,28,24,9,18
480612,1,1,1983,0,15,9,0,11,19,0,0,0,0
480613,1,1,1983,23,10,0,11,9,0,0,0,0,0
480614,0,1,1983,8,0,0,0,0,0,0,0,0,0
480614,1,1,1983,5,12,24,0,6,19,8,0,0,0
480615,0,1,1983,0,0,0,0,20,0,0,0,0,0
480615,1,1,1983,0,0,12,9,0,0,0,31,11,0
480616,1,1,1983,10,23,14,13,10,19,13,26,13,14
480617,1,1,1983,6,13,24,29,0,12,29,27,9,47
480617,2,1,1983,20,7,0,0,12,12,17,11,8,21
480618,0,1,1983,0,0,0,0,0,0,0,0,0,0
480618,1,1,1983,0,0,0,0,0,0,0,0,0,0
480619,1,1,1983,13,0,0,0,14,0,10,16,18,23
480620,0,1,1983,14,7,6,18,20,23,17,0,30,28
480620,0,2,1983,0,0,0,24,0,0,0,15,0,0
480620,1,1,1983,0,17,0,0,0,16,0,0,0,65
480621,0,1,1983,0,0,0,0,0,0,0,0,0,0
480621,1,1,1983,0,0,0,0,0,0,0,0,0,0
480622,1,1,1983,13,19,17,26,31,18,11,17,13,25
480623,1,1,1983,0,0,28,0,0,0,0,0,0,0
480624,1,1,1983,0,0,0,9,3,0,4,0,0,13
480624,2,1,1983,0,7,0,0,0,0,19,0,0,0
480625,1,1,1983,6,20,26,28,16,18,17,11,10,0
480626,0,1,1983,0,0,0,0,0,0,0,0,0,0
480626,1,1,1983,0,0,10,0,28,0,0,0,0,0
480627,1,1,1983,6,12,11,6,9,13,43,15,14,20
480628,0,1,1983,0,0,0,0,0,0,0,0,0,0
480628,1,1,1983,6,0,26,22,0,0,0,0,0,0
480629,0,1,1983,0,0,0,0,0,0,26,0,0,0
480629,1,1,1983,0,0,0,0,0,0,0,0,0,0
480630,1,1,1983,0,0,28,0,0,0,0,0,7,0
480631,0,1,1983,0,13,0,0,0,0,0,25,30,0
480631,1,1,1983,0,0,0,0,0,0,0,0,0,0
480632,1,1,1983,20,20,19,27,9,21,6,14,19,26
480633,0,1,1983,0,0,0,0,0,0,0,0,0,0
480633,1,1,1983,0,0,0,0,0,0,2,0,0,11
480634,1,1,1983,0,0,0,0,0,0,0,0,0,0
480634,2,1,1983,0,0,0,15,0,16,17,0,0,0
480635,1,1,1983,30,16,15,15,10,31,16,23,1,31
480635,2,1,1983,0,0,0,0,0,0,0,14,0,0
480636,1,1,1983,0,0,0,0,0,0,0,0,0,0
480636,2,1,1983,22,25,0,0,0,0,0,0,10,42
480637,0,1,1983,21,34,19,14,47,13,28,25,3,17
480637,0,2,1983,38,22,16,15,15,40,11,0,10,20
480637,1,1,1983,25,4,18,10,10,0,18,0,0,19
480638,1,1,1983,32,7,17,23,16,10,18,0,11,26
480639,1,1,1983,10,19,0,8,12,20,16,10,16,0
480640,1,1,1983,0,0,0,0,0,0,0,0,0,0
480640,2,1,1983,7,0,0,0,15,0,0,0,0,0
480641,1,1,1983,21,0,9,27,0,0,0,0,0,0
480642,1,1,1983,11,0,0,0,0,24,0,0,0,5
480642,2,1,1983,0,19,0,0,0,0,8,11,0,0
480643,1,1,1983,0,0,0,0,0,0,0,0,0,0
480643,2,1,1983,19,0,17,14,37,17,17,0,0,0
480644,1,1,1983,0,0,0,0,0,0,0,12,0,0
480644,2,1,1983,0,0,8,0,0,0,0,0,0,0
480645,1,1,1983,0,0,0,15,0,0,0,0,0,0
480645,2,1,1983,0,0,0,0,0,0,0,0,0,0
480646,1,1,1983,26,25,11,31,11,20,12,12,17,14
480647,0,1,1983,0,0,35,30,0,9,0,0,0,0
480647,1,1,1983,0,20,0,0,19,0,0,0,12,0
480648,0,1,1983,20,23,10,0,0,18,0,0,0,0
480648,1,1,1983,18,21,18,15,24,9,21,9,21,5
480649,1,1,1983,0,0,22,15,26,17,22,21,33,16
480650,0,1,1983,0,29,17,51,22,11,20,19,0,10
480650,1,1,1983,0,4,0,0,16,8,0,0,5,0
480651,1,1,1983,39,13,22,0,14,15,16,20,0,24
480652,1,1,1983,17,16,21,13,18,19,17,10,22,3
480653,1,1,1983,23,18,21,0,30,15,17,12,3,27
480653,2,1,1983,12,19,15,13,0,12,5,9,0,12
480654,1,1,1983,16,9,0,0,0,26,0,18,0,0
480655,0,1,1983,19,23,5,16,33,19,15,14,18,32
480655,1,1,1983,0,9,0,0,7,0,0,0,17,0
480656,1,1,1983,15,0,0,22,0,0,0,0,0,0
480656,2,1,1983,4,6,8,8,0,0,13,28,0,0
480657,0,1,1983,24,36,17,41,12,27,16,20,6,25
480657,1,1,1983,25,12,4,15,11,17,20,7,27,13
480658,1,1,1983,16,10,9,0,20,25,22,0,14,8
480658,2,1,1983,36,5,18,0,31,6,0,14,28,16
480659,1,1,1983,25,13,12,28,29,32,23,18,27,10
480660,1,1,1983,0,14,0,0,0,0,17,5,18,13
480661,1,1,1983,0,0,0,0,0,0,0,0,0,0
480661,2,1,1983,0,0,0,0,0,0,0,0,0,0
480662,1,1,1983,0,15,0,0,0,0,0,0,0,0
480663,1,1,1983,0,0,19,0,0,27,0,11,24,16
480664,1,1,1983,0,0,0,13,0,0,13,0,17,0
480664,2,1,1983,0,0,0,0,0,0,0,0,0,6
480665,1,1,1983,8,10,13,10,20,8,25,25,13,14
480666,0,1,1983,19,11,24,24,4,28,28,14,16,48
480666,1,1,1983,12,11,11,9,14,11,24,8,7,0
480667,0,1,1983,35,17,23,0,37,28,24,19,27,32
480667,1,1,1983,0,0,0,0,0,0,0,19,13,0
480668,1,1,1983,0,0,12,24,9,0,22,0,0,21
480669,0,1,1983,0,0,0,0,13,0,0,0,0,0
480669,1,1,1983,0,0,0,0,0,0,0,0,0,0
480670,1,1,1983,0,0,0,0,0,0,0,0,0,0
480670,2,1,1983,0,19,0,0,0,0,0,13,0,0
480671,1,1,1983,22,10,5,12,16,14,15,19,20,0
480672,1,1,1983,17,17,17,17,17,17,17,17,17,17
480672,2,1,1983,0,0,0,0,0,0,0,0,0,0
480673,0,1,1983,0,0,0,25,0,0,34,0,0,0
480673,1,1,1983,18,0,0,0,0,0,0,0,0,0
480674,1,1,1983,14,16,10,12,15,8,0,11,9,0
480674,2,1,1983,0,0,0,10,0,0,0,0,0,0
480675,1,1,1983,0,0,0,0,0,0,0,0,4,0
480675,2,1,1983,0,0,0,0,0,0,0,0,0,17
480676,1,1,1983,0,0,0,0,0,0,0,0,0,0
480677,1,1,1983,0,0,0,0,0,0,0,0,0,0
480677,2,1,1983,23,36,6,0,0,0,0,32,0,12
480678,1,1,1983,13,0,22,26,0,29,14,0,11,10
480678,2,1,1983,0,0,23,0,0,0,0,0,0,0
480679,1,1,1983,0,0,0,0,0,0,0,0,0,0
480679,2,1,1983,0,0,0,11,0,0,0,0,0,0
480680,0,1,1983,24,26,19,23,18,6,17,0,25,20
480680,0,2,1983,21,18,7,9,18,19,24,7,21,18
480680,1,1,1983,21,14,13,17,9,24,0,8,14,14
480681,1,1,1983,8,11,13,0,0,19,12,10,9,15
480682,1,1,1983,0,0,0,19,0,0,0,0,0,0
480682,2,1,1983,0,0,0,0,20,0,12,0,0,0
480683,1,1,1983,0,16,17,21,0,10,0,0,10,12
480683,2,1,1983,14,0,0,0,0,0,0,21,0,4
480684,1,1,1983,9,21,0,31,0,0,0,0,0,0
480684,2,1,1983,0,13,0,29,0,0,0,0,0,0
480685,1,1,1983,14,17,19,0,0,12,13,11,11,31
480686,1,1,1983,0,7,17,0,0,30,0,18,0,19
480687,1,1,1983,20,14,19,21,12,0,11,8,10,20
480688,1,1,1983,7,14,24,22,20,0,14,20,17,16
480689,1,1,1983,16,13,18,19,16,19,30,14,10,15
480690,1,1,1983,17,0,0,19,18,34,18,0,16,10
480691,1,1,1983,27,17,19,0,0,0,0,18,0,7
480692,1,1,1983,8,10,17,20,10,20,19,16,12,0
480693,1,1,1983,12,10,6,23,15,5,29,12,20,0
480694,1,1,1983,8,12,11,0,0,0,7,0,0,0
480694,2,1,1983,5,14,0,0,25,3,0,24,12,12
480695,0,1,1983,20,0,5,0,18,39,0,0,19,10
480695,1,1,1983,0,6,14,0,15,18,27,0,0,0
480696,1,1,1983,22,11,9,7,14,16,15,23,20,10
480697,1,1,1983,27,20,36,9,17,24,27,20,16,30
480698,1,1,1983,15,11,0,0,0,0,0,15,0,0
480698,2,1,1983,7,13,0,24,19,0,0,16,0,0
480699,0,1,1983,15,22,17,26,21,0,31,10,19,13
480699,1,1,1983,5,10,13,18,14,19,17,5,21,16
480700,1,1,1983,0,8,12,15,13,4,0,0,0,13
480701,1,1,1983,0,10,15,0,0,0,0,21,9,0
480702,1,1,1983,11,27,21,14,35,33,21,0,15,30
480703,1,1,1983,20,3,0,0,0,0,14,16,0,0
480704,1,1,1983,7,19,19,23,21,9,22,22,12,11
480705,0,1,1983,15,25,32,30,26,27,36,14,12,5
480705,1,1,1983,0,0,0,0,0,0,0,0,0,0
480706,1,1,1983,21,11,18,22,7,30,0,18,26,0
480707,1,1,1983,22,20,14,26,26,38,18,0,22,20
480708,1,1,1983,8,23,5,33,11,9,4,10,17,22
480709,1,1,1983,10,22,0,34,17,19,0,22,18,0
480709,2,1,1983,15,9,19,0,4,10,21,0,8,13
480710,0,1,1983,0,0,0,0,0,0,0,0,0,0
480710,1,1,1983,0,0,0,9,7,0,0,0,0,18
480711,1,1,1983,26,26,26,26,26,26,26,26,26,26
480711,2,1,1983,0,0,10,18,0,0,0,15,0,0
480711,3,1,1983,8,8,14,22,7,0,9,0,13,5
480712,1,1,1983,0,0,12,0,0,0,0,0,0,0
480713,1,1,1983,0,20,0,0,18,16,24,2,0,0
480714,1,1,1983,3,16,13,12,0,12,11,12,0,9
480714,2,1,1983,19,0,17,17,13,0,25,0,24,0
480714,3,1,1983,15,12,0,0,0,16,0,21,11,15
480715,1,1,1983,12,24,34,29,18,17,19,17,25,15
480716,1,1,1983,23,4,0,0,11,0,21,16,7,12
480716,2,1,1983,0,0,0,0,0,0,0,0,0,0
480717,1,1,1983,0,0,0,0,0,0,8,0,13,0
480717,2,1,1983,0,0,0,0,0,0,0,0,0,0
480718,0,1,1983,0,0,0,0,0,0,0,0,0,0
480718,1,1,1983,0,0,0,23,0,0,0,0,0,0
480719,1,1,1983,7,0,0,0,25,0,0,20,14,0
480719,2,1,1983,0,0,22,9,0,0,0,8,0,0
480720,1,1,1983,0,15,13,12,0,0,12,0,0,0
480720,2,1,1983,0,0,0,0,0,0,7,0,0,0
480721,1,1,1983,0,0,11,17,23,16,0,18,22,11
480721,2,1,1983,37,0,0,16,36,0,16,18,0,0
480722,1,1,1983,0,0,0,0,21,0,0,0,0,0
480723,1,1,1983,0,0,0,0,28,0,9,0,0,0
480724,1,1,1983,15,13,22,18,0,15,29,18,28,24
480725,1,1,1983,11,12,22,21,16,15,16,5,15,16
480725,2,1,1983,0,0,15,7,0,0,18,0,0,0
480726,1,1,1983,0,0,0,0,0,0,0,0,0,0
480726,2,1,1983,0,0,0,0,13,8,0,0,0,18
480727,1,1,1983,18,7,7,29,14,7,8,15,12,17
480728,1,1,1983,26,9,0,34,19,17,22,18,8,0
480729,1,1,1983,14,18,0,0,0,0,0,0,0,0
480730,1,1,1983,0,0,0,0,0,0,0,0,0,0
480731,1,1,1983,0,0,0,0,0,0,0,0,0,0
480731,2,1,1983,0,0,0,0,0,0,0,0,0,0
480732,1,1,1983,0,0,0,0,0,0,0,0,0,0
480732,2,1,1983,0,5,26,10,0,0,0,0,15,0
480733,1,1,1983,0,0,0,0,0,0,0,0,0,0
480734,1,1,1983,0,0,0,0,0,0,0,0,0,0
480734,2,1,1983,0,0,0,0,0,0,0,0,0,0
480735,1,1,1983,16,14,33,26,11,35,14,15,22,18
480735,2,1,1983,0,0,0,0,0,0,0,0,0,0
480735,3,1,1983,0,0,0,0,0,0,0,0,0,0
480736,1,1,1983,0,15,0,6,0,0,10,19,20,24
480737,1,1,1983,15,15,15,15,15,15,15,15,15,15
480738,1,1,1983,0,0,0,0,0,0,0,0,0,0
480739,0,1,1983,0,0,0,0,0,0,0,0,0,0
480739,1,1,1983,0,3,3,10,21,0,0,0,0,0
480740,1,1,1983,14,28,0,18,11,38,21,0,25,14
480741,1,1,1983,31,48,16,20,9,10,26,16,16,29
480742,0,1,1983,0,0,0,0,0,0,0,0,0,0
480742,1,1,1983,0,0,0,0,0,0,0,3,0,0
480743,1,1,1983,22,31,9,25,25,15,0,16,0,0
480744,1,1,1983,23,15,10,20,12,9,8,25,9,30
480745,1,1,1983,0,0,0,7,0,0,0,0,9,0
480746,1,1,1983,0,0,0,11,0,0,0,24,14,0
480747,1,1,1983,19,17,18,17,31,40,17,42,21,17
480748,1,1,1983,0,18,15,0,11,18,6,9,0,15
480749,1,1,1983,16,13,14,27,22,23,15,15,27,18
480750,0,1,1983,19,27,27,34,7,13,13,9,14,19
480750,1,1,1983,9,19,0,0,13,0,9,7,18,0
480751,1,1,1983,0,0,0,0,0,0,13,20,0,0
480751,2,1,1983,12,0,0,0,0,0,0,0,0,0
480752,1,1,1983,0,0,0,0,4,0,0,19,0,0
480753,1,1,1983,0,0,0,0,0,0,0,0,0,0
480753,2,1,1983,0,16,16,13,14,19,14,15,13,7
480754,1,1,1983,0,9,11,9,0,0,8,0,14,0
480754,2,1,1983,15,15,15,15,15,15,15,15,15,15
480755,1,1,1983,21,0,16,16,14,10,17,14,11,24
480756,1,1,1983,0,19,0,0,0,0,12,0,0,0
480757,0,1,1983,0,0,0,0,0,0,0,0,0,0
480757,1,1,1983,0,0,0,0,0,30,0,0,0,0
480758,0,1,1983,0,0,0,0,0,0,0,0,0,0
480758,1,1,1983,0,0,0,0,0,0,0,0,0,0
480759,1,1,1983,28,15,29,19,32,12,7,21,13,14
480760,1,1,1983,14,17,16,23,19,15,7,15,28,24
480760,2,1,1983,15,12,24,19,20,15,0,11,0,23
480761,0,1,1983,0,0,0,0,0,0,0,0,0,0
480761,1,1,1983,0,0,0,0,0,0,0,0,0,0
480762,1,1,1983,0,17,4,31,13,13,16,20,6,12
480762,2,1,1983,0,0,0,0,11,0,0,0,0,25
480762,3,1,1983,3,10,28,11,0,18,15,25,14,12
480763,0,1,1983,0,5,17,19,20,25,15,24,9,34
480763,0,2,1983,25,0,0,15,18,20,8,0,21,0
480763,1,1,1983,0,7,0,0,0,0,0,0,0,0
480763,2,1,1983,12,14,7,17,17,6,0,23,31,18
480764,1,1,1983,0,21,0,0,0,12,0,0,0,0
480765,1,1,1983,15,11,22,19,29,18,20,4,14,6
480766,1,1,1983,10,4,8,7,10,21,20,10,5,9
480767,1,1,1983,23,5,9,0,24,16,37,10,12,22
480767,2,1,1983,19,0,0,24,0,19,0,0,0,0
480768,1,1,1983,19,11,0,0,0,0,21,0,17,0
480768,2,1,1983,12,21,5,19,25,0,0,10,14,18
480769,1,1,1983,29,27,17,22,13,19,30,0,16,19
480770,1,1,1983,5,7,7,19,13,6,11,14,13,4
480770,2,1,1983,16,17,0,0,0,0,0,9,0,17
480771,1,1,1983,8,11,11,10,8,4,18,18,7,18
480771,2,1,1983,8,10,23,38,19,19,9,17,26,12
480772,1,1,1983,17,17,17,17,17,17,17,17,17,17
480772,2,1,1983,0,0,17,10,0,8,27,0,21,0
480773,1,1,1983,14,17,3,8,6,0,0,10,0,28
480773,2,1,1983,0,10,0,3,6,0,0,8,11,0
480774,1,1,1983,0,27,11,16,16,37,15,28,12,9
480775,1,1,1983,0,36,20,14,0,15,18,9,12,15
480776,1,1,1983,13,18,10,8,14,0,5,15,21,22
480777,1,1,1983,0,0,0,0,0,0,0,0,0,0
480777,2,1,1983,0,0,0,22,8,0,0,0,0,0
480778,0,1,1983,16,6,0,0,25,21,0,0,0,13
480778,1,1,1983,0,0,10,5,29,33,0,16,12,6
480779,0,1,1983,25,11,11,47,8,12,37,8,42,16
480779,1,1,1983,21,12,28,6,23,7,10,25,5,15
480780,0,1,1983,0,0,0,12,23,0,0,0,0,20
480780,1,1,1983,0,0,19,0,0,8,20,0,13,7
480781,1,1,1983,0,26,20,17,24,14,23,40,32,11
480782,1,1,1983,0,0,0,0,0,0,0,0,0,0
480782,2,1,1983,0,0,0,0,0,21,0,0,0,0
480783,1,1,1983,11,14,0,0,0,0,0,0,0,36
480784,1,1,1983,0,0,16,3,0,0,0,0,10,4
480784,2,1,1983,11,0,0,0,0,0,0,0,0,0
480785,1,1,1983,21,21,9,17,15,24,11,19,2,24
480786,1,1,1983,0,0,0,13,21,0,21,0,10,17
480787,1,1,1983,0,13,0,0,0,0,0,5,0,2
480787,2,1,1983,12,0,0,7,0,0,0,0,0,0
480788,1,1,1983,0,0,17,0,0,0,0,0,0,0
480788,2,1,1983,0,6,0,0,0,0,0,0,0,0
480789,0,1,1983,0,0,0,0,0,0,0,0,0,0
480789,1,1,1983,0,0,0,0,0,0,0,0,0,0
480790,1,1,1983,0,0,0,0,0,0,0,0,0,0
480790,2,1,1983,0,0,23,0,0,0,0,0,0,0
480791,1,1,1983,0,0,0,0,0,0,0,0,0,0
480791,2,1,1983,14,10,7,16,14,5,16,5,16,15
480792,0,1,1983,22,0,0,0,16,22,23,6,0,0
480792,1,1,1983,0,0,18,27,10,4,13,15,20,19
480793,1,1,1983,6,16,20,19,30,25,14,33,22,17
480794,0,1,1983,0,0,15,0,0,0,0,0,0,0
480794,1,1,1983,0,0,0,0,0,0,0,0,0,0
480795,1,1,1983,0,0,0,0,0,0,0,0,0,0
480796,1,1,1983,8,29,6,5,20,28,24,16,20,35
480797,1,1,1983,0,0,0,0,21,0,0,0,0,0
480797,2,1,1983,0,0,16,0,0,0,0,0,4,0
480798,0,1,1983,10,16,13,0,16,10,20,16,0,17
480798,1,1,1983,30,0,0,67,0,0,0,25,11,0
480799,1,1,1983,4,13,22,11,13,10,20,13,32,38
480800,0,1,1983,15,15,15,15,15,15,15,15,15,15
480800,1,1,1983,27,0,0,0,18,0,0,0,0,0
480801,1,1,1983,0,0,0,0,0,0,14,0,0,0
480802,1,1,1983,0,0,0,0,0,0,0,0,0,0
480802,2,1,1983,0,0,0,23,0,0,0,0,0,0
480803,1,1,1983,10,17,17,13,10,24,15,38,16,6
480804,1,1,1983,25,16,0,19,28,32,0,31,5,11
480805,1,1,1983,0,0,0,0,0,0,0,16,0,0
480806,1,1,1983,0,0,14,0,20,28,9,13,0,10
480806,2,1,1983,0,0,0,0,0,0,0,0,0,0
480807,1,1,1983,12,12,4,0,0,28,0,0,26,3
480807,2,1,1983,0,16,0,0,22,0,0,0,0,0
480808,0,1,1983,0,21,0,0,0,0,12,0,0,0
480808,1,1,1983,9,4,0,0,0,0,8,0,0,0
480809,1,1,1983,27,23,23,12,0,19,0,18,26,0
480809,2,1,1983,0,0,0,0,28,15,0,0,21,10
480809,3,1,1983,0,0,0,15,7,0,0,0,0,0
480810,1,1,1983,15,9,16,17,19,15,17,18,34,14
480810,2,1,1983,0,9,17,9,19,0,12,15,13,17
480811,1,1,1983,10,0,0,0,16,12,7,25,0,11
480811,2,1,1983,13,13,13,13,13,13,13,13,13,13
480812,1,1,1983,7,0,19,0,14,17,4,8,23,18
480813,1,1,1983,16,18,18,24,0,15,21,17,3,19
480814,1,1,1983,0,0,20,0,0,0,0,0,21,22
480814,2,1,1983,0,0,0,0,0,0,11,0,0,0
480815,1,1,1983,9,16,12,28,26,31,23,11,15,21
480816,1,1,1983,8,9,10,13,37,25,6,26,20,14
480817,1,1,1983,0,0,0,0,0,0,0,0,0,0
480817,2,1,1983,0,0,0,0,0,0,0,0,0,0
480818,1,1,1983,22,25,5,21,11,12,15,10,9,5
480819,1,1,1983,0,15,6,24,10,23,28,4,19,16
480820,0,1,1983,0,34,22,0,0,0,21,15,0,0
480820,1,1,1983,0,21,0,0,0,8,0,0,0,0
480821,1,1,1983,0,0,17,16,19,0,16,27,0,15
480822,1,1,1983,0,0,13,10,21,0,18,10,7,22
480822,2,1,1983,7,10,10,23,17,10,6,12,2,8
480823,1,1,1983,0,14,9,35,16,22,16,7,0,11
480824,1,1,1983,19,0,12,13,29,0,0,15,18,15
480825,1,1,1983,0,0,0,0,0,0,0,18,0,15
480825,2,1,1983,0,0,0,0,0,0,0,9,0,0
480826,1,1,1983,19,16,26,12,0,8,18,31,21,25
480827,0,1,1983,0,0,0,0,0,0,0,29,0,0
480827,1,1,1983,8,8,0,0,16,8,12,17,14,21
480828,1,1,1983,0,16,18,17,17,9,11,22,24,25
480829,1,1,1983,7,42,0,11,4,0,0,9,0,13
480830,1,1,1983,0,0,0,0,0,0,0,0,0,0
480831,0,1,1983,0,0,0,0,0,0,0,0,0,0
480831,1,1,1983,8,12,8,10,0,11,10,24,15,22
480831,2,1,1983,0,13,0,0,0,0,0,0,0,12
480832,1,1,1983,0,0,0,0,0,0,0,0,0,0
480832,2,1,1983,11,0,0,0,0,0,0,0,0,0
480833,1,1,1983,15,45,14,11,30,24,32,8,16,20
480834,1,1,1983,0,0,0,0,0,0,0,0,0,0
480834,2,1,1983,0,0,0,0,0,0,0,0,0,0
480835,0,1,1983,26,20,36,17,27,13,16,20,12,10
480835,1,1,1983,9,0,0,0,14,0,9,0,28,0
480836,1,1,1983,0,0,0,0,0,13,0,0,0,0
480836,2,1,1983,0,0,0,0,0,0,6,0,0,0
480837,1,1,1983,0,0,0,25,0,0,0,0,0,21
480837,2,1,1983,0,0,0,0,0,0,0,0,0,0
480838,1,1,1983,21,16,12,0,0,13,10,12,7,11
480839,1,1,1983,19,11,24,0,0,34,18,0,14,23
480839,2,1,1983,8,0,16,0,0,0,2,0,0,0
480840,0,1,1983,0,0,0,0,0,0,0,0,0,0
480840,1,1,1983,0,0,0,0,0,17,0,0,0,9
480841,0,1,1983,0,0,0,0,0,0,0,0,0,0
480841,1,1,1983,0,0,0,0,0,0,0,0,0,0
480842,1,1,1983,0,0,0,0,0,0,0,0,0,0
480843,1,1,1983,0,0,0,0,21,0,0,0,25,15
480844,1,1,1983,9,15,23,14,23,31,21,21,21,17
480844,2,1,1983,20,22,0,0,0,0,3,0,11,12
480845,1,1,1983,24,0,0,0,17,0,0,0,16,0
480846,1,1,1983,7,0,0,0,0,0,15,0,0,0
480846,2,1,1983,0,27,0,14,0,0,0,0,0,0
480847,1,1,1983,0,0,0,0,0,0,0,0,0,0
480847,2,1,1983,0,0,0,0,0,0,0,0,0,0
480848,1,1,1983,0,0,0,0,0,0,0,0,0,0
480848,2,1,1983,14,23,15,23,21,26,17,30,12,22
480849,1,1,1983,0,0,0,0,0,0,0,0,0,0
480850,0,1,1983,0,0,0,0,0,9,0,0,0,0
480850,1,1,1983,0,0,0,0,0,0,0,0,0,0
480851,1,1,1983,0,0,0,0,0,0,0,0,0,0
480851,2,1,1983,0,0,0,0,0,0,0,0,0,0
480852,1,1,1983,25,28,20,40,18,24,27,10,28,17
480852,2,1,1983,0,0,0,8,0,0,0,0,0,0
480853,1,1,1983,16,14,16,15,18,9,13,0,3,17
480853,2,1,1983,0,6,21,16,34,18,19,20,7,28
480854,1,1,1983,0,0,0,0,0,0,0,0,0,0
480855,0,1,1983,14,25,26,26,7,26,26,0,7,37
480855,1,1,1983,0,0,13,17,0,23,0,12,9,22
480856,0,1,1983,0,0,0,0,0,0,0,0,0,0
480856,1,1,1983,9,0,0,0,13,0,0,0,0,4
480857,1,1,1983,33,13,8,22,14,18,14,14,25,4
480858,1,1,1983,18,25,37,12,0,12,18,31,28,17
480859,1,1,1983,27,0,0,37,11,34,0,0,0,20
480860,1,1,1983,20,16,24,12,12,21,22,19,6,15
480861,1,1,1983,3,0,0,0,0,0,0,0,0,0
480861,2,1,1983,4,0,13,22,0,12,24,0,18,10
480862,1,1,1983,0,0,0,0,18,0,0,12,0,0
480863,1,1,1983,0,0,0,0,0,0,0,0,0,0
480863,2,1,1983,0,8,0,0,0,0,0,0,0,0
480864,1,1,1983,0,8,16,24,10,10,13,12,0,12
480864,2,1,1983,14,23,11,22,32,25,21,28,27,0
480865,1,1,1983,0,9,30,0,20,0,27,0,0,0
480866,0,1,1983,0,0,0,0,0,0,0,0,0,0
480866,1,1,1983,0,0,0,16,0,0,0,0,0,0
480867,1,1,1983,0,0,0,0,0,0,0,0,0,0
480867,2,1,1983,0,31,0,0,0,0,0,0,0,0
480868,1,1,1983,0,0,0,0,0,14,0,19,0,0
480869,1,1,1983,24,32,15,3,13,10,23,17,35,5
480869,2,1,1983,0,5,0,0,0,0,18,9,4,0
480870,0,1,1983,23,10,9,13,28,15,17,31,25,22
480870,1,1,1983,18,5,15,19,15,19,5,15,30,10
480871,1,1,1983,0,0,0,0,0,0,0,0,14,0
480872,1,1,1983,0,0,0,0,0,0,0,0,0,0
480872,2,1,1983,0,0,14,0,0,0,0,7,0,9
480873,1,1,1983,5,12,7,15,28,35,8,14,17,25
480873,2,1,1983,0,0,19,0,38,15,27,0,45,0
480874,1,1,1983,12,0,17,19,17,13,17,8,9,23
480874,2,1,1983,8,20,6,11,24,10,18,19,11,10
480875,0,1,1983,15,14,36,27,29,30,12,8,41,0
480875,1,1,1983,18,9,0,17,10,16,14,20,8,11
480876,0,1,1983,26,23,19,5,0,34,19,31,14,17
480876,1,1,1983,15,9,17,20,0,28,0,7,16,23
480877,1,1,1983,23,19,21,23,14,17,17,8,9,0
480878,1,1,1983,0,15,31,10,13,23,19,11,13,7
480878,2,1,1983,0,0,0,0,0,0,0,0,0,0
480878,3,1,1983,0,0,0,0,0,0,0,0,0,0
480879,1,1,1983,14,14,22,25,28,7,9,10,8,20
480879,2,1,1983,12,8,14,25,20,0,25,12,14,0
480880,1,1,1983,10,0,11,20,6,11,13,8,16,22
480880,2,1,1983,0,0,3,11,0,8,0,0,0,0
480881,1,1,1983,0,0,22,0,0,23,0,0,4,13
480882,1,1,1983,8,11,14,0,24,34,9,9,13,30
480883,1,1,1983,0,0,32,15,0,23,0,0,19,0
480884,1,1,1983,15,17,13,2,4,5,17,0,8,21
480884,2,1,1983,0,0,19,13,7,0,18,26,20,16
480884,3,1,1983,0,0,0,0,0,0,0,16,0,10