ST_CASE,VEH_NO,PER_NO,YEAR,P1,P2,P3,P4,P5,P6,P7,P8,P9,P10
481163,1,1,1983,41,17,8,17,20,7,0,11,13,5
481164,1,1,1983,11,0,24,0,16,0,0,18,4,0
481164,2,1,1983,0,0,0,0,25,0,0,0,0,0
481165,1,1,1983,8,0,0,22,19,21,18,14,7,23
481166,1,1,1983,13,22,5,10,10,21,13,18,23,20
481167,1,1,1983,12,0,0,0,12,30,0,0,7,0
481167,2,1,1983,15,0,0,12,0,0,22,0,0,15
481168,1,1,1983,30,13,15,9,0,7,22,17,15,25
481168,2,1,1983,27,36,0,0,0,32,0,18,0,14
481169,0,1,1983,35,16,38,20,17,25,31,15,44,9
481169,1,1,1983,0,0,0,0,0,0,0,0,0,0
481170,0,1,1983,0,0,0,0,0,0,0,0,0,0
481170,1,1,1983,0,0,24,10,9,31,0,20,15,13
481171,1,1,1983,0,8,0,10,19,5,9,7,23,11
481172,1,1,1983,19,22,11,14,26,17,19,27,12,20
481173,1,1,1983,20,20,20,20,20,20,20,20,20,20
481173,2,1,1983,0,11,0,0,0,0,9,0,0,5
481174,0,1,1983,17,0,0,0,10,6,0,0,0,12
481174,0,2,1983,17,0,26,0,0,28,0,13,10,13
481174,1,1,1983,9,0,7,11,0,0,13,0,20,0
481175,1,1,1983,20,15,0,18,0,42,12,17,25,18
481176,0,1,1983,29,0,8,0,0,0,0,18,12,24
481176,1,1,1983,0,0,0,4,0,23,8,0,25,9
481177,1,1,1983,12,18,25,15,16,10,20,40,13,7
481178,1,1,1983,0,0,0,0,0,0,0,0,0,0
481178,2,1,1983,0,0,0,0,16,0,0,0,18,12
481179,1,1,1983,0,0,0,9,20,0,0,0,0,0
481179,2,1,1983,0,0,7,0,3,0,27,0,0,0
481180,1,1,1983,0,0,0,11,0,7,0,19,23,27
481181,1,1,1983,9,0,0,11,21,20,19,7,12,18
481182,1,1,1983,12,12,17,18,23,20,15,22,11,17
481183,1,1,1983,18,9,9,18,17,19,24,15,27,23
481184,0,1,1983,12,14,14,15,11,28,23,16,20,16
481184,1,1,1983,13,0,18,10,12,11,0,6,12,17
481185,1,1,1983,16,43,28,26,14,24,21,18,23,13
481186,1,1,1983,16,14,24,17,0,10,10,20,7,15
481187,1,1,1983,0,0,0,0,0,0,0,0,9,11
481188,1,1,1983,0,2,23,0,0,0,0,0,0,0
481189,1,1,1983,14,20,15,14,23,26,19,13,0,17
481190,0,1,1983,23,29,25,31,20,30,28,19,16,25
481190,1,1,1983,18,0,0,15,0,17,0,0,0,0
481191,1,1,1983,0,0,0,0,0,0,0,0,15,0
481191,2,1,1983,45,0,18,0,0,0,0,0,0,0
481192,1,1,1983,5,7,27,21,13,0,0,19,0,13
481192,2,1,1983,0,0,0,6,0,0,0,0,0,0
481193,1,1,1983,7,15,13,16,21,11,17,12,13,7
481194,0,1,1983,9,32,16,0,0,0,22,8,36,16
481194,1,1,1983,0,26,0,0,3,0,0,0,0,0
481195,1,1,1983,0,0,0,0,10,0,0,0,0,0
481195,2,1,1983,5,0,7,22,19,11,9,20,9,23
481196,1,1,1983,19,12,7,11,7,11,30,15,21,13
481196,2,1,1983,19,0,8,13,5,0,0,0,29,4
481197,1,1,1983,8,11,26,10,17,0,32,22,14,4
481198,0,1,1983,0,0,0,0,0,0,0,0,0,0
481198,1,1,1983,20,0,0,0,21,0,0,14,0,15
481199,1,1,1983,15,0,0,0,0,0,10,10,12,11
481199,2,1,1983,8,9,21,23,10,11,16,21,11,28
481200,1,1,1983,0,0,0,12,0,0,10,0,0,0
481200,2,1,1983,0,16,0,25,11,0,11,0,0,0
481201,1,1,1983,0,0,0,0,8,0,0,0,0,0
481201,2,1,1983,0,0,0,0,0,0,0,0,0,0
481202,1,1,1983,0,12,5,28,19,0,4,6,0,0
481203,0,1,1983,0,0,44,31,6,0,0,14,12,0
481203,1,1,1983,0,0,0,21,0,14,12,8,0,0
481204,1,1,1983,0,0,33,0,0,6,11,0,23,11
481205,0,1,1983,29,9,26,43,24,24,18,23,8,22
481206,1,1,1983,0,0,0,0,0,0,0,0,0,0
481206,2,1,1983,0,33,0,24,16,0,0,0,0,0
481207,1,1,1983,7,24,12,11,21,14,31,13,18,19
481208,1,1,1983,13,25,11,27,18,18,13,21,30,23
481209,1,1,1983,0,0,0,0,0,0,0,0,0,0
481209,2,1,1983,0,0,0,0,0,0,0,0,0,0
481210,1,1,1983,7,21,22,20,0,9,0,0,0,13
481211,1,1,1983,11,0,0,0,0,0,10,0,18,0
481211,2,1,1983,0,0,0,0,0,0,0,0,0,0
481212,0,1,1983,3,15,0,28,26,0,28,26,13,9
481212,1,1,1983,16,0,0,4,0,21,0,15,0,18
481213,0,1,1983,0,27,9,15,39,33,27,24,32,0
481213,1,1,1983,0,0,16,8,3,14,31,0,0,12
481214,1,1,1983,17,0,0,11,16,0,0,0,0,0
481214,2,1,1983,0,0,0,0,0,0,0,0,0,0
481215,0,1,1983,0,0,0,24,0,0,14,32,0,0
481215,1,1,1983,0,0,0,0,0,13,0,0,0,0
481216,1,1,1983,5,20,0,26,14,17,0,9,18,13
481216,2,1,1983,13,0,8,8,5,3,0,0,23,2
481217,1,1,1983,0,0,11,11,30,0,0,0,22,0
481217,2,1,1983,0,0,0,0,9,0,0,0,21,0
481218,1,1,1983,0,20,10,18,12,30,21,11,11,9
481218,2,1,1983,0,27,21,8,14,24,22,15,30,19
481219,1,1,1983,0,20,0,11,0,0,8,25,0,5
481219,2,1,1983,0,0,0,0,0,0,0,0,0,0
481220,1,1,1983,0,17,0,0,0,11,13,0,0,0
481221,1,1,1983,17,22,33,27,6,26,28,47,13,27
481222,1,1,1983,0,0,17,0,15,21,0,19,0,0
481223,0,1,1983,0,0,0,0,0,0,0,0,0,0
481223,1,1,1983,0,0,0,0,0,0,0,0,0,0
481224,1,1,1983,0,0,9,11,27,0,0,0,0,0
481225,1,1,1983,0,22,25,15,20,12,0,19,0,0
481225,2,1,1983,16,20,13,10,21,16,11,16,15,0
481226,1,1,1983,0,0,0,0,0,0,0,0,0,0
481227,0,1,1983,31,22,11,25,28,15,11,25,24,23
481227,1,1,1983,21,0,15,12,6,23,24,13,32,0
481228,0,1,1983,12,15,10,25,27,22,19,13,26,15
481228,0,2,1983,0,13,23,34,18,0,10,21,3,0
481228,1,1,1983,21,21,21,21,21,21,21,21,21,21
481229,1,1,1983,19,9,16,23,10,13,17,8,12,0
481229,2,1,1983,17,14,17,0,0,22,0,0,0,23
481230,1,1,1983,4,10,10,17,16,8,8,22,12,18
481230,2,1,1983,0,14,25,15,40,0,0,6,26,21
481231,1,1,1983,0,23,0,0,0,16,0,16,0,0
481231,2,1,1983,0,0,0,0,0,0,0,0,0,0
481232,1,1,1983,0,0,0,0,0,0,0,0,0,0
481233,1,1,1983,0,0,0,0,0,0,0,0,0,0
481233,2,1,1983,0,0,0,0,0,0,0,0,20,0
481234,1,1,1983,0,0,26,14,0,0,0,0,22,0
481234,2,1,1983,0,0,0,0,0,13,0,0,14,0
481235,1,1,1983,25,15,8,0,0,0,20,0,7,0
481236,1,1,1983,0,0,0,0,0,0,0,0,0,0
481236,2,1,1983,0,0,0,22,0,0,0,11,9,15
481237,1,1,1983,10,14,8,5,5,16,10,27,13,15
481238,1,1,1983,35,0,0,0,0,0,7,0,7,0
481239,1,1,1983,0,27,0,0,12,0,22,9,0,0
481239,2,1,1983,0,5,14,0,0,12,0,0,11,0
481240,1,1,1983,28,0,0,13,18,22,0,0,22,15
481240,2,1,1983,9,14,21,7,18,7,15,10,23,24
481241,0,1,1983,19,33,16,5,5,29,14,30,41,11
481241,1,1,1983,15,35,0,0,19,8,10,14,11,0
481242,0,1,1983,7,37,0,5,14,0,0,15,15,27
481242,1,1,1983,6,7,9,0,32,25,16,0,16,0
481243,1,1,1983,13,0,0,0,9,14,23,0,0,0
481243,2,1,1983,1,0,0,0,0,0,0,0,0,0
481244,1,1,1983,8,26,18,18,20,16,8,22,20,26
481245,1,1,1983,4,8,17,17,20,0,10,20,12,13
481245,2,1,1983,8,3,27,16,16,5,0,17,18,13
481246,1,1,1983,14,0,20,22,17,9,0,22,0,16
481246,2,1,1983,24,0,21,0,0,14,11,32,0,17
481247,1,1,1983,7,19,5,12,14,15,18,20,26,29
481247,2,1,1983,11,0,0,0,10,21,16,10,20,23
481248,1,1,1983,0,31,13,21,11,0,14,21,12,19
481248,2,1,1983,12,13,8,19,11,8,28,25,12,19
481249,0,1,1983,0,0,0,0,0,0,0,0,0,0
481249,1,1,1983,0,0,3,8,9,13,0,0,0,0
481250,1,1,1983,6,0,18,13,15,17,13,0,21,0
481250,2,1,1983,0,0,0,0,0,0,0,0,0,0
481250,3,1,1983,17,22,0,12,18,13,8,21,30,4
481251,0,1,1983,13,29,0,17,22,19,21,16,14,45
481251,1,1,1983,18,14,8,24,21,0,11,0,32,0
481252,1,1,1983,0,17,10,14,17,22,15,23,0,0
481253,1,1,1983,14,0,10,0,0,8,0,34,0,0
481254,1,1,1983,29,0,0,0,0,0,0,22,0,0
481255,1,1,1983,20,3,16,28,8,22,14,6,15,15
481255,2,1,1983,21,0,0,0,0,0,0,0,0,0
481256,1,1,1983,5,25,20,29,36,23,35,9,34,11
481257,1,1,1983,0,14,0,8,27,0,12,0,0,24
481258,1,1,1983,24,16,0,0,7,40,0,7,0,17
481259,1,1,1983,26,0,28,11,14,19,7,25,28,0
481260,1,1,1983,0,0,8,0,0,0,0,0,0,0
481260,2,1,1983,3,16,0,10,28,0,6,14,0,0
481261,1,1,1983,17,15,28,9,18,3,12,5,11,14
481261,2,1,1983,2,0,0,8,13,18,18,0,12,31
481262,1,1,1983,16,5,24,20,16,17,19,19,23,16
481262,2,1,1983,0,9,36,26,19,28,7,10,21,23
481263,1,1,1983,0,0,0,0,0,0,0,0,0,0
481263,2,1,1983,0,0,0,0,20,0,0,0,0,0
481264,1,1,1983,0,20,0,0,10,0,14,0,15,23
481265,1,1,1983,26,20,7,16,23,16,19,15,49,15
481266,1,1,1983,0,0,0,25,0,0,0,0,27,0
481267,0,1,1983,0,0,0,0,0,0,0,0,0,0
481267,1,1,1983,0,10,0,0,0,0,0,0,0,0
481268,0,1,1983,28,28,28,28,28,28,28,28,28,28
481268,1,1,1983,0,0,0,0,0,0,5,0,0,0
481269,1,1,1983,0,15,0,0,0,0,0,0,0,0
481269,2,1,1983,0,0,0,0,0,0,0,0,0,0
481270,0,1,1983,0,28,0,12,0,0,38,0,27,0
481270,1,1,1983,8,12,0,0,25,0,19,0,0,13
481271,1,1,1983,29,0,26,16,0,16,5,14,10,28
481272,1,1,1983,0,0,0,0,0,0,0,0,0,0
481272,2,1,1983,0,0,0,0,0,0,0,0,0,18
481273,1,1,1983,0,0,0,0,0,8,0,0,0,0
481273,2,1,1983,0,0,0,25,0,0,16,0,11,0
481274,1,1,1983,0,0,0,0,5,0,0,0,0,0
481274,2,1,1983,0,0,0,36,26,0,0,0,0,21
481275,1,1,1983,0,0,0,0,0,0,0,0,0,0
481275,2,1,1983,0,0,0,0,16,0,0,0,0,0
481276,0,1,1983,0,30,9,0,0,25,26,0,0,0
481276,1,1,1983,17,13,0,16,0,0,0,0,0,0
481277,1,1,1983,0,0,0,0,0,15,0,0,0,22
481277,2,1,1983,0,0,0,0,0,23,0,9,0,0
481278,1,1,1983,19,0,0,0,0,16,3,0,10,0
481279,1,1,1983,0,0,11,0,0,0,0,0,0,10
481279,2,1,1983,0,0,0,0,0,0,0,0,0,0
481280,1,1,1983,0,0,0,0,0,0,0,15,0,3
481280,2,1,1983,0,0,0,0,11,0,0,0,0,0
481281,1,1,1983,23,20,16,17,8,8,19,8,22,25
481282,0,1,1983,0,14,20,25,0,0,0,0,15,9
481282,0,2,1983,0,0,8,0,0,0,0,0,0,0
481282,1,1,1983,11,9,18,29,11,24,22,26,19,14
481283,1,1,1983,0,11,0,9,18,14,0,7,0,15
481284,1,1,1983,18,18,27,9,23,27,19,30,11,54
481285,1,1,1983,26,5,30,10,27,18,45,12,6,11
481286,1,1,1983,0,36,0,0,14,2,23,0,0,0
481287,0,1,1983,18,15,24,30,12,12,0,25,14,17
481287,1,1,1983,22,17,0,13,21,17,0,9,13,21
481288,0,1,1983,11,14,20,27,15,13,23,36,27,16
481288,1,1,1983,24,0,0,0,7,0,20,0,0,0
481289,1,1,1983,8,26,20,14,16,21,11,0,15,14
481289,2,1,1983,0,4,0,0,2,0,9,13,0,19
481289,3,1,1983,0,9,11,8,17,9,9,15,19,16
481290,1,1,1983,0,0,0,0,0,0,0,0,0,0
481291,1,1,1983,17,16,18,18,0,19,28,10,18,22
481292,1,1,1983,21,15,0,11,0,21,4,21,18,25
481293,1,1,1983,0,0,0,7,7,0,13,0,0,0
481293,2,1,1983,0,0,0,0,0,0,0,0,0,0
481294,1,1,1983,15,12,0,9,0,0,4,13,26,12
481295,1,1,1983,0,12,17,17,10,23,0,0,17,0
481295,2,1,1983,16,5,12,29,12,17,5,10,22,7
481296,0,1,1983,25,0,38,0,0,15,18,0,15,0
481296,1,1,1983,0,0,0,20,0,8,0,0,13,0
481297,1,1,1983,0,18,23,23,0,20,11,18,28,0
481298,1,1,1983,27,34,23,18,20,16,30,26,22,13
481299,1,1,1983,17,22,25,25,16,20,26,20,0,35
481300,1,1,1983,12,18,9,19,17,15,24,17,10,18
481301,1,1,1983,0,0,0,0,30,0,0,0,0,0
481301,2,1,1983,0,18,0,0,0,0,18,0,9,0
481302,1,1,1983,0,3,0,19,0,0,0,0,0,0
481303,1,1,1983,25,6,4,9,6,0,12,22,25,13
481303,2,1,1983,13,10,0,6,10,17,0,18,13,14
481304,1,1,1983,7,17,12,22,27,17,21,9,25,25
481305,1,1,1983,28,12,9,6,0,20,25,21,17,11
481306,1,1,1983,9,10,0,0,0,17,0,14,0,18
481306,2,1,1983,26,3,16,19,18,0,10,10,15,0
481307,0,1,1983,16,0,0,0,0,0,0,0,0,0
481307,1,1,1983,8,0,0,0,0,0,0,0,0,0
481308,1,1,1983,12,25,8,13,28,17,23,20,19,16
481309,1,1,1983,2,13,12,11,0,22,16,0,0,8
481309,2,1,1983,20,11,27,14,8,7,0,11,7,29
481310,1,1,1983,16,16,13,20,27,21,18,6,14,27
481311,1,1,1983,12,12,0,25,25,23,24,35,0,20
481311,2,1,1983,0,0,0,0,0,0,0,0,0,9
481312,1,1,1983,0,0,0,0,24,0,26,50,19,0
481313,1,1,1983,6,14,0,7,16,16,6,8,3,25
481313,2,1,1983,8,0,6,4,0,6,0,0,0,0
481314,1,1,1983,4,15,4,12,22,24,20,8,10,12
481315,1,1,1983,26,10,10,34,10,10,0,10,14,8
481316,1,1,1983,0,0,16,6,14,0,0,0,0,0
481316,2,1,1983,0,13,0,0,17,0,0,0,17,0
481317,1,1,1983,9,0,0,0,0,0,8,0,20,0
481317,2,1,1983,0,0,0,0,0,0,32,0,0,0
481318,1,1,1983,0,0,0,0,0,0,0,0,0,15
481318,2,1,1983,0,0,15,0,0,0,0,0,0,0
481319,1,1,1983,0,19,0,0,0,0,16,0,0,14
481320,1,1,1983,0,21,27,28,18,15,0,0,23,8
481321,1,1,1983,21,12,7,22,20,14,0,0,20,7
481322,1,1,1983,14,0,24,11,0,19,0,0,15,9
481322,2,1,1983,0,19,21,0,9,25,24,11,0,27
481323,0,1,1983,0,0,0,0,0,0,0,0,0,0
481323,1,1,1983,0,0,0,0,0,0,0,0,0,0
481324,1,1,1983,0,0,24,19,0,0,0,0,0,21
481324,2,1,1983,0,0,0,24,0,0,17,25,0,6
481325,1,1,1983,0,0,0,0,0,0,0,0,0,0
481325,2,1,1983,0,3,0,0,0,22,0,0,0,0
481326,0,1,1983,10,0,9,0,0,22,6,0,0,0
481326,0,2,1983,13,14,12,13,11,16,4,13,28,29
481327,1,1,1983,15,19,15,0,22,0,0,12,0,21
481328,1,1,1983,34,20,21,11,32,16,21,20,28,6
481328,2,1,1983,0,0,19,0,27,0,0,10,15,28
481329,0,1,1983,20,13,22,17,37,23,20,26,12,18
481329,1,1,1983,0,0,0,0,0,0,0,0,0,0
481330,0,1,1983,0,0,0,0,0,0,0,0,0,0
481330,1,1,1983,0,0,0,0,0,0,0,25,0,0
481331,1,1,1983,0,0,0,0,12,15,10,12,0,0
481331,2,1,1983,0,43,21,16,6,0,0,0,0,0
481332,0,1,1983,0,0,0,0,0,0,0,0,0,0
481332,0,2,1983,0,0,0,0,0,0,27,0,15,0
481332,1,1,1983,19,18,18,7,21,4,18,9,25,9
481332,2,1,1983,0,0,0,0,0,0,0,0,0,0
481333,1,1,1983,39,0,0,13,0,0,0,0,17,25
481333,2,1,1983,0,0,0,0,0,0,0,0,0,0
481334,0,1,1983,0,0,0,0,0,0,0,0,0,25
481334,1,1,1983,0,0,0,0,0,0,0,0,0,0
481335,1,1,1983,23,28,29,25,11,10,28,32,19,27
481336,1,1,1983,0,0,0,0,0,22,0,0,0,0
481336,2,1,1983,13,0,0,0,0,0,0,0,0,0
481337,1,1,1983,0,0,0,0,0,0,0,0,0,0
481337,2,1,1983,0,0,0,0,9,0,0,0,0,0
481338,1,1,1983,4,16,22,0,0,13,0,0,0,0
481338,2,1,1983,19,17,20,24,36,17,14,10,16,12
481339,1,1,1983,0,0,0,0,9,0,6,0,0,17
481340,1,1,1983,0,0,0,0,0,0,0,0,0,20
481340,2,1,1983,0,0,0,0,0,0,14,0,0,0
481341,0,1,1983,0,0,0,0,0,0,0,0,0,0
481341,1,1,1983,21,27,17,0,0,17,20,15,0,8
481342,0,1,1983,0,4,26,21,6,31,31,0,30,12
481342,1,1,1983,24,0,27,8,14,0,6,10,0,1
481343,1,1,1983,19,0,0,0,0,0,9,14,19,0
481344,1,1,1983,0,0,0,0,18,27,0,19,0,0
481345,1,1,1983,7,16,17,14,10,25,37,20,7,27
481346,1,1,1983,17,19,18,21,24,18,22,17,16,6
481347,1,1,1983,0,0,0,15,0,0,11,0,0,0
481347,2,1,1983,12,0,0,0,31,0,0,49,0,0
481348,1,1,1983,17,17,17,17,17,17,17,17,17,17
481348,2,1,1983,18,0,19,6,0,28,31,0,13,19
481349,0,1,1983,3,8,28,19,43,19,18,37,14,12
481349,1,1,1983,0,7,0,0,0,0,0,0,0,8
481350,1,1,1983,23,21,8,11,21,19,40,34,31,19
481350,2,1,1983,0,12,8,2,9,0,0,0,17,0
481351,1,1,1983,11,0,30,0,14,16,29,9,0,0
481352,1,1,1983,25,18,7,0,11,14,16,18,0,22
481353,0,1,1983,0,0,0,0,0,0,0,0,0,0
481353,1,1,1983,0,0,0,16,15,13,0,0,0,0
481354,1,1,1983,0,0,0,0,0,0,0,0,0,0
481354,2,1,1983,0,0,0,14,0,0,0,0,0,0
481355,1,1,1983,0,0,0,0,0,0,0,0,0,0
481355,2,1,1983,0,0,11,0,8,20,0,0,0,0
481356,1,1,1983,19,0,0,13,0,0,0,0,0,0
481356,2,1,1983,0,24,12,16,0,0,0,0,4,19
481357,0,1,1983,17,0,22,20,40,15,0,29,28,13
481357,1,1,1983,4,16,17,16,13,12,9,31,26,21
481358,1,1,1983,14,32,15,11,0,20,12,0,20,0
481359,1,1,1983,0,9,11,25,11,0,24,0,0,15
481359,2,1,1983,0,0,0,0,0,0,0,0,0,0
481360,1,1,1983,17,13,28,30,28,21,35,10,14,10
481361,1,1,1983,15,11,18,5,0,7,19,16,0,2
481362,1,1,1983,0,0,19,0,7,0,0,0,0,0
481362,2,1,1983,15,0,0,0,0,9,0,19,6,0
481363,1,1,1983,21,9,0,14,23,14,30,27,18,17
481364,1,1,1983,0,0,0,0,0,0,16,0,0,0
481365,1,1,1983,14,16,16,13,13,27,15,16,25,11
481366,1,1,1983,7,15,15,22,18,13,9,0,33,15
481367,1,1,1983,8,11,15,0,5,0,0,0,0,19
481368,1,1,1983,0,0,0,8,0,0,0,0,21,11
481369,1,1,1983,0,0,0,14,0,0,0,0,0,0
481369,2,1,1983,0,0,0,7,8,0,0,0,0,0
481370,1,1,1983,0,0,0,0,0,21,0,0,8,0
481371,1,1,1983,9,10,4,6,26,12,25,9,20,29
481372,1,1,1983,16,8,22,0,21,12,17,10,20,21
481372,2,1,1983,0,0,3,0,0,0,0,0,4,0
481373,1,1,1983,0,13,0,0,0,0,0,18,0,0
481374,0,1,1983,0,0,0,0,0,0,0,0,0,0
481374,0,2,1983,0,0,0,0,0,0,0,0,0,0
481374,0,3,1983,0,12,0,32,15,32,10,0,24,0
481374,0,4,1983,37,23,0,21,22,27,39,29,23,0
481374,1,1,1983,14,19,14,25,14,3,10,16,22,18
481375,0,1,1983,0,0,0,0,0,0,0,0,0,0
481375,1,1,1983,0,17,0,0,0,0,12,0,18,0
481376,1,1,1983,0,0,0,0,0,12,0,15,0,0
481377,1,1,1983,0,0,0,0,18,0,0,0,29,0
481377,2,1,1983,0,0,0,0,11,0,0,20,11,0
481378,1,1,1983,32,0,19,22,41,14,21,34,16,28
481379,1,1,1983,23,0,0,7,0,0,0,0,0,0
481379,2,1,1983,0,0,0,0,0,0,0,0,0,0
481380,1,1,1983,0,0,0,0,0,0,0,0,0,0
481380,2,1,1983,0,0,0,14,0,0,0,0,0,0
481381,1,1,1983,7,0,8,0,24,8,16,25,15,12
481382,1,1,1983,36,15,14,16,25,15,14,22,20,11
481383,1,1,1983,28,4,0,0,21,0,0,0,0,0
481384,1,1,1983,0,0,0,0,0,8,0,0,0,0
481384,2,1,1983,0,0,0,0,0,0,0,0,0,0
481385,1,1,1983,10,21,9,0,12,2,23,0,13,0
481386,1,1,1983,17,0,0,0,0,0,0,0,0,28
481387,1,1,1983,23,21,14,20,14,12,12,30,38,6
481387,2,1,1983,0,0,0,0,0,0,0,0,0,0
481388,1,1,1983,0,0,0,0,0,0,0,0,0,0
481388,2,1,1983,4,0,2,0,0,0,8,0,12,0
481389,0,1,1983,0,49,0,0,19,0,0,0,0,17
481389,1,1,1983,0,9,0,0,6,0,21,9,10,6
481390,1,1,1983,0,4,0,13,0,0,0,25,0,0
481390,2,1,1983,0,0,14,0,0,14,0,0,0,0
481391,1,1,1983,5,16,13,13,15,7,15,8,25,18
481392,0,1,1983,0,0,0,0,0,0,0,0,0,0
481392,1,1,1983,0,0,0,3,0,19,0,15,8,0
481393,0,1,1983,0,0,0,0,32,0,38,27,0,0
481393,1,1,1983,16,21,0,17,0,0,0,7,11,8
481394,0,1,1983,13,30,41,16,25,5,29,26,18,24
481394,1,1,1983,16,3,3,18,31,20,22,21,0,15
481395,1,1,1983,0,0,0,0,0,0,0,0,0,0
481395,2,1,1983,21,0,0,10,0,0,15,0,0,8
481396,1,1,1983,19,21,12,16,12,6,25,27,20,21
481396,2,1,1983,0,18,0,0,0,19,0,12,0,0
481397,1,1,1983,0,0,0,0,0,0,0,0,17,0
481398,1,1,1983,32,26,11,10,24,26,25,26,19,19
481399,1,1,1983,0,21,14,29,15,13,16,32,0,0
481399,2,1,1983,0,0,0,0,15,0,0,0,0,0
481400,1,1,1983,0,15,0,0,0,23,0,7,0,4
481400,2,1,1983,0,0,0,0,0,0,0,0,0,0
481401,1,1,1983,0,0,0,0,0,0,0,0,0,0
481401,2,1,1983,0,0,0,0,0,0,0,0,0,15
481402,0,1,1983,21,19,13,26,3,28,12,0,22,14
481402,1,1,1983,0,0,0,0,0,29,24,0,0,0
481403,1,1,1983,0,9,0,4,0,17,0,20,22,0
481404,1,1,1983,0,0,0,13,0,0,0,0,0,0
481405,1,1,1983,5,22,8,17,22,23,14,0,7,18
481406,1,1,1983,18,6,12,0,2,26,25,21,3,15
481407,1,1,1983,0,9,16,0,7,0,5,23,6,0
481408,1,1,1983,26,22,0,0,0,15,0,0,0,15
481408,2,1,1983,0,0,0,12,0,0,0,0,8,0
481409,0,1,1983,15,0,0,15,0,12,0,19,0,0
481409,0,2,1983,0,12,0,0,8,26,15,7,0,18
481409,0,3,1983,19,0,19,10,3,23,5,11,13,9
481409,1,1,1983,17,17,17,17,17,17,17,17,17,17
481410,1,1,1983,12,0,10,0,0,0,0,0,0,0
481410,2,1,1983,16,28,0,9,3,0,0,0,20,23
481411,1,1,1983,10,12,14,21,15,0,40,13,33,28
481411,2,1,1983,33,0,0,23,0,11,28,20,16,29
481412,0,1,1983,0,0,0,0,0,0,9,18,40,0
481412,1,1,1983,0,0,0,24,0,0,0,0,0,0
481413,1,1,1983,4,28,16,19,10,11,11,8,14,15
481413,2,1,1983,0,0,11,0,9,15,21,14,0,19
481414,0,1,1983,22,0,0,9,19,0,0,0,0,0
481414,1,1,1983,0,0,0,0,0,13,0,0,0,0
481414,2,1,1983,0,22,8,0,0,0,0,0,4,0
481415,1,1,1983,0,17,18,0,0,0,0,0,0,26
481415,2,1,1983,0,0,0,0,0,0,0,0,0,0
481416,1,1,1983,25,44,10,0,20,0,34,14,24,15
481416,2,1,1983,8,12,19,36,4,9,0,21,0,20
481417,1,1,1983,14,29,7,34,16,0,13,9,6,17
481417,2,1,1983,8,6,6,28,15,4,11,0,13,21
481418,1,1,1983,8,13,8,10,18,7,4,5,0,14
481419,1,1,1983,0,9,0,18,18,15,19,0,0,0
481419,2,1,1983,0,0,13,9,16,0,0,24,0,31
481420,1,1,1983,6,36,27,14,29,0,18,14,16,17
481421,1,1,1983,0,0,0,0,0,0,0,0,0,0
481421,2,1,1983,0,24,0,0,0,0,0,0,0,0
481422,0,1,1983,11,25,0,0,13,0,0,24,0,38
481422,1,1,1983,16,0,25,19,8,9,0,0,22,24
481423,1,1,1983,21,0,0,0,0,21,0,0,0,9
481424,1,1,1983,0,0,0,0,0,24,0,0,0,0
481424,2,1,1983,0,0,0,0,0,0,0,0,0,0
481425,1,1,1983,15,9,31,0,31,14,25,23,19,24
481426,1,1,1983,0,0,0,0,0,0,0,0,0,0
481427,1,1,1983,0,14,21,0,0,11,6,0,15,16
481428,1,1,1983,0,0,0,0,0,0,0,0,0,0
481428,2,1,1983,0,0,0,0,0,0,0,0,0,0
481428,3,1,1983,0,0,0,0,0,0,0,0,0,0
481429,0,1,1983,14,15,3,28,0,0,12,0,0,8
481429,1,1,1983,0,15,0,0,0,7,0,0,6,7
481430,0,1,1983,28,25,20,16,30,22,20,11,5,34
481430,1,1,1983,4,0,0,17,0,8,19,4,0,0
481431,1,1,1983,0,17,29,0,0,0,0,20,0,14
481432,1,1,1983,0,33,20,20,0,9,17,25,36,23
481433,1,1,1983,24,24,0,0,8,14,35,12,0,10
481434,0,1,1983,0,0,0,0,0,0,0,0,27,26
481434,1,1,1983,0,11,16,20,0,0,0,9,0,0
481435,0,1,1983,34,35,25,14,10,30,28,9,12,16
481435,1,1,1983,1,0,8,0,20,0,0,16,15,0
481436,1,1,1983,20,0,0,31,27,30,17,16,24,10
481437,1,1,1983,19,29,15,24,0,21,35,0,0,14
481437,2,1,1983,0,15,0,0,0,0,0,13,0,0
481438,1,1,1983,17,19,16,14,12,12,18,11,7,10
481439,1,1,1983,0,7,31,0,0,21,10,14,23,18
481439,2,1,1983,20,12,11,15,0,31,0,18,12,10
481440,1,1,1983,11,0,21,12,0,0,0,0,18,0