ST_CASE,VEH_NO,PER_NO,YEAR,P1,P2,P3,P4,P5,P6,P7,P8,P9,P10
481441,1,1,1983,0,0,0,0,0,0,0,18,0,9
481441,2,1,1983,15,11,9,18,24,11,0,4,16,8
481442,0,1,1983,0,0,0,0,0,0,0,0,0,0
481442,0,2,1983,0,0,0,0,0,0,0,0,0,0
481442,0,3,1983,0,0,0,0,0,0,0,0,0,0
481442,1,1,1983,0,0,0,0,0,0,0,0,0,0
481443,1,1,1983,0,0,10,0,0,0,16,6,15,0
481443,2,1,1983,29,30,35,28,0,0,0,0,0,0
481444,1,1,1983,0,0,0,0,0,0,0,0,0,0
481445,1,1,1983,0,0,11,0,13,0,0,24,0,0
481446,1,1,1983,29,25,0,0,32,38,0,0,13,8
481447,1,1,1983,0,22,0,0,0,0,0,0,0,0
481447,2,1,1983,0,7,0,0,0,0,0,0,0,0
481448,1,1,1983,17,0,0,0,0,0,0,0,0,0
481448,2,1,1983,0,0,0,0,0,0,0,0,0,0
481449,1,1,1983,0,0,0,0,0,0,0,0,25,0
481450,1,1,1983,14,17,51,15,13,20,26,11,0,0
481451,1,1,1983,0,0,11,25,10,19,0,21,15,0
481451,2,1,1983,15,16,0,23,0,0,17,0,0,29
481452,0,1,1983,32,27,0,25,17,0,21,0,0,0
481452,1,1,1983,12,9,0,0,30,11,16,2,10,0
481453,1,1,1983,6,19,15,18,8,23,7,14,8,4
481453,2,1,1983,0,0,0,0,0,0,0,0,0,0
481454,1,1,1983,0,0,0,14,0,0,0,0,0,0
481455,1,1,1983,17,0,0,19,0,0,0,0,0,0
481455,2,1,1983,0,0,0,0,7,0,0,0,0,0
481456,1,1,1983,11,0,18,0,0,0,0,8,0,13
481457,1,1,1983,26,35,20,8,15,8,14,27,9,20
481458,1,1,1983,0,13,0,0,0,0,0,28,13,16
481458,2,1,1983,0,13,0,0,7,0,0,0,0,10
481459,1,1,1983,0,7,15,25,0,32,0,0,0,20
481459,2,1,1983,7,0,0,16,7,8,16,23,0,10
481460,1,1,1983,0,17,0,9,0,0,0,0,29,0
481460,2,1,1983,0,6,0,14,11,6,9,14,18,0
481461,1,1,1983,0,20,24,22,0,13,18,20,22,26
481462,0,1,1983,38,33,23,19,19,18,26,11,14,34
481462,1,1,1983,6,6,0,23,22,34,14,8,8,23
481463,0,1,1983,0,47,0,17,0,0,36,0,42,23
481463,1,1,1983,0,0,0,0,0,0,0,0,20,6
481464,1,1,1983,24,21,25,20,17,19,29,7,20,28
481465,1,1,1983,12,21,3,24,21,22,3,7,17,7
481466,1,1,1983,0,15,11,0,24,10,0,18,21,0
481467,1,1,1983,13,9,17,0,22,0,18,17,12,22
481467,2,1,1983,0,13,0,28,20,0,11,0,0,16
481468,0,1,1983,17,4,4,38,0,0,13,13,18,6
481468,1,1,1983,13,21,18,8,10,24,25,15,20,11
481469,1,1,1983,20,15,16,20,10,0,0,0,8,0
481470,0,1,1983,43,9,0,7,0,10,19,0,24,17
481470,1,1,1983,6,15,10,15,18,0,8,13,13,9
481471,1,1,1983,13,32,22,20,0,22,9,12,18,10
481472,1,1,1983,0,0,0,11,11,0,0,19,25,0
481472,2,1,1983,0,0,0,0,0,0,14,0,0,0
481473,0,1,1983,33,0,0,0,0,0,0,0,0,21
481473,0,2,1983,15,0,0,18,0,0,0,0,0,0
481473,0,3,1983,33,9,34,15,16,25,10,0,5,17
481473,0,4,1983,14,0,0,22,21,8,0,0,11,0
481473,1,1,1983,16,12,8,31,20,21,37,12,29,11
481474,1,1,1983,0,13,0,0,16,0,0,0,0,0
481474,2,1,1983,0,0,0,0,0,0,0,0,16,0
481475,1,1,1983,0,21,0,23,0,0,0,9,0,0
481476,1,1,1983,14,0,22,0,0,11,0,0,0,0
481477,1,1,1983,16,16,18,30,21,7,18,18,38,15
481478,1,1,1983,12,12,12,12,12,12,12,12,12,12
481479,1,1,1983,0,0,20,16,0,15,0,12,0,6
481480,1,1,1983,31,19,19,22,21,30,27,26,32,16
481481,1,1,1983,0,0,18,25,29,0,7,16,26,11
481482,1,1,1983,23,31,24,0,29,21,15,30,0,21
481483,1,1,1983,0,0,0,27,0,0,0,14,14,0
481484,1,1,1983,0,8,0,8,20,0,16,0,16,0
481484,2,1,1983,0,0,0,0,0,0,18,17,0,0
481485,0,1,1983,38,21,11,23,13,18,16,26,12,19
481485,1,1,1983,26,0,14,34,27,9,0,23,9,14
481486,1,1,1983,13,11,14,14,9,10,8,13,21,20
481487,1,1,1983,12,39,12,12,10,18,20,33,31,30
481488,1,1,1983,0,13,0,0,12,0,0,0,0,0
481488,2,1,1983,0,0,0,12,0,0,9,11,29,0
481489,1,1,1983,0,12,0,0,0,17,0,0,0,4
481489,2,1,1983,18,17,18,0,0,12,14,25,9,18
481490,1,1,1983,29,31,19,27,17,18,7,15,11,28
481491,1,1,1983,0,14,17,0,7,16,0,13,41,25
481491,2,1,1983,24,28,15,12,16,0,10,28,21,0
481492,1,1,1983,0,0,0,0,0,0,0,0,0,6
481492,2,1,1983,15,27,0,0,0,12,0,6,0,0
481492,3,1,1983,0,20,6,19,21,25,0,17,9,18
481492,4,1,1983,0,0,23,15,11,30,17,0,0,14
481493,1,1,1983,16,0,0,0,0,12,0,0,0,0
481493,2,1,1983,0,25,0,0,0,0,0,0,0,0
481494,1,1,1983,12,0,10,0,2,5,11,0,17,8
481494,2,1,1983,0,12,5,16,0,0,0,0,0,0
481495,1,1,1983,0,22,10,0,22,11,0,9,0,13
481496,1,1,1983,8,0,0,0,0,0,0,0,0,0
481497,1,1,1983,10,32,26,0,0,0,26,0,0,22
481497,2,1,1983,0,29,0,0,0,0,0,0,0,0
481498,0,1,1983,12,22,26,0,0,0,0,19,0,0
481498,1,1,1983,12,15,22,6,5,29,14,7,4,9
481499,1,1,1983,0,0,0,0,32,0,0,0,0,0
481499,2,1,1983,9,24,37,19,0,22,0,28,31,0
481500,1,1,1983,14,6,16,17,0,14,15,8,0,7
481501,1,1,1983,9,22,5,6,19,21,14,19,6,16
481502,1,1,1983,0,11,0,20,0,0,0,0,0,0
481502,2,1,1983,23,16,15,0,16,6,0,5,18,18
481503,1,1,1983,19,21,12,19,0,0,19,20,14,39
481504,0,1,1983,0,0,0,0,0,0,0,0,0,0
481504,1,1,1983,19,5,10,9,19,18,14,11,39,14
481505,1,1,1983,0,0,0,0,0,0,0,0,15,0
481505,2,1,1983,0,0,0,0,0,0,0,0,0,0
481506,1,1,1983,0,0,0,0,0,0,0,0,0,0
481507,1,1,1983,12,19,4,21,9,11,20,21,13,12
481507,2,1,1983,14,9,15,0,0,5,0,0,7,4
481508,1,1,1983,0,0,7,24,8,11,34,9,10,0
481509,1,1,1983,14,28,0,18,18,15,16,0,10,21
481510,1,1,1983,0,0,0,0,0,6,0,0,0,0
481511,0,1,1983,0,8,0,0,0,0,0,0,0,0
481511,1,1,1983,0,0,0,0,0,0,7,0,0,20
481511,2,1,1983,0,0,0,21,0,15,28,0,16,0
481512,1,1,1983,31,31,23,3,10,16,18,25,15,34
481513,1,1,1983,0,19,0,0,0,14,0,0,17,0
481513,2,1,1983,0,0,0,0,8,0,11,0,17,21
481514,0,1,1983,0,0,16,0,13,0,0,0,16,0
481514,1,1,1983,0,18,0,0,0,0,0,0,0,0
481515,1,1,1983,27,0,19,8,5,18,14,4,22,16
481516,0,1,1983,0,0,0,0,0,0,0,0,0,0
481516,1,1,1983,7,14,9,5,6,15,30,19,0,19
481517,1,1,1983,0,21,0,20,0,0,0,0,0,22
481517,2,1,1983,0,3,17,8,0,17,8,0,0,0
481518,1,1,1983,19,20,14,19,18,17,3,13,20,20
481519,1,1,1983,0,0,25,0,0,9,0,17,9,55
481520,1,1,1983,10,10,10,10,10,10,10,10,10,10
481520,2,1,1983,13,22,0,0,13,17,28,0,9,16
481521,0,1,1983,23,21,22,4,0,39,15,24,7,20
481521,1,1,1983,0,7,15,4,0,7,0,0,0,0
481522,0,1,1983,15,12,28,5,20,25,22,19,17,37
481522,1,1,1983,22,7,0,9,21,14,0,0,10,10
481523,1,1,1983,22,18,15,18,14,19,7,15,12,19
481523,2,1,1983,9,16,22,12,15,14,21,13,14,18
481524,0,1,1983,17,25,14,0,23,23,0,25,26,17
481524,1,1,1983,11,14,21,5,14,19,6,20,8,0
481525,1,1,1983,10,23,15,8,24,14,17,23,21,12
481526,1,1,1983,13,13,23,12,0,18,30,25,4,21
481527,1,1,1983,12,7,13,12,27,7,24,15,8,2
481528,0,1,1983,0,0,0,0,0,0,0,0,0,0
481528,1,1,1983,0,0,30,9,0,20,0,0,0,0
481529,0,1,1983,9,34,11,16,7,23,20,22,16,19
481529,1,1,1983,0,14,0,20,13,0,0,0,2,0
481530,0,1,1983,21,0,26,12,46,36,12,22,40,22
481530,1,1,1983,0,0,22,0,9,13,5,34,0,0
481531,1,1,1983,13,19,17,8,40,12,17,12,6,26
481532,0,1,1983,26,28,23,14,37,25,0,20,0,0
481532,1,1,1983,16,8,0,16,0,14,19,0,31,11
481533,0,1,1983,0,0,0,15,0,0,0,0,0,0
481533,1,1,1983,0,0,0,0,1,28,0,9,24,0
481534,1,1,1983,14,0,0,28,7,10,9,7,0,0
481534,2,1,1983,15,0,9,0,0,0,0,0,0,0
481535,1,1,1983,12,0,0,0,0,0,0,0,5,0
481535,2,1,1983,0,0,0,0,0,0,0,9,0,16
481536,1,1,1983,7,13,0,11,0,0,13,11,10,0
481536,2,1,1983,21,0,13,18,21,0,19,0,0,10
481537,1,1,1983,15,21,22,13,28,14,36,15,19,29
481538,1,1,1983,24,19,11,8,13,11,12,15,12,5
481538,2,1,1983,13,0,19,7,0,18,0,0,0,19
481539,0,1,1983,18,34,21,26,23,18,34,20,9,25
481539,1,1,1983,14,20,15,10,33,15,22,9,22,13
481540,0,1,1983,20,0,4,27,12,7,28,0,0,0
481540,1,1,1983,31,14,16,21,14,22,0,13,9,24
481541,1,1,1983,16,0,15,13,0,15,0,7,7,0
481542,1,1,1983,18,15,22,22,17,28,22,23,15,18
481543,0,1,1983,3,0,0,15,0,24,0,0,0,0
481543,1,1,1983,5,15,0,0,0,10,0,0,0,0
481544,1,1,1983,12,31,20,13,6,12,19,21,19,25
481545,1,1,1983,0,7,36,0,7,12,22,0,16,25
481546,1,1,1983,0,23,15,0,0,23,0,18,0,0
481547,1,1,1983,28,23,18,13,37,16,21,19,17,22
481548,0,1,1983,46,10,0,35,21,11,0,0,28,0
481548,1,1,1983,0,0,13,0,10,0,7,6,0,0
481549,1,1,1983,0,0,0,0,0,0,5,25,12,5
481550,0,1,1983,18,0,14,0,40,0,0,23,14,0
481550,1,1,1983,0,11,6,17,13,0,20,13,0,0
481551,1,1,1983,10,3,17,7,17,17,30,3,15,10
481551,2,1,1983,0,0,0,11,0,0,0,0,0,0
481552,1,1,1983,0,0,0,0,0,5,0,0,0,0
481552,2,1,1983,0,0,0,0,0,12,13,0,0,0
481552,3,1,1983,0,0,0,0,0,7,0,0,0,0
481553,0,1,1983,22,0,14,0,0,13,0,0,21,16
481553,1,1,1983,11,18,0,23,23,26,18,20,23,0
481554,1,1,1983,14,19,18,10,32,20,11,17,14,15
481555,1,1,1983,16,20,25,10,18,0,12,15,1,14
481556,1,1,1983,20,15,18,9,17,17,0,11,25,5
481557,1,1,1983,0,0,0,0,0,0,0,0,0,0
481557,2,1,1983,20,15,13,24,0,19,10,24,9,9
481558,0,1,1983,0,33,0,0,21,19,0,0,0,0
481558,1,1,1983,0,9,13,0,0,0,15,24,0,0
481559,1,1,1983,11,13,14,25,22,13,9,19,28,14
481560,0,1,1983,0,0,20,0,0,0,0,0,0,0
481560,1,1,1983,9,15,0,13,0,0,3,0,2,15
481561,1,1,1983,16,0,0,9,13,17,18,0,19,0
481562,1,1,1983,0,0,18,0,29,0,0,0,11,0
481562,2,1,1983,0,0,0,0,0,0,16,0,0,0
481563,1,1,1983,0,0,0,0,0,0,0,0,0,0
481563,2,1,1983,0,0,0,0,0,9,18,0,0,0
481563,3,1,1983,0,0,3,0,0,0,0,0,0,0
481564,1,1,1983,0,0,0,0,0,0,0,0,0,5
481565,1,1,1983,17,10,26,20,14,14,20,13,20,18
481566,1,1,1983,6,0,0,13,25,0,25,0,0,0
481567,1,1,1983,16,10,23,19,0,17,30,6,45,9
481567,2,1,1983,0,0,0,0,17,0,0,0,3,0
481568,1,1,1983,0,0,0,0,0,0,0,0,5,0
481568,2,1,1983,0,0,0,0,0,0,0,0,0,0
481569,1,1,1983,0,0,0,0,0,0,0,0,0,0
481569,2,1,1983,0,0,0,0,0,0,0,0,0,0
481570,1,1,1983,17,18,24,30,0,33,18,0,18,10
481570,2,1,1983,26,14,24,10,6,10,23,11,13,23
481571,1,1,1983,0,0,0,0,0,0,0,0,13,0
481571,2,1,1983,0,0,0,0,0,13,0,0,0,0
481572,1,1,1983,0,7,17,0,32,26,17,17,20,6
481573,1,1,1983,0,0,12,21,13,0,0,11,41,21
481573,2,1,1983,0,0,0,9,16,0,0,0,0,0
481574,1,1,1983,7,38,8,21,35,15,22,19,19,20
481575,1,1,1983,14,6,17,0,20,33,0,14,0,0
481576,1,1,1983,8,0,0,0,0,15,0,0,0,0
481577,1,1,1983,0,0,0,0,0,0,0,0,6,0
481577,2,1,1983,30,15,0,0,30,34,0,25,0,16
481578,0,1,1983,30,16,14,36,18,37,52,47,13,7
481578,1,1,1983,12,23,0,8,17,28,16,19,18,7
481579,1,1,1983,26,13,5,8,23,5,24,7,29,26
481580,0,1,1983,17,14,6,12,0,0,21,0,33,0
481580,1,1,1983,15,14,12,16,21,17,8,17,20,3
481581,1,1,1983,22,12,16,0,18,0,0,15,28,24
481582,1,1,1983,11,8,0,22,17,18,21,0,19,9
481583,1,1,1983,8,13,15,17,8,15,0,17,10,8
481583,2,1,1983,0,0,0,0,0,0,0,0,0,0
481584,1,1,1983,4,11,20,24,13,15,7,27,29,9
481584,2,1,1983,0,0,0,0,0,0,20,0,0,0
481585,1,1,1983,0,0,0,0,0,24,26,0,0,0
481585,2,1,1983,0,0,0,0,0,0,0,0,0,0
481586,1,1,1983,13,12,0,0,0,0,0,23,8,8
481586,2,1,1983,0,21,0,13,0,0,0,0,0,0
481587,1,1,1983,35,24,12,20,24,10,0,41,23,0
481588,1,1,1983,24,13,0,10,16,11,0,30,15,20
481588,2,1,1983,0,0,0,25,33,0,23,0,0,39
481589,1,1,1983,10,14,0,0,20,17,19,9,0,0
481589,2,1,1983,10,22,9,14,11,20,18,12,21,26
481590,1,1,1983,14,0,0,0,0,0,0,0,0,19
481591,1,1,1983,12,3,20,14,6,13,23,11,7,20
481592,1,1,1983,27,8,10,18,16,20,14,14,24,17
481593,1,1,1983,17,17,17,17,17,17,17,17,17,17
481594,1,1,1983,7,18,28,17,30,23,24,12,8,14
481595,0,1,1983,0,24,34,0,10,0,0,28,0,0
481595,1,1,1983,0,20,0,18,14,12,0,12,0,26
481596,1,1,1983,10,0,0,32,5,10,10,0,11,0
481596,2,1,1983,0,0,0,0,9,0,0,0,0,0
481596,3,1,1983,10,12,0,0,0,0,0,0,10,0
481597,1,1,1983,8,9,17,8,11,18,22,10,12,12
481598,1,1,1983,0,0,0,0,7,0,0,0,0,24
481598,2,1,1983,11,34,16,12,34,12,30,10,7,22
481599,0,1,1983,24,15,0,0,0,0,0,0,25,0
481599,1,1,1983,15,15,15,15,15,15,15,15,15,15
481600,1,1,1983,21,11,33,31,20,31,18,13,16,25
481601,0,1,1983,17,0,10,0,0,0,23,0,0,0
481601,1,1,1983,0,0,0,0,0,0,0,0,0,0
481602,1,1,1983,0,0,0,0,0,0,0,6,0,0
481602,2,1,1983,0,0,0,0,0,0,0,0,0,0
481603,1,1,1983,10,4,0,0,10,4,18,0,0,9
481603,2,1,1983,20,31,25,0,22,20,19,22,21,29
481604,0,1,1983,17,28,14,13,25,23,30,24,14,22
481604,1,1,1983,12,0,18,19,0,10,19,0,32,0
481605,1,1,1983,0,28,0,0,26,3,0,0,0,10
481605,2,1,1983,0,21,15,20,3,9,16,28,8,27
481606,1,1,1983,19,0,20,0,0,9,24,18,12,22
481607,1,1,1983,5,11,23,16,8,19,19,12,18,16
481608,1,1,1983,14,9,10,14,16,30,17,8,7,0
481609,0,1,1983,0,21,10,0,0,23,0,0,0,0
481609,1,1,1983,0,0,0,14,11,0,26,9,0,7
481610,1,1,1983,0,0,0,0,0,16,0,0,0,21
481611,1,1,1983,22,15,33,27,19,25,27,16,15,14
481612,1,1,1983,22,19,13,13,17,15,17,26,7,8
481612,2,1,1983,12,21,15,8,18,13,7,25,15,13
481613,1,1,1983,0,0,19,0,5,0,18,10,0,21
481614,1,1,1983,18,0,0,0,12,0,0,0,0,0
481615,1,1,1983,0,0,0,0,11,0,0,0,0,0
481615,2,1,1983,0,8,0,0,0,0,0,0,0,0
481616,0,1,1983,12,0,10,0,0,0,23,0,8,0
481616,1,1,1983,21,7,18,17,21,9,12,32,0,24
481617,1,1,1983,0,0,15,7,0,25,18,2,0,0
481618,1,1,1983,0,0,0,0,0,0,0,0,0,0
481618,2,1,1983,0,18,0,0,0,0,0,0,0,0
481619,1,1,1983,25,30,0,29,0,27,17,14,26,11
481620,1,1,1983,0,0,7,4,7,34,10,16,10,14
481621,1,1,1983,0,0,0,0,0,0,0,0,0,0
481621,2,1,1983,0,0,0,0,0,0,0,0,0,0
481622,1,1,1983,16,13,28,28,25,4,16,13,17,16
481623,1,1,1983,0,0,0,0,0,0,0,0,0,0
481623,2,1,1983,0,2,0,10,28,0,27,0,24,19
481624,1,1,1983,0,0,0,12,0,0,0,0,0,0
481625,1,1,1983,36,0,28,17,0,0,18,24,0,18
481626,1,1,1983,0,0,0,0,0,0,0,0,0,0
481627,0,1,1983,17,25,10,7,12,32,48,12,10,30
481627,1,1,1983,0,0,0,15,0,0,18,0,0,0
481628,1,1,1983,24,19,13,14,14,36,36,19,22,23
481628,2,1,1983,0,0,0,21,0,0,0,0,0,0
481629,1,1,1983,32,0,12,0,17,11,0,18,14,0
481630,1,1,1983,0,0,0,0,0,0,0,0,0,0
481631,0,1,1983,15,15,9,16,11,19,23,23,24,0
481631,1,1,1983,16,30,18,19,13,11,10,10,15,17
481632,1,1,1983,20,26,22,16,19,16,11,13,11,7
481633,1,1,1983,0,0,0,0,0,0,0,0,0,0
481633,2,1,1983,0,31,0,14,0,7,0,0,22,0
481634,0,1,1983,0,0,0,0,0,0,0,0,0,0
481635,0,1,1983,0,0,7,0,0,22,0,26,31,0
481635,0,2,1983,0,42,0,0,42,0,11,0,0,0
481635,1,1,1983,12,0,18,17,0,14,8,14,11,11
481636,1,1,1983,0,0,24,22,19,25,17,0,31,20
481637,1,1,1983,14,18,23,23,13,0,12,24,17,9
481638,0,1,1983,10,29,10,0,11,14,0,16,13,0
481638,1,1,1983,18,16,30,0,21,14,9,17,17,3
481639,1,1,1983,0,0,0,0,0,11,0,0,0,0
481639,2,1,1983,0,0,0,0,0,0,0,0,0,0
481640,1,1,1983,0,0,16,0,0,0,0,0,19,0
481640,2,1,1983,0,3,0,0,0,0,0,21,23,0
481641,1,1,1983,0,0,0,0,0,0,0,0,0,0
481641,2,1,1983,0,0,0,0,0,0,0,0,0,0
481642,1,1,1983,0,0,9,0,14,0,0,0,0,0
481642,2,1,1983,0,0,0,0,0,0,0,0,0,0
481643,0,1,1983,33,33,33,33,33,33,33,33,33,33
481643,1,1,1983,25,10,0,23,0,33,9,0,7,24
481644,0,1,1983,0,43,0,0,22,27,24,5,24,13
481644,1,1,1983,12,10,17,17,17,12,5,15,19,0
481645,1,1,1983,13,13,13,13,13,13,13,13,13,13
481646,1,1,1983,3,17,13,0,26,26,12,8,18,4
481646,2,1,1983,12,0,0,0,0,0,0,0,10,0
481647,1,1,1983,3,0,25,33,26,21,35,7,18,12
481648,0,1,1983,0,0,0,0,0,0,0,0,0,0
481648,1,1,1983,0,24,16,19,18,24,15,7,13,13
481649,1,1,1983,20,7,21,15,13,5,19,13,0,23
481649,2,1,1983,0,0,18,0,0,0,0,0,18,0
481650,1,1,1983,0,0,0,10,0,0,17,21,0,24
481650,2,1,1983,15,0,28,0,0,29,0,0,0,17
481651,1,1,1983,14,17,20,20,13,9,18,13,18,11
481652,1,1,1983,18,23,7,23,25,17,16,14,29,11
481653,1,1,1983,0,0,0,0,0,0,0,2,15,0
481653,2,1,1983,0,0,5,24,18,0,10,0,0,16
481654,1,1,1983,31,31,31,31,31,31,31,31,31,31
481655,1,1,1983,11,21,11,0,21,0,0,0,0,0
481656,1,1,1983,22,12,0,13,17,2,0,8,5,15
481656,2,1,1983,16,0,11,0,0,0,2,0,20,0
481657,1,1,1983,0,33,25,12,19,34,36,25,0,19
481657,2,1,1983,0,0,0,0,0,0,0,0,24,0
481658,1,1,1983,0,0,0,0,0,0,0,0,0,0
481658,2,1,1983,0,0,0,0,0,0,0,0,0,0
481659,1,1,1983,28,13,10,17,25,5,13,10,8,12
481659,2,1,1983,14,6,18,13,5,7,12,7,2,6
481660,1,1,1983,0,20,0,25,9,11,35,29,12,0
481660,2,1,1983,0,0,0,0,0,0,0,0,0,0
481661,1,1,1983,0,7,0,0,0,0,21,0,8,4
481661,2,1,1983,13,14,24,12,13,15,31,18,19,23
481662,1,1,1983,15,8,0,0,6,18,17,17,0,17
481662,2,1,1983,31,26,17,0,7,10,12,0,11,9
481663,0,1,1983,0,0,0,0,0,0,0,0,0,0
481663,1,1,1983,0,19,27,31,10,27,24,5,15,0
481664,1,1,1983,0,22,10,33,18,18,18,23,11,11
481665,1,1,1983,12,14,31,25,23,23,20,30,7,16
481666,1,1,1983,0,0,0,0,0,0,0,0,0,0
481666,2,1,1983,13,0,0,0,0,0,0,0,0,0
481667,0,1,1983,0,0,0,0,0,0,0,0,0,0
481667,1,1,1983,10,0,0,22,22,0,0,0,0,0
481668,1,1,1983,0,0,0,0,0,0,0,0,0,5
481668,2,1,1983,0,26,0,0,0,0,20,0,7,0
481669,0,1,1983,21,0,0,10,13,25,0,19,2,18
481669,1,1,1983,10,12,9,23,29,33,16,18,0,13
481670,1,1,1983,20,0,0,0,23,0,0,0,0,0
481670,2,1,1983,0,0,0,0,0,0,0,0,0,0
481671,1,1,1983,0,14,0,12,0,3,0,0,0,0
481671,2,1,1983,28,19,0,0,0,0,0,0,0,19
481672,1,1,1983,0,0,0,0,0,0,12,0,0,0
481672,2,1,1983,0,0,0,16,0,0,0,0,0,0
481673,1,1,1983,0,0,0,0,0,0,0,0,0,0
481673,2,1,1983,11,0,0,0,0,0,0,0,0,0
481674,1,1,1983,10,24,29,26,27,17,20,19,26,8
481674,2,1,1983,5,20,23,23,17,20,15,13,0,15
481675,1,1,1983,0,0,0,0,0,0,0,0,0,0
481675,2,1,1983,0,0,0,0,0,0,0,0,12,0
481676,1,1,1983,0,0,0,0,18,0,10,22,3,0
481677,1,1,1983,36,0,0,0,0,0,5,0,13,0
481677,2,1,1983,5,16,0,0,0,36,6,0,22,0
481678,1,1,1983,0,0,0,19,8,0,0,0,0,16
481679,1,1,1983,0,0,0,0,0,0,0,0,0,0
481679,2,1,1983,0,0,0,0,0,0,0,0,0,0
481680,1,1,1983,20,22,16,20,16,13,26,19,27,6
481681,1,1,1983,13,0,12,18,20,14,21,11,8,20
481681,2,1,1983,0,6,12,0,9,0,0,19,0,0
481682,1,1,1983,0,0,29,0,28,0,0,0,0,0
481682,2,1,1983,0,0,0,0,0,0,17,0,0,8
481683,1,1,1983,10,0,0,0,0,0,0,0,0,0
481683,2,1,1983,0,0,0,0,0,0,0,0,0,0
481684,1,1,1983,0,0,0,0,0,0,0,0,0,20
481684,2,1,1983,0,0,0,0,14,0,0,0,0,0
481685,1,1,1983,9,0,14,0,24,23,0,11,15,13
481685,2,1,1983,23,0,0,0,0,0,0,0,0,0
481686,1,1,1983,20,32,10,18,20,16,0,39,13,17
481687,1,1,1983,0,0,0,0,0,0,0,0,0,0
481687,2,1,1983,0,9,0,0,0,0,0,0,0,11
481688,1,1,1983,0,0,0,0,0,11,0,0,0,0
481688,2,1,1983,0,0,0,0,0,0,0,0,0,14
481689,1,1,1983,0,0,23,0,0,15,18,0,0,0
481689,2,1,1983,0,0,10,4,16,0,0,0,8,0
481689,3,1,1983,0,0,0,24,0,20,0,11,0,0
481690,1,1,1983,23,13,28,18,0,14,22,17,17,11
481691,1,1,1983,13,4,17,27,10,26,19,15,26,17
481692,0,1,1983,0,0,0,0,0,0,0,0,0,18
481692,1,1,1983,0,0,0,0,0,0,0,0,0,0
481693,1,1,1983,0,0,0,0,0,0,0,0,0,0
481694,1,1,1983,6,35,19,17,27,23,34,21,29,16
481695,0,1,1983,14,0,21,15,13,8,7,0,0,0
481695,1,1,1983,0,0,17,6,18,10,0,8,19,6
481696,1,1,1983,20,0,20,0,16,0,11,0,0,0
481697,1,1,1983,0,0,16,0,0,0,0,0,0,15
481698,0,1,1983,31,29,25,40,30,30,18,5,28,8
481698,1,1,1983,11,7,24,0,0,9,0,10,0,0
481699,1,1,1983,0,23,0,0,0,0,0,0,0,0
481699,2,1,1983,0,0,0,0,0,0,0,0,0,0
481700,1,1,1983,22,0,9,26,14,9,0,26,15,0
481701,1,1,1983,0,18,19,14,13,9,13,0,20,28
481702,1,1,1983,14,10,12,16,17,0,0,0,0,19
481703,1,1,1983,0,0,0,0,0,0,0,0,0,5
481703,2,1,1983,0,0,7,8,0,20,7,0,0,18
481704,1,1,1983,0,0,0,0,0,0,0,0,0,18
481704,2,1,1983,0,13,0,0,0,0,0,0,0,8
481705,1,1,1983,0,0,0,0,0,19,0,0,0,0
481706,1,1,1983,12,0,0,0,16,21,0,0,0,0
481707,1,1,1983,16,0,24,25,21,11,32,31,8,13
481708,1,1,1983,0,14,15,13,0,0,18,0,0,0
481709,1,1,1983,31,9,37,17,0,5,0,0,0,0
481710,1,1,1983,25,0,0,8,0,0,0,0,0,0
481710,2,1,1983,0,0,15,0,7,10,15,23,21,0
481711,1,1,1983,22,13,9,16,20,10,0,22,19,8
481712,1,1,1983,27,0,23,0,18,20,0,9,25,0
481713,1,1,1983,23,8,16,17,12,8,25,26,16,14
481714,1,1,1983,0,0,0,0,0,0,8,0,0,0
481714,2,1,1983,0,0,14,9,30,0,0,0,0,0
481715,1,1,1983,15,11,9,0,8,11,9,8,19,0
481715,2,1,1983,0,0,0,0,0,0,18,0,0,0
481716,1,1,1983,0,7,2,13,17,0,4,0,0,42
481717,1,1,1983,4,19,12,14,27,28,16,20,31,15
481718,1,1,1983,26,0,6,17,0,20,12,10,7,21
481719,1,1,1983,19,7,25,17,37,6,18,36,22,18
481720,1,1,1983,0,0,0,0,0,0,0,0,0,0
481720,2,1,1983,0,0,25,0,0,15,0,11,0,15
481721,1,1,1983,23,0,17,15,14,9,15,21,33,20
481722,1,1,1983,18,0,9,0,0,0,0,0,0,18
481722,2,1,1983,0,0,16,0,0,0,0,0,2,0
481723,1,1,1983,0,21,20,14,23,21,9,11,17,12
481723,2,1,1983,14,16,16,17,24,10,6,34,22,10