ST_CASE,VEH_NO,PER_NO,YEAR,P1,P2,P3,P4,P5,P6,P7,P8,P9,P10
481724,1,1,1983,13,35,17,14,21,18,29,16,30,33
481725,1,1,1983,13,17,14,30,0,9,8,4,0,14
481726,1,1,1983,25,27,5,0,10,19,0,8,10,0
481726,2,1,1983,0,10,0,12,24,0,21,13,11,0
481727,0,1,1983,30,16,32,21,26,16,15,30,30,17
481727,1,1,1983,24,6,15,9,12,7,0,0,0,18
481728,1,1,1983,26,13,20,27,30,36,23,21,8,11
481729,1,1,1983,0,17,0,0,0,0,0,0,31,0
481729,2,1,1983,0,0,0,0,0,11,2,0,0,0
481729,3,1,1983,5,16,15,0,0,33,0,28,0,0
481730,1,1,1983,27,0,0,17,17,13,0,32,5,17
481730,2,1,1983,0,12,0,0,0,0,0,0,0,0
481731,1,1,1983,0,0,0,40,0,19,21,0,0,20
481731,2,1,1983,11,23,0,0,0,18,22,7,0,0
481732,1,1,1983,0,0,0,0,0,0,0,0,0,0
481733,1,1,1983,18,18,0,0,15,16,0,5,18,0
481733,2,1,1983,0,0,0,0,0,6,0,0,24,0
481734,1,1,1983,36,0,0,0,18,0,0,0,0,9
481734,2,1,1983,18,0,23,32,15,35,26,25,0,27
481735,0,1,1983,18,24,15,21,25,20,9,15,16,15
481735,1,1,1983,0,0,0,20,0,0,12,0,0,6
481736,1,1,1983,10,0,19,12,22,0,0,9,0,0
481736,2,1,1983,0,0,10,15,7,0,0,0,0,0
481737,1,1,1983,0,0,0,0,0,0,0,0,0,0
481737,2,1,1983,0,0,0,0,0,0,0,0,0,0
481738,0,1,1983,0,0,0,36,9,0,0,0,0,0
481738,1,1,1983,0,11,0,0,0,18,11,0,5,0
481739,1,1,1983,0,26,0,0,0,0,0,0,0,0
481740,0,1,1983,7,0,0,0,13,0,11,21,0,0
481740,1,1,1983,34,0,19,23,24,0,19,0,30,15
481741,1,1,1983,16,21,21,0,0,0,15,37,19,0
481741,2,1,1983,16,0,9,8,9,17,0,0,0,16
481742,1,1,1983,21,0,0,0,0,0,0,0,0,10
481742,2,1,1983,0,0,0,0,0,0,0,0,0,0
481743,0,1,1983,35,43,22,16,33,22,18,19,24,35
481743,1,1,1983,24,14,26,14,20,22,37,16,11,3
481744,1,1,1983,11,25,0,28,37,31,16,34,0,19
481745,1,1,1983,0,11,0,0,0,0,0,0,0,0
481745,2,1,1983,0,0,16,0,0,0,0,0,0,11
481746,1,1,1983,11,0,30,40,16,26,0,31,24,23
481747,1,1,1983,0,0,18,0,0,0,0,0,0,0
481747,2,1,1983,12,49,13,0,0,19,0,0,0,0
481748,1,1,1983,0,0,0,0,0,0,0,0,12,0
481749,0,1,1983,0,0,0,0,0,0,0,0,0,0
481749,1,1,1983,0,0,0,0,0,0,0,0,0,0
481750,1,1,1983,24,11,13,24,22,7,12,24,31,14
481751,1,1,1983,18,21,9,8,16,0,12,21,0,21
481751,2,1,1983,0,0,0,0,0,0,0,0,5,0
481752,1,1,1983,13,7,28,8,20,13,13,16,11,14
481752,2,1,1983,8,0,0,0,0,0,0,0,0,30
481753,1,1,1983,18,22,12,13,22,16,28,11,0,10
481754,1,1,1983,19,38,44,18,35,21,28,30,21,0
481755,0,1,1983,13,43,24,19,17,19,5,22,16,21
481755,1,1,1983,0,0,0,0,0,16,0,2,0,0
481756,1,1,1983,0,0,0,0,0,0,0,0,0,0
481756,2,1,1983,0,0,0,14,0,13,24,0,0,0
481757,1,1,1983,0,0,0,0,0,0,0,0,0,0
481757,2,1,1983,22,0,14,0,0,0,0,0,0,0
481758,1,1,1983,20,13,14,5,23,33,10,19,10,24
481759,1,1,1983,0,0,0,0,27,0,0,12,0,0
481759,2,1,1983,9,12,11,13,10,0,0,0,19,4
481760,1,1,1983,11,0,5,0,0,0,0,0,0,0
481761,1,1,1983,18,10,10,24,8,4,24,19,16,6
481761,2,1,1983,10,0,22,10,3,4,19,0,0,21
481762,0,1,1983,15,0,0,0,0,0,24,0,0,0
481762,1,1,1983,0,0,0,0,0,0,0,0,0,0
481763,1,1,1983,23,23,6,24,20,28,19,19,28,20
481764,1,1,1983,12,27,18,18,2,13,17,16,28,20
481765,1,1,1983,0,25,17,0,7,18,0,23,0,17
481766,0,1,1983,11,0,0,24,0,0,3,12,20,16
481766,1,1,1983,26,21,18,15,11,20,13,13,22,16
481767,0,1,1983,21,12,17,14,19,8,8,10,13,4
481767,1,1,1983,16,17,12,15,18,27,12,7,29,19
481767,2,1,1983,24,16,33,14,16,0,14,5,16,23
481768,0,2,1983,0,0,0,24,0,2,0,10,0,0
481768,1,1,1983,0,0,0,0,11,0,13,0,0,0
481769,1,1,1983,5,0,0,0,0,0,19,2,14,15
481770,0,1,1983,21,40,35,24,38,10,26,34,29,31
481770,1,1,1983,0,0,19,8,8,0,0,10,7,0
481771,1,1,1983,25,7,39,26,17,39,5,21,29,14
481772,1,1,1983,14,0,0,26,15,0,0,0,0,14
481773,0,1,1983,10,0,0,24,29,11,12,0,7,0
481773,0,2,1983,0,0,0,0,0,0,0,0,0,0
481773,1,1,1983,0,11,0,11,0,0,20,6,3,8
481774,1,1,1983,16,11,0,28,6,24,6,8,9,28
481775,1,1,1983,8,14,0,15,0,12,5,0,16,10
481775,2,1,1983,0,0,0,0,0,0,0,17,0,0
481776,1,1,1983,27,12,22,29,10,9,16,8,14,10
481777,1,1,1983,16,12,22,10,24,14,0,28,0,21
481778,1,1,1983,0,0,0,0,0,0,0,0,19,0
481778,2,1,1983,0,0,0,17,0,0,0,18,0,0
481778,3,1,1983,0,0,0,0,0,0,0,0,0,0
481779,1,1,1983,36,36,36,36,36,36,36,36,36,36
481779,2,1,1983,0,8,0,0,0,0,26,0,0,12
481780,1,1,1983,22,24,5,5,17,9,17,0,0,8
481780,2,1,1983,26,14,4,17,17,25,27,10,14,15
481781,0,1,1983,0,0,0,0,0,0,14,0,0,22
481781,1,1,1983,19,28,17,11,12,19,6,12,18,21
481782,0,1,1983,23,32,18,6,16,14,8,46,21,36
481782,1,1,1983,17,0,0,0,0,13,0,14,17,2
481783,1,1,1983,0,13,8,0,0,0,10,0,0,3
481783,2,1,1983,0,0,0,0,12,0,0,0,0,0
481783,3,1,1983,0,0,0,10,0,0,0,0,0,0
481784,0,1,1983,19,0,15,28,10,15,0,0,35,17
481784,2,1,1983,25,0,7,0,8,23,0,6,0,0
481785,1,1,1983,7,9,9,8,16,24,33,7,11,12
481785,2,1,1983,14,19,0,0,0,0,0,0,5,0
481786,0,1,1983,23,0,26,13,17,23,21,11,0,0
481786,1,1,1983,16,8,18,16,17,17,7,24,19,0
481787,1,1,1983,0,0,8,28,0,0,0,10,0,0
481787,2,1,1983,8,0,0,0,0,0,2,10,4,0
481787,3,1,1983,0,9,0,0,0,24,0,0,10,0
481788,0,1,1983,0,0,0,0,0,0,0,0,0,0
481788,1,1,1983,0,6,0,14,12,0,17,0,22,0
481789,1,1,1983,25,15,29,15,26,9,16,11,16,20
481790,1,1,1983,18,25,0,0,22,29,0,27,18,0
481790,2,1,1983,0,13,18,5,0,0,0,14,0,26
481791,1,1,1983,34,9,12,9,21,18,19,6,36,26
481792,1,1,1983,0,0,0,0,0,9,0,0,16,9
481792,2,1,1983,0,16,0,21,0,5,25,0,0,0
481793,1,1,1983,15,22,0,16,17,0,0,0,0,0
481794,0,1,1983,15,0,0,0,29,0,9,3,22,18
481794,1,1,1983,14,3,3,3,14,0,9,29,17,28
481795,1,1,1983,9,9,33,25,15,19,10,17,0,26
481795,2,1,1983,7,13,0,0,0,0,0,0,0,0
481795,3,1,1983,18,22,18,33,19,12,15,14,31,27
481796,0,1,1983,0,0,0,0,0,0,0,0,0,0
481796,1,1,1983,27,17,3,7,0,18,0,0,0,0
481797,1,1,1983,24,33,0,11,34,0,21,30,31,18
481798,1,1,1983,0,19,0,0,0,0,0,0,0,0
481798,2,1,1983,12,0,0,0,0,0,0,0,0,0
481799,0,1,1983,0,21,0,27,0,25,0,24,0,0
481799,1,1,1983,0,7,0,0,8,0,0,0,43,0
481800,1,1,1983,0,0,0,0,0,0,0,0,0,0
481800,2,1,1983,0,0,0,0,0,0,0,0,0,0
481801,1,1,1983,0,0,6,0,18,30,0,0,0,0
481801,2,1,1983,0,0,3,5,0,0,0,0,0,0
481802,1,1,1983,0,9,4,21,0,0,12,0,3,18
481802,2,1,1983,0,0,0,0,0,0,0,0,0,0
481803,1,1,1983,20,17,19,10,18,10,25,21,32,21
481804,1,1,1983,8,17,17,30,8,16,27,12,7,28
481804,2,1,1983,33,13,12,0,13,11,14,25,32,14
481805,1,1,1983,0,0,0,0,0,0,20,0,0,0
481806,1,1,1983,0,0,0,0,0,0,0,0,0,0
481806,2,1,1983,0,31,0,0,0,0,0,0,0,0
481807,1,1,1983,20,29,24,0,0,12,0,21,0,0
481808,0,1,1983,0,0,0,0,0,0,0,0,0,0
481808,0,2,1983,0,0,0,0,0,0,0,0,0,0
481808,1,1,1983,8,8,8,8,8,8,8,8,8,8
481809,1,1,1983,0,0,0,30,0,17,29,0,0,9
481809,2,1,1983,0,0,0,0,0,0,0,0,0,14
481810,1,1,1983,0,0,0,0,0,0,0,0,0,0
481810,2,1,1983,0,0,0,0,0,0,0,0,0,19
481811,1,1,1983,26,23,15,15,15,18,27,24,27,19
481812,1,1,1983,0,25,13,0,0,17,0,0,4,0
481812,2,1,1983,0,0,0,0,0,0,0,0,0,0
481813,0,1,1983,0,21,10,5,0,18,30,0,0,15
481813,1,1,1983,18,4,0,4,8,21,10,10,7,0
481815,1,1,1983,36,13,21,15,16,10,26,22,14,23
481816,0,1,1983,35,0,16,9,0,33,12,12,0,16
481816,1,1,1983,0,8,11,0,0,0,15,3,13,0
481817,0,1,1983,0,20,32,14,11,30,0,7,35,0
481817,1,1,1983,7,0,17,5,22,16,0,0,0,17
481818,2,1,1983,8,19,25,25,19,0,15,0,0,14
481818,3,1,1983,0,0,0,0,0,0,0,3,0,0
481819,1,1,1983,3,9,15,12,15,24,13,9,14,0
481820,0,1,1983,0,0,0,0,0,0,0,0,0,0
481820,1,1,1983,14,0,19,0,0,0,0,0,0,0
481821,1,1,1983,27,0,17,0,13,14,7,0,5,0
481821,2,1,1983,0,0,0,11,0,6,0,0,20,0
481822,1,1,1983,6,0,22,0,0,13,0,26,9,0
481823,1,1,1983,17,30,15,18,11,26,18,12,10,27
481824,0,1,1983,20,0,24,16,17,0,24,6,34,15
481824,1,1,1983,0,0,0,0,0,12,0,14,17,0
481824,2,1,1983,0,0,11,0,2,12,0,0,0,0
481824,3,1,1983,12,0,16,18,20,9,0,20,10,0
481825,1,1,1983,11,0,0,0,0,0,0,14,0,0
481825,2,1,1983,0,0,0,0,0,0,0,0,0,0
481826,1,1,1983,9,0,0,15,0,0,0,0,0,7
481826,2,1,1983,0,0,0,0,0,26,0,0,21,0
481827,1,1,1983,0,0,0,0,10,0,0,0,0,0
481827,2,1,1983,0,20,0,0,0,0,0,0,0,0
481828,1,1,1983,0,0,0,0,29,0,0,0,0,14
481829,1,1,1983,0,9,5,0,0,23,16,0,0,0
481829,2,1,1983,17,8,0,0,0,22,0,0,0,19
481830,0,1,1983,27,40,30,8,34,11,22,10,28,17
481830,1,1,1983,0,22,0,46,0,21,0,0,13,0
481831,1,1,1983,0,0,0,0,0,0,0,0,0,0
481831,2,1,1983,0,0,0,0,0,0,0,0,0,0
481832,1,1,1983,0,0,0,0,0,0,0,0,0,0
481832,2,1,1983,0,0,0,0,14,0,0,0,0,0
481833,1,1,1983,0,0,0,0,0,0,0,0,0,0
481833,2,1,1983,0,0,0,0,0,0,0,0,0,0
481834,1,1,1983,17,22,15,16,0,0,17,19,25,12
481835,0,1,1983,0,18,17,31,28,18,20,35,23,14
481835,1,1,1983,0,27,0,16,0,21,25,21,0,0
481836,1,1,1983,0,20,0,13,28,0,0,8,0,25
481837,1,1,1983,0,0,11,0,0,0,0,0,0,0
481838,1,1,1983,0,10,0,0,0,17,0,0,0,12
481838,2,1,1983,0,0,0,0,17,10,0,0,0,0
481839,1,1,1983,0,0,0,0,0,0,11,0,0,0
481839,2,1,1983,0,0,0,0,0,0,0,0,0,0
481840,1,1,1983,9,13,11,7,17,29,0,7,18,13
481841,1,1,1983,9,15,4,13,25,0,7,18,22,29
481842,0,1,1983,0,0,0,0,0,0,0,0,0,0
481842,1,1,1983,0,3,0,11,29,0,0,0,6,13
481843,1,1,1983,0,0,0,0,0,0,0,0,0,0
481843,2,1,1983,0,0,0,0,11,12,0,20,10,0
481844,1,1,1983,0,17,23,13,0,20,0,23,0,0
481844,2,1,1983,0,0,0,0,0,0,0,0,0,0
481845,1,1,1983,0,17,0,0,0,0,24,0,16,16
481845,2,1,1983,0,0,0,0,0,0,0,0,0,0
481846,1,1,1983,0,0,0,0,0,0,0,0,14,0
481846,2,1,1983,0,0,0,0,0,19,0,0,0,0
481847,1,1,1983,0,0,0,6,9,14,0,10,0,0
481847,2,1,1983,15,0,0,0,0,6,0,0,17,0
481848,1,1,1983,0,13,0,0,15,20,12,28,13,13
481849,1,1,1983,0,0,0,0,0,0,0,0,20,0
481850,1,1,1983,0,0,0,0,0,0,14,0,0,0
481850,2,1,1983,0,0,0,0,0,0,0,0,0,0
481851,1,1,1983,0,0,0,0,0,20,0,0,0,0
481852,0,1,1983,0,0,0,0,0,0,0,0,0,0
481852,1,1,1983,0,0,0,0,0,0,0,0,0,0
481853,1,1,1983,18,0,21,14,0,0,0,15,0,0
481854,1,1,1983,14,10,16,15,19,21,14,16,21,14
481855,0,1,1983,0,6,51,7,9,12,0,0,0,50
481855,1,1,1983,0,0,0,0,0,0,13,0,0,0
481856,1,1,1983,15,9,26,9,12,27,19,9,8,32
481857,1,1,1983,0,0,0,0,0,5,20,0,0,12
481857,2,1,1983,0,0,24,15,0,21,0,0,0,0
481858,0,1,1983,42,0,16,0,17,26,0,33,3,0
481858,1,1,1983,0,0,0,0,16,0,0,0,0,10
481859,1,1,1983,0,0,0,0,0,0,0,0,0,0
481860,1,1,1983,0,0,0,0,0,0,0,0,20,0
481860,2,1,1983,24,0,0,0,0,0,0,10,22,0
481861,1,1,1983,15,27,21,15,11,0,36,17,19,31
481862,1,1,1983,19,15,12,25,19,20,10,29,15,11
481863,1,1,1983,18,17,0,8,11,9,17,3,24,17
481863,2,1,1983,0,0,0,0,0,0,0,0,0,0
481864,1,1,1983,0,0,19,0,0,0,0,15,0,0
481865,1,1,1983,0,0,0,0,0,0,0,0,0,0
481865,2,1,1983,0,0,0,0,0,0,10,0,0,0
481865,3,1,1983,0,0,0,0,0,0,0,0,0,0
481866,0,1,1983,25,25,25,25,25,25,25,25,25,25
481866,1,1,1983,12,12,12,12,12,12,12,12,12,12
481867,1,1,1983,25,12,0,16,21,6,0,21,17,18
481868,1,1,1983,0,0,12,0,0,0,0,0,0,0
481868,2,1,1983,0,0,0,0,0,0,0,0,0,0
481869,0,1,1983,23,14,6,37,24,0,18,0,13,17
481869,1,1,1983,0,0,12,25,12,9,0,17,30,0
481870,1,1,1983,0,26,31,28,29,27,6,26,10,0
481871,1,1,1983,24,16,12,22,19,11,16,16,0,23
481872,1,1,1983,23,16,20,10,15,15,15,17,2,20
481873,1,1,1983,0,7,19,10,8,30,17,14,24,17
481873,2,1,1983,14,0,10,0,0,10,0,0,5,0
481874,1,1,1983,11,14,32,0,0,25,8,15,16,17
481875,1,1,1983,12,24,20,19,16,23,25,10,10,19
481876,1,1,1983,12,14,0,0,23,0,16,0,38,0
481877,1,1,1983,0,0,20,9,0,19,0,35,19,0
481877,2,1,1983,0,0,0,0,9,0,0,0,0,0
481878,1,1,1983,19,7,27,16,20,8,12,17,10,33
481879,1,1,1983,23,0,24,13,17,15,12,15,24,17
481879,2,1,1983,0,8,16,0,0,13,10,0,16,13
481880,1,1,1983,0,0,24,0,19,24,0,0,0,13
481881,1,1,1983,22,11,19,8,10,27,5,14,7,0
481881,2,1,1983,0,13,16,0,0,0,14,27,18,0
481882,1,1,1983,21,21,21,21,21,21,21,21,21,21
481883,1,1,1983,19,0,7,13,0,0,0,0,0,0
481883,2,1,1983,13,0,0,20,18,0,0,11,0,21
481884,0,2,1983,0,0,25,7,18,38,0,0,8,0
481884,0,3,1983,0,23,33,23,21,13,19,28,0,15
481884,1,1,1983,0,0,0,14,25,14,13,0,3,0
481885,1,1,1983,14,25,13,14,5,23,8,17,22,18
481886,1,1,1983,12,2,6,14,11,6,20,18,10,13
481887,1,1,1983,0,0,0,0,0,0,0,0,0,0
481887,2,1,1983,0,0,0,0,0,0,18,3,0,0
481887,3,1,1983,0,0,0,0,0,0,0,0,14,0
481888,1,1,1983,0,0,18,0,0,0,0,0,0,13
481889,0,1,1983,26,30,14,29,23,24,0,17,12,22
481889,1,1,1983,0,0,0,0,0,0,0,0,0,0
481890,1,1,1983,18,19,18,14,32,24,17,23,10,35
481891,1,1,1983,0,0,11,0,0,0,0,0,0,0
481891,2,1,1983,0,0,0,0,0,0,0,0,0,0
481892,1,1,1983,23,21,15,16,0,15,11,10,13,14
481892,2,1,1983,0,0,0,0,0,20,0,0,23,0
481893,1,1,1983,16,27,12,19,12,14,6,23,15,29
481894,1,1,1983,31,12,18,10,16,11,13,19,24,16
481895,1,1,1983,21,0,14,0,16,14,34,13,0,7
481896,1,1,1983,14,0,0,0,6,7,0,13,0,0
481896,2,1,1983,23,4,13,13,14,7,17,0,15,8
481897,1,1,1983,0,0,0,7,0,0,0,0,0,0
481897,2,1,1983,0,0,0,0,0,0,0,0,0,0
481898,1,1,1983,14,15,12,19,10,23,0,6,0,14
481899,1,1,1983,11,2,0,8,10,9,0,0,9,39
481899,2,1,1983,25,23,0,14,27,20,15,0,11,22
481900,1,1,1983,0,0,0,25,0,0,0,0,0,0
481901,1,1,1983,0,0,0,0,0,0,0,0,0,0
481901,2,1,1983,0,0,0,0,0,0,0,0,0,0
481902,1,1,1983,0,0,0,0,0,0,0,0,0,0
481903,1,1,1983,0,0,9,0,0,0,0,0,0,0
481903,2,1,1983,0,0,0,0,0,0,0,0,0,0
481904,1,1,1983,0,28,0,23,0,12,0,0,0,0
481905,1,1,1983,0,0,0,15,15,9,6,13,11,0
481905,2,1,1983,9,0,11,22,16,5,11,14,19,9
481906,1,1,1983,15,8,31,16,19,23,14,19,24,4
481907,0,1,1983,0,0,10,0,0,0,0,0,0,0
481907,1,1,1983,0,0,0,0,10,0,0,0,0,0
481908,1,1,1983,0,0,0,0,0,0,14,0,0,0
481908,2,1,1983,0,6,28,0,9,0,0,0,0,0
481909,1,1,1983,0,22,0,0,0,0,0,0,27,0
481910,1,1,1983,0,0,0,0,0,0,0,0,0,0
481911,1,1,1983,0,13,13,0,0,0,19,0,31,8
481911,2,1,1983,0,8,17,31,23,0,0,0,23,12
481912,1,1,1983,0,0,20,0,0,0,0,30,24,0
481913,1,1,1983,0,0,0,9,0,0,0,0,0,0
481913,2,1,1983,0,0,0,0,20,0,0,0,0,0
481914,0,1,1983,21,18,35,8,40,20,18,10,11,9
481914,1,1,1983,0,8,0,0,14,0,21,0,0,0
481915,1,1,1983,0,0,0,0,0,0,0,0,12,0
481915,2,1,1983,0,18,0,0,0,14,0,16,0,0
481916,1,1,1983,0,0,25,0,0,0,23,0,0,0
481917,1,1,1983,15,19,0,0,19,0,0,0,0,0
481918,1,1,1983,2,8,10,15,24,8,18,15,16,12
481919,1,1,1983,18,16,32,12,22,12,16,15,22,13
481919,2,1,1983,14,15,0,25,0,36,24,25,0,0
481920,1,1,1983,20,28,16,33,0,0,20,28,16,13
481921,1,1,1983,20,0,6,2,16,0,0,0,0,0
481921,2,1,1983,9,14,27,9,0,16,13,14,0,0
481921,3,1,1983,0,0,0,0,0,0,27,0,7,9
481922,1,1,1983,0,4,8,18,12,28,12,23,15,8
481922,2,1,1983,21,2,19,13,14,12,14,26,15,5
481923,1,1,1983,40,18,12,20,31,13,35,8,8,13
481924,1,1,1983,5,15,0,18,16,22,16,18,28,9
481925,0,1,1983,0,24,0,23,0,6,17,13,0,0
481925,1,1,1983,18,20,13,11,18,0,17,9,9,0
481926,1,1,1983,0,10,14,11,16,24,29,12,18,24
481927,1,1,1983,0,0,0,0,0,0,0,0,0,0
481927,2,1,1983,17,0,0,0,16,0,0,0,0,0
481928,1,1,1983,10,4,0,17,19,14,27,19,15,28
481929,0,1,1983,20,0,24,25,0,0,0,12,17,0
481929,1,1,1983,13,20,24,11,25,15,10,12,10,10
481930,0,1,1983,0,0,42,27,32,20,31,34,32,0
481930,1,1,1983,11,17,11,21,10,9,0,6,13,32
481931,1,1,1983,14,0,22,20,30,23,19,16,0,0
481932,1,1,1983,0,17,21,16,5,44,20,14,32,30
481933,1,1,1983,0,19,19,9,0,0,0,0,19,0
481933,2,1,1983,0,0,16,0,0,0,0,18,11,0
481934,1,1,1983,0,0,0,42,0,0,0,0,23,0
481935,1,1,1983,11,17,0,7,13,12,9,3,0,11
481936,1,1,1983,19,14,20,19,11,3,6,15,12,11
481937,1,1,1983,0,0,0,0,0,0,0,0,0,0
481938,1,1,1983,17,41,22,53,20,0,0,18,0,0
481938,2,1,1983,0,0,0,0,42,0,18,0,0,17
481939,1,1,1983,0,20,27,18,35,0,0,0,40,17
481940,1,1,1983,0,9,20,10,25,0,0,0,0,0
481941,0,1,1983,0,0,0,0,27,0,0,11,0,22
481941,1,1,1983,36,14,0,0,9,4,0,16,26,10
481942,1,1,1983,0,0,0,0,0,0,0,0,0,0
481942,2,1,1983,0,0,0,14,0,0,19,3,0,0
481943,1,1,1983,8,20,17,15,22,10,21,9,12,22
481943,2,1,1983,23,19,0,16,15,31,4,8,16,6
481944,1,1,1983,18,0,8,39,9,0,21,18,13,14
481945,1,1,1983,7,10,25,6,13,23,23,21,20,15
481946,1,1,1983,2,7,0,20,17,29,8,23,11,21
481946,2,1,1983,0,0,0,0,7,0,0,0,0,0
481947,0,1,1983,18,0,0,22,0,0,0,12,34,0
481947,1,1,1983,10,24,14,18,19,11,15,8,11,19
481948,1,1,1983,22,20,15,34,11,18,17,10,23,35
481949,1,1,1983,19,31,0,15,16,8,25,25,0,19
481950,1,1,1983,19,0,0,13,23,0,24,31,32,22
481951,1,1,1983,27,22,11,23,43,14,31,30,10,19
481952,1,1,1983,0,0,11,0,26,0,0,0,24,14
481953,1,1,1983,4,16,15,24,9,17,8,8,11,19
481953,2,1,1983,14,15,18,10,14,11,30,22,0,16
481954,1,1,1983,17,16,15,25,12,16,11,12,0,0
481955,1,1,1983,22,24,26,16,30,17,22,19,13,15
481956,1,1,1983,0,0,22,10,0,0,6,0,0,11
481957,1,1,1983,0,0,0,0,0,0,0,0,0,0
481957,2,1,1983,5,0,0,8,0,0,0,0,0,0
481958,1,1,1983,0,9,11,0,10,0,0,0,0,23
481959,0,1,1983,0,0,0,0,0,0,0,0,0,0
481959,1,1,1983,13,13,13,13,13,13,13,13,13,13
481960,1,1,1983,30,22,30,17,12,28,21,9,9,22
481961,1,1,1983,0,17,0,0,0,0,23,0,0,21
481961,2,1,1983,0,0,0,0,0,0,0,0,0,21
481962,1,1,1983,0,0,0,0,0,0,0,0,0,0
481963,1,1,1983,0,0,0,0,0,10,0,0,0,0
481964,1,1,1983,0,0,0,32,22,0,7,6,0,22
481965,1,1,1983,12,13,11,17,14,28,0,19,11,20
481966,1,1,1983,20,19,22,16,0,2,0,0,0,0
481966,2,1,1983,0,9,25,11,20,15,9,22,11,14
481967,1,1,1983,12,0,0,0,0,0,0,0,0,7
481967,2,1,1983,18,0,0,0,0,0,26,0,19,21
481968,0,1,1983,13,57,0,9,0,0,0,25,0,26
481968,1,1,1983,0,0,0,0,0,0,0,0,0,0
481969,1,1,1983,0,0,4,0,28,0,0,11,0,19
481969,2,1,1983,7,13,12,0,18,14,13,22,0,0
481970,1,1,1983,0,0,0,6,0,0,0,0,0,0
481970,2,1,1983,0,0,0,0,0,0,0,0,0,0
481971,1,1,1983,0,0,0,0,0,0,0,0,0,0
481971,2,1,1983,0,4,0,0,0,0,0,0,12,0
481972,1,1,1983,0,0,0,0,0,0,0,0,14,0
481972,2,1,1983,0,0,0,0,0,0,0,0,0,0
481973,1,1,1983,0,0,21,16,33,0,0,0,12,0
481974,1,1,1983,21,11,21,15,26,13,17,14,33,20
481975,1,1,1983,0,0,0,0,26,0,0,27,0,0
481975,2,1,1983,0,33,0,0,19,30,0,28,0,24
481975,3,1,1983,0,0,14,7,11,14,0,0,0,17
481976,1,1,1983,15,0,0,0,0,0,0,0,10,0
481976,2,1,1983,0,0,0,0,0,0,8,0,0,0
481977,0,1,1983,21,28,16,12,13,28,22,28,2,26
481977,0,2,1983,0,0,14,0,25,0,0,0,25,11
481977,1,1,1983,0,24,0,0,15,0,0,0,11,21
481978,1,1,1983,12,11,24,12,10,11,15,11,17,16
481979,1,1,1983,12,28,5,13,11,0,0,34,13,0
481980,0,1,1983,4,30,11,34,27,48,12,12,37,26
481980,1,1,1983,7,0,6,0,0,0,12,0,0,10
481981,1,1,1983,20,7,19,5,21,15,21,14,3,34
481981,2,1,1983,0,13,0,0,0,0,15,0,3,5
481982,1,1,1983,21,19,10,8,15,13,21,22,17,13
481982,2,1,1983,16,18,15,0,14,9,9,15,13,10
481983,1,1,1983,4,8,14,9,11,10,13,14,20,9
481983,2,1,1983,16,16,0,15,0,7,5,11,0,0
481984,1,1,1983,5,11,5,0,9,6,0,14,0,21
481985,0,1,1983,29,24,18,17,26,2,0,29,28,17
481985,1,1,1983,0,10,19,9,0,34,23,7,0,0
481986,1,1,1983,9,16,16,10,15,24,23,21,11,30
481986,2,1,1983,10,7,11,6,7,13,13,23,11,4
481987,1,1,1983,0,0,0,0,0,0,25,0,0,0
481987,2,1,1983,27,0,0,11,0,22,22,23,0,0
481988,0,1,1983,0,26,0,13,24,0,0,0,0,18
481988,1,1,1983,0,0,0,7,0,0,0,0,6,0
481989,1,1,1983,0,0,0,0,0,0,0,0,0,0
481990,1,1,1983,17,6,14,21,15,10,16,15,16,14
481991,1,1,1983,16,9,11,17,18,12,9,18,20,4
481992,1,1,1983,15,0,0,0,0,22,0,0,0,0
481992,2,1,1983,16,11,12,21,20,22,0,9,11,17
481993,1,1,1983,23,13,18,25,12,13,9,14,23,16
481993,2,1,1983,19,13,11,17,11,11,8,21,14,7
481994,1,1,1983,0,0,38,28,20,26,41,0,21,19
481994,2,1,1983,0,0,18,14,0,29,13,0,0,7
481995,0,1,1983,0,0,0,0,0,0,0,0,0,0
481995,0,2,1983,23,0,16,26,41,24,23,23,23,19
481995,1,1,1983,26,16,8,0,0,0,14,0,0,0
481996,1,1,1983,22,7,21,8,7,9,28,13,13,5
481997,0,1,1983,0,0,0,7,0,18,0,0,0,0
481997,1,1,1983,6,6,27,13,13,4,6,22,11,16
481998,0,1,1983,37,9,31,28,14,27,22,29,20,10
481998,1,1,1983,0,14,0,12,0,0,0,12,17,0
481999,1,1,1983,19,24,15,14,17,0,11,0,7,21
481999,2,1,1983,0,20,0,4,0,10,0,0,0,0