ST_CASE,VEH_NO,PER_NO,YEAR,P1,P2,P3,P4,P5,P6,P7,P8,P9,P10
482000,1,1,1983,11,0,17,0,25,0,0,0,9,12
482001,1,1,1983,0,16,0,0,0,12,0,0,0,0
482002,1,1,1983,19,0,10,23,23,15,19,32,35,24
482002,2,1,1983,20,12,11,17,30,18,0,25,23,23
482003,1,1,1983,0,39,0,0,0,13,0,0,0,0
482004,1,1,1983,0,13,0,13,0,0,0,0,0,0
482004,2,1,1983,0,0,0,0,20,8,0,0,0,0
482005,0,1,1983,0,0,17,0,0,0,0,0,0,0
482005,1,1,1983,0,0,0,0,0,0,0,0,0,0
482006,1,1,1983,12,22,18,12,17,11,12,7,14,22
482007,1,1,1983,0,0,12,0,0,0,0,12,24,0
482007,2,1,1983,14,0,16,0,0,0,0,0,0,0
482008,1,1,1983,12,21,31,18,22,22,21,19,13,36
482009,1,1,1983,18,5,20,13,13,17,27,18,25,18
482010,1,1,1983,0,16,0,0,0,0,0,0,26,29
482011,1,1,1983,24,13,15,20,28,2,18,12,20,17
482011,2,1,1983,0,0,21,0,0,26,2,0,0,0
482012,1,1,1983,0,2,0,0,0,0,0,6,25,0
482012,2,1,1983,0,7,0,0,0,0,15,23,0,23
482013,1,1,1983,0,0,0,0,0,0,16,18,17,0
482013,2,1,1983,0,0,0,0,3,0,0,0,0,0
482014,1,1,1983,0,0,0,0,0,0,0,0,0,0
482014,2,1,1983,0,0,16,0,0,0,6,0,0,0
482015,1,1,1983,0,12,0,27,17,0,12,11,0,32
482016,1,1,1983,16,0,0,0,0,0,0,0,0,0
482016,2,1,1983,0,0,28,22,15,30,15,0,16,19
482017,1,1,1983,0,28,0,30,23,17,12,14,0,12
482017,2,1,1983,2,0,5,0,0,0,0,0,0,0
482017,3,1,1983,12,12,0,7,0,0,0,0,0,16
482018,1,1,1983,0,21,6,0,9,0,0,18,0,0
482019,1,1,1983,23,17,12,35,14,29,25,15,20,29
482020,1,1,1983,0,0,0,14,0,0,7,0,0,11
482021,1,1,1983,0,0,0,0,0,0,0,0,19,0
482022,0,1,1983,0,0,0,0,32,0,0,0,9,6
482022,1,1,1983,0,0,24,0,0,11,8,0,0,0
482023,0,1,1983,20,8,32,20,14,0,0,20,0,21
482023,1,1,1983,11,0,0,0,6,0,0,0,19,0
482024,0,1,1983,0,0,0,13,0,29,11,0,25,12
482024,0,2,1983,0,0,0,0,0,0,0,0,0,0
482024,1,1,1983,23,0,41,42,24,7,10,0,20,7
482025,1,1,1983,15,33,26,29,12,22,6,13,22,46
482026,1,1,1983,23,10,12,26,27,18,15,18,8,15
482027,1,1,1983,7,13,25,12,9,15,25,41,20,14
482027,2,1,1983,0,0,0,0,0,0,0,0,0,0
482028,1,1,1983,0,0,0,0,0,0,0,0,0,0
482029,1,1,1983,38,10,29,14,13,18,40,0,0,15
482029,2,1,1983,13,0,14,6,10,16,27,14,20,5
482030,1,1,1983,10,21,0,25,18,14,11,14,28,8
482030,2,1,1983,0,0,0,0,18,21,0,0,0,0
482031,1,1,1983,22,18,8,28,0,10,0,28,21,0
482032,0,1,1983,9,13,19,32,27,28,5,15,14,0
482032,1,1,1983,29,0,6,12,0,12,0,12,0,0
482033,1,1,1983,0,0,0,0,0,0,0,0,0,22
482033,2,1,1983,0,0,9,0,0,0,0,0,0,0
482034,1,1,1983,8,9,8,11,19,19,15,12,6,9
482034,2,1,1983,10,0,14,19,10,26,23,30,23,0
482035,1,1,1983,24,13,28,0,0,29,16,22,21,22
482036,1,1,1983,0,0,18,0,16,0,23,19,0,0
482037,1,1,1983,23,9,0,22,24,18,32,20,25,22
482038,0,1,1983,42,0,38,23,12,15,15,5,11,10
482038,1,1,1983,18,33,16,34,17,13,9,8,12,0
482039,1,1,1983,9,0,0,0,0,0,0,0,0,33
482039,2,1,1983,0,0,0,0,0,0,0,0,0,0
482040,0,1,1983,28,0,0,0,0,0,0,9,32,0
482040,1,1,1983,22,16,16,11,8,16,17,14,12,14
482041,0,1,1983,14,30,25,5,5,39,21,22,12,30
482041,1,1,1983,0,0,0,0,0,0,12,0,0,0
482042,1,1,1983,0,0,0,0,25,0,0,0,0,0
482042,2,1,1983,0,0,0,0,0,0,0,0,0,0
482043,0,1,1983,0,6,25,0,0,13,0,0,9,13
482043,1,1,1983,30,24,9,12,21,11,18,20,18,24
482044,1,1,1983,7,20,28,13,13,15,21,21,17,11
482045,0,1,1983,33,7,16,28,0,24,29,10,21,35
482045,0,2,1983,13,0,23,0,0,0,0,0,0,0
482045,1,1,1983,18,35,9,19,19,0,13,22,24,11
482046,0,1,1983,0,32,10,13,30,0,0,0,21,0
482046,1,1,1983,11,18,11,13,9,18,4,26,17,28
482047,1,1,1983,17,12,14,12,27,11,13,27,23,17
482048,1,1,1983,16,15,7,24,10,12,13,26,29,20
482049,1,1,1983,15,10,18,26,17,17,32,21,0,0
482050,1,1,1983,6,20,30,14,23,13,22,7,22,19
482051,1,1,1983,23,23,18,23,30,22,19,9,20,19
482052,1,1,1983,0,0,19,0,0,0,38,0,13,10
482053,1,1,1983,27,14,18,36,11,19,15,19,18,5
482054,1,1,1983,20,0,8,0,19,0,9,0,0,0
482054,2,1,1983,45,0,23,18,11,11,12,15,28,26
482054,3,1,1983,0,7,0,0,0,0,0,22,0,5
482054,4,1,1983,22,0,0,20,3,4,0,7,0,0
482055,1,1,1983,0,0,15,0,0,14,0,0,0,0
482056,0,1,1983,32,8,16,8,15,33,21,24,27,22
482056,1,1,1983,0,7,0,0,0,0,19,13,0,0
482057,1,1,1983,0,14,9,17,7,12,27,28,20,0
482058,1,1,1983,0,0,0,0,0,0,0,0,0,0
482058,2,1,1983,0,0,0,0,0,0,0,0,0,0
482059,1,1,1983,3,6,0,8,16,0,17,20,20,0
482060,0,1,1983,0,0,0,0,0,0,36,0,0,0
482060,1,1,1983,13,19,4,30,9,7,33,13,20,35
482061,1,1,1983,14,19,17,8,10,17,14,25,23,14
482062,1,1,1983,10,0,0,0,0,22,11,0,0,0
482062,2,1,1983,0,8,0,0,0,0,0,0,0,0
482063,0,1,1983,28,0,17,0,13,0,0,25,29,9
482063,1,1,1983,0,5,5,0,15,0,0,0,0,0
482064,1,1,1983,0,19,0,15,17,0,0,0,13,0
482064,2,1,1983,0,0,0,23,0,32,5,0,9,7
482065,0,1,1983,0,0,0,0,0,0,0,0,0,0
482065,1,1,1983,0,0,0,0,0,0,0,0,0,0
482066,1,1,1983,12,11,0,7,15,12,12,11,13,8
482067,1,1,1983,10,0,0,0,9,34,19,35,14,19
482068,1,1,1983,0,0,0,0,0,0,0,0,0,0
482068,2,1,1983,0,0,0,0,0,0,0,0,0,0
482069,1,1,1983,30,12,38,18,20,29,0,21,16,16
482070,1,1,1983,12,29,18,22,16,31,16,29,0,32
482071,1,1,1983,3,0,0,0,0,0,8,0,0,0
482071,2,1,1983,0,0,15,0,0,0,0,0,0,0
482072,1,1,1983,0,7,19,27,25,0,6,21,16,23
482072,2,1,1983,0,0,0,0,0,0,0,0,0,0
482073,1,1,1983,0,0,0,9,0,0,6,12,0,11
482073,2,1,1983,0,0,0,0,0,0,11,0,0,0
482074,1,1,1983,10,11,9,13,12,21,18,3,7,21
482075,0,1,1983,18,22,16,8,20,7,14,27,20,36
482075,1,1,1983,18,0,7,8,0,0,11,0,0,0
482076,1,1,1983,23,0,0,0,0,0,0,0,14,13
482077,1,1,1983,35,38,48,14,25,28,20,15,31,33
482078,0,1,1983,0,0,0,0,0,0,0,0,0,0
482078,1,1,1983,0,0,0,19,0,0,8,0,30,0
482079,0,1,1983,0,0,0,0,0,0,0,0,0,0
482079,1,1,1983,0,0,13,0,0,0,0,24,0,0
482080,1,1,1983,14,7,4,26,17,8,6,0,16,5
482081,1,1,1983,0,0,0,0,0,0,0,0,0,0
482081,2,1,1983,20,0,0,0,0,0,17,0,0,23
482082,1,1,1983,6,15,18,10,16,18,16,14,13,21
482083,1,1,1983,0,0,0,0,0,0,0,0,0,0
482083,2,1,1983,0,0,0,0,0,0,0,0,8,0
482084,1,1,1983,0,0,0,0,0,0,0,14,0,35
482084,2,1,1983,0,0,0,0,0,0,0,0,0,0
482085,1,1,1983,5,13,38,20,11,9,5,27,20,6
482086,1,1,1983,0,0,0,0,0,0,3,0,0,0
482086,2,1,1983,0,0,0,0,0,0,0,0,0,0
482086,3,1,1983,0,0,0,0,0,0,0,0,0,0
482087,0,1,1983,23,23,10,0,0,0,21,0,34,0
482087,1,1,1983,4,25,8,29,22,10,15,24,18,15
482088,0,1,1983,22,22,0,0,0,0,12,0,0,38
482088,0,2,1983,6,7,0,0,0,0,0,8,14,0
482088,1,1,1983,12,7,13,33,15,28,23,0,9,5
482089,1,1,1983,0,0,0,0,0,0,0,0,0,0
482089,2,1,1983,10,16,10,22,28,18,6,9,15,0
482090,1,1,1983,26,12,27,17,0,7,0,18,24,15
482090,2,1,1983,12,0,13,0,0,0,0,0,0,0
482091,1,1,1983,22,14,20,0,14,11,12,9,8,13
482091,2,1,1983,0,0,16,15,20,0,0,8,17,24
482092,1,1,1983,28,3,31,20,4,18,0,19,15,42
482093,1,1,1983,18,17,16,12,16,23,4,18,18,8
482094,1,1,1983,30,0,0,0,0,0,0,0,0,0
482094,2,1,1983,0,0,0,0,0,0,0,0,0,15
482095,1,1,1983,18,4,20,16,16,9,19,0,17,0
482095,2,1,1983,0,0,9,0,23,21,0,0,21,21
482096,1,1,1983,0,0,0,0,0,0,0,0,0,0
482096,2,1,1983,0,0,0,0,16,0,0,0,0,15
482097,1,1,1983,15,15,11,11,23,26,10,20,22,29
482098,1,1,1983,0,13,0,0,0,0,0,0,0,0
482099,1,1,1983,8,16,0,13,0,0,0,0,0,15
482099,2,1,1983,33,10,23,0,0,25,5,0,13,19
482100,1,1,1983,0,0,19,0,0,0,0,0,17,7
482101,1,1,1983,0,0,0,0,0,0,0,0,0,0
482101,2,1,1983,0,0,0,0,14,0,0,2,7,0
482102,1,1,1983,0,0,27,0,0,0,8,0,0,0
482103,1,1,1983,17,0,0,20,0,14,0,0,0,15
482104,1,1,1983,0,0,17,0,0,19,11,19,0,0
482104,2,1,1983,0,0,10,0,8,0,0,0,0,0
482105,1,1,1983,0,5,0,0,12,18,0,13,21,0
482106,1,1,1983,0,0,0,11,0,25,17,14,11,8
482106,2,1,1983,0,16,25,13,0,5,0,0,17,16
482107,1,1,1983,11,11,25,9,14,38,4,28,0,17
482108,1,1,1983,0,0,7,0,5,0,0,0,0,0
482108,2,1,1983,0,17,18,18,28,24,13,30,29,22
482109,1,1,1983,18,12,12,20,13,21,13,16,9,13
482110,1,1,1983,0,13,16,24,22,5,0,20,31,0
482111,0,1,1983,0,0,0,0,26,13,0,0,0,0
482111,0,2,1983,0,0,0,0,0,0,0,0,0,0
482111,1,1,1983,0,0,0,0,0,0,0,0,8,0
482112,1,1,1983,0,9,22,20,24,24,19,14,22,13
482112,2,1,1983,16,19,10,5,0,0,12,0,14,0
482113,1,1,1983,0,0,0,0,0,10,0,26,19,17
482114,1,1,1983,0,0,0,0,0,22,0,0,13,0
482115,1,1,1983,39,15,25,24,14,9,27,5,23,9
482116,0,1,1983,0,0,14,0,0,0,0,0,24,0
482116,1,1,1983,20,0,0,0,0,0,12,0,0,0
482116,3,1,1983,28,0,0,0,0,0,0,0,16,0
482117,1,1,1983,0,18,0,0,0,0,0,0,0,11
482117,2,1,1983,0,0,0,0,0,10,0,9,26,23
482118,1,1,1983,0,0,0,0,7,11,9,0,16,0
482119,1,1,1983,0,0,0,0,29,0,0,0,0,0
482119,2,1,1983,0,0,0,14,0,18,0,0,0,0
482120,1,1,1983,0,0,11,0,0,0,0,0,0,0
482121,1,1,1983,17,14,25,28,23,18,9,30,0,16
482121,2,1,1983,0,0,0,29,11,12,0,0,0,0
482122,1,1,1983,12,0,0,0,8,16,0,0,0,26
482122,2,1,1983,14,0,0,0,13,14,0,0,0,0
482123,0,1,1983,0,0,0,0,0,0,0,0,0,0
482123,1,1,1983,0,0,0,0,0,5,0,0,0,0
482124,0,1,1983,13,0,0,0,6,0,16,0,0,23
482124,1,1,1983,21,0,0,12,0,27,18,0,9,0
482125,0,1,1983,43,10,22,12,37,6,24,24,9,19
482125,1,1,1983,0,0,23,11,11,0,0,0,19,15
482126,0,1,1983,0,0,0,0,0,0,0,0,0,0
482126,1,1,1983,0,0,0,0,0,0,0,0,0,0
482127,1,1,1983,21,5,27,0,0,0,21,0,0,0
482128,1,1,1983,2,12,12,19,0,0,15,0,11,0
482129,1,1,1983,0,0,0,0,0,0,0,0,0,0
482129,2,1,1983,0,0,0,0,0,0,0,0,0,0
482130,1,1,1983,15,17,10,21,25,16,14,0,15,19
482130,2,1,1983,0,0,0,0,0,0,0,0,0,0
482131,1,1,1983,9,6,0,25,22,0,0,0,0,0
482131,2,1,1983,0,0,21,19,15,19,0,0,25,0
482132,0,1,1983,20,0,16,0,5,0,20,12,8,6
482132,1,1,1983,16,3,0,21,6,6,7,7,22,6
482133,1,1,1983,0,0,0,0,0,0,0,0,0,0
482133,2,1,1983,0,0,0,0,0,0,0,0,0,0
482134,1,1,1983,18,25,0,13,9,0,0,9,0,21
482135,1,1,1983,0,23,27,26,16,25,24,0,23,35
482136,1,1,1983,0,0,0,0,13,0,9,0,16,0
482136,2,1,1983,11,11,11,23,8,19,17,7,25,10
482137,0,1,1983,0,0,0,0,14,0,0,0,0,0
482137,1,1,1983,0,16,0,0,0,0,0,0,0,11
482138,1,1,1983,0,20,7,10,10,16,6,0,7,9
482138,2,1,1983,13,18,18,21,15,10,18,31,23,21
482139,1,1,1983,16,17,21,26,19,26,25,28,19,7
482140,1,1,1983,0,25,0,0,0,24,0,0,0,0
482140,2,1,1983,0,0,0,0,0,34,0,0,0,0
482141,1,1,1983,6,9,22,17,15,12,19,13,14,0
482142,0,1,1983,0,0,0,0,0,0,0,0,0,0
482142,1,1,1983,15,0,20,8,8,13,15,12,14,14
482143,1,1,1983,19,20,21,19,15,34,29,24,31,15
482143,2,1,1983,23,3,0,0,0,19,15,0,0,0
482144,1,1,1983,15,15,15,15,15,15,15,15,15,15
482145,1,1,1983,11,35,7,18,18,5,3,9,12,13
482146,1,1,1983,0,0,25,17,11,0,11,11,0,0
482147,0,1,1983,9,13,0,14,32,11,18,3,19,27
482147,0,2,1983,0,0,0,4,0,26,0,0,7,14
482147,1,1,1983,18,11,20,10,20,29,18,5,15,6
482148,1,1,1983,20,17,18,0,18,14,13,15,18,5
482149,1,1,1983,9,13,4,7,17,0,14,15,6,15
482150,1,1,1983,0,0,0,0,0,8,0,0,0,7
482150,2,1,1983,0,0,0,0,0,0,0,0,0,0
482151,1,1,1983,23,19,10,19,24,12,4,11,22,20
482152,0,1,1983,11,25,13,18,24,16,37,14,0,0
482152,1,1,1983,0,0,18,0,17,15,0,21,12,0
482153,1,1,1983,11,16,13,24,13,13,32,13,25,27
482154,1,1,1983,12,9,0,12,0,24,13,8,25,6
482154,2,1,1983,14,25,10,5,16,5,5,13,16,4
482155,1,1,1983,16,21,25,11,20,7,23,13,29,29
482156,1,1,1983,0,0,19,7,25,13,13,0,9,16
482156,2,1,1983,0,22,17,9,5,0,19,13,0,11
482157,1,1,1983,10,24,13,10,22,19,29,17,21,15
482158,1,1,1983,34,19,14,10,29,10,33,28,25,10
482159,0,1,1983,20,29,15,0,29,26,13,11,19,12
482159,1,1,1983,14,0,0,0,10,11,10,0,13,10
482160,1,1,1983,21,21,21,21,21,21,21,21,21,21
482161,1,1,1983,7,10,10,18,14,13,4,16,22,9
482162,1,1,1983,0,0,0,0,0,26,0,0,0,0
482163,1,1,1983,18,11,0,0,16,12,19,15,0,16
482164,1,1,1983,15,22,15,22,31,12,13,12,11,5
482165,0,1,1983,0,0,0,0,0,0,0,0,0,0
482165,1,1,1983,2,25,0,23,11,24,33,32,0,12
482166,1,1,1983,0,28,0,0,0,0,9,0,0,0
482167,0,1,1983,36,33,9,75,17,19,20,24,25,12
482167,1,1,1983,0,20,0,27,3,0,0,0,9,0
482168,1,1,1983,0,0,0,15,0,0,0,7,0,31
482168,2,1,1983,0,33,20,0,8,25,20,12,20,0
482169,1,1,1983,0,21,14,0,10,0,0,0,28,0
482169,2,1,1983,0,0,5,0,0,2,0,0,14,0
482170,1,1,1983,0,0,0,0,0,0,0,0,0,0
482171,1,1,1983,0,16,10,11,0,29,0,0,16,0
482172,1,1,1983,0,0,0,0,10,17,13,22,10,0
482172,2,1,1983,20,0,0,17,0,18,6,0,22,0
482173,1,1,1983,21,22,6,7,34,14,23,19,22,20
482174,1,1,1983,16,16,12,22,10,14,15,14,23,16
482175,1,1,1983,0,0,0,12,0,0,17,0,0,0
482176,1,1,1983,8,21,8,16,15,15,4,13,25,0
482176,2,1,1983,0,0,0,0,0,28,0,0,0,21
482176,3,1,1983,0,0,0,0,0,0,24,26,0,0
482177,1,1,1983,0,0,0,0,0,6,0,10,0,0
482177,2,1,1983,0,0,0,0,0,0,0,0,0,0
482178,1,1,1983,16,16,16,16,16,16,16,16,16,16
482179,1,1,1983,32,12,28,35,2,16,21,6,35,17
482179,2,1,1983,23,5,8,20,5,27,20,17,21,15
482180,0,1,1983,22,0,0,24,20,30,28,0,14,8
482180,1,1,1983,0,0,0,11,0,16,0,0,0,0
482181,1,1,1983,7,26,15,3,0,19,0,10,33,27
482182,1,1,1983,0,20,19,27,12,24,24,20,31,15
482183,1,1,1983,0,0,0,0,0,0,0,0,0,0
482183,2,1,1983,0,0,0,0,0,0,0,0,0,0
482184,1,1,1983,0,11,0,0,0,0,0,0,0,0
482184,2,1,1983,0,0,0,21,0,31,0,0,0,19
482185,1,1,1983,0,0,0,0,0,0,0,0,0,4
482185,2,1,1983,21,0,0,0,17,0,20,5,12,0
482186,0,1,1983,0,0,0,0,0,10,0,0,17,0
482186,1,1,1983,25,15,6,19,7,16,9,11,22,27
482187,1,1,1983,19,17,16,30,14,17,21,25,17,37
482188,1,1,1983,17,34,18,14,16,16,21,28,18,18
482189,0,1,1983,0,0,0,0,0,0,0,0,0,0
482189,1,1,1983,0,28,0,0,14,0,3,0,0,0
482190,0,1,1983,29,9,0,40,0,33,0,9,25,36
482190,1,1,1983,26,16,23,16,32,21,24,8,35,20
482191,1,1,1983,3,0,0,0,0,0,0,0,0,0
482191,2,1,1983,32,0,26,10,15,0,0,15,20,15
482192,1,1,1983,13,10,17,6,13,17,10,13,14,14
482193,1,1,1983,0,0,0,13,0,0,16,0,0,21
482193,2,1,1983,0,0,16,0,19,0,16,0,9,15
482194,0,1,1983,5,29,27,37,11,25,21,14,15,26
482194,1,1,1983,21,13,18,0,0,0,0,9,0,0
482195,1,1,1983,0,0,0,0,0,24,0,0,23,19
482195,2,1,1983,0,0,0,0,8,11,30,7,0,14
482196,1,1,1983,0,0,0,0,0,7,0,0,0,10
482196,2,1,1983,0,19,0,0,4,0,0,14,15,23
482197,1,1,1983,11,31,23,15,13,20,20,14,24,14
482197,2,1,1983,0,10,0,0,0,0,14,0,0,0
482198,1,1,1983,13,13,22,9,11,0,10,22,0,8
482199,0,1,1983,17,11,16,31,29,27,0,22,23,24
482199,1,1,1983,0,7,0,9,0,9,0,0,0,0
482200,1,1,1983,0,0,0,0,7,0,0,19,0,0
482200,2,1,1983,0,0,0,0,22,0,0,0,0,0
482201,1,1,1983,0,0,0,0,0,0,0,0,0,0
482201,2,1,1983,0,4,0,0,0,0,0,0,0,0
482202,1,1,1983,15,2,25,10,19,31,7,0,6,26
482203,1,1,1983,16,7,16,0,0,9,0,19,0,6
482203,2,1,1983,0,0,0,30,12,8,19,24,0,6
482204,0,1,1983,0,18,0,0,30,7,38,0,8,24
482204,1,1,1983,16,16,0,7,18,15,6,8,6,0
482205,1,1,1983,19,28,15,17,18,12,25,20,23,15
482206,1,1,1983,11,0,11,13,11,16,17,27,32,17
482207,1,1,1983,16,0,8,0,0,0,7,0,0,0
482208,1,1,1983,0,21,13,22,29,17,9,15,14,18
482209,1,1,1983,10,0,0,0,0,0,0,0,0,0
482209,2,1,1983,28,28,17,3,5,13,20,9,7,14
482210,0,1,1983,13,16,29,5,29,33,21,47,20,32
482210,1,1,1983,0,11,13,30,10,9,0,0,0,0
482211,1,1,1983,0,0,0,0,0,0,0,0,0,0
482211,2,1,1983,0,0,0,0,0,0,0,0,0,0
482212,0,1,1983,13,34,0,20,0,34,18,22,25,0
482212,1,1,1983,0,22,17,0,8,15,0,0,10,16
482213,1,1,1983,27,16,20,18,14,31,19,13,9,3
482214,1,1,1983,0,23,13,25,0,10,0,11,30,0
482214,2,1,1983,21,3,0,0,17,2,0,0,8,0
482215,1,1,1983,7,15,16,17,13,29,28,17,17,23
482216,1,1,1983,0,0,17,0,0,0,0,0,0,0
482217,1,1,1983,0,2,0,0,0,7,0,0,0,19
482217,2,1,1983,10,0,0,0,0,0,0,21,7,21
482218,1,1,1983,0,0,0,0,0,0,0,0,0,17
482219,1,1,1983,0,30,0,0,17,0,0,0,0,0
482220,1,1,1983,0,0,0,0,0,0,0,0,0,0
482220,2,1,1983,0,0,0,16,0,0,0,0,0,0
482221,1,1,1983,16,30,10,20,12,10,19,0,43,10
482222,1,1,1983,0,0,19,9,0,4,0,25,0,6
482223,1,1,1983,0,0,0,8,0,0,23,0,0,0
482223,2,1,1983,0,0,0,0,0,0,0,0,0,0
482224,1,1,1983,14,6,27,28,28,15,13,28,22,23
482225,1,1,1983,14,0,7,14,21,0,9,3,10,9
482225,2,1,1983,0,11,0,22,0,20,0,0,0,0
482225,3,1,1983,0,20,0,18,11,30,0,12,0,0
482226,1,1,1983,0,0,15,0,0,0,0,0,0,0
482226,2,1,1983,0,0,0,0,0,0,0,0,0,0
482226,3,1,1983,0,0,0,0,0,0,0,0,0,0
482227,1,1,1983,0,0,41,0,23,0,0,0,0,0
482227,2,1,1983,0,0,0,0,0,0,0,15,0,0
482228,1,1,1983,23,27,9,0,30,0,18,20,24,34
482229,0,1,1983,8,0,15,24,43,21,17,35,23,18
482229,0,2,1983,0,20,0,0,0,14,33,7,28,16
482229,0,3,1983,0,11,0,0,0,15,0,15,0,40
482229,1,1,1983,10,0,0,0,9,0,0,8,11,0
482230,1,1,1983,31,9,13,18,19,20,6,24,21,20
482231,1,1,1983,34,19,12,19,12,11,16,14,0,20
482232,1,1,1983,0,0,0,0,0,0,0,0,0,0
482232,2,1,1983,24,0,0,0,0,0,15,0,0,0
482233,1,1,1983,10,6,18,20,28,5,25,20,10,17
482234,1,1,1983,6,27,20,15,18,18,9,14,20,18
482235,1,1,1983,34,15,25,0,0,0,16,7,0,17
482236,1,1,1983,0,0,0,0,0,0,0,0,27,0
482236,2,1,1983,0,0,0,22,0,0,0,0,0,12
482237,1,1,1983,19,24,21,0,20,20,17,37,12,26
482238,1,1,1983,0,4,0,23,19,16,10,12,0,15
482239,1,1,1983,10,0,12,10,19,20,5,20,17,15
482240,1,1,1983,22,13,6,0,23,13,11,5,0,15
482241,1,1,1983,9,0,0,31,16,0,0,7,0,0
482241,2,1,1983,0,0,0,0,0,0,0,0,0,0
482242,1,1,1983,0,0,0,0,0,0,0,0,0,0
482242,2,1,1983,0,0,0,0,0,0,23,15,24,0
482243,1,1,1983,11,28,26,16,23,13,20,20,30,11
482244,0,1,1983,7,19,0,15,19,39,22,12,28,5
482244,1,1,1983,21,9,0,11,15,0,0,19,8,4
482245,1,1,1983,0,28,0,0,30,13,0,0,0,0
482246,0,1,1983,0,0,0,5,0,12,15,0,7,14
482246,1,1,1983,36,26,22,13,26,27,12,18,16,3
482247,1,1,1983,0,0,0,0,0,0,0,0,0,0
482247,2,1,1983,0,0,20,0,0,0,0,13,0,0
482248,1,1,1983,20,22,25,9,8,7,15,24,19,17
482249,1,1,1983,18,27,11,25,15,25,4,8,21,18
482250,1,1,1983,23,4,8,11,15,18,13,22,11,14
482251,1,1,1983,0,13,0,11,0,0,0,0,0,25
482251,2,1,1983,6,21,0,0,0,7,9,12,0,0
482252,0,1,1983,0,0,0,0,0,0,0,0,0,0
482252,1,1,1983,0,0,13,0,7,0,0,0,5,0
482253,1,1,1983,33,15,11,0,7,15,11,16,14,6
482254,1,1,1983,21,22,13,27,24,25,33,18,24,18
482254,2,1,1983,29,18,28,29,12,20,13,18,10,21
482255,1,1,1983,8,20,23,13,10,4,6,0,13,3
482255,2,1,1983,0,0,0,0,10,19,0,0,0,0
482256,1,1,1983,10,22,19,27,25,8,22,17,32,37
482257,1,1,1983,0,17,0,13,24,0,0,9,14,5
482258,1,1,1983,0,0,0,0,0,0,0,0,0,0
482259,1,1,1983,0,15,21,18,11,14,12,6,16,13
482260,1,1,1983,0,0,0,23,0,0,0,0,0,0
482260,2,1,1983,0,0,0,0,0,0,0,12,0,0
482261,0,1,1983,22,15,6,15,50,40,27,13,0,20
482261,1,1,1983,20,0,15,9,10,16,19,0,13,0
482262,0,1,1983,0,0,0,0,0,0,0,0,0,0
482262,1,1,1983,0,0,6,0,0,0,0,0,0,0
482263,1,1,1983,31,0,0,22,0,0,0,0,0,0
482264,1,1,1983,18,14,14,14,29,0,3,0,29,0
482264,2,1,1983,0,0,7,0,0,0,0,0,0,0
482264,3,1,1983,24,21,0,12,27,15,27,27,14,0
482265,1,1,1983,19,12,6,21,6,17,11,8,19,13
482266,1,1,1983,14,0,0,0,0,0,0,0,0,0
482266,2,1,1983,25,28,15,18,9,0,21,30,0,22
482267,0,1,1983,0,0,0,0,0,31,0,26,0,0
482267,1,1,1983,0,0,0,0,0,0,0,0,0,15
482268,0,1,1983,0,6,0,10,0,0,0,0,0,28
482268,1,1,1983,0,0,0,0,0,0,0,0,0,0
482269,1,1,1983,10,3,23,14,18,24,18,7,17,20
482270,1,1,1983,0,16,25,32,9,12,11,0,19,0
482271,1,1,1983,9,17,0,19,0,0,26,0,24,17
482272,0,1,1983,0,8,5,0,0,0,0,0,0,0
482272,1,1,1983,0,0,0,0,0,0,0,25,22,0
482273,1,1,1983,0,0,22,0,31,0,0,0,6,0
482273,2,1,1983,0,0,0,0,0,0,0,0,0,0
482274,0,1,1983,22,12,0,8,0,26,29,0,0,19
482274,1,1,1983,8,20,18,0,12,6,0,0,14,7
482275,1,1,1983,0,0,0,0,0,0,0,0,10,27
482275,2,1,1983,0,0,0,0,0,0,0,0,0,0
482276,1,1,1983,0,37,0,0,0,0,21,0,0,0
482276,2,1,1983,0,0,0,0,0,26,0,22,0,0
482277,0,1,1983,10,0,0,0,0,0,0,0,0,0
482277,1,1,1983,0,0,0,0,8,0,0,2,0,0
482278,1,1,1983,0,5,42,19,26,26,13,26,17,17
482279,1,1,1983,0,0,14,0,0,0,0,0,0,0
482280,1,1,1983,0,0,0,0,0,0,0,0,0,0
482280,2,1,1983,0,26,0,0,0,25,0,0,0,0
482281,1,1,1983,17,16,29,23,23,19,22,28,0,36
482282,1,1,1983,0,15,19,13,0,0,0,0,15,0
482283,1,1,1983,27,31,13,29,0,24,25,12,13,32
482284,1,1,1983,9,0,12,28,22,4,0,10,0,23
482285,1,1,1983,0,0,0,0,0,0,0,0,9,0