ST_CASE,VEH_NO,PER_NO,YEAR,P1,P2,P3,P4,P5,P6,P7,P8,P9,P10
482285,2,1,1983,26,0,30,0,0,0,0,0,24,7
482286,1,1,1983,0,0,0,0,0,0,0,0,0,0
482286,2,1,1983,0,0,11,15,0,0,0,0,18,30
482287,1,1,1983,12,0,0,0,22,0,10,0,32,0
482287,2,1,1983,0,11,0,0,0,0,0,0,0,0
482288,1,1,1983,0,0,0,0,0,0,0,0,0,0
482289,1,1,1983,0,27,0,0,0,0,11,16,0,11
482289,2,1,1983,13,0,13,0,0,0,0,0,0,23
482290,1,1,1983,32,20,29,19,25,17,23,16,16,23
482291,1,1,1983,22,24,17,17,25,24,0,14,25,8
482292,1,1,1983,7,26,0,0,10,17,18,19,31,12
482293,0,1,1983,33,16,7,16,20,6,40,22,19,14
482293,1,1,1983,10,11,18,0,9,11,15,18,0,0
482294,0,1,1983,37,16,20,41,28,23,15,28,17,7
482294,1,1,1983,0,0,0,0,0,0,0,0,0,0
482295,1,1,1983,0,0,0,0,0,0,0,0,0,0
482295,2,1,1983,0,0,0,0,0,0,0,0,0,0
482296,1,1,1983,12,11,9,24,5,21,0,20,13,0
482296,2,1,1983,15,0,12,17,18,22,15,0,26,5
482297,0,1,1983,14,14,0,0,0,0,0,33,17,34
482297,1,1,1983,15,0,0,0,0,0,19,0,0,8
482298,1,1,1983,0,0,0,0,0,0,0,0,0,0
482298,2,1,1983,0,0,0,0,0,0,0,0,0,0
482299,0,1,1983,23,16,13,25,14,20,27,28,27,28
482299,1,1,1983,0,0,0,0,0,0,0,0,0,12
482300,1,1,1983,0,11,0,0,17,10,0,0,16,14
482300,2,1,1983,14,9,32,7,13,6,19,0,9,19
482301,1,1,1983,15,14,5,23,21,14,19,0,16,32
482302,1,1,1983,15,20,18,14,18,20,25,9,12,6
482302,2,1,1983,15,21,17,22,39,17,25,9,35,10
482303,0,1,1983,19,0,35,14,0,24,16,28,8,20
482303,1,1,1983,31,13,8,29,0,16,13,10,20,0
482304,1,1,1983,0,14,12,13,0,35,0,20,20,0
482305,1,1,1983,16,20,0,11,11,23,37,21,23,25
482306,1,1,1983,23,24,12,16,7,22,15,22,27,14
482307,1,1,1983,0,6,29,8,0,6,0,0,0,0
482308,0,1,1983,21,8,26,15,6,19,9,0,16,14
482308,1,1,1983,12,14,15,17,0,0,0,2,7,23
482309,1,1,1983,17,22,6,9,19,3,15,24,22,34
482310,1,1,1983,11,9,16,10,3,19,24,15,0,13
482311,1,1,1983,22,21,17,22,19,13,13,19,6,8
482312,1,1,1983,0,0,0,0,0,7,0,0,0,0
482312,2,1,1983,0,0,0,14,0,0,15,0,0,0
482313,1,1,1983,13,0,19,13,11,18,19,23,31,20
482314,1,1,1983,11,0,13,8,8,8,26,0,16,0
482314,2,1,1983,20,0,12,10,0,21,0,0,0,0
482315,1,1,1983,9,14,7,7,17,8,21,38,5,11
482316,1,1,1983,18,25,13,8,10,24,22,24,15,15
482317,1,1,1983,6,0,0,0,28,9,2,0,9,4
482317,2,1,1983,0,0,0,0,0,0,11,0,0,12
482318,1,1,1983,0,0,0,7,0,0,0,0,0,0
482318,2,1,1983,0,18,0,0,19,0,0,4,15,0
482319,1,1,1983,18,0,9,0,0,15,8,14,0,15
482319,2,1,1983,26,27,5,34,25,0,0,17,10,24
482320,0,1,1983,0,17,0,0,0,0,0,10,21,26
482320,1,1,1983,0,0,0,0,3,0,6,0,4,0
482321,1,1,1983,5,0,0,0,0,0,0,0,0,0
482321,2,1,1983,0,23,0,0,19,24,0,0,0,25
482322,1,1,1983,0,0,0,0,0,0,0,0,0,0
482322,2,1,1983,0,0,0,0,0,0,0,0,0,0
482323,1,1,1983,11,0,23,0,0,11,0,24,16,18
482323,2,1,1983,0,0,0,0,0,0,0,0,0,0
482324,1,1,1983,0,0,0,0,0,0,0,0,0,0
482324,2,1,1983,0,4,0,0,0,0,0,0,12,2
482325,1,1,1983,23,14,0,12,0,14,29,11,35,23
482326,1,1,1983,0,0,0,0,0,0,0,0,0,0
482327,1,1,1983,28,20,0,0,0,0,0,0,0,11
482327,2,1,1983,19,0,30,0,0,0,20,18,0,11
482328,1,1,1983,9,23,26,17,0,0,20,33,0,0
482329,0,1,1983,0,0,0,0,0,0,0,0,0,0
482329,1,1,1983,0,0,0,0,0,0,0,0,0,0
482330,1,1,1983,0,0,0,0,0,0,0,0,0,0
482330,2,1,1983,23,0,0,0,0,0,0,0,0,0
482331,1,1,1983,0,13,0,0,0,16,4,0,0,0
482331,2,1,1983,29,25,0,0,5,0,0,0,11,21
482332,1,1,1983,23,23,23,23,23,23,23,23,23,23
482333,1,1,1983,0,0,0,23,0,22,0,13,0,0
482334,1,1,1983,18,8,0,25,10,13,0,0,17,0
482335,0,1,1983,0,0,0,0,0,0,0,0,0,0
482335,1,1,1983,0,0,0,0,16,0,0,0,0,0
482336,1,1,1983,0,0,0,38,0,0,0,19,41,0
482337,1,1,1983,17,27,4,18,24,22,19,29,36,13
482337,2,1,1983,0,0,0,0,0,0,0,0,0,23
482338,1,1,1983,17,24,12,22,16,14,4,0,14,0
482339,1,1,1983,0,0,0,0,0,0,0,0,0,0
482339,2,1,1983,21,0,0,0,12,0,0,0,0,0
482340,0,1,1983,0,0,0,0,0,0,0,0,0,0
482340,1,1,1983,0,4,22,0,0,0,0,0,0,0
482341,0,1,1983,0,0,0,0,0,0,0,0,0,0
482341,1,1,1983,0,0,0,0,0,13,0,14,0,0
482342,0,1,1983,10,0,0,0,23,0,0,0,0,0
482342,1,1,1983,17,10,0,0,8,0,16,7,0,30
482343,0,1,1983,0,0,0,20,0,0,0,0,0,0
482343,1,1,1983,0,0,13,0,0,0,0,0,0,11
482344,1,1,1983,21,19,16,13,10,10,6,15,28,11
482344,2,1,1983,32,15,0,0,0,12,15,27,0,0
482345,1,1,1983,0,0,0,0,0,0,0,0,0,0
482345,2,1,1983,0,12,0,0,0,0,0,0,0,0
482346,1,1,1983,0,0,0,0,0,0,0,0,0,0
482347,1,1,1983,9,24,14,25,17,17,21,0,15,13
482348,1,1,1983,17,25,19,10,0,15,18,25,17,16
482349,1,1,1983,0,21,0,8,19,18,20,19,25,2
482349,2,1,1983,0,0,16,0,9,11,0,22,11,16
482349,3,1,1983,17,12,0,5,12,0,12,14,0,2
482350,0,1,1983,22,0,23,17,25,11,22,10,18,7
482350,1,1,1983,19,6,19,20,28,19,10,14,15,14
482351,1,1,1983,20,13,25,39,15,8,20,10,17,21
482352,1,1,1983,20,22,11,15,7,10,8,0,28,11
482353,1,1,1983,27,12,29,18,0,24,26,33,12,17
482354,0,1,1983,13,7,11,0,18,0,20,7,0,0
482354,1,1,1983,0,0,0,9,0,8,0,0,0,0
482355,0,1,1983,0,0,0,0,0,0,0,0,0,0
482355,1,1,1983,0,0,0,0,14,6,0,0,0,17
482356,1,1,1983,26,21,22,16,11,23,28,42,20,27
482356,2,1,1983,15,0,0,17,0,0,0,0,0,0
482357,1,1,1983,0,0,0,3,9,18,0,18,0,0
482358,1,1,1983,0,0,16,0,0,0,0,0,0,0
482358,2,1,1983,0,0,0,0,0,0,0,0,0,0
482359,1,1,1983,0,12,8,21,14,22,11,2,15,10
482360,1,1,1983,0,0,0,0,0,0,0,14,0,0
482360,2,1,1983,0,23,31,12,0,0,4,13,18,0
482361,1,1,1983,14,20,36,13,16,18,12,19,9,21
482362,1,1,1983,0,9,0,13,23,0,11,0,26,9
482363,0,1,1983,8,17,24,21,30,43,21,15,25,48
482363,1,1,1983,0,0,7,0,0,0,0,9,0,0
482364,1,1,1983,0,0,0,0,27,17,0,28,0,0
482365,1,1,1983,8,17,22,20,41,11,13,19,22,11
482366,1,1,1983,0,0,0,12,0,9,0,0,11,15
482366,2,1,1983,16,0,6,0,0,16,12,11,0,0
482367,1,1,1983,29,0,39,29,31,26,41,16,40,24
482368,1,1,1983,0,0,26,0,0,0,0,0,0,0
482368,2,1,1983,0,23,0,10,0,0,0,0,0,0
482369,0,1,1983,0,0,0,0,0,0,8,0,0,0
482369,0,2,1983,0,0,0,0,0,0,0,0,0,0
482369,0,3,1983,0,0,0,0,10,0,0,0,0,0
482369,1,1,1983,16,16,16,16,16,16,16,16,16,16
482370,1,1,1983,0,0,0,0,0,0,0,0,0,0
482371,1,1,1983,24,0,0,18,17,5,15,0,9,0
482372,1,1,1983,0,0,0,0,0,0,0,0,0,0
482373,1,1,1983,0,0,0,0,0,0,0,0,0,0
482373,2,1,1983,14,0,0,0,0,0,0,19,0,0
482374,1,1,1983,0,0,0,0,18,0,0,0,0,24
482374,2,1,1983,17,12,11,0,2,0,6,16,12,18
482375,1,1,1983,12,25,15,20,0,23,0,9,0,14
482376,1,1,1983,0,0,0,0,0,0,0,0,0,0
482376,2,1,1983,0,0,0,0,0,0,0,0,0,0
482377,1,1,1983,12,20,0,0,29,26,11,29,0,0
482377,2,1,1983,5,20,3,13,22,7,26,7,6,19
482378,1,1,1983,6,15,10,26,14,0,0,19,13,17
482379,1,1,1983,19,37,28,7,11,0,25,0,0,12
482380,1,1,1983,13,29,12,27,21,13,18,19,6,16
482380,2,1,1983,0,0,0,0,0,0,0,0,0,0
482381,0,1,1983,0,0,0,0,0,0,0,0,0,18
482381,1,1,1983,0,0,0,0,0,0,0,0,0,0
482382,1,1,1983,0,0,0,4,0,16,8,0,0,0
482383,0,1,1983,21,0,0,0,0,0,0,0,0,0
482383,1,1,1983,0,0,0,5,21,0,21,0,10,8
482384,1,1,1983,4,7,8,15,0,16,36,15,6,7
482384,2,1,1983,0,0,0,10,0,0,11,17,12,2
482385,0,1,1983,0,14,22,10,20,33,16,21,0,25
482385,1,1,1983,12,9,9,18,12,21,25,23,20,0
482386,1,1,1983,11,8,23,0,17,0,0,13,0,19
482387,1,1,1983,6,20,0,0,20,18,18,0,15,0
482387,2,1,1983,9,10,0,0,0,19,13,0,28,15
482388,1,1,1983,0,0,0,6,0,0,0,21,0,14
482389,1,1,1983,0,0,0,0,0,0,0,0,0,5
482389,2,1,1983,15,0,21,9,17,15,18,17,19,24
482390,0,1,1983,0,0,0,0,0,0,0,0,0,0
482390,1,1,1983,26,26,26,26,26,26,26,26,26,26
482391,1,1,1983,13,18,0,9,0,33,6,12,9,15
482392,0,1,1983,0,0,0,0,29,0,0,0,0,0
482392,1,1,1983,22,8,23,12,0,26,13,0,18,0
482393,1,1,1983,4,10,16,0,17,0,16,14,11,23
482393,2,1,1983,0,0,0,0,0,0,0,0,6,0
482394,0,1,1983,0,0,0,0,0,0,0,0,0,0
482394,1,1,1983,10,0,17,0,0,0,0,0,18,0
482395,1,1,1983,0,0,0,0,5,0,0,0,0,0
482396,1,1,1983,0,19,0,0,19,18,5,10,18,14
482397,1,1,1983,11,14,9,30,13,31,11,16,9,0
482398,1,1,1983,18,7,0,24,0,0,0,0,0,0
482398,2,1,1983,0,0,31,22,0,0,0,0,0,0
482399,1,1,1983,30,0,0,0,0,0,0,0,0,0
482400,1,1,1983,0,20,13,17,28,15,22,33,14,17
482401,1,1,1983,24,13,15,36,6,19,16,32,16,32
482402,1,1,1983,0,15,0,0,0,0,0,0,0,0
482402,2,1,1983,0,0,0,0,0,0,0,0,0,0
482403,1,1,1983,0,0,0,0,0,0,7,18,17,0
482403,2,1,1983,0,0,0,0,0,0,0,0,0,0
482404,1,1,1983,0,0,0,0,0,8,23,0,21,0
482404,2,1,1983,0,0,0,0,15,0,0,0,0,0
482405,1,1,1983,0,0,0,0,0,0,0,7,0,0
482405,2,1,1983,0,8,0,0,0,0,8,14,12,0
482406,1,1,1983,0,0,0,6,0,0,0,11,0,0
482407,1,1,1983,0,7,0,0,9,0,0,24,0,7
482407,2,1,1983,0,15,28,22,35,15,0,26,20,28
482408,1,1,1983,14,24,12,6,11,17,4,10,23,24
482409,1,1,1983,15,0,11,14,0,18,23,0,0,14
482410,1,1,1983,0,19,12,0,28,19,0,0,12,0
482411,0,1,1983,11,0,5,29,0,18,22,0,0,0
482411,1,1,1983,0,0,0,0,0,10,0,0,8,0
482412,0,1,1983,20,0,0,0,0,0,0,24,17,0
482412,1,1,1983,31,0,9,27,18,18,0,2,25,0
482413,1,1,1983,0,0,0,0,0,0,0,0,0,0
482413,2,1,1983,29,0,0,0,0,0,0,0,0,0
482414,0,1,1983,0,38,0,0,0,0,13,0,0,0
482414,1,1,1983,21,0,0,0,0,0,0,40,0,0
482415,1,1,1983,15,6,0,0,22,33,10,4,17,20
482415,2,1,1983,24,12,24,13,5,11,11,7,2,0
482416,0,1,1983,0,15,0,15,33,17,0,0,11,0
482416,0,2,1983,14,8,15,0,0,0,6,6,12,0
482416,0,4,1983,0,9,0,0,9,10,0,10,9,0
482416,0,5,1983,13,0,28,6,24,0,18,13,0,24
482416,0,6,1983,0,0,0,0,0,10,0,0,0,0
482416,0,7,1983,0,5,21,13,0,16,4,17,0,15
482416,1,1,1983,5,19,5,8,6,9,7,11,0,15
482417,0,1,1983,8,0,38,0,18,0,23,29,0,26
482417,1,1,1983,0,19,13,22,29,9,24,2,13,12
482418,1,1,1983,10,13,0,0,12,0,0,0,0,0
482418,2,1,1983,11,22,17,13,9,29,22,0,29,17
482419,0,1,1983,0,0,0,0,0,0,0,0,0,0
482419,1,1,1983,0,19,9,16,0,13,6,0,0,0
482420,0,1,1983,7,22,9,17,18,5,38,19,24,18
482420,0,2,1983,20,7,0,19,23,0,29,12,25,13
482420,1,1,1983,14,14,14,14,14,14,14,14,14,14
482421,0,1,1983,0,0,0,0,23,21,0,0,18,16
482421,1,1,1983,8,13,11,17,6,16,13,11,30,27
482422,1,1,1983,18,0,11,29,23,0,17,12,28,38
482423,1,1,1983,28,0,15,0,0,0,14,6,0,11
482424,1,1,1983,9,14,22,15,19,13,22,15,22,19
482425,1,1,1983,0,0,16,15,28,12,11,0,0,3
482426,1,1,1983,0,0,0,0,0,10,0,0,0,0
482426,2,1,1983,0,0,0,0,0,0,16,0,0,0
482427,0,1,1983,0,8,0,5,0,18,0,27,0,0
482427,1,1,1983,17,0,0,5,0,0,0,0,0,0
482428,1,1,1983,25,16,18,19,19,12,34,17,14,0
482428,2,1,1983,21,12,0,21,0,0,9,7,0,13
482429,1,1,1983,22,13,29,15,27,17,24,11,19,19
482430,1,1,1983,11,19,15,14,38,10,8,16,23,14
482431,1,1,1983,16,6,9,16,12,11,18,22,15,6
482432,1,1,1983,0,0,27,0,0,0,17,0,0,11
482432,2,1,1983,0,4,0,0,11,0,36,0,0,0
482433,1,1,1983,20,9,16,25,23,16,14,18,0,22
482433,2,1,1983,12,18,9,0,10,8,0,0,6,14
482434,1,1,1983,19,0,24,31,10,0,20,0,0,23
482435,1,1,1983,20,21,13,28,20,24,12,30,18,10
482436,1,1,1983,0,0,0,0,0,0,0,0,0,0
482436,2,1,1983,0,5,27,17,8,13,30,30,14,11
482437,1,1,1983,8,0,0,0,0,8,0,0,25,16
482437,2,1,1983,23,0,19,18,0,19,0,0,24,22
482438,1,1,1983,19,23,17,10,17,6,19,13,14,12
482439,1,1,1983,0,0,0,0,0,8,0,0,0,0
482440,1,1,1983,3,0,0,16,0,22,0,0,0,0
482440,2,1,1983,0,0,0,0,0,0,0,0,0,9
482441,1,1,1983,15,26,24,12,0,0,0,0,11,8
482441,2,1,1983,0,0,0,25,0,0,0,0,0,0
482442,1,1,1983,21,17,16,8,15,8,5,22,23,17
482443,0,1,1983,0,0,0,0,0,0,0,0,0,0
482443,1,1,1983,0,10,7,0,17,13,9,0,0,0
482444,1,1,1983,0,44,0,0,0,0,0,17,0,8
482444,2,1,1983,0,0,0,0,0,0,0,0,0,0
482445,1,1,1983,23,35,30,0,12,25,7,0,10,0
482446,1,1,1983,0,0,0,0,0,0,0,0,0,0
482446,2,1,1983,0,0,0,0,0,0,0,0,28,0
482447,1,1,1983,26,16,20,20,15,0,20,23,0,17
482447,2,1,1983,0,3,0,0,0,0,0,0,0,0
482448,1,1,1983,0,0,0,0,0,0,0,0,0,0
482448,2,1,1983,0,0,0,10,0,0,0,9,0,18
482449,1,1,1983,20,5,21,18,10,14,11,12,8,22
482450,1,1,1983,0,0,0,0,17,17,0,0,21,29
482451,1,1,1983,11,18,20,32,13,17,16,0,26,9
482452,1,1,1983,0,0,0,0,0,9,0,6,0,0
482452,2,1,1983,0,0,0,22,0,0,0,0,0,0
482453,1,1,1983,29,19,29,26,16,24,46,13,13,27
482454,0,1,1983,0,0,13,0,0,0,0,0,0,0
482454,1,1,1983,0,0,0,0,0,0,0,0,0,0
482455,1,1,1983,28,28,22,16,0,14,0,13,29,20
482456,0,1,1983,0,0,0,0,0,24,25,0,0,0
482456,1,1,1983,26,0,0,0,0,25,15,0,0,0
482457,1,1,1983,0,0,0,0,0,0,0,0,0,0
482457,2,1,1983,28,0,10,16,0,7,15,13,16,0
482458,0,1,1983,0,0,0,0,0,0,0,0,0,0
482458,1,1,1983,0,7,0,0,0,0,0,7,0,0
482459,1,1,1983,0,0,0,5,0,20,15,0,0,0
482460,1,1,1983,22,2,31,14,0,20,0,0,7,0
482461,1,1,1983,0,0,0,5,13,0,0,0,0,0
482461,2,1,1983,0,0,0,0,0,4,0,0,8,0
482462,1,1,1983,0,26,4,19,29,15,11,19,20,0
482463,1,1,1983,0,0,0,0,0,11,0,0,0,0
482464,0,1,1983,0,0,14,8,21,13,6,10,29,37
482464,1,1,1983,25,14,9,21,27,19,20,14,20,10
482465,1,1,1983,0,0,0,0,0,0,0,0,0,0
482465,2,1,1983,0,0,0,0,0,0,0,0,0,0
482466,0,1,1983,0,0,19,0,17,0,0,0,0,0
482466,1,1,1983,0,0,0,0,0,0,0,0,0,21
482467,1,1,1983,0,0,0,0,0,0,0,5,0,17
482468,0,1,1983,21,47,0,0,0,0,0,0,0,8
482468,1,1,1983,0,18,0,16,0,0,0,0,0,0
482469,0,1,1983,27,27,12,26,2,8,45,39,35,13
482469,1,1,1983,0,0,0,0,16,0,0,21,0,0
482470,1,1,1983,0,0,0,0,0,21,0,0,19,0
482471,1,1,1983,0,0,0,0,0,0,0,0,0,0
482471,2,1,1983,0,0,0,0,0,0,0,0,0,0
482472,1,1,1983,26,10,38,9,14,11,10,15,12,9
482473,0,1,1983,44,44,44,44,44,44,44,44,44,44
482473,1,1,1983,0,12,0,0,0,0,0,0,0,18
482474,1,1,1983,9,19,35,19,0,17,21,30,7,21
482475,0,1,1983,0,0,0,0,0,0,0,0,0,0
482475,1,1,1983,0,0,0,0,0,0,0,11,20,0
482476,1,1,1983,22,0,0,0,2,0,0,0,10,0
482476,2,1,1983,0,9,18,10,0,0,8,0,0,0
482477,1,1,1983,7,20,15,24,21,0,4,7,19,10
482477,2,1,1983,0,0,21,0,0,12,0,0,0,8
482477,3,1,1983,0,14,27,5,27,23,21,8,0,0
482478,0,1,1983,16,0,22,22,0,35,22,0,0,14
482478,1,1,1983,6,20,12,19,16,0,8,6,25,3
482479,1,1,1983,0,0,0,0,0,0,0,0,0,0
482479,2,1,1983,0,0,0,0,0,0,0,0,0,0
482480,1,1,1983,8,28,21,28,15,14,26,5,8,14
482480,2,1,1983,23,0,17,8,0,0,0,0,20,0
482481,1,1,1983,0,0,15,19,0,0,0,0,0,0
482482,1,1,1983,25,9,9,12,6,12,23,27,2,0
482483,1,1,1983,13,22,14,17,16,22,9,10,10,17
482484,1,1,1983,0,0,13,0,10,0,12,16,0,0
482485,1,1,1983,18,15,14,24,29,22,32,29,25,10
482486,0,1,1983,0,0,0,0,0,0,0,0,0,0
482486,1,1,1983,0,16,0,12,0,4,0,25,0,17
482487,0,1,1983,0,15,0,0,31,34,33,7,34,24
482487,1,1,1983,0,12,19,14,13,16,11,27,0,21
482488,1,1,1983,15,38,22,14,17,31,22,21,14,12
482489,1,1,1983,19,28,19,12,10,13,34,10,13,8
482490,1,1,1983,0,29,13,20,0,0,17,6,13,0
482490,2,1,1983,28,0,19,0,0,0,0,0,0,26
482491,0,1,1983,0,27,24,23,28,19,11,0,35,41
482491,1,1,1983,6,7,17,15,15,19,7,20,21,25
482492,1,1,1983,18,17,17,10,22,18,13,8,15,7
482492,2,1,1983,22,9,13,15,0,26,18,22,13,13
482493,1,1,1983,0,0,12,0,0,0,0,0,0,0
482493,2,1,1983,0,0,0,0,0,0,0,0,0,0
482494,1,1,1983,0,0,0,0,0,0,12,0,0,0
482494,2,1,1983,0,0,0,0,10,0,0,0,0,0
482495,1,1,1983,11,16,0,13,10,0,0,0,0,0
482495,2,1,1983,7,16,0,0,0,0,17,0,7,9
482496,1,1,1983,0,0,0,0,0,0,0,0,19,0
482496,2,1,1983,0,0,0,0,0,0,0,0,0,0
482497,1,1,1983,16,0,0,0,0,14,0,13,0,22
482497,2,1,1983,5,0,7,0,0,14,0,0,0,0
482498,1,1,1983,21,18,23,17,21,20,8,21,17,6
482499,1,1,1983,0,0,0,0,0,0,0,0,0,0
482500,0,1,1983,0,0,0,0,0,26,0,0,0,0
482500,1,1,1983,0,5,0,0,0,0,0,0,0,0
482501,1,1,1983,27,21,15,23,31,20,19,14,15,38
482502,0,1,1983,25,0,0,0,0,0,0,17,0,0
482502,1,1,1983,6,17,0,29,11,0,0,0,27,0
482503,1,1,1983,0,0,0,0,0,0,0,0,0,0
482503,2,1,1983,0,0,6,0,0,0,0,0,0,0
482504,0,1,1983,0,0,0,0,0,0,0,0,0,0
482505,1,1,1983,0,0,0,0,0,0,0,0,0,0
482505,2,1,1983,0,0,0,0,0,0,0,0,0,0
482506,1,1,1983,5,21,24,24,16,12,9,38,13,0
482507,1,1,1983,20,16,16,26,32,0,0,18,28,0
482508,1,1,1983,12,0,0,0,0,0,0,0,0,0
482509,1,1,1983,2,26,7,15,8,8,0,28,0,21
482509,2,1,1983,0,0,0,0,0,0,0,0,0,3
482510,1,1,1983,10,21,27,21,23,19,12,27,24,20
482511,0,1,1983,0,0,38,0,16,0,0,0,0,27
482511,1,1,1983,0,0,0,0,0,16,6,0,0,0
482512,1,1,1983,0,0,0,0,0,0,0,16,0,0
482512,2,1,1983,0,0,0,0,0,0,0,0,0,0
482513,1,1,1983,0,0,0,0,0,0,0,0,0,11
482513,2,1,1983,0,0,0,0,0,0,10,0,0,12
482514,1,1,1983,21,21,17,34,20,17,25,15,25,20
482515,1,1,1983,41,25,26,25,23,28,11,24,24,11
482516,1,1,1983,15,11,36,10,12,20,37,10,23,17
482517,1,1,1983,37,5,26,0,15,13,0,39,0,24
482518,1,1,1983,19,28,9,12,8,14,35,25,18,28
482518,2,1,1983,11,15,21,20,20,14,15,13,30,8
482519,0,1,1983,0,0,0,0,0,0,0,9,0,0
482519,1,1,1983,0,14,0,0,0,0,0,0,0,0
482520,0,1,1983,54,10,10,7,9,19,0,9,23,0
482520,1,1,1983,26,11,0,22,17,10,23,31,8,6
482521,0,1,1983,39,32,22,22,32,19,0,19,12,19
482521,1,1,1983,0,24,17,15,14,10,19,20,0,18
482522,1,1,1983,0,28,0,30,0,0,0,27,0,0
482523,1,1,1983,20,8,0,33,19,21,23,17,0,30
482524,1,1,1983,0,0,0,0,0,0,0,26,0,0
482525,1,1,1983,26,0,10,18,14,0,8,27,22,0
482525,2,1,1983,0,0,0,8,0,0,0,0,0,0
482525,3,1,1983,0,0,7,19,0,0,0,18,0,0
482526,1,1,1983,23,0,18,31,0,0,17,26,23,13
482527,1,1,1983,0,0,0,0,0,0,0,0,0,0
482527,2,1,1983,0,17,0,0,0,0,0,0,0,0
482528,1,1,1983,22,22,12,20,18,14,16,19,20,18
482529,1,1,1983,0,0,0,7,0,0,0,0,8,0
482529,2,1,1983,0,0,0,0,0,0,0,4,0,0
482530,1,1,1983,0,19,0,14,0,17,0,0,19,0
482530,2,1,1983,0,0,0,0,0,0,33,0,41,0
482531,1,1,1983,16,19,18,30,17,27,20,7,28,8
482532,0,1,1983,17,6,37,16,38,14,24,31,21,8
482532,1,1,1983,11,11,0,9,13,12,4,13,16,15
482533,0,1,1983,0,0,0,0,0,8,0,0,0,23
482533,1,1,1983,14,22,11,13,9,11,12,18,4,13
482534,1,1,1983,11,33,28,26,27,16,9,0,15,13
482535,1,1,1983,8,8,8,23,27,9,8,19,13,16
482535,2,1,1983,0,0,11,0,17,19,0,0,0,12
482536,1,1,1983,8,41,12,13,0,12,27,2,7,6
482536,2,1,1983,0,32,49,35,18,0,17,27,23,13
482537,0,1,1983,8,13,0,0,0,0,19,10,0,28
482537,1,1,1983,12,37,10,12,20,10,12,8,19,18
482538,1,1,1983,0,0,8,0,0,13,0,0,0,0
482538,2,1,1983,20,0,0,0,0,0,0,0,26,0
482539,1,1,1983,28,15,23,18,20,8,18,13,18,19
482539,2,1,1983,0,0,7,0,0,0,0,9,0,3
482540,1,1,1983,0,11,0,13,6,0,15,0,0,0
482540,2,1,1983,0,0,0,0,0,0,0,0,0,0
482541,1,1,1983,19,17,17,22,20,17,13,8,14,15
482542,1,1,1983,28,7,15,14,10,20,18,27,25,19
482543,1,1,1983,14,18,17,20,33,16,0,19,17,0
482543,2,1,1983,0,0,16,0,14,18,10,19,13,13
482544,1,1,1983,24,15,21,9,12,10,24,21,0,18
482545,1,1,1983,22,14,0,0,19,0,12,17,4,13
482546,1,1,1983,8,18,5,5,22,14,21,4,9,25
482546,2,1,1983,12,0,0,0,0,0,12,0,16,6
482547,1,1,1983,32,21,27,23,14,15,29,15,16,31
482548,1,1,1983,0,0,0,0,0,0,0,0,0,0
482548,2,1,1983,16,0,14,22,7,0,13,24,24,0
482549,1,1,1983,0,0,11,9,4,40,29,21,0,25
482549,2,1,1983,16,0,0,11,15,0,24,0,0,0
482550,1,1,1983,0,0,0,15,0,0,0,28,0,0
482550,2,1,1983,0,8,0,0,0,0,9,0,0,0
482551,1,1,1983,0,0,0,0,0,0,0,9,0,0
482551,2,1,1983,7,0,0,28,29,11,13,7,8,5
482552,1,1,1983,22,24,15,13,26,51,35,24,10,8
482553,0,1,1983,0,0,26,0,0,0,25,0,0,0
482553,1,1,1983,0,0,0,0,0,0,0,0,0,0
482554,1,1,1983,26,15,17,23,13,12,25,23,21,17
482555,1,1,1983,0,0,0,0,0,0,0,0,0,0
482555,2,1,1983,0,0,0,0,12,9,0,0,0,0
482556,1,1,1983,20,0,0,0,19,0,0,0,0,0
482556,2,1,1983,0,0,0,0,23,0,0,0,0,3
482557,0,1,1983,32,9,6,0,25,5,0,19,24,29
482557,1,1,1983,13,14,22,16,11,21,11,16,13,4
482558,1,1,1983,8,22,0,0,27,11,24,10,14,26
482559,0,1,1983,0,0,0,0,0,0,0,0,0,0
482559,1,1,1983,0,10,0,0,0,0,0,0,0,0
482560,1,1,1983,0,0,5,0,30,12,21,31,0,0
482560,2,1,1983,0,0,0,0,0,0,19,0,0,0
482561,1,1,1983,0,0,0,13,0,0,0,0,0,0
482561,2,1,1983,0,0,21,0,0,0,0,0,9,0
482562,1,1,1983,0,15,5,22,12,18,13,8,8,22
482563,1,1,1983,0,0,0,0,0,0,0,0,0,0
482563,2,1,1983,0,10,29,11,0,0,19,13,29,15
482564,1,1,1983,0,0,0,0,0,0,0,0,0,0
482564,2,1,1983,0,22,0,0,0,0,30,0,0,0
482565,1,1,1983,11,12,12,0,19,17,36,8,15,13