ST_CASE,VEH_NO,PER_NO,YEAR,P1,P2,P3,P4,P5,P6,P7,P8,P9,P10
483113,1,1,1983,29,0,0,11,16,28,0,0,0,15
483113,2,1,1983,0,0,0,3,0,24,0,0,0,0
483114,1,1,1983,0,0,0,0,0,0,0,17,17,5
483115,0,1,1983,6,20,23,27,15,22,14,23,15,12
483115,1,1,1983,0,24,0,0,0,0,0,0,14,13
483116,0,1,1983,0,4,23,27,34,0,19,17,0,0
483116,1,1,1983,0,0,0,0,0,0,0,0,0,0
483117,1,1,1983,26,22,13,9,25,26,15,30,14,19
483118,1,1,1983,0,0,0,0,0,0,0,0,0,0
483118,2,1,1983,0,0,0,0,0,0,0,0,9,9
483119,1,1,1983,0,0,0,0,0,0,0,0,0,0
483120,0,1,1983,0,0,0,17,0,0,13,0,0,0
483120,0,2,1983,18,0,0,0,0,0,13,0,0,0
483120,1,1,1983,0,0,0,0,0,0,8,9,0,0
483121,1,1,1983,11,0,0,0,32,25,8,0,0,22
483121,2,1,1983,10,0,18,10,10,0,12,20,20,0
483122,1,1,1983,21,19,26,7,16,23,11,28,10,19
483123,1,1,1983,18,17,0,13,17,20,19,25,13,0
483124,1,1,1983,16,0,0,16,0,0,0,10,0,0
483124,2,1,1983,26,0,0,0,0,13,0,25,17,12
483125,1,1,1983,0,0,0,0,0,0,0,0,0,0
483126,1,1,1983,0,0,0,6,0,0,15,0,10,0
483126,2,1,1983,0,0,0,0,0,9,0,0,0,0
483127,0,1,1983,0,24,0,0,0,0,0,0,0,0
483127,1,1,1983,0,34,0,0,0,0,0,0,0,0
483128,0,1,1983,8,0,0,12,0,21,19,17,0,32
483128,1,1,1983,20,28,20,0,0,25,0,8,16,0
483129,1,1,1983,0,22,0,0,25,31,35,11,14,14
483129,2,1,1983,15,0,13,18,0,22,0,0,0,0
483130,0,1,1983,0,0,0,0,0,0,0,0,0,0
483130,1,1,1983,9,0,0,0,22,11,0,0,14,17
483131,1,1,1983,0,36,4,14,15,16,11,27,5,15
483132,1,1,1983,18,0,0,17,0,0,0,0,0,0
483132,2,1,1983,5,0,12,12,0,19,0,0,19,0
483133,1,1,1983,0,0,0,0,0,11,0,8,0,0
483133,2,1,1983,0,0,0,0,0,0,0,0,22,0
483134,1,1,1983,13,13,13,13,13,13,13,13,13,13
483134,2,1,1983,16,0,17,19,19,5,20,13,9,11
483135,1,1,1983,0,0,0,0,19,0,20,15,0,34
483135,2,1,1983,0,0,0,0,23,0,0,0,0,0
483136,1,1,1983,0,0,0,0,12,20,19,16,0,0
483136,2,1,1983,12,18,0,15,0,0,0,10,17,0
483137,1,1,1983,14,16,7,32,16,22,23,22,16,17
483137,2,1,1983,15,0,0,0,0,0,0,0,10,0
483138,0,1,1983,30,30,30,30,30,30,30,30,30,30
483138,1,1,1983,0,0,0,0,0,0,0,0,0,0
483139,0,1,1983,13,17,27,9,21,0,15,13,42,23
483139,1,1,1983,5,11,0,0,23,0,0,0,16,12
483140,1,1,1983,0,0,0,0,0,0,0,0,0,31
483140,2,1,1983,0,0,0,0,0,0,0,0,0,0
483141,1,1,1983,11,19,18,25,26,24,32,17,9,25
483142,1,1,1983,0,14,11,11,16,14,18,0,19,3
483143,1,1,1983,0,0,0,0,0,0,0,0,0,0
483143,2,1,1983,9,0,13,37,0,15,0,0,13,20
483144,1,1,1983,0,0,0,0,0,0,0,0,0,0
483145,1,1,1983,18,23,21,10,24,17,7,17,25,0
483145,2,1,1983,0,0,5,0,0,0,0,0,0,5
483146,1,1,1983,32,18,11,22,47,23,16,8,29,41
483147,1,1,1983,6,21,4,22,8,10,28,14,33,23
483148,1,1,1983,20,2,0,23,22,13,25,9,13,16
483148,2,1,1983,10,0,9,18,13,0,11,0,12,9
483149,1,1,1983,0,0,0,0,11,0,0,0,0,8
483150,1,1,1983,29,10,30,9,39,0,23,16,15,12
483151,1,1,1983,20,18,23,20,13,0,19,34,11,31
483152,1,1,1983,39,14,11,20,2,17,4,13,29,11
483152,2,1,1983,26,11,0,19,8,0,0,20,0,33
483153,1,1,1983,16,6,0,30,0,0,19,11,0,19
483154,1,1,1983,0,0,0,0,0,0,0,0,0,0
483154,2,1,1983,0,0,0,0,0,0,0,0,0,0
483155,1,1,1983,26,32,24,18,12,29,20,6,18,23
483156,1,1,1983,24,19,26,24,22,15,26,15,3,19
483157,1,1,1983,25,17,14,22,16,12,18,23,15,19
483158,1,1,1983,29,29,29,29,29,29,29,29,29,29
483159,1,1,1983,0,0,0,0,0,0,0,0,0,0
483159,2,1,1983,0,0,31,0,0,0,0,0,0,31
483160,1,1,1983,25,0,0,0,0,12,4,0,0,8
483160,2,1,1983,0,20,0,0,0,17,11,0,0,6
483161,1,1,1983,14,0,0,0,0,0,24,18,0,0
483161,2,1,1983,19,0,0,0,0,0,0,0,0,0
483161,3,1,1983,0,0,20,0,0,27,0,0,16,0
483162,0,1,1983,0,0,18,16,0,18,0,0,0,30
483162,1,1,1983,0,0,0,0,0,0,0,0,0,0
483163,1,1,1983,0,0,0,0,0,0,0,0,0,0
483164,0,1,1983,0,0,0,0,0,0,0,0,21,7
483164,1,1,1983,0,0,0,0,0,0,0,0,0,0
483165,1,1,1983,0,0,0,0,0,0,0,0,9,0
483165,2,1,1983,0,0,0,4,0,0,0,0,30,0
483166,0,1,1983,35,0,33,0,28,0,0,15,0,14
483166,1,1,1983,29,7,16,0,14,26,13,18,11,16
483167,1,1,1983,13,13,13,13,13,13,13,13,13,13
483168,1,1,1983,0,5,0,0,0,0,0,0,18,3
483168,2,1,1983,0,20,0,0,0,0,12,14,0,0
483169,1,1,1983,17,28,17,23,11,16,0,20,27,23
483170,0,1,1983,30,12,18,17,25,21,44,18,25,26
483170,1,1,1983,0,0,0,11,0,18,12,0,17,7
483171,0,1,1983,17,0,0,15,0,0,0,16,9,0
483171,1,1,1983,22,22,22,22,22,22,22,22,22,22
483172,1,1,1983,0,0,0,0,0,0,0,0,0,14
483172,2,1,1983,0,14,17,27,0,0,0,0,14,12
483173,1,1,1983,0,0,0,0,5,12,0,0,0,0
483173,2,1,1983,20,20,20,20,20,20,20,20,20,20
483173,3,1,1983,0,0,0,0,0,0,0,0,0,0
483174,1,1,1983,0,0,0,0,0,0,0,0,0,0
483174,2,1,1983,0,0,0,0,0,0,0,0,0,0
483175,1,1,1983,0,0,0,0,0,0,0,0,15,4
483175,2,1,1983,24,18,15,22,21,17,20,30,39,17
483176,1,1,1983,0,0,0,0,17,0,7,4,14,0
483176,2,1,1983,0,0,0,0,0,0,0,0,0,0
483177,0,1,1983,8,0,0,0,0,20,27,0,0,11
483177,1,1,1983,0,0,0,10,19,0,0,16,0,0
483178,1,1,1983,11,9,20,21,6,46,20,23,17,4
483179,1,1,1983,0,15,0,0,9,0,10,26,27,17
483179,2,1,1983,21,0,0,0,14,0,0,0,0,0
483180,0,1,1983,15,0,15,12,9,20,16,28,38,11
483180,1,1,1983,18,0,15,0,4,0,0,16,13,27
483181,1,1,1983,0,0,0,0,0,0,0,0,0,0
483181,2,1,1983,0,0,6,0,0,0,0,0,0,12
483182,1,1,1983,26,20,19,5,12,9,24,19,0,0
483182,2,1,1983,34,0,0,9,0,0,0,0,0,0
483183,1,1,1983,11,14,12,5,21,5,10,6,11,23
483183,2,1,1983,0,0,14,13,7,36,18,19,4,13
483184,1,1,1983,24,19,10,0,23,16,32,22,28,20
483185,0,1,1983,18,13,8,17,6,0,26,23,15,20
483185,1,1,1983,0,0,0,23,0,0,0,0,0,0
483186,1,1,1983,0,21,0,0,18,16,0,0,0,0
483186,2,1,1983,22,43,27,0,20,0,0,16,9,14
483187,1,1,1983,16,20,13,25,16,27,8,31,15,15
483188,0,1,1983,0,0,0,0,0,0,0,0,0,0
483188,1,1,1983,25,18,18,9,0,17,0,0,7,0
483189,0,1,1983,21,29,0,0,0,0,0,16,18,0
483189,1,1,1983,0,17,9,0,19,20,0,0,0,0
483190,1,1,1983,32,12,0,16,15,34,0,34,20,22
483191,1,1,1983,0,0,0,0,0,0,0,0,0,0
483191,2,1,1983,0,0,0,0,0,41,0,9,0,16
483192,1,1,1983,21,14,26,9,47,0,12,23,20,25
483193,1,1,1983,22,14,0,22,9,8,19,7,30,9
483193,2,1,1983,26,19,12,5,9,22,14,24,11,5
483194,0,1,1983,8,10,11,37,34,21,7,15,11,23
483194,1,1,1983,0,37,19,15,12,0,0,0,14,0
483195,1,1,1983,20,20,20,20,20,20,20,20,20,20
483195,2,1,1983,20,0,21,15,20,12,31,18,12,0
483196,1,1,1983,16,12,22,15,17,6,32,45,12,14
483197,1,1,1983,28,29,15,21,16,20,7,4,28,4
483198,1,1,1983,8,18,13,33,9,24,0,34,40,8
483199,1,1,1983,0,0,0,0,0,17,0,0,25,0
483200,1,1,1983,10,0,0,0,18,20,17,0,0,0
483201,0,1,1983,14,37,17,36,0,0,38,27,0,27
483201,1,1,1983,11,0,0,0,25,15,14,14,16,10
483202,1,1,1983,0,16,0,0,16,32,14,8,22,18
483203,1,1,1983,0,0,0,0,0,0,0,0,0,0
483204,1,1,1983,26,10,24,17,17,19,21,10,14,19
483205,1,1,1983,0,0,0,0,0,0,0,0,0,0
483205,2,1,1983,0,0,0,0,0,0,16,0,0,0
483206,1,1,1983,16,0,0,0,15,0,35,22,0,0
483207,1,1,1983,18,9,10,29,18,10,11,17,19,7
483208,1,1,1983,11,0,28,0,0,0,0,0,21,0
483208,2,1,1983,0,0,0,22,0,0,0,0,0,0
483209,1,1,1983,23,0,0,0,0,24,0,0,0,14
483210,1,1,1983,0,0,10,0,0,0,9,0,0,0
483210,2,1,1983,19,16,14,11,0,0,0,0,0,0
483211,1,1,1983,0,0,0,0,0,0,0,0,0,0
483211,2,1,1983,0,0,0,0,0,0,0,0,0,0
483212,1,1,1983,4,30,12,23,9,10,5,6,12,35
483213,1,1,1983,14,5,0,0,6,15,0,0,0,0
483213,2,1,1983,0,0,0,0,0,0,0,0,0,0
483214,1,1,1983,24,0,0,0,0,0,0,9,0,0
483215,1,1,1983,0,16,21,0,0,21,0,0,0,0
483216,1,1,1983,0,0,0,0,0,0,0,0,21,14
483217,1,1,1983,0,0,9,0,10,27,0,0,10,0
483217,2,1,1983,9,13,0,0,9,0,4,16,0,15
483218,1,1,1983,0,0,0,0,0,0,0,0,31,0
483218,2,1,1983,0,0,24,9,0,0,0,0,0,0
483219,1,1,1983,6,20,25,8,25,7,13,9,28,2
483219,2,1,1983,5,6,16,18,16,0,19,16,11,8
483220,1,1,1983,11,5,16,21,10,20,13,7,28,17
483221,1,1,1983,25,25,25,25,25,25,25,25,25,25
483221,2,1,1983,0,0,0,19,0,10,0,7,12,7
483222,1,1,1983,0,0,0,0,0,24,11,0,24,0
483223,1,1,1983,0,3,0,0,0,9,0,0,0,3
483223,2,1,1983,20,15,13,18,10,19,15,13,21,12
483224,1,1,1983,0,14,27,0,0,0,0,23,0,0
483224,2,1,1983,0,0,0,0,0,0,0,0,0,0
483225,1,1,1983,21,24,0,0,0,0,0,0,0,0
483225,2,1,1983,0,7,0,0,0,0,0,0,7,0
483226,0,1,1983,21,10,8,0,17,22,9,0,20,0
483226,1,1,1983,0,18,8,0,6,0,0,0,0,0
483227,1,1,1983,20,31,15,18,13,16,11,22,18,39
483228,1,1,1983,24,10,15,10,13,24,21,0,22,0
483229,1,1,1983,22,18,35,18,14,4,25,25,15,20
483230,1,1,1983,14,12,12,47,30,6,26,6,19,13
483231,1,1,1983,19,24,7,14,17,31,13,9,14,16
483231,2,1,1983,19,0,24,12,0,12,0,0,13,13
483232,1,1,1983,22,0,10,17,12,10,22,0,14,17
483233,0,1,1983,21,18,0,24,14,0,0,0,6,31
483233,1,1,1983,0,6,15,15,10,17,0,12,8,0
483234,1,1,1983,15,10,27,11,18,11,20,14,28,24
483235,1,1,1983,0,0,0,0,0,0,0,0,0,0
483235,2,1,1983,0,0,0,12,18,1,0,0,0,0
483236,1,1,1983,0,0,0,0,0,0,0,0,10,0
483236,2,1,1983,0,0,0,0,0,0,0,0,0,0
483237,1,1,1983,17,0,17,0,20,0,25,18,17,16
483237,2,1,1983,0,16,0,0,12,15,12,24,21,16
483238,1,1,1983,0,24,0,0,14,0,0,0,29,0
483238,2,1,1983,0,9,0,10,7,17,25,16,0,3
483239,1,1,1983,0,4,0,0,0,0,0,0,0,0
483239,2,1,1983,0,0,0,0,0,0,0,0,0,0
483240,1,1,1983,0,0,0,0,5,0,0,0,0,24
483240,2,1,1983,0,0,0,0,18,0,0,0,0,0
483241,1,1,1983,12,12,12,12,12,12,12,12,12,12
483242,1,1,1983,29,29,0,18,22,16,36,23,24,0
483243,0,1,1983,21,0,0,11,0,0,0,0,0,0
483243,1,1,1983,0,0,0,0,0,0,0,0,0,0
483243,2,1,1983,0,13,0,10,0,0,0,0,10,0
483244,1,1,1983,24,22,16,24,21,13,19,20,16,21
483245,1,1,1983,0,0,0,0,0,0,0,0,0,0
483245,2,1,1983,0,26,12,0,0,0,0,0,0,0
483246,0,1,1983,5,0,7,25,0,5,32,10,27,25
483246,1,1,1983,38,23,16,22,22,14,17,8,0,14
483247,1,1,1983,18,17,19,9,22,22,11,9,18,18
483248,1,1,1983,0,0,0,0,0,0,0,0,0,0
483248,2,1,1983,0,0,0,12,0,0,0,0,12,0
483249,0,1,1983,22,36,17,30,32,22,15,26,5,18
483249,1,1,1983,0,0,0,0,22,0,25,0,20,16
483250,1,1,1983,18,15,20,0,17,16,8,20,0,31
483250,2,1,1983,7,0,14,0,9,17,9,18,0,13
483251,1,1,1983,0,0,0,0,0,0,0,0,0,0
483251,2,1,1983,0,0,29,0,0,20,0,0,0,0
483252,0,1,1983,25,12,24,17,12,9,11,0,28,19
483252,1,1,1983,0,3,17,0,0,0,0,0,0,0
483253,1,1,1983,0,0,0,12,16,5,12,19,12,17
483254,1,1,1983,0,10,0,0,0,0,0,0,0,20
483255,1,1,1983,0,0,13,0,0,0,0,0,15,0
483256,0,1,1983,15,13,26,17,29,22,18,21,11,13
483256,1,1,1983,0,12,0,0,0,0,0,0,0,0
483257,1,1,1983,25,6,30,9,14,18,22,10,22,6
483258,0,1,1983,0,0,0,0,0,10,22,3,0,0
483258,0,2,1983,45,9,0,31,10,12,37,0,19,19
483258,1,1,1983,10,27,28,37,21,19,5,26,25,40
483259,1,1,1983,7,7,7,7,7,7,7,7,7,7
483259,2,1,1983,0,0,0,0,0,0,16,0,0,0
483260,1,1,1983,0,0,18,0,0,21,0,0,0,0
483261,1,1,1983,0,0,0,0,0,10,0,0,0,0
483261,2,1,1983,0,0,0,0,0,0,0,18,0,0
483262,1,1,1983,0,7,0,0,8,0,23,0,19,19
483262,2,1,1983,16,9,7,9,16,5,19,15,0,9
483263,1,1,1983,20,18,0,13,0,14,13,0,18,11
483264,1,1,1983,0,7,11,9,0,12,0,0,0,7
483264,2,1,1983,0,0,9,7,0,0,0,0,6,0
483265,1,1,1983,12,22,17,13,28,17,16,17,11,17
483266,0,1,1983,0,0,0,0,0,0,0,0,0,0
483266,1,1,1983,0,0,0,0,0,0,0,0,0,0
483267,1,1,1983,0,0,0,32,0,0,0,0,21,23
483268,1,1,1983,40,11,13,28,46,26,0,24,19,28
483269,1,1,1983,0,0,0,0,0,0,0,0,0,0
483270,1,1,1983,5,12,18,27,28,0,12,12,18,0
483271,0,1,1983,0,0,0,0,0,0,0,0,0,0
483271,1,1,1983,0,0,0,0,0,0,0,0,0,0
483272,1,1,1983,7,0,0,0,0,11,0,9,0,0
483272,2,1,1983,0,0,0,0,0,0,0,0,0,0
483273,0,1,1983,8,18,25,18,14,32,15,20,11,11
483273,1,1,1983,0,9,0,6,8,0,0,0,0,15
483274,1,1,1983,0,0,0,0,0,0,0,0,0,0
483274,2,1,1983,0,0,0,0,0,0,0,0,0,0
483275,1,1,1983,26,12,11,16,0,11,33,33,28,12
483276,1,1,1983,0,0,0,0,0,0,0,0,0,0
483276,2,1,1983,0,0,0,0,13,0,0,0,0,0
483277,1,1,1983,19,5,0,13,0,0,0,0,21,0
483277,2,1,1983,16,16,16,16,16,16,16,16,16,16
483278,1,1,1983,10,7,19,15,0,0,10,0,9,3
483279,1,1,1983,22,0,0,0,9,0,0,10,0,0
483279,2,1,1983,0,0,0,0,0,0,0,0,0,0
483280,1,1,1983,8,0,0,55,0,0,0,5,0,0
483280,2,1,1983,18,0,0,0,0,0,9,42,12,0
483281,1,1,1983,19,15,9,4,17,21,35,25,8,14
483281,2,1,1983,0,0,0,4,0,16,0,10,0,0
483282,1,1,1983,0,20,0,0,0,14,7,0,44,19
483282,2,1,1983,0,0,0,6,0,0,0,0,0,0
483282,3,1,1983,9,6,0,0,0,11,0,0,4,0
483283,1,1,1983,18,15,21,15,0,13,0,0,0,16
483284,1,1,1983,20,18,18,0,36,14,0,0,31,28
483285,1,1,1983,22,0,0,26,0,0,0,0,22,0
483285,2,1,1983,0,0,0,0,0,8,0,0,0,2
483286,1,1,1983,0,0,25,0,0,0,15,18,0,0
483287,1,1,1983,25,0,0,0,22,0,0,10,0,5
483287,2,1,1983,8,36,0,0,0,0,0,0,0,0
483288,0,1,1983,0,0,0,17,0,0,0,0,0,0
483288,1,1,1983,0,0,0,0,0,0,0,0,0,0
483289,1,1,1983,0,0,0,0,0,0,14,0,7,0
483289,2,1,1983,0,0,0,0,24,0,0,0,0,0
483290,1,1,1983,19,26,31,31,23,9,18,20,6,23
483291,1,1,1983,21,0,17,0,0,7,10,0,24,20
483292,1,1,1983,16,30,0,0,17,23,0,10,0,19
483293,1,1,1983,0,0,0,0,0,22,0,0,0,15
483293,2,1,1983,0,0,10,0,0,16,0,0,0,11
483294,1,1,1983,10,34,22,13,12,7,14,9,10,13
483294,2,1,1983,0,16,17,0,27,11,15,25,21,22
483295,1,1,1983,15,0,0,30,17,3,0,2,9,30
483295,2,1,1983,0,7,0,32,0,0,0,0,0,0
483296,1,1,1983,0,0,8,0,0,0,0,20,0,0
483297,0,1,1983,0,0,0,0,18,0,0,0,28,0
483297,1,1,1983,15,0,12,8,13,12,12,0,23,21
483298,0,1,1983,25,30,32,22,13,21,30,34,37,27
483298,1,1,1983,25,11,19,17,11,0,0,17,5,0
483299,1,1,1983,0,0,0,0,0,0,0,0,0,0
483299,2,1,1983,0,0,0,0,0,0,0,22,12,0
483300,1,1,1983,10,19,8,28,29,15,21,24,13,19
483301,1,1,1983,8,30,35,28,34,8,14,16,23,0
483302,1,1,1983,15,17,10,15,18,13,11,5,28,17
483303,1,1,1983,15,15,15,15,15,15,15,15,15,15
483304,1,1,1983,0,20,32,28,16,23,0,0,0,0
483305,1,1,1983,0,4,15,24,20,9,23,0,19,4
483305,2,1,1983,8,0,20,0,26,18,0,0,0,0
483306,1,1,1983,0,0,0,0,0,0,0,0,0,0
483306,2,1,1983,19,30,21,48,14,19,18,28,19,10
483307,0,1,1983,25,18,29,4,35,16,20,28,13,26
483307,1,1,1983,9,4,0,18,12,11,12,27,14,0
483308,0,1,1983,8,34,0,21,11,16,6,0,21,0
483308,1,1,1983,0,0,0,0,9,11,10,0,10,18
483309,0,1,1983,0,11,0,0,0,0,16,0,6,0
483309,1,1,1983,18,0,0,24,20,10,0,0,0,0
483310,0,1,1983,0,0,18,0,11,8,0,10,0,0
483310,2,1,1983,0,8,0,0,0,0,0,0,0,0
483311,1,1,1983,0,0,16,24,0,22,0,0,0,14
483311,2,1,1983,12,0,0,0,0,0,0,0,0,0
483312,1,1,1983,28,25,0,26,18,20,14,7,26,22
483313,1,1,1983,25,24,30,16,19,0,36,26,21,0
483314,0,1,1983,23,0,0,0,0,0,0,0,0,0
483314,1,1,1983,0,0,0,0,0,0,0,0,0,0
483315,1,1,1983,20,0,0,0,10,13,24,0,0,10
483315,2,1,1983,0,0,0,0,0,0,0,0,0,0
483315,3,1,1983,0,11,20,25,17,0,0,37,17,0
483316,0,1,1983,0,0,0,0,0,0,0,0,0,0
483316,1,1,1983,0,0,0,0,0,0,0,0,0,0
483317,1,1,1983,14,1,12,0,11,12,13,0,27,0
483318,1,1,1983,0,0,0,0,5,0,0,7,0,0
483318,2,1,1983,0,0,0,0,0,17,13,0,0,0
483319,1,1,1983,19,10,21,19,20,20,19,13,11,13
483319,2,1,1983,0,0,0,25,7,11,0,0,16,0
483320,1,1,1983,18,0,0,0,21,18,10,0,18,32
483321,1,1,1983,0,0,0,0,0,0,0,0,0,0
483321,2,1,1983,0,0,0,0,0,0,0,0,0,0
483322,1,1,1983,0,9,0,0,0,0,0,0,6,0
483322,2,1,1983,0,11,0,0,0,0,0,13,0,0
483323,1,1,1983,24,15,20,0,0,0,18,0,7,17
483323,2,1,1983,0,0,5,8,4,0,16,10,0,6
483324,1,1,1983,0,17,19,8,12,16,0,5,22,0
483325,0,1,1983,0,41,27,13,30,16,0,9,29,0
483325,0,2,1983,18,15,19,28,21,21,28,24,31,0
483325,0,3,1983,0,0,21,17,18,10,0,16,21,0
483325,0,4,1983,0,0,18,0,0,24,0,25,20,0
483325,1,1,1983,25,5,24,0,12,8,0,0,19,23
483326,0,1,1983,0,0,0,0,17,37,0,20,10,32
483326,0,2,1983,24,0,21,30,20,28,23,13,10,17
483326,1,1,1983,15,0,13,0,11,12,0,0,30,0
483327,0,1,1983,17,30,19,16,39,27,22,0,26,23
483327,1,1,1983,0,16,0,19,21,23,7,0,15,0
483328,1,1,1983,0,14,0,0,0,0,0,0,0,0
483328,2,1,1983,0,0,0,0,0,0,0,0,0,0
483329,0,1,1983,8,0,0,0,11,0,40,23,7,0
483329,1,1,1983,0,0,14,9,15,0,0,0,10,0
483330,1,1,1983,13,22,0,12,0,14,0,0,0,20
483330,2,1,1983,0,0,0,0,0,0,0,0,12,0
483331,1,1,1983,0,17,0,0,0,20,0,0,0,0
483331,2,1,1983,0,17,0,0,0,0,0,0,0,0
490001,0,1,1983,0,0,0,0,0,0,0,0,0,0
490001,1,1,1983,0,0,0,0,0,0,0,0,0,0
490002,0,1,1983,0,0,0,0,0,0,0,0,0,0
490002,1,1,1983,0,0,0,0,0,0,0,0,0,0
490003,0,1,1983,0,12,0,14,36,0,7,3,0,0
490003,1,1,1983,0,14,0,0,0,0,11,0,0,0
490004,1,1,1983,13,13,13,13,13,13,13,13,13,13
490005,1,1,1983,0,0,0,0,0,0,0,0,0,0
490005,2,1,1983,0,0,0,0,0,0,0,0,0,0
490006,1,1,1983,0,0,0,0,0,0,0,0,0,0
490007,1,1,1983,0,0,0,0,0,0,0,0,0,0
490008,1,1,1983,34,34,34,34,34,34,34,34,34,34
490009,1,1,1983,0,0,0,0,0,0,0,0,0,0
490010,1,1,1983,21,21,21,21,21,21,21,21,21,21
490011,1,1,1983,0,0,0,0,0,0,0,0,0,0
490011,2,1,1983,0,0,0,0,0,0,0,0,0,0
490011,3,1,1983,0,0,0,0,0,0,0,0,7,0
490012,1,1,1983,0,0,0,0,0,0,0,0,0,0
490013,1,1,1983,0,0,0,0,0,0,0,0,0,0
490014,0,1,1983,29,29,29,29,29,29,29,29,29,29
490014,1,1,1983,0,0,0,0,0,0,0,0,0,0
490015,1,1,1983,0,0,0,0,0,0,0,0,0,0
490015,2,1,1983,0,0,0,0,0,0,0,0,0,0
490016,1,1,1983,0,0,0,0,0,0,0,0,15,0
490016,2,1,1983,5,5,5,5,5,5,5,5,5,5
490017,1,1,1983,0,0,0,0,0,0,0,0,0,0
490017,2,1,1983,0,32,0,0,0,0,0,15,5,0
490018,0,1,1983,0,0,0,0,0,0,0,0,0,0
490018,1,1,1983,0,0,0,0,0,0,0,0,0,0
490019,1,1,1983,21,21,21,21,21,21,21,21,21,21
490020,1,1,1983,10,10,10,10,10,10,10,10,10,10
490021,0,1,1983,0,23,0,0,19,11,31,0,11,0
490021,1,1,1983,12,12,12,12,12,12,12,12,12,12
490022,1,1,1983,0,0,0,0,0,0,0,0,0,0
490022,2,1,1983,10,0,0,0,0,0,0,0,0,0
490023,1,1,1983,13,13,13,13,13,13,13,13,13,13
490024,0,1,1983,0,0,0,0,0,0,0,0,0,0
490024,1,1,1983,0,0,0,0,0,0,0,0,0,0
490025,1,1,1983,0,0,0,0,0,0,0,0,0,0
490026,1,1,1983,0,0,0,0,0,0,0,0,0,0
490026,2,1,1983,0,0,0,0,0,0,0,0,0,0
490027,0,1,1983,0,27,0,0,0,0,0,0,0,0
490027,1,1,1983,0,0,0,0,0,0,0,0,0,0
490028,1,1,1983,0,0,0,0,0,0,0,0,0,0
490029,1,1,1983,0,0,0,0,0,0,0,0,0,0
490030,1,1,1983,11,14,31,10,9,12,8,15,34,23
490031,0,1,1983,0,0,0,0,0,0,0,0,0,0
490031,1,1,1983,0,0,0,0,0,0,0,0,0,0
490032,1,1,1983,0,0,0,0,0,0,0,0,0,0
490033,0,1,1983,4,4,4,4,4,4,4,4,4,4
490033,1,1,1983,0,0,4,0,0,0,0,0,0,0
490033,2,1,1983,0,0,0,0,0,0,0,0,0,0
490034,0,1,1983,0,0,0,0,0,0,0,0,0,0
490034,1,1,1983,0,0,0,0,0,0,0,0,0,0
490035,1,1,1983,16,16,16,16,16,16,16,16,16,16
490036,1,1,1983,16,16,16,16,16,16,16,16,16,16
490037,1,1,1983,26,26,26,26,26,26,26,26,26,26
490038,0,1,1983,7,13,25,8,0,7,33,0,10,12
490038,1,1,1983,10,10,10,10,10,10,10,10,10,10
490039,1,1,1983,0,0,0,0,0,0,0,0,0,0
490040,1,1,1983,0,0,0,0,0,0,0,0,0,0
490040,2,1,1983,0,0,0,0,0,0,0,0,0,0
490041,0,1,1983,0,0,0,0,0,0,0,0,0,0
490041,0,2,1983,0,13,0,25,11,10,0,28,20,0
490041,1,1,1983,0,0,0,0,0,0,0,0,0,0
490042,1,1,1983,0,0,0,0,0,0,0,0,0,0
490042,2,1,1983,0,0,0,0,0,0,0,0,0,0
490043,1,1,1983,0,0,0,0,0,0,0,0,0,0
490043,2,1,1983,0,0,0,0,0,0,0,0,0,0
490044,1,1,1983,19,19,19,19,19,19,19,19,19,19
490044,2,1,1983,0,0,0,0,0,0,0,0,0,0
490044,3,1,1983,0,0,0,0,0,0,0,0,0,0
490045,1,1,1983,15,15,15,15,15,15,15,15,15,15
490046,1,1,1983,5,5,5,5,5,5,5,5,5,5
490047,1,1,1983,0,0,14,0,0,0,31,11,0,16
490048,0,1,1983,0,0,0,0,0,0,0,0,0,0
490048,1,1,1983,0,0,0,0,0,0,0,0,0,0
490049,1,1,1983,3,13,23,15,19,19,36,22,10,13
490049,2,1,1983,0,0,0,0,0,0,0,0,0,0
490050,1,1,1983,0,0,0,0,0,0,0,0,0,0
490051,1,1,1983,26,26,26,26,26,26,26,26,26,26
490051,2,1,1983,0,0,0,0,0,0,0,0,0,0
490052,1,1,1983,0,0,0,0,0,0,0,0,0,0
490053,1,1,1983,0,0,0,0,0,0,0,0,0,0
490053,2,1,1983,0,0,0,0,0,0,0,0,0,0
490054,1,1,1983,19,19,19,19,19,19,19,19,19,19
490055,1,1,1983,0,0,0,0,0,0,0,0,0,0
490055,2,1,1983,0,0,0,0,0,0,0,0,0,0
490055,3,1,1983,0,0,0,0,0,0,0,0,0,0
490056,1,1,1983,0,0,0,0,0,0,0,0,0,0
490056,2,1,1983,0,0,0,0,0,0,0,0,0,0
490056,3,1,1983,11,0,0,0,0,0,0,0,0,0
490056,4,1,1983,0,0,0,0,0,0,0,0,0,0