ST_CASE,VEH_NO,PER_NO,YEAR,P1,P2,P3,P4,P5,P6,P7,P8,P9,P10
490057,0,1,1983,0,0,0,0,0,0,0,0,0,0
490057,1,1,1983,0,0,0,0,0,0,0,0,0,0
490058,1,1,1983,0,0,0,0,0,0,0,0,0,0
490058,2,1,1983,0,0,19,0,0,0,0,0,0,0
490058,3,1,1983,0,0,0,0,0,0,0,0,0,0
490058,4,1,1983,0,0,0,0,0,0,0,0,0,0
490059,0,1,1983,0,0,0,0,0,0,0,0,0,0
490059,1,1,1983,0,0,0,0,0,0,0,0,10,0
490060,1,1,1983,0,0,0,0,0,0,0,0,0,0
490061,1,1,1983,0,0,0,0,0,0,0,0,0,0
490061,2,1,1983,1,1,1,1,1,1,1,1,1,1
490062,1,1,1983,14,14,14,14,14,14,14,14,14,14
490062,2,1,1983,0,0,0,0,0,0,0,0,0,0
490063,1,1,1983,0,0,0,0,0,0,0,0,0,0
490063,2,1,1983,0,0,0,0,0,0,0,0,0,0
490064,1,1,1983,10,10,10,10,10,10,10,10,10,10
490065,1,1,1983,21,21,21,21,21,21,21,21,21,21
490066,1,1,1983,0,0,0,0,0,0,0,0,0,0
490066,2,1,1983,0,0,0,0,0,0,0,0,0,0
490066,3,1,1983,0,0,0,0,0,0,0,0,0,0
490066,4,1,1983,0,0,0,0,3,0,0,0,0,0
490067,1,1,1983,15,15,15,15,15,15,15,15,15,15
490068,0,1,1983,22,22,22,22,22,22,22,22,22,22
490068,1,1,1983,15,15,15,15,15,15,15,15,15,15
490069,1,1,1983,11,18,0,21,27,0,11,11,13,10
490070,1,1,1983,18,18,18,18,18,18,18,18,18,18
490071,1,1,1983,15,15,15,15,15,15,15,15,15,15
490072,1,1,1983,0,0,0,0,0,0,0,0,0,0
490073,1,1,1983,0,0,0,17,22,0,0,18,0,0
490073,2,1,1983,0,0,0,0,0,0,0,0,0,0
490074,1,1,1983,0,0,0,0,0,0,0,0,0,0
490075,1,1,1983,4,4,4,4,4,4,4,4,4,4
490075,2,1,1983,5,5,5,5,5,5,5,5,5,5
490076,0,1,1983,0,24,0,24,19,0,8,0,7,0
490076,1,1,1983,0,0,0,0,0,0,0,0,0,0
490077,1,1,1983,0,0,0,0,0,0,0,0,0,0
490078,1,1,1983,0,0,0,0,0,0,0,0,0,0
490079,1,1,1983,0,0,0,0,0,0,0,0,0,0
490080,1,1,1983,0,0,0,0,0,0,0,0,0,0
490080,2,1,1983,16,16,16,16,16,16,16,16,16,16
490081,0,1,1983,0,0,0,0,0,0,0,0,0,0
490081,1,1,1983,0,0,0,0,0,0,0,0,0,0
490082,1,1,1983,12,12,12,12,12,12,12,12,12,12
490083,1,1,1983,0,0,0,0,0,0,0,0,0,0
490084,1,1,1983,17,17,17,17,17,17,17,17,17,17
490085,1,1,1983,12,12,12,12,12,12,12,12,12,12
490085,2,1,1983,0,0,0,0,0,0,0,0,0,0
490086,0,1,1983,0,0,0,0,0,0,0,0,0,0
490086,1,1,1983,0,0,0,0,0,0,0,0,0,0
490087,1,1,1983,8,8,8,8,8,8,8,8,8,8
490087,2,1,1983,6,6,6,6,6,6,6,6,6,6
490088,1,1,1983,0,0,0,0,0,0,0,0,0,0
490088,2,1,1983,0,0,0,0,0,0,0,0,0,0
490089,1,1,1983,0,0,0,0,0,0,0,0,0,0
490089,2,1,1983,0,0,0,0,0,0,0,0,0,0
490089,3,1,1983,0,0,0,0,0,0,0,0,0,0
490090,1,1,1983,16,16,16,16,16,16,16,16,16,16
490091,1,1,1983,0,0,0,0,0,0,0,0,0,0
490091,2,1,1983,0,0,0,0,0,0,0,0,0,0
490092,1,1,1983,0,0,0,0,0,0,0,0,22,0
490092,2,1,1983,0,0,0,0,0,0,0,0,0,0
490092,3,1,1983,0,0,0,0,0,0,0,0,0,0
490093,1,1,1983,0,0,0,0,0,0,0,0,0,0
490094,1,1,1983,26,26,26,26,26,26,26,26,26,26
490095,1,1,1983,6,13,15,14,27,14,29,11,14,27
490095,2,1,1983,12,9,18,7,10,31,23,15,19,29
490096,1,1,1983,0,0,0,0,0,0,0,0,0,0
490097,1,1,1983,0,0,0,0,0,0,0,0,14,0
490098,1,1,1983,0,0,0,0,0,0,0,0,0,0
490099,1,1,1983,14,14,14,14,14,14,14,14,14,14
490099,2,1,1983,11,11,11,11,11,11,11,11,11,11
490100,1,1,1983,13,13,13,13,13,13,13,13,13,13
490101,0,1,1983,0,0,0,0,0,0,0,0,0,0
490101,1,1,1983,0,0,0,0,0,0,0,0,0,0
490102,1,1,1983,0,0,0,0,0,0,0,0,0,0
490102,2,1,1983,0,0,0,0,0,0,0,0,0,0
490103,0,1,1983,0,0,0,0,0,0,0,9,0,0
490103,1,1,1983,0,0,0,0,0,0,0,0,0,0
490104,1,1,1983,0,0,0,0,0,0,0,0,0,4
490104,2,1,1983,0,0,0,0,0,0,0,0,0,0
490105,0,1,1983,18,18,18,18,18,18,18,18,18,18
490105,1,1,1983,0,0,0,0,0,0,0,0,0,0
490106,1,1,1983,14,14,14,14,14,14,14,14,14,14
490107,1,1,1983,27,27,27,27,27,27,27,27,27,27
490107,2,1,1983,14,0,0,0,0,0,0,6,0,0
490108,1,1,1983,0,0,0,0,0,0,0,0,0,0
490109,1,1,1983,0,0,0,0,0,0,0,0,0,0
490110,1,1,1983,0,0,0,0,0,0,0,0,0,0
490111,1,1,1983,0,0,0,0,0,0,0,0,0,5
490112,1,1,1983,0,16,30,0,19,0,0,0,0,13
490112,2,1,1983,7,4,8,0,0,0,0,26,0,0
490113,0,1,1983,21,21,21,21,21,21,21,21,21,21
490113,1,1,1983,0,0,0,0,0,0,0,0,0,0
490114,1,1,1983,8,8,8,8,8,8,8,8,8,8
490114,2,1,1983,0,0,0,0,0,0,0,0,0,0
490115,1,1,1983,0,0,0,0,0,0,0,0,0,0
490115,2,1,1983,0,0,0,0,0,0,0,0,0,0
490116,1,1,1983,0,0,0,0,0,0,0,0,0,0
490117,1,1,1983,0,0,0,0,0,0,0,0,0,0
490118,1,1,1983,0,0,0,0,0,0,0,0,0,0
490119,1,1,1983,15,15,15,15,15,15,15,15,15,15
490119,2,1,1983,0,0,0,0,0,0,0,0,0,0
490120,1,1,1983,0,0,0,0,0,0,0,0,0,0
490120,2,1,1983,0,0,0,0,0,0,0,0,0,0
490121,1,1,1983,0,0,0,0,0,0,0,0,0,0
490122,1,1,1983,0,0,0,0,0,0,0,0,0,0
490122,2,1,1983,0,0,0,0,0,0,0,0,0,0
490123,0,1,1983,0,0,0,0,0,0,0,0,0,0
490123,1,1,1983,0,0,0,0,0,0,0,0,0,0
490124,0,1,1983,0,0,40,0,0,0,0,0,0,0
490124,1,1,1983,0,0,0,0,0,0,0,0,0,0
490125,1,1,1983,0,0,0,0,0,0,0,0,0,0
490125,2,1,1983,0,0,0,0,12,0,0,0,0,0
490126,0,1,1983,24,26,15,14,0,38,16,40,27,31
490126,1,1,1983,6,6,6,6,6,6,6,6,6,6
490127,0,1,1983,11,11,11,11,11,11,11,11,11,11
490127,1,1,1983,3,3,3,3,3,3,3,3,3,3
490128,0,1,1983,0,0,0,0,0,0,25,0,0,0
490128,1,1,1983,0,0,0,14,0,0,0,0,30,20
490129,1,1,1983,0,0,0,0,0,0,0,0,0,0
490129,2,1,1983,0,0,0,0,0,0,0,0,0,0
490130,0,1,1983,29,29,29,29,29,29,29,29,29,29
490130,1,1,1983,0,0,0,0,0,0,0,0,0,0
490131,1,1,1983,0,0,0,0,0,0,0,0,0,0
490131,2,1,1983,11,11,11,11,11,11,11,11,11,11
490132,1,1,1983,0,20,0,0,0,7,14,34,18,37
490133,1,1,1983,0,0,0,0,0,0,0,0,0,0
490133,2,1,1983,0,0,0,0,0,0,0,0,0,0
490134,1,1,1983,0,0,7,0,0,0,0,0,0,0
490135,1,1,1983,16,16,16,16,16,16,16,16,16,16
490136,1,1,1983,0,0,0,0,0,0,0,0,0,0
490137,1,1,1983,5,5,5,5,5,5,5,5,5,5
490138,1,1,1983,4,42,20,0,29,34,12,0,0,0
490139,1,1,1983,19,20,11,13,28,19,0,7,12,13
490140,1,1,1983,0,0,0,0,0,0,0,0,0,0
490140,2,1,1983,0,0,8,5,0,13,0,17,0,0
490141,0,1,1983,0,0,0,0,0,0,0,0,0,0
490141,1,1,1983,0,0,0,0,0,0,0,0,0,0
490142,1,1,1983,0,0,0,0,0,0,0,0,0,0
490142,2,1,1983,0,0,0,0,0,0,0,0,0,0
490143,1,1,1983,0,0,0,0,0,0,0,0,0,0
490143,2,1,1983,0,0,0,0,0,0,0,0,0,0
490144,1,1,1983,0,0,0,0,0,0,0,0,0,0
490145,1,1,1983,0,0,0,0,0,0,0,0,0,0
490145,2,1,1983,0,0,0,0,0,0,0,0,0,0
490146,1,1,1983,0,0,0,0,0,0,0,0,13,0
490147,0,1,1983,10,10,10,10,10,10,10,10,10,10
490147,1,1,1983,11,15,14,13,0,0,6,0,0,31
490148,1,1,1983,22,22,22,22,22,22,22,22,22,22
490148,2,1,1983,0,12,0,0,0,0,0,0,0,27
490149,1,1,1983,0,0,0,0,0,0,0,0,0,0
490150,0,1,1983,0,0,0,0,0,0,0,0,0,0
490150,1,1,1983,0,0,0,0,0,0,0,0,0,0
490151,1,1,1983,17,17,17,17,17,17,17,17,17,17
490151,2,1,1983,11,11,11,11,11,11,11,11,11,11
490151,3,1,1983,0,0,0,0,0,0,0,0,0,0
490152,0,1,1983,0,0,0,0,0,0,0,0,0,0
490152,1,1,1983,0,0,0,0,0,0,0,0,0,0
490153,1,1,1983,0,0,0,0,0,0,0,0,0,0
490154,1,1,1983,25,25,25,25,25,25,25,25,25,25
490155,1,1,1983,9,9,9,9,9,9,9,9,9,9
490156,1,1,1983,0,0,0,0,0,0,0,0,0,0
490157,0,1,1983,11,11,11,11,11,11,11,11,11,11
490157,1,1,1983,0,0,0,0,0,0,0,0,0,0
490158,1,1,1983,0,0,0,0,0,0,0,0,0,0
490158,2,1,1983,0,0,0,0,0,0,0,0,0,0
490159,1,1,1983,16,16,16,16,16,16,16,16,16,16
490160,1,1,1983,23,23,23,23,23,23,23,23,23,23
490161,1,1,1983,0,19,14,0,6,0,0,5,18,18
490162,1,1,1983,0,0,0,0,0,0,0,0,0,0
490162,2,1,1983,0,0,0,0,0,0,0,0,0,0
490163,0,1,1983,0,0,0,0,0,0,0,0,0,0
490163,1,1,1983,10,0,0,0,0,0,0,1,0,0
490164,1,1,1983,0,17,0,0,0,0,17,0,0,0
490164,2,1,1983,0,0,0,0,8,0,0,0,0,0
490165,1,1,1983,0,0,0,0,0,0,0,0,0,0
490165,2,1,1983,0,0,0,0,0,0,0,0,0,0
490165,3,1,1983,0,0,0,0,0,0,0,0,0,0
490166,1,1,1983,0,0,0,0,0,0,0,0,0,0
490166,2,1,1983,0,0,0,0,0,0,0,0,0,0
490167,0,1,1983,0,0,0,0,0,0,0,0,0,0
490167,1,1,1983,0,0,0,0,0,0,0,0,0,0
490168,1,1,1983,6,0,29,3,19,0,0,9,20,0
490169,1,1,1983,0,0,0,0,0,0,0,0,0,0
490169,2,1,1983,0,0,0,0,0,0,0,0,0,0
490170,1,1,1983,21,21,21,21,21,21,21,21,21,21
490171,1,1,1983,7,7,7,7,7,7,7,7,7,7
490172,1,1,1983,0,0,0,0,0,0,0,0,0,0
490173,1,1,1983,0,0,0,0,0,0,0,0,0,0
490173,2,1,1983,0,25,0,0,0,0,0,0,6,0
490174,1,1,1983,0,26,0,0,0,0,0,0,0,0
490174,2,1,1983,0,0,0,0,0,0,11,0,0,0
490175,0,1,1983,0,0,0,0,0,0,0,0,0,0
490175,1,1,1983,0,0,0,0,0,0,0,0,0,0
490176,1,1,1983,0,0,0,0,0,0,0,0,0,0
490177,1,1,1983,0,0,0,0,0,0,0,0,0,0
490177,2,1,1983,0,0,0,0,0,0,0,0,0,0
490177,3,1,1983,0,9,0,0,0,0,0,0,0,0
490177,4,1,1983,0,0,0,0,0,0,0,0,0,0
490177,5,1,1983,0,13,0,0,0,0,0,0,0,0
490178,1,1,1983,0,0,0,0,0,0,0,0,0,14
490178,2,1,1983,0,0,0,0,0,0,0,0,0,0
490179,1,1,1983,0,0,0,24,19,17,0,22,0,0
490180,1,1,1983,5,5,5,5,5,5,5,5,5,5
490180,2,1,1983,0,0,0,0,0,0,0,0,0,0
490181,1,1,1983,0,0,0,0,0,0,0,0,0,0
490181,2,1,1983,0,0,0,0,0,5,0,0,0,0
490182,1,1,1983,0,0,0,0,0,0,0,0,0,0
490182,2,1,1983,13,13,13,13,13,13,13,13,13,13
490183,1,1,1983,16,16,16,16,16,16,16,16,16,16
490184,1,1,1983,0,0,0,0,0,0,0,0,0,31
490185,1,1,1983,7,7,7,7,7,7,7,7,7,7
490186,0,1,1983,40,40,40,40,40,40,40,40,40,40
490186,0,2,1983,43,25,19,0,0,14,0,27,25,0
490186,1,1,1983,18,18,18,18,18,18,18,18,18,18
490187,1,1,1983,0,0,0,0,0,0,0,0,0,0
490187,2,1,1983,0,0,0,0,0,0,0,0,0,0
490188,1,1,1983,0,0,0,0,0,0,0,0,0,0
490188,2,1,1983,0,0,0,0,0,0,0,0,0,0
490189,0,1,1983,0,0,0,0,0,0,0,14,0,0
490189,1,1,1983,0,0,0,0,0,0,0,0,0,0
490190,0,1,1983,0,0,0,0,0,0,0,0,0,0
490190,1,1,1983,0,0,0,0,0,0,0,0,0,0
490191,1,1,1983,0,0,0,0,0,0,15,10,0,0
490191,2,1,1983,0,0,0,0,0,0,0,0,0,0
490192,1,1,1983,0,0,0,0,0,0,0,0,0,0
490192,2,1,1983,0,0,0,0,0,0,0,0,0,0
490193,1,1,1983,0,0,0,0,0,0,0,0,0,0
490193,2,1,1983,6,6,6,6,6,6,6,6,6,6
490194,1,1,1983,0,0,0,0,0,0,0,0,0,0
490195,1,1,1983,0,0,0,0,0,0,0,0,0,0
490195,2,1,1983,0,0,0,0,0,0,0,0,0,0
490196,1,1,1983,0,0,0,0,0,0,0,0,0,0
490196,2,1,1983,0,0,0,0,0,0,0,0,0,0
490197,1,1,1983,0,0,0,0,0,0,0,0,0,0
490198,1,1,1983,0,0,0,0,0,0,0,0,0,0
490199,0,1,1983,6,6,6,6,6,6,6,6,6,6
490199,1,1,1983,22,22,22,22,22,22,22,22,22,22
490200,0,1,1983,0,0,0,0,0,0,0,0,0,0
490200,1,1,1983,0,0,0,0,0,0,0,0,0,0
490201,1,1,1983,0,0,0,0,0,0,0,0,0,0
490201,2,1,1983,32,32,32,32,32,32,32,32,32,32
490202,1,1,1983,0,0,0,0,0,0,0,0,0,0
490203,1,1,1983,15,15,15,15,15,15,15,15,15,15
490204,1,1,1983,0,0,0,0,0,0,0,0,0,0
490205,1,1,1983,0,0,0,0,0,0,0,0,0,0
490206,1,1,1983,0,0,0,0,0,0,0,0,0,0
490207,1,1,1983,23,16,12,11,6,12,18,14,17,16
490208,1,1,1983,20,20,20,20,20,20,20,20,20,20
490209,1,1,1983,0,0,0,0,0,0,0,0,0,0
490209,2,1,1983,0,0,0,0,0,0,17,0,0,0
490210,0,1,1983,0,0,0,0,0,0,0,0,0,4
490210,2,1,1983,0,0,0,0,0,0,0,0,0,0
490211,1,1,1983,18,0,0,0,0,0,0,0,6,0
490212,0,1,1983,0,0,0,0,0,28,0,0,0,0
490212,1,1,1983,0,0,0,0,0,0,0,0,0,0
490213,0,1,1983,12,12,12,12,12,12,12,12,12,12
490213,1,1,1983,0,0,0,0,0,0,0,0,0,0
490214,1,1,1983,3,3,3,3,3,3,3,3,3,3
490215,1,1,1983,0,0,0,0,0,0,0,0,0,0
490216,0,1,1983,43,43,43,43,43,43,43,43,43,43
490216,1,1,1983,0,0,0,0,0,0,0,0,0,0
490217,0,1,1983,0,18,0,0,0,0,0,0,0,0
490217,1,1,1983,0,0,0,0,0,0,0,0,0,0
490218,1,1,1983,19,19,19,19,19,19,19,19,19,19
490219,1,1,1983,19,19,19,19,19,19,19,19,19,19
490220,1,1,1983,0,0,20,0,0,0,0,0,0,0
490220,2,1,1983,0,0,0,0,0,0,0,0,0,0
490221,0,1,1983,18,18,18,18,18,18,18,18,18,18
490221,1,1,1983,0,0,0,0,0,0,0,0,0,0
490222,0,1,1983,0,0,0,0,0,0,0,0,0,0
490222,1,1,1983,0,0,0,0,0,0,0,0,8,0
490223,1,1,1983,0,0,0,0,0,0,0,0,0,0
490223,2,1,1983,0,0,0,0,0,0,0,0,0,0
490224,1,1,1983,0,0,0,0,0,0,0,0,0,0
490224,2,1,1983,6,6,6,6,6,6,6,6,6,6
490225,1,1,1983,0,0,0,0,0,0,0,0,0,0
490226,1,1,1983,10,10,10,10,10,10,10,10,10,10
490227,1,1,1983,0,0,0,0,0,0,0,0,0,0
490228,0,1,1983,0,0,0,0,0,0,0,0,0,0
490228,1,1,1983,0,0,0,0,0,0,0,0,0,0
490229,1,1,1983,28,28,28,28,28,28,28,28,28,28
490229,2,1,1983,0,0,0,0,0,0,0,19,0,0
490230,0,1,1983,0,0,0,0,0,0,17,0,0,0
490230,1,1,1983,0,0,0,0,0,4,0,0,0,0
490231,0,1,1983,0,0,0,0,0,0,0,0,0,0
490231,1,1,1983,0,0,0,0,0,0,0,0,0,0
490232,1,1,1983,0,0,0,0,0,0,0,0,26,0
490232,2,1,1983,0,0,0,0,0,0,0,0,0,0
490233,1,1,1983,0,0,0,0,0,0,0,0,0,0
490233,2,1,1983,0,0,4,0,0,0,0,0,0,0
490233,3,1,1983,0,0,0,0,0,0,0,0,0,0
490233,4,1,1983,0,0,0,0,0,0,0,0,0,0
490233,5,1,1983,0,0,0,0,0,0,0,0,0,0
490234,1,1,1983,3,3,3,3,3,3,3,3,3,3
490235,1,1,1983,0,0,0,0,0,0,0,0,0,0
490235,2,1,1983,0,0,0,0,0,0,0,0,0,0
490236,1,1,1983,0,0,0,0,0,0,0,0,0,0
490236,2,1,1983,0,0,0,0,0,0,12,0,0,0
490237,1,1,1983,0,0,8,0,0,0,0,0,0,0
490237,2,1,1983,0,0,0,0,0,0,0,0,0,0
490238,0,1,1983,8,8,8,8,8,8,8,8,8,8
490238,1,1,1983,24,10,14,12,21,36,3,6,13,11
490239,1,1,1983,0,0,0,0,0,0,0,0,0,0
490241,0,1,1983,9,9,9,9,9,9,9,9,9,9
490241,1,1,1983,22,22,22,22,22,22,22,22,22,22
490242,0,1,1983,31,31,31,31,31,31,31,31,31,31
490242,1,1,1983,0,0,0,0,0,0,0,0,0,0
490243,1,1,1983,0,0,0,0,0,0,0,0,0,0
490244,1,1,1983,0,0,0,0,0,0,0,0,0,0
490245,0,1,1983,0,0,0,0,0,0,0,0,0,0
490245,1,1,1983,0,0,0,0,0,0,0,0,0,0
490246,0,1,1983,22,22,22,22,22,22,22,22,22,22
490246,1,1,1983,0,0,0,0,0,0,0,0,0,0
490247,1,1,1983,13,13,13,13,13,13,13,13,13,13
490247,2,1,1983,0,0,0,0,0,0,0,0,0,0
490248,1,1,1983,0,0,0,0,0,0,0,0,0,0
490249,0,1,1983,13,13,13,13,13,13,13,13,13,13
490249,1,1,1983,0,0,0,0,0,0,0,0,0,0
490250,0,1,1983,37,37,37,37,37,37,37,37,37,37
490250,1,1,1983,0,0,0,0,0,0,0,0,11,0
490251,1,1,1983,0,4,0,0,0,0,0,0,0,0
490251,2,1,1983,0,0,0,0,0,0,0,0,0,0
490252,1,1,1983,0,0,0,0,0,0,0,0,0,0
490252,2,1,1983,0,0,0,0,0,0,0,0,0,0
490254,1,1,1983,0,0,0,0,0,0,0,0,0,0
490255,1,1,1983,27,27,27,27,27,27,27,27,27,27
500001,1,1,1983,3,3,3,3,3,3,3,3,3,3
500002,1,1,1983,18,18,18,18,18,18,18,18,18,18
500003,1,1,1983,11,11,11,11,11,11,11,11,11,11
500004,1,1,1983,16,16,16,16,16,16,16,16,16,16
500005,1,1,1983,0,0,0,0,0,0,0,0,0,0
500005,2,1,1983,0,0,0,0,0,0,0,0,0,0
500006,1,1,1983,0,0,0,0,0,0,0,0,0,0
500006,2,1,1983,8,8,8,8,8,8,8,8,8,8
500007,1,1,1983,0,0,0,0,0,0,0,0,0,0
500007,2,1,1983,0,0,0,0,0,0,0,0,0,0
500008,0,1,1983,3,3,3,3,3,3,3,3,3,3
500008,0,2,1983,3,3,3,3,3,3,3,3,3,3
500008,1,1,1983,11,11,11,11,11,11,11,11,11,11
500008,2,1,1983,0,10,18,12,19,5,5,4,12,10
500008,3,1,1983,11,11,11,11,11,11,11,11,11,11
500009,1,1,1983,12,12,12,12,12,12,12,12,12,12
500010,1,1,1983,0,0,0,0,0,0,0,0,0,0
500010,2,1,1983,17,17,17,17,17,17,17,17,17,17
500011,1,1,1983,0,0,0,0,0,0,0,0,0,0
500012,1,1,1983,0,0,0,0,0,0,0,0,0,0
500012,2,1,1983,0,0,0,0,0,0,0,0,0,0
500013,1,1,1983,19,19,19,19,19,19,19,19,19,19
500014,1,1,1983,24,22,9,19,24,18,16,19,14,8
500015,1,1,1983,18,18,18,18,18,18,18,18,18,18
500015,2,1,1983,0,0,0,0,0,0,0,0,0,0
500016,1,1,1983,0,0,0,0,0,0,0,0,0,0
500016,2,1,1983,0,0,0,0,0,0,0,0,0,0
500017,1,1,1983,15,15,15,15,15,15,15,15,15,15
500017,2,1,1983,0,0,0,0,0,0,0,0,0,0
500018,1,1,1983,0,0,0,0,0,0,0,0,0,0
500018,2,1,1983,0,0,0,0,0,0,0,0,0,0
500019,1,1,1983,7,7,7,7,7,7,7,7,7,7
500020,1,1,1983,0,0,0,0,0,0,0,0,0,0
500021,1,1,1983,19,19,19,19,19,19,19,19,19,19
500022,0,1,1983,5,5,5,5,5,5,5,5,5,5
500022,0,2,1983,0,23,0,25,0,25,0,19,0,0
500022,1,1,1983,0,0,0,0,0,0,0,0,0,0
500023,0,1,1983,0,0,0,0,0,0,0,0,0,0
500023,1,1,1983,0,0,0,0,0,0,0,0,0,0
500024,1,1,1983,19,19,19,19,19,19,19,19,19,19
500024,2,1,1983,0,0,0,0,0,0,0,0,0,0
500025,1,1,1983,43,43,43,43,43,43,43,43,43,43
500026,1,1,1983,21,21,21,21,21,21,21,21,21,21
500027,1,1,1983,0,0,0,0,0,0,0,0,0,0
500028,1,1,1983,0,0,0,0,0,0,0,0,0,0
500028,2,1,1983,0,0,0,0,0,0,0,0,0,0
500029,1,1,1983,0,0,0,0,0,0,0,0,0,0
500030,0,1,1983,0,0,0,0,0,0,0,0,0,0
500030,1,1,1983,0,0,0,0,0,0,0,0,0,0
500031,1,1,1983,9,9,9,9,9,9,9,9,9,9
500031,2,1,1983,0,0,0,0,0,0,0,0,0,0
500032,1,1,1983,18,18,18,18,18,18,18,18,18,18
500033,1,1,1983,8,8,8,8,8,8,8,8,8,8
500034,1,1,1983,21,21,21,21,21,21,21,21,21,21
500035,1,1,1983,0,0,0,0,0,0,0,0,0,0
500035,2,1,1983,0,0,0,0,0,0,0,0,0,0
500036,1,1,1983,32,32,32,32,32,32,32,32,32,32
500037,1,1,1983,24,24,24,24,24,24,24,24,24,24
500038,1,1,1983,12,12,12,12,12,12,12,12,12,12
500039,1,1,1983,0,0,0,0,0,0,0,0,0,0
500039,2,1,1983,0,0,0,0,0,0,0,0,0,0
500040,1,1,1983,0,0,0,0,0,0,0,0,0,0
500040,2,1,1983,0,0,0,0,0,0,0,0,0,0
500040,3,1,1983,0,0,0,0,0,0,0,0,0,0
500041,1,1,1983,0,0,0,0,0,0,0,0,0,0
500042,1,1,1983,1,1,1,1,1,1,1,1,1,1
500042,2,1,1983,0,0,0,0,0,0,0,0,0,0
500043,0,1,1983,0,0,0,0,0,0,0,0,0,0
500043,1,1,1983,0,0,0,0,0,0,0,0,0,0
500044,1,1,1983,0,0,0,0,0,0,0,0,0,0
500045,1,1,1983,15,15,15,15,15,15,15,15,15,15
500046,1,1,1983,0,0,0,0,0,0,0,0,0,0
500046,2,1,1983,0,0,0,0,0,0,0,0,0,0
500047,1,1,1983,18,18,18,18,18,18,18,18,18,18
500048,1,1,1983,26,26,26,26,26,26,26,26,26,26
500049,1,1,1983,5,5,5,5,5,5,5,5,5,5
500050,1,1,1983,0,0,0,0,0,0,0,0,0,0
500050,2,1,1983,0,0,0,0,0,0,0,0,0,0
500051,1,1,1983,9,9,9,9,9,9,9,9,9,9
500052,1,1,1983,24,24,24,24,24,24,24,24,24,24
500053,1,1,1983,0,0,0,0,0,0,0,0,0,0
500054,1,1,1983,18,18,18,18,18,18,18,18,18,18
500055,1,1,1983,0,0,0,0,0,25,7,7,0,12
500056,1,1,1983,3,3,3,3,3,3,3,3,3,3
500056,2,1,1983,0,0,0,0,0,0,0,0,0,0
500057,1,1,1983,7,7,7,7,7,7,7,7,7,7
500058,1,1,1983,21,20,11,13,16,35,10,9,19,6
500059,0,1,1983,0,0,0,0,0,0,0,0,0,0
500059,1,1,1983,25,15,12,10,13,4,0,15,20,10
500060,1,1,1983,0,0,0,0,0,0,0,0,0,0
500060,2,1,1983,0,0,0,0,0,0,0,0,0,0
500061,1,1,1983,17,17,17,17,17,17,17,17,17,17
500062,0,1,1983,17,17,17,17,17,17,17,17,17,17
500062,1,1,1983,24,11,0,5,15,24,0,0,0,0
500063,1,1,1983,0,0,0,0,0,0,0,0,0,0
500064,1,1,1983,0,0,0,0,0,0,0,0,0,0
500064,2,1,1983,5,5,5,5,5,5,5,5,5,5
500065,1,1,1983,0,0,0,0,0,0,0,0,0,0
500065,2,1,1983,0,0,0,0,0,0,0,0,0,0
500066,1,1,1983,14,14,14,14,14,14,14,14,14,14
500067,1,1,1983,26,26,26,26,26,26,26,26,26,26
500068,1,1,1983,16,16,16,16,16,16,16,16,16,16
500069,1,1,1983,0,0,0,0,0,0,0,0,0,0
500069,2,1,1983,0,0,0,0,0,0,0,0,0,0
500071,1,1,1983,18,18,18,18,18,18,18,18,18,18
500072,0,1,1983,0,0,0,0,0,0,0,0,0,0
500072,1,1,1983,0,0,0,0,0,10,0,0,0,0
500073,1,1,1983,0,0,0,0,0,0,0,0,0,0
500073,2,1,1983,0,0,0,0,0,0,0,0,0,0
500074,1,1,1983,0,0,0,25,12,0,0,23,0,29
500075,1,1,1983,20,20,20,20,20,20,20,20,20,20
500076,0,1,1983,0,0,0,0,0,0,0,0,0,0
500076,0,2,1983,0,0,0,0,0,0,0,0,0,0
500076,1,1,1983,25,18,8,8,21,24,6,0,15,28
500077,1,1,1983,11,11,11,11,11,11,11,11,11,11
500078,1,1,1983,16,16,16,16,16,16,16,16,16,16
500078,2,1,1983,0,0,0,0,0,0,0,0,0,0
500079,1,1,1983,0,0,0,0,0,0,0,0,0,0
500080,1,1,1983,0,0,0,0,0,0,0,0,0,0
500080,2,1,1983,0,0,0,0,16,0,0,0,0,0
500080,3,1,1983,0,0,0,0,0,0,0,0,0,0
500081,1,1,1983,0,0,29,0,0,14,0,11,12,0
500081,2,1,1983,0,11,9,12,11,11,11,22,34,11
500082,1,1,1983,0,0,0,0,0,0,0,0,0,0
500082,2,1,1983,0,0,4,0,14,14,0,0,10,0
500083,0,1,1983,18,18,18,18,18,18,18,18,18,18
500083,1,1,1983,0,0,0,0,0,0,0,0,0,0
500084,0,1,1983,29,29,29,29,29,29,29,29,29,29
500084,1,1,1983,2,2,2,2,2,2,2,2,2,2
500085,1,1,1983,0,0,0,0,0,0,0,0,0,0
500086,1,1,1983,8,8,8,8,8,8,8,8,8,8
500088,1,1,1983,0,0,0,0,0,0,0,0,23,0
500089,1,1,1983,0,0,0,0,0,0,0,0,0,0
500089,2,1,1983,0,0,0,0,0,0,0,0,0,0
510001,0,1,1983,23,23,23,23,23,23,23,23,23,23
510001,1,1,1983,0,0,20,0,0,0,0,0,0,0
510002,0,1,1983,0,0,0,0,0,0,0,0,0,0
510002,1,1,1983,4,0,0,0,0,0,0,12,0,0
510003,1,1,1983,0,0,0,0,0,0,0,0,0,0
510004,1,1,1983,6,34,16,12,13,18,11,12,6,6
510004,2,1,1983,15,0,26,21,18,19,18,19,21,15
510005,1,1,1983,0,0,0,0,0,0,0,0,0,0
510005,2,1,1983,8,8,8,8,8,8,8,8,8,8
510006,1,1,1983,0,0,0,0,0,0,0,0,0,0