ST_CASE,VEH_NO,PER_NO,YEAR,P1,P2,P3,P4,P5,P6,P7,P8,P9,P10
510296,1,1,1983,10,10,10,10,10,10,10,10,10,10
510297,1,1,1983,0,0,0,0,0,0,0,0,0,0
510297,2,1,1983,0,0,0,0,0,0,0,0,0,0
510298,1,1,1983,0,10,0,9,0,0,0,0,19,0
510298,2,1,1983,18,18,18,18,18,18,18,18,18,18
510299,1,1,1983,24,24,24,24,24,24,24,24,24,24
510300,1,1,1983,0,0,0,0,0,0,0,0,0,0
510301,1,1,1983,17,21,16,7,10,6,11,16,14,13
510302,0,1,1983,21,21,21,21,21,21,21,21,21,21
510302,1,1,1983,25,5,17,17,0,23,0,19,11,13
510303,1,1,1983,19,19,19,19,19,19,19,19,19,19
510304,1,1,1983,0,0,0,0,0,0,0,0,0,0
510304,2,1,1983,0,0,0,0,0,0,0,0,0,0
510305,1,1,1983,3,3,3,3,3,3,3,3,3,3
510306,1,1,1983,0,0,0,0,0,0,0,0,0,0
510307,1,1,1983,0,0,0,0,0,0,0,0,0,0
510307,2,1,1983,0,0,0,0,0,0,0,0,0,0
510307,3,1,1983,0,0,0,0,0,0,0,0,0,0
510308,1,2,1983,0,0,0,0,0,0,0,0,0,0
510308,2,1,1983,0,0,0,0,0,0,0,0,0,0
510309,1,1,1983,0,0,0,0,0,0,0,0,0,0
510309,2,2,1983,0,0,0,0,0,18,0,0,0,0
510310,1,1,1983,0,0,0,0,0,0,0,0,0,0
510310,2,1,1983,0,0,0,0,0,0,0,0,0,0
510311,1,3,1983,16,27,4,12,14,37,23,17,5,16
510312,1,1,1983,15,11,7,0,9,13,17,20,6,20
510313,1,1,1983,19,19,19,19,19,19,19,19,19,19
510314,1,1,1983,41,41,41,41,41,41,41,41,41,41
510315,1,1,1983,20,20,20,20,20,20,20,20,20,20
510316,1,1,1983,0,0,0,0,0,0,0,0,0,0
510316,2,6,1983,0,0,0,12,0,0,0,0,0,0
510317,1,1,1983,5,5,5,5,5,5,5,5,5,5
510317,2,1,1983,0,0,0,0,0,0,0,0,0,0
510318,0,1,1983,0,0,0,0,0,0,0,0,0,0
510318,1,1,1983,0,0,0,0,0,0,0,0,0,0
510319,1,1,1983,18,18,18,18,18,18,18,18,18,18
510320,1,1,1983,18,30,19,17,22,11,16,11,26,24
510321,1,1,1983,0,0,0,0,0,0,0,0,0,0
510322,1,1,1983,4,4,4,4,4,4,4,4,4,4
510322,2,1,1983,14,18,0,0,0,0,21,10,0,0
510323,1,1,1983,10,10,10,10,10,10,10,10,10,10
510323,2,2,1983,0,0,0,0,0,0,0,0,0,0
510324,1,2,1983,0,0,0,0,0,0,0,0,0,0
510325,1,1,1983,25,20,12,22,14,7,11,13,0,8
510326,1,1,1983,0,0,0,0,30,0,0,9,0,0
510326,2,1,1983,0,0,0,0,0,0,0,0,0,0
510327,1,2,1983,0,12,0,0,0,0,0,16,0,26
510327,2,1,1983,0,0,0,0,12,0,0,0,0,0
510328,1,1,1983,0,10,9,12,28,0,20,28,13,14
510328,2,1,1983,0,0,0,0,0,0,0,0,0,0
510329,1,1,1983,0,0,0,0,0,0,0,0,0,0
510329,2,1,1983,0,0,0,0,0,0,0,0,0,0
510330,1,1,1983,0,0,0,0,0,0,0,0,0,0
510330,2,1,1983,0,28,0,0,0,0,0,0,0,0
510331,1,1,1983,0,0,0,0,0,0,0,0,0,0
510331,2,1,1983,0,0,14,0,0,0,0,0,0,0
510331,3,1,1983,7,0,0,0,0,0,0,0,13,0
510332,1,1,1983,17,17,17,17,17,17,17,17,17,17
510333,1,1,1983,0,0,5,0,0,0,10,0,0,0
510333,2,1,1983,23,23,23,23,23,23,23,23,23,23
510334,1,1,1983,22,22,22,22,22,22,22,22,22,22
510335,1,1,1983,0,0,0,0,0,0,0,0,0,0
510335,2,1,1983,0,0,0,0,0,0,0,0,0,0
510336,1,1,1983,23,23,23,23,23,23,23,23,23,23
510337,1,1,1983,14,13,22,21,24,15,15,18,15,10
510338,0,1,1983,17,17,17,17,17,17,17,17,17,17
510338,0,2,1983,0,0,6,16,19,14,23,0,0,9
510338,1,1,1983,0,0,37,19,0,0,0,0,0,0
510339,0,1,1983,16,25,12,19,32,24,22,20,26,20
510339,1,1,1983,0,0,0,0,32,0,0,0,0,0
510340,1,1,1983,0,0,0,0,21,26,0,0,0,25
510341,1,1,1983,20,6,4,21,17,10,22,27,0,12
510341,2,1,1983,0,0,0,0,0,0,0,0,0,0
510342,1,1,1983,0,0,0,0,0,0,0,0,0,0
510342,2,1,1983,0,0,22,21,0,0,0,0,0,0
510343,1,1,1983,1,1,1,1,1,1,1,1,1,1
510343,2,1,1983,0,0,0,0,0,0,0,0,0,0
510344,1,1,1983,23,23,23,23,23,23,23,23,23,23
510345,1,1,1983,19,19,19,19,19,19,19,19,19,19
510346,1,1,1983,19,24,23,0,10,6,17,24,17,10
510346,2,1,1983,0,0,0,0,0,0,0,0,0,0
510347,0,1,1983,0,0,0,0,0,0,0,0,0,0
510347,1,1,1983,6,0,0,6,0,0,0,0,0,0
510348,1,1,1983,11,7,8,7,12,16,17,18,17,21
510349,1,1,1983,0,0,0,0,0,0,0,0,0,0
510349,2,1,1983,0,0,0,0,0,0,0,0,0,0
510350,1,1,1983,0,0,0,0,0,0,0,0,0,0
510350,2,1,1983,0,0,0,0,0,0,16,0,0,0
510350,3,1,1983,0,0,0,0,0,0,0,0,0,0
510351,1,1,1983,0,0,0,0,0,0,0,0,0,0
510351,2,1,1983,0,0,0,0,0,0,0,0,0,0
510351,3,1,1983,0,0,0,0,0,0,0,0,0,0
510352,1,1,1983,28,28,28,28,28,28,28,28,28,28
510352,2,1,1983,0,0,0,0,0,0,0,0,19,0
510353,1,1,1983,20,20,20,20,20,20,20,20,20,20
510353,2,1,1983,0,0,0,0,0,0,0,0,0,0
510354,0,1,1983,0,0,0,0,0,0,0,0,0,0
510354,1,1,1983,0,0,0,0,0,0,0,0,0,0
510355,1,1,1983,0,11,26,25,0,28,0,0,0,0
510356,1,1,1983,0,0,0,0,0,0,0,0,0,0
510356,2,1,1983,0,0,0,0,0,0,0,0,0,0
510357,1,1,1983,0,0,0,0,0,0,0,0,0,0
510357,2,1,1983,0,12,0,0,0,0,0,0,0,0
510358,1,1,1983,0,0,9,0,0,0,0,0,0,0
510359,1,1,1983,0,14,0,0,11,0,12,0,0,17
510360,0,1,1983,6,6,6,6,6,6,6,6,6,6
510360,1,1,1983,0,0,0,0,0,0,0,0,0,0
510361,1,1,1983,0,0,0,0,0,0,0,0,0,0
510361,2,1,1983,0,0,0,15,0,0,0,0,0,0
510362,1,1,1983,0,0,0,0,0,0,0,0,0,0
510362,2,1,1983,0,0,0,0,0,16,0,0,0,7
510362,3,1,1983,19,14,0,27,0,0,15,16,0,0
510363,0,1,1983,0,0,0,0,0,0,0,0,0,0
510363,1,1,1983,0,0,0,0,0,0,0,0,0,0
510364,1,1,1983,22,16,14,16,20,11,20,35,24,16
510365,1,1,1983,0,0,19,0,12,31,0,0,0,0
510366,1,1,1983,24,24,24,24,24,24,24,24,24,24
510366,2,1,1983,0,0,0,0,0,0,0,0,0,0
510367,0,1,1983,16,16,16,16,16,16,16,16,16,16
510367,1,1,1983,0,0,0,0,0,0,0,0,0,0
510368,1,1,1983,0,0,0,0,0,0,0,0,0,0
510368,2,1,1983,0,8,0,0,0,0,0,0,0,0
510368,3,1,1983,0,0,0,0,0,11,0,0,0,0
510369,1,1,1983,0,0,0,0,0,0,0,0,0,0
510369,2,1,1983,25,7,15,18,20,0,12,0,0,0
510370,0,1,1983,25,25,25,25,25,25,25,25,25,25
510370,1,1,1983,23,23,20,24,29,23,30,20,3,11
510371,1,1,1983,0,0,0,0,0,0,0,0,0,0
510371,2,1,1983,0,0,0,0,0,0,0,0,0,0
510372,1,1,1983,0,0,0,0,0,0,0,0,0,0
510373,1,1,1983,17,0,0,0,0,0,0,0,0,0
510374,1,1,1983,0,0,0,0,0,0,0,0,0,0
510375,1,1,1983,0,0,0,0,0,0,0,0,0,0
510376,1,1,1983,0,0,0,0,0,0,20,0,0,0
510376,2,1,1983,0,0,0,0,0,0,0,0,0,0
510377,1,1,1983,0,0,0,0,0,0,0,0,0,0
510378,0,1,1983,0,0,0,0,0,0,0,0,0,0
510378,1,1,1983,0,0,0,0,0,0,0,0,0,0
510379,1,1,1983,31,31,31,31,31,31,31,31,31,31
510379,2,1,1983,18,36,13,22,19,22,8,17,33,14
510380,1,1,1983,2,9,5,11,16,15,12,10,17,13
510380,2,1,1983,0,0,0,0,0,0,0,0,0,0
510380,3,1,1983,7,17,27,14,6,14,28,27,0,13
510381,1,1,1983,20,0,0,16,12,10,23,18,21,30
510381,2,1,1983,0,0,34,0,0,0,0,23,0,9
510382,1,1,1983,0,0,0,0,0,0,0,0,0,0
510382,2,1,1983,0,0,0,0,0,0,0,0,0,0
510383,0,1,1983,16,16,16,16,16,16,16,16,16,16
510383,1,1,1983,29,20,15,8,24,7,14,31,4,8
510384,1,1,1983,0,0,0,0,0,0,0,0,0,0
510384,2,1,1983,0,0,0,0,0,0,0,0,14,0
510385,0,1,1983,0,0,0,0,0,0,0,0,0,0
510385,1,1,1983,28,0,0,0,20,0,0,0,21,0
510386,1,1,1983,17,17,17,17,17,17,17,17,17,17
510387,1,1,1983,0,0,0,0,0,0,0,0,0,0
510387,2,1,1983,7,0,0,0,0,0,0,0,0,0
510388,1,1,1983,0,0,0,0,0,0,0,0,0,0
510388,2,1,1983,0,0,0,0,0,0,0,0,0,0
510389,1,1,1983,0,0,0,0,17,0,0,0,0,0
510389,2,1,1983,0,0,0,0,0,0,0,0,0,0
510390,1,1,1983,14,14,14,14,14,14,14,14,14,14
510391,1,1,1983,0,16,10,21,0,26,17,9,0,38
510392,1,1,1983,0,0,0,9,0,0,0,0,0,24
510392,2,1,1983,21,21,21,21,21,21,21,21,21,21
510393,1,1,1983,0,0,0,0,0,0,0,0,0,0
510394,0,1,1983,9,9,9,9,9,9,9,9,9,9
510394,1,1,1983,22,0,0,0,0,0,0,0,17,0
510395,1,1,1983,9,23,0,0,0,0,0,0,8,0
510396,1,1,1983,12,12,12,12,12,12,12,12,12,12
510397,1,1,1983,0,0,24,0,0,0,11,0,0,0
510398,1,1,1983,10,10,10,10,10,10,10,10,10,10
510399,1,1,1983,0,0,0,0,0,0,0,0,0,0
510400,1,1,1983,0,0,0,0,0,0,0,0,0,0
510400,2,1,1983,0,0,0,0,0,0,0,0,0,0
510401,0,1,1983,12,35,31,23,24,26,9,24,14,27
510401,0,2,1983,33,0,30,23,26,0,26,0,0,0
510401,1,1,1983,28,0,19,12,28,7,16,11,10,22
510402,1,1,1983,0,15,0,13,14,20,21,19,16,15
510403,1,1,1983,0,0,0,0,0,0,0,0,0,0
510404,1,1,1983,0,0,0,0,0,0,0,0,0,0
510405,1,1,1983,0,0,0,4,0,0,0,0,0,0
510405,2,1,1983,0,0,0,0,0,0,0,0,0,0
510406,1,1,1983,0,0,0,0,0,0,0,0,0,0
510406,2,1,1983,0,0,0,0,0,0,0,0,0,0
510407,1,1,1983,0,0,0,0,0,0,0,0,0,0
510408,1,1,1983,7,7,7,7,7,7,7,7,7,7
510409,0,1,1983,0,0,0,0,0,0,0,0,0,0
510409,1,1,1983,0,5,20,0,0,34,0,0,0,21
510410,1,1,1983,27,27,27,27,27,27,27,27,27,27
510411,1,1,1983,16,16,16,16,16,16,16,16,16,16
510412,1,1,1983,0,0,0,0,0,0,0,0,0,0
510412,2,1,1983,0,0,0,8,0,0,0,0,0,17
510413,1,1,1983,25,25,25,25,25,25,25,25,25,25
510414,0,1,1983,24,24,24,24,24,24,24,24,24,24
510414,1,1,1983,0,10,0,23,0,11,16,0,0,0
510415,1,1,1983,0,0,0,0,0,0,0,0,0,0
510415,2,1,1983,0,0,0,0,0,0,0,0,0,0
510416,0,1,1983,0,0,0,0,0,0,0,0,0,0
510416,1,1,1983,0,0,0,0,0,0,0,0,0,0
510417,1,1,1983,0,0,0,0,0,0,0,0,0,0
510417,2,1,1983,0,0,0,0,0,0,0,0,0,0
510418,1,1,1983,0,0,0,0,0,0,0,0,0,0
510418,2,1,1983,0,0,0,0,0,0,0,0,0,0
510419,1,1,1983,18,18,18,18,18,18,18,18,18,18
510419,2,1,1983,0,0,0,0,0,0,10,0,14,0
510420,1,1,1983,11,0,18,23,8,20,9,17,15,0
510421,1,1,1983,0,0,0,0,11,0,0,0,0,0
510422,1,1,1983,0,0,0,0,0,0,0,11,0,0
510422,2,1,1983,0,0,0,0,0,0,0,0,0,0
510423,1,1,1983,31,31,31,31,31,31,31,31,31,31
510424,1,1,1983,17,17,17,17,17,17,17,17,17,17
510425,1,1,1983,0,0,0,0,13,0,0,6,0,0
510426,1,1,1983,0,0,0,0,0,0,0,0,0,0
510427,1,1,1983,25,25,25,25,25,25,25,25,25,25
510428,1,1,1983,0,0,0,0,0,0,0,0,0,0
510429,1,1,1983,0,0,0,0,0,0,0,0,0,0
510429,2,1,1983,0,0,0,0,0,0,0,0,0,0
510430,1,1,1983,0,0,0,0,7,0,0,0,0,0
510431,0,1,1983,20,20,20,20,20,20,20,20,20,20
510431,1,1,1983,15,22,12,13,15,30,17,16,21,7
510432,1,1,1983,0,0,0,0,0,0,0,0,0,0
510433,1,1,1983,27,16,28,0,25,29,19,12,0,23
510434,0,1,1983,0,0,0,0,0,0,0,0,0,0
510434,1,1,1983,0,0,0,0,0,0,0,0,0,0
510435,1,1,1983,19,19,19,19,19,19,19,19,19,19
510437,1,1,1983,17,17,17,17,17,17,17,17,17,17
510438,1,1,1983,0,0,0,0,0,0,0,0,0,0
510438,2,1,1983,0,0,0,0,0,0,0,0,0,0
510439,1,1,1983,0,0,0,0,0,0,0,0,0,0
510439,2,1,1983,13,7,0,26,17,16,17,10,16,24
510440,1,1,1983,0,0,0,0,11,0,0,0,17,16
510441,1,1,1983,20,20,20,20,20,20,20,20,20,20
510442,1,1,1983,0,0,0,0,0,0,0,0,0,0
510442,2,1,1983,0,0,0,0,0,0,0,0,0,0
510443,0,1,1983,0,0,0,0,0,0,0,0,0,0
510443,1,1,1983,0,0,0,0,0,0,0,0,17,0
510444,1,1,1983,0,0,8,0,0,0,0,0,0,0
510444,2,1,1983,0,0,0,0,0,0,7,0,3,0
510445,1,1,1983,12,12,12,12,12,12,12,12,12,12
510446,1,1,1983,12,16,18,7,16,11,18,24,24,23
510447,1,1,1983,0,6,0,24,24,9,0,27,0,0
510448,0,1,1983,24,24,24,24,24,24,24,24,24,24
510448,1,1,1983,0,11,0,0,0,0,0,29,0,28
510449,1,1,1983,10,10,10,10,10,10,10,10,10,10
510450,1,1,1983,21,21,21,21,21,21,21,21,21,21
510451,1,1,1983,0,0,0,0,0,0,0,0,0,0
510451,2,1,1983,0,0,0,0,0,0,0,0,0,0
510452,1,1,1983,26,26,26,26,26,26,26,26,26,26
510452,2,1,1983,0,0,0,0,0,0,0,0,0,0
510453,1,1,1983,0,0,0,4,0,0,0,0,0,0
510455,0,1,1983,0,0,0,0,0,0,0,0,0,0
510455,1,1,1983,0,0,0,0,0,20,0,0,0,0
510456,1,1,1983,0,0,0,0,0,0,0,0,0,0
510456,2,1,1983,0,0,0,0,0,0,0,0,0,0
510457,1,1,1983,0,0,0,0,0,0,0,0,0,0
510457,2,1,1983,0,0,0,0,0,0,0,0,0,0
510458,1,1,1983,0,0,0,0,0,0,0,0,0,0
510458,2,1,1983,0,7,0,0,0,0,14,16,0,0
510459,1,1,1983,16,16,16,16,16,16,16,16,16,16
510460,0,1,1983,17,17,17,17,17,17,17,17,17,17
510460,1,1,1983,0,0,0,0,0,0,6,0,0,0
510460,2,1,1983,0,0,12,0,0,0,0,35,23,0
510461,1,1,1983,17,17,17,17,17,17,17,17,17,17
510462,1,1,1983,6,6,6,6,6,6,6,6,6,6
510463,1,1,1983,0,0,0,0,0,0,0,0,0,0
510464,1,1,1983,5,17,10,7,19,21,13,6,18,14
510465,1,1,1983,0,0,0,0,0,24,0,0,0,0
510465,2,1,1983,0,0,0,0,0,0,0,0,0,0
510466,1,1,1983,16,16,16,16,16,16,16,16,16,16
510467,1,1,1983,17,20,7,10,13,25,15,21,14,20
510467,2,1,1983,0,0,0,0,0,0,0,0,0,0
510468,1,1,1983,16,16,16,16,16,16,16,16,16,16
510468,2,1,1983,8,0,10,14,25,9,6,13,13,0
510469,0,1,1983,24,24,24,24,24,24,24,24,24,24
510469,1,1,1983,0,14,4,6,0,0,0,0,0,0
510470,1,1,1983,0,0,0,0,0,0,0,8,23,11
510470,2,1,1983,9,9,9,9,9,9,9,9,9,9
510471,1,1,1983,24,24,24,24,24,24,24,24,24,24
510472,1,1,1983,11,11,11,11,11,11,11,11,11,11
510473,1,1,1983,0,0,0,0,0,0,0,0,0,0
510473,2,1,1983,0,0,0,0,0,0,0,0,0,0
510474,1,1,1983,0,0,0,0,0,0,0,0,0,0
510475,1,1,1983,0,26,25,13,12,40,14,19,19,11
510476,1,1,1983,6,6,6,6,6,6,6,6,6,6
510477,1,1,1983,0,0,0,0,0,0,0,0,0,0
510478,1,1,1983,16,16,16,16,16,16,16,16,16,16
510479,1,1,1983,24,24,24,24,24,24,24,24,24,24
510480,1,1,1983,22,22,22,22,22,22,22,22,22,22
510480,2,1,1983,0,0,0,0,0,0,0,0,0,0
510480,3,1,1983,0,0,0,0,0,0,0,0,0,0
510481,0,1,1983,0,0,0,0,0,0,0,0,0,0
510481,1,1,1983,0,0,0,0,0,0,0,0,0,0
510482,1,1,1983,8,8,8,8,8,8,8,8,8,8
510483,1,1,1983,37,0,0,14,0,0,20,0,27,14
510483,2,1,1983,0,0,0,0,0,0,0,0,0,0
510484,1,1,1983,0,0,0,0,0,0,0,0,7,0
510484,2,1,1983,0,0,0,0,0,0,0,0,0,0
510485,1,1,1983,22,0,0,15,0,7,19,37,0,0
510486,0,1,1983,1,1,1,1,1,1,1,1,1,1
510486,1,1,1983,0,0,0,0,0,0,0,0,0,0
510487,1,1,1983,21,21,21,21,21,21,21,21,21,21
510488,1,1,1983,21,21,21,21,21,21,21,21,21,21
510489,1,1,1983,0,0,0,0,0,0,0,0,0,0
510490,0,1,1983,0,0,0,0,0,0,0,0,0,0
510490,1,1,1983,0,0,0,26,0,0,0,14,0,0
510491,1,1,1983,0,0,0,0,0,0,0,0,0,0
510491,2,1,1983,0,0,0,0,0,0,0,0,0,0
510492,1,1,1983,0,0,0,0,0,0,0,0,14,0
510492,2,1,1983,0,0,0,0,0,0,0,0,0,0
510493,1,1,1983,6,28,13,19,22,23,20,15,10,17
510494,1,1,1983,26,26,26,26,26,26,26,26,26,26
510494,2,1,1983,0,0,0,0,0,0,0,0,0,0
510494,3,1,1983,0,0,0,0,0,0,0,0,0,0
510495,1,1,1983,3,3,3,3,3,3,3,3,3,3
510496,1,1,1983,10,10,10,10,10,10,10,10,10,10
510497,1,1,1983,19,19,19,19,19,19,19,19,19,19
510498,1,1,1983,0,12,0,0,0,0,15,14,0,8
510499,0,1,1983,0,0,0,0,0,0,0,0,0,0
510499,1,1,1983,0,0,0,0,10,0,0,0,0,11
510500,1,1,1983,27,27,27,27,27,27,27,27,27,27
510500,2,1,1983,0,0,0,0,0,0,0,0,0,0
510500,3,1,1983,0,0,0,0,0,0,0,0,9,0
510501,1,1,1983,14,14,14,14,14,14,14,14,14,14
510502,1,1,1983,0,0,0,0,0,0,0,0,0,0
510502,2,1,1983,0,11,0,0,0,0,0,19,0,5
510503,1,1,1983,0,0,0,0,0,0,0,0,0,0
510504,1,1,1983,0,0,0,0,0,0,0,0,0,0
510505,1,1,1983,0,0,0,0,0,0,0,0,0,0
510506,1,1,1983,18,21,10,17,0,20,28,23,26,25
510507,1,1,1983,17,26,0,3,19,8,10,15,11,6
510507,2,1,1983,7,7,7,7,7,7,7,7,7,7
510508,1,1,1983,25,25,25,25,25,25,25,25,25,25
510509,0,1,1983,0,0,0,0,0,0,0,0,0,0
510509,1,1,1983,0,0,0,0,0,0,0,0,0,0
510510,1,1,1983,0,0,0,0,0,0,0,0,0,0
510510,2,1,1983,23,23,23,23,23,23,23,23,23,23
510511,1,1,1983,21,18,20,23,22,6,18,17,8,8
510512,1,1,1983,0,0,0,0,0,0,0,0,0,0
510512,2,1,1983,0,0,13,0,0,0,28,0,0,0
510513,0,1,1983,0,0,0,0,0,0,0,0,0,0
510513,0,2,1983,0,0,0,0,0,0,0,0,0,0
510513,0,3,1983,0,0,0,14,0,0,0,16,0,0
510513,1,1,1983,20,26,13,0,9,20,0,18,8,16
510514,0,1,1983,31,31,31,31,31,31,31,31,31,31
510514,1,1,1983,28,16,25,31,14,31,21,22,45,18
510515,1,1,1983,31,8,7,19,10,8,10,12,6,0
510515,2,1,1983,1,1,1,1,1,1,1,1,1,1
510515,3,1,1983,0,0,0,0,0,0,0,0,0,0
510515,4,1,1983,0,0,0,0,0,0,0,0,0,0
510516,1,1,1983,16,0,6,12,13,27,22,34,16,14
510516,2,1,1983,0,0,0,0,0,0,0,0,0,0
510517,1,1,1983,0,0,0,0,0,0,0,0,0,0
510518,1,1,1983,16,16,16,16,16,16,16,16,16,16
510519,1,1,1983,0,0,0,0,0,0,0,13,0,0
510519,2,1,1983,2,2,2,2,2,2,2,2,2,2
510520,1,1,1983,23,23,23,23,23,23,23,23,23,23
510521,1,1,1983,7,7,7,7,7,7,7,7,7,7
510522,1,1,1983,0,0,0,0,0,0,0,0,0,0
510523,0,1,1983,0,0,0,0,0,0,0,0,0,0
510523,1,1,1983,0,0,0,0,0,0,0,0,0,0
510524,1,1,1983,0,0,0,0,0,0,0,0,0,0
510524,2,1,1983,0,0,0,0,0,0,0,0,0,0
510525,1,1,1983,0,0,0,0,0,0,0,0,0,0
510526,1,1,1983,12,0,0,0,0,0,0,0,0,0
510526,2,1,1983,0,23,0,0,0,7,0,0,0,0
510527,1,1,1983,0,0,0,0,0,0,0,0,0,0
510527,2,1,1983,16,16,16,16,16,16,16,16,16,16
510528,1,1,1983,0,0,0,0,0,0,0,0,0,0
510528,2,1,1983,0,0,0,0,0,0,0,0,0,0
510529,1,1,1983,13,23,17,36,4,22,16,14,15,15
510530,1,1,1983,21,15,11,20,18,23,28,6,15,18
510531,0,1,1983,25,25,25,25,25,25,25,25,25,25
510531,1,1,1983,0,0,0,0,0,0,0,0,0,0
510532,0,1,1983,12,12,12,12,12,12,12,12,12,12
510532,1,1,1983,0,0,0,15,0,0,0,16,0,21
510533,1,1,1983,16,16,16,16,16,16,16,16,16,16
510534,1,1,1983,0,0,0,0,0,0,0,0,0,0
510535,1,1,1983,0,0,0,0,0,0,0,0,0,0
510535,2,1,1983,0,0,0,0,0,0,0,0,0,0
510536,1,1,1983,14,14,12,0,6,14,6,5,19,14
510537,1,1,1983,0,0,0,0,0,0,0,0,0,0
510537,2,1,1983,0,0,0,0,0,0,0,14,0,0
510538,1,1,1983,21,25,17,25,9,26,18,24,35,24
510539,1,1,1983,18,18,18,18,18,18,18,18,18,18
510540,1,1,1983,11,11,11,11,11,11,11,11,11,11
510541,1,1,1983,35,35,35,35,35,35,35,35,35,35
510542,0,1,1983,0,0,0,0,0,0,0,0,0,0
510542,1,1,1983,6,0,0,0,0,0,0,0,0,0
510543,1,1,1983,0,0,0,0,0,0,0,0,0,16
510544,0,1,1983,0,0,0,0,0,0,0,0,0,0
510544,1,1,1983,9,22,0,0,0,0,0,0,0,0
510545,1,1,1983,0,0,0,0,0,0,0,0,0,0
510545,2,1,1983,0,0,0,0,0,0,0,0,29,13
510545,3,1,1983,0,0,0,0,0,0,0,0,0,0
510545,4,1,1983,0,0,0,0,0,0,0,0,0,0
510546,1,1,1983,0,0,0,0,0,0,0,0,0,0
510546,2,2,1983,0,0,0,0,0,0,0,0,0,0
510547,1,1,1983,9,9,9,9,9,9,9,9,9,9
510548,1,1,1983,1,1,1,1,1,1,1,1,1,1
510548,2,1,1983,0,0,0,0,0,0,0,0,0,0
510549,0,1,1983,15,15,15,15,15,15,15,15,15,15
510549,1,1,1983,12,0,0,0,18,0,0,0,0,0
510550,0,1,1983,0,0,0,0,0,0,0,0,0,0
510550,1,1,1983,0,0,0,0,0,0,29,0,0,0
510551,1,1,1983,19,19,19,19,19,19,19,19,19,19
510552,1,1,1983,0,0,0,0,0,0,0,0,0,0
510553,1,1,1983,0,0,0,0,0,0,0,0,0,0
510554,1,1,1983,3,0,0,20,23,0,11,21,19,16
510555,1,1,1983,22,22,22,22,22,22,22,22,22,22
510556,1,1,1983,24,24,24,24,24,24,24,24,24,24
510557,0,1,1983,15,15,15,15,15,15,15,15,15,15
510557,1,1,1983,0,0,0,0,0,0,12,0,10,0
510558,1,1,1983,0,0,0,0,0,0,0,0,0,0
510559,1,1,1983,13,0,0,0,0,0,0,0,0,0
510559,2,1,1983,0,0,0,0,0,0,0,0,0,0
510560,0,1,1983,0,0,0,0,0,0,0,0,0,0
510560,1,1,1983,0,0,0,0,0,0,0,0,0,0
510561,0,1,1983,0,0,0,0,0,0,0,0,0,0
510561,1,1,1983,8,20,26,15,14,10,6,8,13,14
510563,1,1,1983,0,0,0,0,0,0,0,0,0,0
510564,1,1,1983,4,15,29,8,16,9,20,24,12,7
510564,2,1,1983,0,0,0,6,0,0,0,0,0,0
510564,3,1,1983,0,0,0,0,0,0,3,0,0,0
510565,1,1,1983,0,0,0,0,0,0,0,0,0,0
510566,1,1,1983,16,16,16,16,16,16,16,16,16,16
510567,1,1,1983,20,20,20,20,20,20,20,20,20,20
510567,2,1,1983,0,0,0,0,0,0,0,0,0,10
510568,1,1,1983,0,0,0,0,0,0,0,0,0,0
510568,2,1,1983,0,0,0,0,0,0,0,0,0,0
510569,1,1,1983,0,0,0,0,0,0,0,0,0,0
510569,2,1,1983,13,20,10,10,20,8,17,9,17,0
510570,1,1,1983,14,13,21,17,3,26,13,21,11,10
510571,0,1,1983,26,26,26,26,26,26,26,26,26,26
510571,1,1,1983,0,0,19,0,0,0,17,0,10,0
510572,1,1,1983,0,0,0,0,0,0,0,0,0,0
510573,1,1,1983,0,0,0,0,0,0,0,4,0,0
510574,1,1,1983,13,17,6,17,7,26,20,17,10,11
510575,1,1,1983,20,8,23,26,25,13,18,9,0,20
510575,2,1,1983,0,0,0,0,0,0,0,0,0,0
510576,1,1,1983,0,0,0,0,0,0,0,0,0,0
510577,0,1,1983,17,25,15,13,12,15,10,23,17,16
510577,1,1,1983,0,0,0,0,0,12,0,0,0,0
510578,0,1,1983,0,0,0,0,0,0,0,0,0,0
510578,1,1,1983,0,0,0,0,0,0,13,0,0,0
510579,1,1,1983,14,14,14,14,14,14,14,14,14,14
510579,2,1,1983,0,0,0,0,0,0,36,0,21,6
510580,1,1,1983,0,0,0,0,0,0,0,17,0,0
510580,2,1,1983,0,0,0,0,0,0,0,0,0,0
510581,1,1,1983,0,0,0,0,0,0,0,0,0,0
510581,2,1,1983,0,0,0,7,0,0,0,0,21,0
510582,1,1,1983,27,27,27,27,27,27,27,27,27,27
510583,1,1,1983,10,10,10,10,10,10,10,10,10,10
510584,0,1,1983,22,22,22,22,22,22,22,22,22,22
510584,1,1,1983,0,0,0,0,0,0,0,0,0,8
510584,2,1,1983,0,0,0,0,0,0,0,0,0,0
510585,1,1,1983,0,0,0,0,0,0,0,0,7,0
510585,2,1,1983,0,0,0,0,0,0,12,0,0,0
510586,1,1,1983,22,22,22,22,22,22,22,22,22,22
510587,1,1,1983,0,0,0,0,0,0,0,0,13,0
510587,2,1,1983,31,31,31,31,31,31,31,31,31,31
510588,1,1,1983,0,0,0,0,0,8,0,0,0,7
510588,2,1,1983,0,0,0,0,0,0,0,0,0,0