ST_CASE,VEH_NO,PER_NO,YEAR,P1,P2,P3,P4,P5,P6,P7,P8,P9,P10
530060,1,1,1983,0,0,0,0,0,0,0,0,0,11
530061,1,1,1983,23,14,19,20,12,0,18,16,20,20
530062,1,1,1983,16,16,16,16,16,16,16,16,16,16
530063,1,1,1983,0,0,0,0,0,0,0,0,0,0
530063,2,1,1983,0,0,0,0,0,0,7,0,0,0
530064,1,1,1983,14,0,0,0,0,0,0,0,0,0
530065,1,1,1983,0,0,16,0,0,0,0,0,0,0
530066,0,1,1983,0,0,0,0,0,0,0,0,0,0
530066,1,1,1983,3,3,3,3,3,3,3,3,3,3
530067,1,1,1983,0,0,0,0,0,0,0,0,0,0
530067,2,1,1983,0,0,0,0,0,0,0,0,0,0
530068,1,1,1983,31,4,54,26,24,15,5,6,23,11
530069,1,1,1983,0,0,0,0,0,0,0,0,0,0
530070,1,1,1983,3,3,3,3,3,3,3,3,3,3
530071,1,1,1983,0,0,0,0,0,0,0,0,0,0
530071,2,1,1983,12,16,0,10,0,17,0,2,0,0
530072,0,1,1983,0,0,0,0,0,0,0,14,0,0
530072,1,1,1983,22,22,22,22,22,22,22,22,22,22
530073,1,1,1983,18,18,18,18,18,18,18,18,18,18
530074,1,1,1983,18,18,18,18,18,18,18,18,18,18
530075,1,1,1983,0,0,0,0,0,0,0,0,0,0
530076,1,1,1983,0,0,0,0,0,0,0,0,0,0
530077,1,1,1983,19,19,19,19,19,19,19,19,19,19
530078,0,1,1983,0,0,0,0,0,0,0,0,0,0
530078,1,1,1983,0,0,0,0,0,0,0,11,0,0
530079,1,1,1983,16,16,16,16,16,16,16,16,16,16
530080,1,1,1983,15,15,15,15,15,15,15,15,15,15
530081,1,1,1983,17,14,14,14,24,0,16,16,15,18
530082,1,1,1983,25,25,25,25,25,25,25,25,25,25
530083,1,1,1983,0,0,0,0,26,0,0,0,0,17
530084,1,1,1983,10,10,10,10,10,10,10,10,10,10
530085,1,1,1983,14,14,14,14,14,14,14,14,14,14
530086,1,1,1983,0,0,0,0,0,0,0,0,0,0
530086,2,1,1983,0,0,0,0,0,0,0,0,0,0
530087,1,1,1983,18,18,18,18,18,18,18,18,18,18
530088,1,1,1983,0,0,0,0,3,5,22,24,0,0
530088,2,1,1983,0,0,0,0,0,0,0,0,0,0
530088,3,1,1983,0,0,0,0,0,0,0,0,0,0
530089,1,1,1983,0,0,0,0,0,0,0,0,0,0
530089,2,1,1983,0,0,0,0,0,0,0,0,0,0
530090,1,1,1983,16,16,16,16,16,16,16,16,16,16
530091,1,1,1983,20,20,20,20,20,20,20,20,20,20
530091,2,1,1983,0,0,0,0,0,0,0,0,33,31
530092,1,1,1983,0,0,0,0,18,0,0,0,0,0
530092,2,1,1983,0,0,0,0,0,11,0,0,0,0
530093,1,1,1983,17,17,17,17,17,17,17,17,17,17
530094,1,1,1983,22,22,22,22,22,22,22,22,22,22
530095,1,1,1983,17,17,17,17,17,17,17,17,17,17
530096,1,1,1983,8,8,8,8,8,8,8,8,8,8
530096,2,1,1983,0,0,0,0,0,0,0,0,0,0
530096,3,1,1983,0,0,0,0,0,0,0,0,0,0
530096,4,1,1983,10,0,0,0,0,0,0,0,0,0
530097,1,1,1983,0,0,0,0,0,0,0,0,0,0
530097,2,1,1983,0,0,0,0,0,0,0,0,10,0
530098,1,1,1983,0,0,2,10,0,0,0,0,7,0
530098,2,1,1983,0,0,0,0,0,0,0,0,0,0
530099,0,1,1983,13,13,13,13,13,13,13,13,13,13
530099,1,1,1983,0,0,0,0,22,0,0,0,16,0
530100,1,1,1983,9,20,21,19,9,12,36,17,7,14
530102,1,1,1983,19,19,19,19,19,19,19,19,19,19
530103,0,1,1983,0,0,0,0,0,0,0,0,0,0
530103,1,1,1983,0,0,0,0,0,0,0,0,0,0
530104,1,1,1983,12,12,12,12,12,12,12,12,12,12
530105,1,1,1983,0,0,0,0,0,0,0,0,0,0
530106,1,1,1983,0,0,0,0,0,0,0,0,0,0
530106,2,1,1983,2,2,2,2,2,2,2,2,2,2
530107,1,1,1983,19,13,16,15,14,24,19,0,41,10
530108,1,1,1983,0,0,0,0,0,11,0,0,0,0
530108,2,1,1983,0,0,0,0,0,36,0,18,23,0
530109,1,1,1983,0,0,23,36,0,36,15,0,0,0
530109,2,1,1983,0,0,0,0,0,17,0,0,0,0
530110,1,1,1983,15,22,10,13,6,3,24,22,17,12
530111,1,1,1983,0,0,0,0,0,0,0,0,0,0
530111,2,1,1983,0,0,0,0,0,0,0,0,0,0
530112,1,1,1983,22,22,22,22,22,22,22,22,22,22
530113,1,1,1983,24,24,24,24,24,24,24,24,24,24
530113,2,1,1983,0,0,0,0,0,0,22,0,0,0
530114,1,1,1983,14,14,14,14,14,14,14,14,14,14
530116,1,1,1983,25,0,16,0,0,0,10,0,23,0
530116,2,1,1983,0,11,0,0,0,0,0,0,0,0
530117,1,1,1983,0,0,0,0,0,0,0,0,0,0
530117,2,1,1983,0,0,0,0,0,0,0,0,0,0
530118,0,1,1983,0,0,0,0,0,0,0,0,0,0
530118,1,1,1983,0,0,0,0,0,0,0,0,0,17
530119,0,1,1983,0,0,0,0,0,0,0,0,0,0
530119,1,1,1983,24,17,11,38,34,17,23,15,26,19
530120,1,1,1983,0,0,0,0,0,0,0,0,0,0
530120,2,1,1983,0,0,0,0,0,0,0,0,0,0
530121,1,1,1983,13,13,13,13,13,13,13,13,13,13
530122,1,1,1983,7,18,18,21,27,29,17,24,22,15
530123,0,1,1983,0,0,0,0,0,0,0,0,0,0
530123,0,2,1983,0,0,0,0,0,0,0,0,0,0
530123,1,1,1983,0,0,0,0,0,0,0,0,0,0
530124,1,1,1983,21,21,21,21,21,21,21,21,21,21
530125,1,1,1983,28,28,28,28,28,28,28,28,28,28
530125,2,1,1983,11,0,0,0,0,0,0,0,0,0
530126,1,1,1983,30,30,30,30,30,30,30,30,30,30
530127,1,1,1983,0,0,0,0,0,0,0,0,0,0
530127,2,1,1983,0,0,0,0,0,0,0,0,0,0
530127,3,1,1983,0,0,0,0,0,0,0,0,0,12
530127,4,1,1983,0,0,0,0,0,0,0,0,0,0
530128,1,1,1983,1,1,1,1,1,1,1,1,1,1
530129,1,1,1983,25,25,25,25,25,25,25,25,25,25
530130,1,1,1983,0,0,0,0,0,0,0,0,0,0
530131,1,1,1983,19,19,19,19,19,19,19,19,19,19
530132,1,1,1983,20,20,20,20,20,20,20,20,20,20
530133,1,1,1983,12,12,12,12,12,12,12,12,12,12
530134,1,1,1983,16,16,16,16,16,16,16,16,16,16
530135,1,1,1983,0,0,0,0,0,9,0,0,0,0
530135,2,1,1983,0,0,12,0,8,0,0,0,8,0
530136,1,1,1983,20,20,20,20,20,20,20,20,20,20
530137,1,1,1983,4,4,4,4,4,4,4,4,4,4
530138,0,1,1983,0,0,0,0,0,0,0,0,0,0
530138,1,1,1983,0,12,0,0,0,0,0,0,0,0
530139,1,1,1983,23,10,13,15,12,19,9,15,30,24
530140,1,1,1983,21,21,21,21,21,21,21,21,21,21
530141,1,1,1983,0,0,0,0,0,0,0,0,10,0
530141,2,1,1983,0,0,0,0,0,0,0,0,0,0
530141,3,1,1983,13,6,0,0,0,7,0,0,0,0
530141,4,1,1983,0,0,0,0,0,0,0,0,0,0
530142,1,1,1983,31,31,31,31,31,31,31,31,31,31
530143,1,1,1983,18,18,18,18,18,18,18,18,18,18
530143,2,1,1983,0,0,0,0,0,0,0,0,0,0
530144,1,1,1983,0,0,0,0,0,0,0,0,0,0
530144,2,1,1983,0,0,0,0,0,0,0,0,15,0
530145,1,1,1983,0,0,0,0,0,0,0,0,0,0
530145,2,1,1983,0,0,0,0,0,20,0,0,0,0
530146,1,1,1983,0,0,0,0,0,0,0,0,0,0
530147,1,1,1983,29,29,29,29,29,29,29,29,29,29
530148,1,1,1983,0,0,0,0,0,0,0,0,0,0
530149,1,1,1983,17,17,17,17,17,17,17,17,17,17
530150,1,1,1983,0,0,0,0,0,0,0,0,0,0
530150,2,1,1983,0,0,0,0,0,0,0,0,0,0
530151,1,1,1983,0,0,0,0,0,0,0,0,0,0
530152,1,1,1983,0,0,0,0,0,0,0,0,0,0
530152,2,1,1983,14,14,14,14,14,14,14,14,14,14
530153,1,1,1983,0,0,0,0,0,0,0,0,0,0
530153,2,1,1983,0,0,12,0,0,0,0,0,0,0
530154,0,1,1983,0,0,0,0,0,0,0,0,0,0
530154,1,1,1983,0,0,0,0,0,0,0,0,0,0
530155,1,1,1983,17,17,17,17,17,17,17,17,17,17
530155,2,1,1983,27,22,0,0,0,0,0,0,0,8
530156,1,1,1983,18,18,18,18,18,18,18,18,18,18
530157,1,1,1983,6,15,7,30,10,27,15,0,0,7
530158,1,1,1983,23,9,17,11,7,22,20,18,14,7
530159,1,1,1983,0,0,0,0,0,0,0,0,0,0
530159,2,1,1983,0,0,0,0,0,0,0,0,0,0
530160,0,1,1983,5,5,5,5,5,5,5,5,5,5
530160,1,1,1983,0,0,0,0,0,0,0,0,0,0
530161,1,1,1983,27,27,27,27,27,27,27,27,27,27
530162,0,1,1983,0,0,0,0,0,0,0,0,0,0
530162,1,1,1983,0,0,0,0,0,0,0,0,0,0
530163,1,1,1983,28,27,22,0,10,0,7,0,10,17
530164,1,1,1983,0,0,0,0,0,0,0,0,0,0
530164,2,1,1983,0,0,0,0,0,0,0,0,6,0
530165,1,1,1983,7,7,7,7,7,7,7,7,7,7
530166,1,1,1983,11,11,11,11,11,11,11,11,11,11
530167,1,1,1983,0,0,0,0,0,0,0,0,0,0
530168,1,1,1983,17,17,17,17,17,17,17,17,17,17
530169,1,1,1983,0,0,0,0,0,0,0,0,17,0
530169,2,1,1983,0,0,0,0,0,0,0,0,0,0
530170,1,1,1983,12,12,12,12,12,12,12,12,12,12
530171,1,1,1983,17,17,17,17,17,17,17,17,17,17
530171,2,1,1983,0,0,0,0,0,0,0,0,0,0
530172,1,1,1983,0,0,0,0,0,0,0,0,0,0
530172,2,1,1983,0,0,0,0,0,0,0,0,0,0
530173,1,1,1983,0,0,0,0,0,0,0,0,0,0
530173,2,1,1983,6,0,0,8,14,0,0,0,6,9
530174,1,1,1983,10,19,22,14,16,24,10,12,21,8
530174,2,1,1983,0,0,0,0,0,0,11,20,0,0
530175,1,1,1983,4,0,0,0,13,0,14,14,4,0
530176,1,1,1983,5,5,5,5,5,5,5,5,5,5
530177,1,1,1983,0,21,24,7,19,12,0,22,24,28
530178,1,1,1983,8,4,0,2,13,0,0,16,5,3
530179,1,1,1983,0,0,0,0,0,0,0,0,11,0
530179,2,1,1983,0,0,0,0,0,0,0,0,0,0
530180,1,1,1983,0,0,0,0,0,0,0,0,0,0
530181,1,1,1983,13,13,13,13,13,13,13,13,13,13
530182,1,1,1983,14,14,14,14,14,14,14,14,14,14
530183,1,1,1983,10,10,10,10,10,10,10,10,10,10
530184,1,1,1983,0,11,0,9,18,0,20,19,11,17
530184,2,1,1983,30,21,16,0,30,6,0,7,9,10
530185,1,1,1983,0,0,0,0,6,0,0,0,0,0
530185,2,1,1983,6,0,22,11,0,26,11,12,25,19
530186,1,1,1983,0,0,0,0,0,0,0,0,0,0
530186,2,1,1983,22,0,0,34,13,0,24,0,0,0
530187,1,1,1983,0,0,0,0,0,0,0,0,0,0
530187,2,1,1983,0,0,0,0,0,0,0,0,0,0
530188,1,1,1983,22,22,22,22,22,22,22,22,22,22
530189,1,1,1983,35,35,35,35,35,35,35,35,35,35
530190,1,1,1983,0,0,0,0,0,0,0,0,0,0
530190,2,1,1983,12,12,12,12,12,12,12,12,12,12
530191,1,1,1983,5,5,5,5,5,5,5,5,5,5
530191,2,1,1983,21,0,10,0,0,0,0,0,0,10
530192,1,1,1983,17,0,0,0,0,0,0,0,0,0
530192,2,1,1983,0,0,0,0,0,0,0,0,0,0
530193,1,1,1983,0,0,0,0,0,0,0,0,0,0
530194,1,1,1983,11,11,11,11,11,11,11,11,11,11
530195,1,1,1983,0,0,0,0,0,0,0,0,0,0
530195,2,1,1983,0,0,0,0,0,0,0,0,0,0
530196,1,1,1983,0,0,0,0,0,0,0,0,0,0
530196,2,1,1983,0,0,0,0,12,18,0,0,0,0
530197,1,1,1983,0,0,0,0,0,0,0,0,0,0
530198,0,1,1983,0,0,0,0,0,0,0,0,0,0
530198,1,1,1983,21,0,0,0,0,0,0,0,0,0
530199,1,1,1983,12,12,12,12,12,12,12,12,12,12
530200,1,1,1983,12,12,12,12,12,12,12,12,12,12
530201,1,1,1983,27,27,27,27,27,27,27,27,27,27
530202,1,1,1983,0,0,0,0,0,0,0,0,0,0
530203,0,1,1983,0,0,0,0,0,0,0,0,0,0
530203,1,1,1983,0,0,4,0,0,0,0,0,0,0
530204,1,1,1983,15,8,19,0,13,0,12,11,11,0
530205,0,1,1983,0,0,0,0,0,0,0,0,0,0
530205,1,1,1983,12,0,16,11,12,23,27,18,11,16
530206,1,1,1983,0,0,0,0,35,0,0,0,0,0
530206,2,1,1983,43,43,43,43,43,43,43,43,43,43
530207,1,1,1983,11,11,11,11,11,11,11,11,11,11
530208,1,1,1983,13,13,13,13,13,13,13,13,13,13
530208,2,1,1983,7,7,7,7,7,7,7,7,7,7
530209,1,1,1983,0,0,17,0,0,0,0,5,0,0
530209,2,1,1983,0,0,0,0,0,0,0,0,9,0
530210,0,1,1983,0,0,0,0,0,0,0,0,0,0
530210,1,1,1983,0,0,0,0,0,0,0,0,0,0
530211,1,1,1983,0,0,0,0,0,0,0,0,0,0
530211,2,1,1983,0,0,0,0,0,0,0,0,0,0
530211,3,1,1983,0,0,0,0,0,0,0,0,0,0
530212,0,1,1983,0,0,0,0,0,0,0,0,0,28
530212,1,1,1983,0,0,0,0,0,0,0,0,0,0
530213,1,1,1983,0,12,0,0,0,0,0,0,0,0
530213,2,1,1983,0,0,0,0,0,0,0,0,0,0
530214,1,1,1983,16,16,16,16,16,16,16,16,16,16
530215,1,1,1983,0,0,0,0,0,0,0,0,0,0
530216,1,1,1983,11,11,11,11,11,11,11,11,11,11
530216,2,1,1983,11,11,11,11,11,11,11,11,11,11
530217,1,1,1983,0,0,0,0,0,0,0,0,0,0
530218,1,1,1983,0,0,0,0,0,0,0,0,0,0
530219,0,1,1983,0,0,0,0,0,0,0,0,0,0
530219,1,1,1983,21,21,21,21,21,21,21,21,21,21
530220,1,1,1983,0,0,5,0,0,0,0,0,0,0
530220,2,1,1983,0,0,0,0,0,0,0,0,0,0
530221,1,1,1983,8,8,8,8,8,8,8,8,8,8
530222,1,1,1983,13,13,13,13,13,13,13,13,13,13
530223,1,1,1983,19,19,19,19,19,19,19,19,19,19
530224,1,1,1983,0,0,0,0,0,0,0,0,0,0
530224,2,1,1983,0,0,0,0,0,0,0,0,0,0
530225,1,1,1983,0,0,0,0,0,0,0,0,0,0
530226,1,1,1983,15,15,15,15,15,15,15,15,15,15
530227,1,1,1983,8,8,8,8,8,8,8,8,8,8
530228,1,1,1983,14,14,14,14,14,14,14,14,14,14
530229,1,1,1983,0,0,0,0,0,0,0,0,0,0
530229,2,1,1983,0,0,0,0,13,0,0,0,0,0
530230,1,1,1983,16,16,16,16,16,16,16,16,16,16
530230,2,1,1983,16,16,24,25,0,17,20,13,25,26
530231,1,1,1983,20,20,20,20,20,20,20,20,20,20
530232,1,1,1983,7,17,16,17,0,6,3,9,5,11
530232,2,1,1983,2,2,2,2,2,2,2,2,2,2
530233,1,1,1983,0,17,11,21,0,24,27,23,15,0
530234,1,1,1983,0,25,0,0,0,0,0,0,0,0
530235,0,1,1983,12,12,12,12,12,12,12,12,12,12
530235,1,1,1983,0,0,0,0,0,0,0,0,8,0
530236,0,1,1983,8,8,8,8,8,8,8,8,8,8
530236,1,1,1983,0,0,0,0,0,0,4,0,0,0
530237,1,1,1983,0,0,0,0,0,0,0,0,0,0
530237,2,1,1983,0,0,0,0,0,0,0,0,0,0
530237,3,1,1983,0,23,0,0,0,0,0,0,0,0
530237,4,1,1983,0,0,12,0,0,0,0,0,0,0
530238,1,1,1983,7,7,7,7,7,7,7,7,7,7
530238,2,1,1983,23,23,23,23,23,23,23,23,23,23
530238,3,1,1983,3,3,3,3,3,3,3,3,3,3
530239,1,1,1983,0,5,0,0,0,0,0,0,0,0
530239,2,1,1983,0,0,0,0,0,0,0,0,0,0
530239,3,1,1983,0,0,0,0,0,0,0,0,0,0
530240,1,1,1983,0,0,0,0,0,0,0,0,0,0
530240,2,1,1983,0,0,0,0,0,0,0,0,0,0
530241,1,1,1983,23,23,23,23,23,23,23,23,23,23
530242,1,1,1983,0,0,0,0,0,0,0,0,0,0
530242,2,1,1983,0,0,0,0,0,0,0,0,0,0
530243,0,1,1983,0,0,0,0,0,0,0,0,0,0
530243,1,1,1983,0,0,0,0,0,0,0,0,0,0
530244,1,1,1983,0,0,0,0,0,0,0,0,0,0
530244,2,1,1983,0,0,0,0,0,0,0,0,0,0
530245,1,1,1983,15,15,15,15,15,15,15,15,15,15
530246,1,1,1983,23,23,23,23,23,23,23,23,23,23
530247,1,1,1983,13,13,13,13,13,13,13,13,13,13
530247,2,1,1983,7,7,7,7,7,7,7,7,7,7
530248,0,1,1983,0,0,0,0,0,0,0,0,0,0
530248,1,1,1983,27,27,27,27,27,27,27,27,27,27
530249,1,1,1983,14,14,14,14,14,14,14,14,14,14
530250,1,1,1983,0,0,0,0,0,0,0,0,0,0
530251,1,1,1983,0,0,0,13,15,0,0,12,0,13
530251,2,1,1983,2,2,2,2,2,2,2,2,2,2
530252,1,1,1983,7,7,7,7,7,7,7,7,7,7
530253,1,1,1983,17,17,17,17,17,17,17,17,17,17
530254,0,1,1983,0,0,0,0,0,0,0,0,0,0
530254,1,1,1983,0,0,0,0,0,0,0,0,0,0
530255,1,1,1983,18,18,18,18,18,18,18,18,18,18
530256,1,1,1983,29,29,0,28,14,10,15,0,17,0
530257,0,1,1983,0,0,0,0,0,0,0,0,0,0
530257,1,1,1983,0,0,0,0,0,0,0,0,0,0
530258,1,1,1983,0,0,0,0,0,0,0,0,0,0
530258,2,1,1983,0,0,0,0,0,0,0,0,0,0
530259,1,1,1983,0,0,0,0,0,0,0,0,0,0
530260,1,1,1983,20,20,20,20,20,20,20,20,20,20
530261,1,1,1983,9,9,9,9,9,9,9,9,9,9
530261,2,1,1983,5,6,0,6,0,23,14,22,13,2
530261,3,1,1983,0,0,0,0,0,0,0,0,0,0
530262,1,1,1983,0,0,0,0,0,0,0,0,0,0
530262,2,1,1983,0,0,0,0,0,0,0,12,0,0
530263,1,1,1983,0,0,0,0,0,0,0,0,0,0
530263,2,1,1983,0,0,0,15,0,0,0,0,0,0
530264,1,2,1983,13,13,13,13,13,13,13,13,13,13
530265,1,1,1983,0,0,0,0,0,0,0,0,0,0
530265,2,1,1983,0,0,0,0,0,0,0,0,0,0
530266,1,1,1983,10,10,10,10,10,10,10,10,10,10
530267,1,1,1983,0,0,23,0,9,0,0,0,0,0
530267,2,1,1983,0,0,0,11,20,0,0,0,0,0
530268,1,1,1983,0,0,0,0,0,0,0,0,0,0
530268,2,1,1983,0,0,0,0,0,0,0,0,0,0
530269,1,1,1983,13,13,13,13,13,13,13,13,13,13
530269,2,1,1983,0,0,0,0,0,0,0,0,0,0
530270,1,1,1983,7,7,7,7,7,7,7,7,7,7
530271,1,1,1983,16,16,16,16,16,16,16,16,16,16
530272,1,1,1983,15,15,15,15,15,15,15,15,15,15
530273,1,1,1983,0,0,0,0,0,0,0,0,0,0
530274,1,1,1983,0,0,0,0,0,0,0,0,0,0
530275,0,1,1983,15,15,15,15,15,15,15,15,15,15
530275,1,1,1983,0,0,0,0,0,0,0,0,0,0
530276,1,1,1983,0,0,0,0,0,0,0,0,0,0
530277,1,1,1983,8,10,25,5,11,17,17,16,37,23
530278,1,1,1983,22,0,0,0,0,0,0,0,0,0
530278,2,1,1983,0,19,0,0,0,0,0,13,0,0
530279,1,1,1983,0,0,0,0,0,0,0,0,0,0
530279,2,1,1983,0,0,0,0,0,0,0,0,0,0
530279,3,1,1983,0,0,0,0,0,0,0,0,0,0
530279,4,1,1983,0,0,0,0,0,0,0,0,0,0
530280,1,1,1983,19,19,19,19,19,19,19,19,19,19
530281,1,1,1983,0,0,0,0,0,0,0,0,0,16
530281,2,1,1983,0,0,0,0,0,0,0,0,0,0
530281,3,1,1983,0,22,0,0,0,0,12,16,16,15
530282,1,1,1983,13,13,13,13,13,13,13,13,13,13
530283,1,1,1983,0,0,0,0,0,0,0,0,0,0
530283,2,1,1983,0,0,0,0,0,0,0,0,0,0
530284,0,1,1983,10,10,10,10,10,10,10,10,10,10
530284,1,1,1983,25,25,25,25,25,25,25,25,25,25
530285,1,1,1983,9,9,9,9,9,9,9,9,9,9
530285,2,1,1983,0,0,0,0,0,0,0,0,0,0
530286,1,1,1983,19,19,19,19,19,19,19,19,19,19
530286,2,1,1983,0,0,0,0,0,0,0,0,0,0
530286,3,1,1983,0,0,0,0,0,0,0,0,0,0
530287,1,1,1983,7,7,7,7,7,7,7,7,7,7
530287,2,1,1983,0,0,0,0,0,0,14,0,0,0
530288,1,1,1983,0,0,0,0,0,0,0,0,0,0
530289,0,1,1983,0,0,0,0,0,0,0,0,0,0
530290,0,1,1983,15,15,15,15,15,15,15,15,15,15
530290,1,1,1983,40,40,40,40,40,40,40,40,40,40
530291,0,1,1983,37,5,7,49,5,19,7,18,17,24
530291,1,1,1983,18,0,0,0,0,0,17,8,0,0
530292,1,1,1983,9,9,9,9,9,9,9,9,9,9
530293,1,1,1983,0,0,0,0,0,0,0,0,11,0
530294,1,1,1983,5,5,5,5,5,5,5,5,5,5
530294,2,1,1983,21,21,21,21,21,21,21,21,21,21
530295,0,1,1983,0,0,0,0,0,0,0,0,0,0
530295,1,1,1983,17,16,26,0,8,0,0,0,0,8
530296,0,1,1983,0,18,0,17,43,28,26,0,0,12
530296,1,1,1983,2,2,2,2,2,2,2,2,2,2
530297,1,1,1983,9,9,9,9,9,9,9,9,9,9
530298,1,1,1983,0,0,0,0,0,0,0,0,0,0
530298,2,1,1983,0,0,0,0,0,0,0,0,0,0
530299,1,1,1983,15,15,15,15,15,15,15,15,15,15
530300,1,1,1983,0,0,0,0,0,0,0,0,0,0
530300,2,1,1983,0,0,23,0,0,0,0,13,0,0
530300,3,1,1983,0,0,0,0,0,0,0,0,0,0
530301,1,1,1983,0,0,0,0,0,0,0,0,0,0
530302,1,1,1983,0,0,0,13,0,0,15,0,0,0
530302,2,1,1983,0,0,0,0,0,0,0,0,0,0
530303,1,1,1983,0,0,18,0,0,0,0,0,0,0
530304,1,1,1983,0,0,0,0,0,0,0,0,0,0
530304,2,1,1983,0,0,0,0,0,0,0,0,0,0
530305,1,1,1983,0,0,0,0,0,0,0,0,0,0
530306,1,1,1983,0,0,0,0,0,0,0,0,0,20
530307,1,1,1983,0,0,0,0,0,0,0,0,0,0
530307,2,1,1983,0,0,0,0,0,0,0,0,0,0
530308,1,1,1983,25,25,25,25,25,25,25,25,25,25
530308,2,1,1983,0,0,0,0,0,0,0,0,0,0
530309,1,1,1983,20,20,20,20,20,20,20,20,20,20
530309,2,1,1983,0,5,0,0,20,0,0,14,0,0
530310,0,1,1983,19,19,19,19,19,19,19,19,19,19
530310,0,2,1983,18,19,18,27,18,12,0,15,8,18
530310,0,3,1983,14,0,0,23,32,19,19,28,24,14
530310,0,4,1983,16,39,22,28,37,14,26,23,25,15
530310,1,1,1983,24,24,24,24,24,24,24,24,24,24
530311,1,1,1983,0,0,0,0,17,0,0,0,0,0
530311,2,1,1983,0,0,0,0,0,0,0,0,0,0
530312,0,1,1983,26,26,26,26,26,26,26,26,26,26
530312,1,1,1983,0,0,0,0,0,0,0,0,0,0
530313,1,1,1983,5,5,5,5,5,5,5,5,5,5
530313,2,1,1983,0,0,0,0,0,0,0,0,0,0
530314,1,1,1983,14,14,14,14,14,14,14,14,14,14
530315,1,1,1983,0,0,0,0,0,0,0,0,0,0
530316,1,1,1983,6,6,6,6,6,6,6,6,6,6
530317,1,1,1983,24,24,24,24,24,24,24,24,24,24
530318,0,1,1983,0,0,0,0,0,0,0,0,0,0
530318,1,1,1983,0,0,0,0,0,0,0,0,0,0
530319,0,1,1983,0,0,0,0,0,0,0,0,0,0
530319,1,1,1983,0,0,0,0,0,0,0,0,0,0
530320,1,1,1983,13,13,13,13,13,13,13,13,13,13
530320,2,1,1983,0,0,0,0,0,0,0,0,0,0
530321,1,1,1983,0,0,0,0,0,0,0,0,0,0
530321,2,1,1983,0,0,0,0,3,0,0,0,0,0
530322,1,1,1983,0,0,35,0,0,0,0,0,0,0
530322,2,1,1983,0,0,0,0,0,0,0,0,0,0
530323,1,1,1983,0,0,0,0,0,0,0,0,0,0
530324,0,1,1983,0,0,0,0,0,0,0,0,0,0
530324,1,1,1983,0,0,0,0,0,0,0,0,0,0
530324,2,1,1983,23,23,23,23,23,23,23,23,23,23
530325,1,1,1983,16,16,16,16,16,16,16,16,16,16
530326,1,1,1983,3,3,3,3,3,3,3,3,3,3
530327,1,1,1983,16,16,16,16,16,16,16,16,16,16
530328,1,1,1983,0,0,0,0,0,0,0,0,0,0
530329,1,1,1983,0,0,0,0,0,0,0,0,0,0
530330,1,1,1983,0,0,0,0,0,0,0,12,0,0
530330,2,1,1983,0,0,0,0,0,0,17,0,0,0
530331,1,1,1983,19,19,19,19,19,19,19,19,19,19
530331,2,1,1983,0,0,0,0,0,0,8,0,0,0
530331,3,1,1983,0,0,0,0,0,0,0,0,0,0
530331,4,1,1983,0,0,0,16,10,0,0,0,0,0
530332,1,1,1983,0,0,0,0,0,0,0,0,0,0
530333,1,1,1983,17,17,17,17,17,17,17,17,17,17
530334,0,1,1983,19,19,19,19,19,19,19,19,19,19
530334,1,1,1983,0,0,0,0,0,0,0,0,0,0
530335,1,1,1983,0,7,21,12,14,0,19,0,17,20
530336,1,1,1983,5,0,0,0,0,0,25,0,0,0
530336,2,1,1983,8,26,0,0,23,0,0,0,0,0
530337,1,1,1983,12,12,12,12,12,12,12,12,12,12
530338,1,1,1983,16,16,16,16,16,16,16,16,16,16
530339,1,1,1983,0,0,0,0,0,0,0,0,0,0
530339,2,1,1983,3,3,3,3,3,3,3,3,3,3
530340,1,1,1983,23,23,23,23,23,23,23,23,23,23
530340,2,1,1983,0,0,0,0,0,0,14,0,0,0
530341,1,1,1983,21,21,21,21,21,21,21,21,21,21
530341,2,1,1983,0,26,0,0,0,0,0,0,33,17
530342,1,1,1983,0,0,0,0,0,0,0,0,0,28
530342,2,1,1983,0,0,0,0,0,0,0,0,0,0
530343,1,1,1983,0,0,0,0,0,0,0,0,0,0
530343,2,1,1983,31,13,18,7,6,17,5,3,19,12
530344,1,1,1983,0,0,0,0,0,0,0,0,0,0
530344,2,1,1983,0,0,0,0,0,0,0,0,0,8
530344,3,1,1983,0,0,0,0,0,0,0,0,0,0
530345,1,1,1983,9,9,9,9,9,9,9,9,9,9
530346,1,1,1983,0,0,4,0,6,0,0,0,0,0
530346,2,1,1983,15,0,0,0,0,0,0,0,0,0
530346,3,1,1983,0,0,0,0,0,0,0,0,0,0
530347,1,1,1983,2,0,0,0,0,0,21,0,0,0
530347,2,1,1983,0,0,0,0,0,0,0,15,0,0
530347,3,1,1983,0,0,0,0,0,0,0,0,0,0
530347,4,1,1983,0,9,0,0,0,0,0,0,0,0
530348,0,1,1983,0,0,0,0,0,0,0,0,0,0
530348,1,1,1983,0,0,0,0,4,32,16,0,0,0
530349,0,1,1983,0,0,0,0,0,0,0,0,0,0
530349,1,1,1983,0,0,0,0,0,0,0,0,0,0
530350,1,1,1983,19,19,19,19,19,19,19,19,19,19