ST_CASE,VEH_NO,PER_NO,YEAR,P1,P2,P3,P4,P5,P6,P7,P8,P9,P10
530351,1,1,1983,9,9,9,9,9,9,9,9,9,9
530352,1,1,1983,16,16,16,16,16,16,16,16,16,16
530353,2,1,1983,0,0,0,0,0,0,0,0,0,0
530354,1,1,1983,19,19,19,19,19,19,19,19,19,19
530355,1,1,1983,0,23,10,0,14,0,12,0,5,0
530355,2,1,1983,0,0,0,0,0,0,0,0,0,0
530356,1,1,1983,14,14,14,14,14,14,14,14,14,14
530357,0,1,1983,0,0,0,0,0,0,0,0,0,0
530357,1,1,1983,0,0,0,0,0,0,0,0,0,0
530358,1,1,1983,21,21,21,21,21,21,21,21,21,21
530359,1,1,1983,7,7,7,7,7,7,7,7,7,7
530360,1,1,1983,9,9,9,9,9,9,9,9,9,9
530361,1,1,1983,7,7,7,7,7,7,7,7,7,7
530362,0,1,1983,0,0,0,0,0,0,0,0,0,0
530362,1,1,1983,0,13,0,0,0,0,0,0,0,0
530363,1,1,1983,0,0,0,0,0,0,0,0,0,0
530363,2,1,1983,0,0,0,0,0,0,0,0,0,0
530364,1,1,1983,19,19,19,19,19,19,19,19,19,19
530364,2,1,1983,0,0,0,0,0,0,0,0,0,0
530365,0,1,1983,30,30,30,30,30,30,30,30,30,30
530365,1,1,1983,7,7,7,7,7,7,7,7,7,7
530365,2,1,1983,9,13,3,19,6,11,30,20,7,17
530366,1,1,1983,12,12,12,12,12,12,12,12,12,12
530367,1,1,1983,0,0,0,0,0,0,0,0,0,0
530368,1,1,1983,11,11,11,11,11,11,11,11,11,11
530369,1,1,1983,11,11,11,11,11,11,11,11,11,11
530369,2,1,1983,32,8,30,14,34,11,23,25,12,8
530370,0,1,1983,0,0,0,0,0,0,0,0,0,0
530370,1,1,1983,21,0,0,13,0,0,0,20,8,0
530371,1,1,1983,19,19,19,19,19,19,19,19,19,19
530372,1,1,1983,0,0,0,0,0,0,0,0,0,0
530372,2,1,1983,0,0,0,0,0,0,0,0,0,0
530373,1,1,1983,21,21,21,21,21,21,21,21,21,21
530373,2,1,1983,0,0,0,0,0,0,0,0,19,0
530373,3,1,1983,0,0,0,0,0,0,0,0,20,0
530373,4,1,1983,0,0,0,0,0,0,0,0,0,0
530373,5,1,1983,12,12,12,12,12,12,12,12,12,12
530373,6,1,1983,0,0,0,0,0,0,0,0,0,0
530373,7,1,1983,0,0,0,0,0,0,13,0,0,0
530374,1,1,1983,0,0,0,0,0,0,0,0,0,0
530375,0,1,1983,16,16,16,16,16,16,16,16,16,16
530375,1,1,1983,11,0,17,0,0,0,0,8,19,29
530376,0,1,1983,0,0,0,0,0,0,0,0,0,0
530376,1,1,1983,0,0,0,0,0,0,0,0,0,0
530377,1,1,1983,0,0,0,0,0,0,0,0,0,0
530379,1,1,1983,0,0,0,0,0,0,0,0,0,0
530379,2,1,1983,0,0,0,0,0,0,0,0,0,0
530380,1,1,1983,25,25,25,25,25,25,25,25,25,25
530381,1,1,1983,0,0,0,0,0,0,0,0,0,0
530382,1,1,1983,18,10,0,16,0,10,24,0,17,18
530383,1,1,1983,0,0,0,0,0,0,0,0,0,0
530383,2,1,1983,19,19,19,19,19,19,19,19,19,19
530384,1,1,1983,0,0,0,0,0,0,0,0,0,0
530384,2,1,1983,0,0,0,0,6,0,0,0,0,15
530385,1,1,1983,10,20,32,13,19,14,16,21,25,17
530386,1,1,1983,11,11,11,11,11,11,11,11,11,11
530387,1,1,1983,8,8,8,8,8,8,8,8,8,8
530388,1,1,1983,0,0,0,0,0,0,0,0,19,0
530389,1,1,1983,15,15,15,15,15,15,15,15,15,15
530390,1,1,1983,0,11,0,0,0,0,0,0,0,0
530390,2,1,1983,21,21,21,21,21,21,21,21,21,21
530391,0,1,1983,0,0,0,0,0,0,0,0,0,0
530391,1,1,1983,0,0,0,0,0,0,0,0,0,0
530392,1,1,1983,20,20,20,20,20,20,20,20,20,20
530393,1,1,1983,0,0,0,0,0,0,0,0,0,0
530393,2,1,1983,0,0,0,0,0,0,0,0,0,0
530394,1,1,1983,18,18,18,18,18,18,18,18,18,18
530395,1,1,1983,13,13,13,13,13,13,13,13,13,13
530395,2,1,1983,0,0,0,0,0,0,0,0,0,0
530396,1,1,1983,0,0,0,0,0,0,0,0,0,0
530397,1,1,1983,0,0,15,0,0,0,0,0,16,0
530398,1,1,1983,16,16,16,16,16,16,16,16,16,16
530399,1,1,1983,0,0,0,0,0,0,0,0,0,0
530399,2,1,1983,0,0,0,0,0,0,11,0,0,0
530400,0,1,1983,0,0,0,0,0,0,0,0,0,0
530400,1,1,1983,0,0,0,0,0,0,0,0,0,0
530401,0,1,1983,0,0,0,0,0,0,0,0,0,0
530401,0,2,1983,0,0,0,0,0,0,0,0,0,0
530401,1,1,1983,0,0,0,0,0,0,0,0,0,0
530402,1,1,1983,23,23,23,23,23,23,23,23,23,23
530402,2,1,1983,0,10,0,0,0,0,0,0,0,0
530403,0,1,1983,0,0,0,0,0,0,0,0,0,0
530403,1,1,1983,0,0,0,0,0,0,0,0,0,0
530404,0,1,1983,0,0,0,0,0,0,0,0,0,0
530404,1,1,1983,0,0,0,0,0,0,0,0,0,0
530405,1,1,1983,23,23,23,23,23,23,23,23,23,23
530406,1,1,1983,23,23,23,23,23,23,23,23,23,23
530407,1,1,1983,0,0,0,0,0,0,0,0,0,0
530407,2,1,1983,0,0,0,0,0,0,0,0,0,0
530408,1,1,1983,0,0,0,0,0,0,0,0,0,0
530409,1,1,1983,12,12,12,12,12,12,12,12,12,12
530411,1,1,1983,26,26,26,26,26,26,26,26,26,26
530411,2,1,1983,0,0,0,0,0,0,0,0,0,0
530412,1,1,1983,20,20,20,20,20,20,20,20,20,20
530412,2,1,1983,0,0,0,0,0,0,0,0,0,0
530413,1,1,1983,0,0,15,9,0,0,0,0,0,13
530413,2,1,1983,0,0,0,0,0,0,0,0,0,0
530414,1,1,1983,14,14,14,14,14,14,14,14,14,14
530415,1,1,1983,22,6,8,4,13,15,7,25,15,0
530416,1,1,1983,18,18,18,18,18,18,18,18,18,18
530417,1,1,1983,0,0,0,0,0,0,0,0,0,0
530418,0,1,1983,0,0,0,0,0,0,0,0,0,0
530418,1,1,1983,0,0,0,0,0,0,0,0,0,0
530419,1,1,1983,22,22,22,22,22,22,22,22,22,22
530420,1,1,1983,19,19,19,19,19,19,19,19,19,19
530421,1,1,1983,32,32,32,32,32,32,32,32,32,32
530422,1,1,1983,10,0,0,0,0,0,0,0,0,0
530422,2,1,1983,40,24,0,18,0,17,0,16,29,0
530423,1,1,1983,13,13,13,13,13,13,13,13,13,13
530423,2,1,1983,0,0,0,0,0,0,0,0,0,0
530424,1,1,1983,0,0,0,0,0,0,0,0,0,0
530425,1,1,1983,15,15,15,15,15,15,15,15,15,15
530426,1,1,1983,8,8,8,8,8,8,8,8,8,8
530427,1,1,1983,14,14,14,14,14,14,14,14,14,14
530427,2,1,1983,3,3,3,3,3,3,3,3,3,3
530428,1,1,1983,15,15,15,15,15,15,15,15,15,15
530429,1,1,1983,27,27,27,27,27,27,27,27,27,27
530430,1,1,1983,19,19,19,19,19,19,19,19,19,19
530431,0,1,1983,29,29,29,29,29,29,29,29,29,29
530431,1,1,1983,0,0,0,0,0,0,0,0,0,0
530432,1,1,1983,14,14,14,14,14,14,14,14,14,14
530433,1,1,1983,0,0,0,0,0,0,0,0,0,0
530433,2,1,1983,0,0,0,36,0,0,0,0,0,0
530434,1,1,1983,22,0,14,0,0,0,0,0,0,0
530434,2,1,1983,0,0,0,0,0,0,0,0,0,0
530435,0,1,1983,0,0,0,0,0,0,0,0,0,0
530435,1,1,1983,15,15,15,15,15,15,15,15,15,15
530436,1,1,1983,0,0,0,0,0,0,0,0,0,0
530436,2,1,1983,0,0,0,0,0,0,0,0,0,0
530437,0,1,1983,10,10,10,10,10,10,10,10,10,10
530437,1,1,1983,0,8,18,0,14,14,20,0,0,23
530438,1,1,1983,0,0,0,24,0,0,0,0,0,0
530438,2,1,1983,0,0,0,0,0,0,0,0,0,0
530439,1,1,1983,24,24,24,24,24,24,24,24,24,24
530440,1,1,1983,16,13,14,13,6,20,5,6,16,14
530440,2,1,1983,0,0,0,0,0,0,0,0,0,0
530441,0,1,1983,0,0,0,0,0,0,0,0,0,0
530441,1,1,1983,0,0,0,0,0,7,0,0,0,0
530442,1,1,1983,32,32,32,32,32,32,32,32,32,32
530442,2,1,1983,0,0,0,0,0,0,0,0,0,0
530442,3,1,1983,0,0,0,0,0,0,0,0,0,0
530443,1,1,1983,0,0,0,0,0,18,0,0,0,0
530444,1,1,1983,9,9,9,9,9,9,9,9,9,9
530445,1,1,1983,29,29,29,29,29,29,29,29,29,29
530446,1,1,1983,26,26,26,26,26,26,26,26,26,26
530447,1,1,1983,29,29,29,29,29,29,29,29,29,29
530447,2,1,1983,0,0,0,6,0,0,0,0,0,0
530448,1,1,1983,0,0,0,0,0,0,0,0,0,0
530449,1,1,1983,7,7,7,7,7,7,7,7,7,7
530450,1,1,1983,12,12,12,12,12,12,12,12,12,12
530451,1,1,1983,15,15,15,15,15,15,15,15,15,15
530452,0,1,1983,23,23,23,23,23,23,23,23,23,23
530452,1,1,1983,21,21,21,21,21,21,21,21,21,21
530453,1,1,1983,0,0,0,0,0,0,0,0,0,0
530453,2,1,1983,0,0,0,0,0,0,0,0,0,0
530453,3,1,1983,0,0,0,0,0,0,0,0,0,0
530454,0,1,1983,0,16,9,18,19,0,0,11,13,25
530454,1,1,1983,0,0,0,0,0,0,0,0,0,0
530455,1,1,1983,28,28,28,28,28,28,28,28,28,28
530456,1,1,1983,0,0,0,0,0,0,0,0,0,0
530456,2,1,1983,0,0,0,0,0,0,0,0,0,0
530457,1,1,1983,32,32,32,32,32,32,32,32,32,32
530458,1,1,1983,0,0,0,0,0,0,0,0,11,0
530458,2,1,1983,11,9,15,26,26,9,19,10,4,25
530459,1,1,1983,0,0,0,0,0,0,0,0,0,0
530459,2,1,1983,0,0,0,0,0,0,0,0,0,0
530460,1,1,1983,12,12,12,12,12,12,12,12,12,12
530461,1,1,1983,0,0,0,0,0,0,0,0,0,0
530462,0,1,1983,0,0,0,0,0,0,0,0,0,0
530462,1,1,1983,0,0,15,0,0,0,0,0,0,0
530463,1,1,1983,24,24,24,24,24,24,24,24,24,24
530463,2,1,1983,0,0,0,0,0,0,0,0,0,0
530463,3,1,1983,0,0,0,0,0,0,0,0,0,0
530463,4,1,1983,0,0,0,0,0,0,0,0,0,0
530464,1,1,1983,14,14,14,14,14,14,14,14,14,14
530465,1,1,1983,0,0,0,0,0,0,0,0,0,0
530466,1,1,1983,12,12,12,12,12,12,12,12,12,12
530467,0,1,1983,0,0,0,0,0,0,0,0,0,0
530467,1,1,1983,0,0,0,0,0,0,0,0,0,0
530468,1,1,1983,0,0,0,0,0,0,0,0,0,0
530468,2,1,1983,6,6,6,6,6,6,6,6,6,6
530469,1,1,1983,22,22,22,22,22,22,22,22,22,22
530470,1,1,1983,28,28,28,28,28,28,28,28,28,28
530471,1,1,1983,0,0,0,0,0,0,0,0,0,0
530472,1,1,1983,0,0,0,0,0,0,0,0,0,0
530473,1,1,1983,31,31,31,31,31,31,31,31,31,31
530474,0,1,1983,16,0,23,50,15,0,10,10,0,15
530474,1,1,1983,0,0,0,0,0,0,9,0,0,0
530475,1,1,1983,15,5,0,6,0,14,0,0,0,0
530476,1,1,1983,0,0,0,0,0,0,0,0,0,0
530476,2,1,1983,0,0,0,0,0,0,0,0,0,0
530477,1,1,1983,3,3,3,3,3,3,3,3,3,3
530477,2,1,1983,0,0,0,0,0,0,0,0,0,0
530478,0,1,1983,0,0,0,0,0,0,0,0,0,0
530478,1,1,1983,0,12,0,0,0,0,0,0,0,0
530479,1,1,1983,0,0,0,0,0,0,0,0,0,0
530479,2,1,1983,0,0,0,0,0,0,0,0,0,0
530479,3,1,1983,0,0,0,0,0,0,0,0,0,0
530480,1,1,1983,0,0,0,0,0,0,0,0,0,0
530480,2,1,1983,5,5,5,5,5,5,5,5,5,5
530481,1,1,1983,12,12,12,12,12,12,12,12,12,12
530482,0,1,1983,0,0,0,0,0,0,0,0,0,0
530482,1,1,1983,0,0,0,0,0,0,0,0,0,0
530483,1,1,1983,0,0,0,0,0,0,0,0,0,0
530483,2,1,1983,0,0,0,0,0,0,0,0,17,0
530484,1,1,1983,0,0,0,0,0,0,0,0,0,0
530484,2,1,1983,0,0,0,0,0,0,0,0,0,0
530485,1,1,1983,0,0,0,0,0,0,0,0,0,0
530486,1,1,1983,24,24,24,24,24,24,24,24,24,24
530487,1,1,1983,16,16,16,16,16,16,16,16,16,16
530488,1,1,1983,23,23,23,23,23,23,23,23,23,23
530489,1,1,1983,25,25,25,25,25,25,25,25,25,25
530490,0,1,1983,0,0,0,0,0,0,0,0,0,0
530490,1,1,1983,0,0,0,0,0,0,0,0,0,0
530491,1,1,1983,0,0,0,0,0,0,0,0,0,0
530492,1,1,1983,19,19,19,19,19,19,19,19,19,19
530492,2,1,1983,0,0,0,0,0,0,3,0,0,0
530493,1,1,1983,0,0,0,0,0,0,0,0,0,0
530494,1,1,1983,0,0,0,0,0,0,0,0,0,0
530494,2,1,1983,0,0,0,7,0,0,0,0,0,0
530495,0,1,1983,0,23,27,0,0,0,0,0,0,0
530495,1,1,1983,2,24,0,20,10,34,22,14,0,11
530496,0,1,1983,44,0,0,0,0,0,0,28,0,0
530496,1,1,1983,0,0,0,0,0,0,0,0,0,0
530497,0,1,1983,0,0,0,0,0,0,0,0,0,22
530497,1,1,1983,0,0,0,0,0,0,0,0,0,0
530498,0,1,1983,6,6,6,6,6,6,6,6,6,6
530498,1,1,1983,18,18,18,18,18,18,18,18,18,18
530499,1,1,1983,22,22,22,22,22,22,22,22,22,22
530500,1,1,1983,25,25,25,25,25,25,25,25,25,25
530501,1,1,1983,0,0,0,0,0,0,0,0,0,0
530501,2,1,1983,0,0,0,0,0,0,0,0,0,0
530502,1,1,1983,0,0,0,9,0,0,0,0,0,0
530503,1,1,1983,0,0,0,0,0,0,0,0,0,0
530503,2,1,1983,0,0,0,0,0,0,0,0,0,0
530504,1,1,1983,22,22,22,22,22,22,22,22,22,22
530505,1,1,1983,13,13,13,13,13,13,13,13,13,13
530506,1,1,1983,20,20,20,20,20,20,20,20,20,20
530507,1,1,1983,0,0,0,0,0,0,0,0,0,0
530507,2,1,1983,0,0,0,0,0,0,0,0,0,0
530508,1,1,1983,13,13,13,13,13,13,13,13,13,13
530509,1,1,1983,30,30,30,30,30,30,30,30,30,30
530510,1,1,1983,14,14,14,14,14,14,14,14,14,14
530511,1,1,1983,21,21,21,21,21,21,21,21,21,21
530512,1,1,1983,20,20,20,20,20,20,20,20,20,20
530513,1,1,1983,19,19,19,19,19,19,19,19,19,19
530513,2,1,1983,0,0,0,0,0,0,0,0,0,0
530514,1,1,1983,3,3,3,3,3,3,3,3,3,3
530515,1,1,1983,33,33,33,33,33,33,33,33,33,33
530516,1,1,1983,0,0,0,0,0,0,0,0,0,0
530516,2,1,1983,0,0,0,0,0,0,0,0,0,0
530517,0,1,1983,0,0,0,0,0,0,0,0,0,0
530517,1,1,1983,0,0,0,0,0,0,0,0,0,18
530518,1,1,1983,0,0,13,0,0,11,0,0,18,0
530518,2,1,1983,8,11,12,12,17,21,11,0,20,6
530519,0,1,1983,0,0,0,0,0,0,0,0,0,0
530519,1,1,1983,0,0,0,0,0,0,0,0,0,0
530520,0,1,1983,0,0,0,0,15,0,0,0,0,0
530520,1,1,1983,0,0,0,0,0,0,0,0,0,12
530521,0,1,1983,0,0,0,38,0,0,0,0,0,0
530521,1,1,1983,0,0,12,0,0,0,0,0,0,0
530522,0,1,1983,0,0,0,0,0,0,0,0,17,0
530522,1,1,1983,0,0,0,0,0,0,0,0,0,0
530523,0,1,1983,23,23,23,23,23,23,23,23,23,23
530523,1,1,1983,6,6,6,6,6,6,6,6,6,6
530524,0,1,1983,0,0,0,29,0,0,4,0,0,0
530524,1,1,1983,0,0,0,0,0,0,0,0,0,0
530524,2,1,1983,0,0,0,0,0,0,0,0,0,0
530524,3,1,1983,0,0,0,0,0,0,0,0,0,0
530525,1,1,1983,17,17,17,17,17,17,17,17,17,17
530526,1,1,1983,9,9,9,9,9,9,9,9,9,9
530527,1,1,1983,3,3,3,3,3,3,3,3,3,3
530528,1,1,1983,12,13,14,17,11,0,7,13,11,8
530528,2,1,1983,0,0,0,0,0,0,0,0,0,0
530529,1,1,1983,23,0,16,25,20,0,37,32,21,20
530530,0,1,1983,0,0,0,0,0,0,0,0,0,0
530530,1,1,1983,0,0,0,0,0,0,0,0,0,0
530531,0,1,1983,0,0,0,0,0,0,0,0,0,0
530531,1,1,1983,0,0,0,0,0,0,0,0,0,0
530532,0,1,1983,0,0,0,0,0,0,0,0,0,0
530532,1,1,1983,0,0,0,0,0,0,0,0,0,0
530533,1,1,1983,0,0,0,0,0,0,0,0,0,0
530533,2,1,1983,0,0,8,0,0,0,0,0,0,0
530534,1,1,1983,8,8,8,8,8,8,8,8,8,8
530535,1,1,1983,21,21,21,21,21,21,21,21,21,21
530536,1,1,1983,20,20,20,20,20,20,20,20,20,20
530537,1,1,1983,32,32,32,32,32,32,32,32,32,32
530537,2,1,1983,0,0,0,0,0,0,0,0,0,0
530538,1,1,1983,4,4,4,4,4,4,4,4,4,4
530539,1,1,1983,0,0,0,0,0,0,0,0,0,0
530539,2,1,1983,11,11,11,11,11,11,11,11,11,11
530540,1,1,1983,0,0,0,0,0,0,0,0,0,0
530541,0,1,1983,0,0,0,0,12,16,0,0,0,0
530541,1,1,1983,0,0,0,0,0,0,0,0,0,0
530542,1,1,1983,15,15,15,15,15,15,15,15,15,15
530542,2,1,1983,12,12,8,15,19,18,11,15,10,13
530543,1,1,1983,9,9,9,9,9,9,9,9,9,9
530544,0,1,1983,0,0,0,0,0,0,0,0,0,0
530544,1,1,1983,0,0,0,0,0,0,0,0,0,0
530545,1,1,1983,3,3,3,3,3,3,3,3,3,3
530546,1,1,1983,0,0,0,0,0,0,0,0,0,0
530546,2,1,1983,0,0,0,0,0,0,0,0,0,0
530547,0,1,1983,0,0,0,0,0,0,0,0,0,0
530547,0,2,1983,9,0,0,0,0,10,0,0,0,0
530547,1,1,1983,0,0,0,0,0,0,0,0,0,0
530548,1,1,1983,0,0,0,0,0,0,0,0,0,0
530548,2,1,1983,0,0,0,9,0,0,0,0,0,0
530549,0,1,1983,0,0,0,23,23,0,0,0,0,0
530549,1,1,1983,0,0,0,0,26,0,0,0,0,0
530550,0,1,1983,0,0,0,0,0,0,0,0,0,0
530550,1,1,1983,0,0,0,0,0,0,0,0,0,0
530551,1,1,1983,0,0,0,0,0,0,0,0,0,0
530552,1,1,1983,25,25,25,25,25,25,25,25,25,25
530553,1,1,1983,18,18,18,18,18,18,18,18,18,18
530554,0,1,1983,0,0,0,0,0,0,0,0,0,0
530554,1,1,1983,0,0,0,0,0,0,0,0,0,0
530555,1,1,1983,0,0,0,0,0,0,0,0,0,0
530555,2,1,1983,0,0,0,0,0,0,0,0,0,0
530556,1,1,1983,0,0,0,0,0,0,0,0,0,0
530557,1,1,1983,18,18,18,18,18,18,18,18,18,18
530558,0,1,1983,22,22,22,22,22,22,22,22,22,22
530558,1,1,1983,0,0,0,0,0,0,0,0,0,0
530559,1,1,1983,0,0,0,0,0,0,0,0,0,0
530559,2,1,1983,0,0,0,0,0,0,10,0,0,0
530559,3,1,1983,0,0,0,21,0,0,0,0,0,0
530560,1,1,1983,0,0,0,0,0,0,0,0,0,0
530561,1,1,1983,0,0,0,0,0,0,0,0,0,0
530561,2,1,1983,0,0,0,27,0,0,0,0,0,14
530562,1,1,1983,0,0,0,0,0,0,0,0,0,0
530562,2,1,1983,0,0,12,0,0,0,0,0,0,0
530563,1,1,1983,0,0,0,0,0,0,0,0,0,0
530563,2,1,1983,0,0,0,0,0,0,0,0,0,0
530564,0,1,1983,0,0,0,0,0,0,0,0,0,0
530564,1,1,1983,0,0,0,0,0,0,0,0,0,0
530565,1,1,1983,0,0,0,0,0,0,0,0,0,0
530565,2,1,1983,4,4,4,4,4,4,4,4,4,4
530565,3,1,1983,0,0,0,0,0,0,0,0,0,0
530565,4,1,1983,0,0,0,0,0,0,0,0,0,0
530566,1,1,1983,16,16,16,16,16,16,16,16,16,16
530566,2,1,1983,0,0,0,0,0,0,0,0,0,0
530567,1,1,1983,0,0,0,0,0,0,0,0,0,0
530567,2,1,1983,11,11,11,11,11,11,11,11,11,11
530567,3,1,1983,0,0,0,0,18,0,0,0,0,0
530568,1,1,1983,22,22,22,22,22,22,22,22,22,22
530569,0,1,1983,29,17,14,24,58,19,26,33,27,18
530569,1,1,1983,0,0,0,0,0,0,0,0,0,0
530570,1,1,1983,23,23,23,23,23,23,23,23,23,23
530571,1,1,1983,0,0,0,0,0,0,0,0,0,0
530571,2,1,1983,5,5,5,5,5,5,5,5,5,5
530572,0,1,1983,0,0,0,36,0,0,0,0,0,0
530572,1,1,1983,0,0,0,0,0,0,0,0,0,0
530573,1,1,1983,20,16,18,12,17,47,18,16,9,18
530574,1,1,1983,19,19,19,19,19,19,19,19,19,19
530575,1,1,1983,0,0,0,0,0,0,0,0,0,0
530575,2,1,1983,0,0,0,0,0,0,0,0,0,0
530575,3,1,1983,0,0,17,0,0,0,0,0,0,0
530576,0,1,1983,0,0,0,0,0,0,0,0,0,0
530576,1,1,1983,0,0,0,0,0,0,0,0,9,0
530577,1,1,1983,26,26,26,26,26,26,26,26,26,26
530578,1,1,1983,11,11,11,11,11,11,11,11,11,11
530578,2,1,1983,0,0,0,0,0,0,0,7,0,0
530578,3,1,1983,0,0,0,0,0,0,0,0,0,0
530579,0,1,1983,8,8,8,8,8,8,8,8,8,8
530579,1,1,1983,0,0,0,0,0,0,0,0,0,0
530580,1,1,1983,29,29,29,29,29,29,29,29,29,29
530581,1,1,1983,0,0,0,0,0,0,0,0,0,0
530582,1,1,1983,0,0,0,0,0,0,0,0,0,0
530582,2,1,1983,0,0,0,0,0,0,0,0,0,0
530583,1,1,1983,0,0,0,0,0,15,0,0,0,0
530583,2,1,1983,0,0,0,0,0,0,0,0,0,0
530584,1,1,1983,18,18,18,18,18,18,18,18,18,18
530585,1,1,1983,12,12,12,12,12,12,12,12,12,12
530586,1,1,1983,4,4,4,4,4,4,4,4,4,4
530587,1,1,1983,0,0,0,0,0,0,0,0,0,0
530587,2,1,1983,0,0,0,0,0,0,0,0,0,0
530588,1,1,1983,13,13,13,13,13,13,13,13,13,13
530589,1,1,1983,30,30,30,30,30,30,30,30,30,30
530590,1,1,1983,0,0,0,0,0,0,0,0,0,0
530591,1,1,1983,8,8,8,8,8,8,8,8,8,8
530591,2,1,1983,0,0,0,0,0,0,0,0,0,0
530592,1,1,1983,0,0,0,0,0,0,0,0,0,0
530592,2,1,1983,0,0,0,0,0,0,0,0,0,0
530593,0,1,1983,0,0,0,0,0,0,0,0,0,0
530593,1,1,1983,0,0,0,0,0,0,0,0,0,0
530594,1,1,1983,0,0,0,0,0,0,0,0,0,0
530594,2,1,1983,0,0,0,0,0,0,0,0,0,0
530594,3,1,1983,16,16,14,27,13,18,14,11,0,21
530595,1,1,1983,23,23,23,23,23,23,23,23,23,23
530596,0,1,1983,0,0,26,0,0,0,0,0,0,0
530596,1,1,1983,0,0,0,0,0,0,0,0,12,0
530597,1,1,1983,0,0,0,0,0,0,0,0,0,0
530597,2,1,1983,0,0,0,0,0,0,0,0,0,0
530598,1,1,1983,3,3,3,3,3,3,3,3,3,3
530598,2,1,1983,1,1,1,1,1,1,1,1,1,1
530599,0,1,1983,0,0,0,0,0,0,0,0,0,0
530599,1,1,1983,0,0,0,0,0,0,0,0,0,0
530600,1,1,1983,17,0,0,0,0,0,0,0,10,0
530601,1,1,1983,0,0,0,0,0,0,0,16,0,0
530601,2,1,1983,0,0,0,19,0,0,0,0,0,0
530602,1,1,1983,0,0,0,0,0,0,0,0,0,0
530602,2,1,1983,0,0,0,0,0,0,0,0,0,0
530603,1,1,1983,0,0,0,0,0,0,0,0,0,0
530604,1,1,1983,0,0,0,0,0,0,0,0,0,0
530604,2,1,1983,0,0,0,0,0,0,0,0,0,0
530605,1,1,1983,0,0,0,0,0,0,0,0,0,0
530606,1,1,1983,14,14,14,14,14,14,14,14,14,14
530607,1,1,1983,0,0,0,0,0,0,0,0,0,0
530608,1,1,1983,0,0,0,0,0,0,0,0,0,0
530609,1,1,1983,0,0,0,0,0,0,0,0,0,0
530610,1,1,1983,25,25,25,25,25,25,25,25,25,25
530611,1,1,1983,0,0,0,0,0,0,0,0,0,0
530611,2,1,1983,0,0,0,0,0,0,0,0,0,0
530612,1,1,1983,0,0,0,0,0,0,0,0,0,0
530613,1,1,1983,16,0,0,0,0,0,0,0,0,0
530614,1,1,1983,0,0,0,0,0,0,0,0,0,0
530614,2,1,1983,0,0,0,0,0,0,0,0,0,0
530615,1,1,1983,20,0,0,0,0,18,0,19,15,0
530616,0,1,1983,0,0,0,0,0,0,0,0,0,11
530616,1,1,1983,0,0,0,0,0,0,0,0,0,0
530617,1,1,1983,7,47,29,15,7,14,9,8,37,16
530618,1,1,1983,12,12,24,15,24,27,9,6,8,32
530619,1,1,1983,0,0,0,0,0,0,0,0,0,0
530619,2,1,1983,0,0,10,0,0,0,0,0,0,0
530620,1,1,1983,0,0,0,0,0,0,0,0,0,0
530620,2,1,1983,0,0,0,0,0,0,0,0,0,0
530621,1,1,1983,0,0,0,0,0,0,0,0,0,0
530622,0,1,1983,21,21,21,21,21,21,21,21,21,21
530622,1,1,1983,16,16,16,16,16,16,16,16,16,16
530623,1,1,1983,0,0,0,0,0,0,0,0,0,0
530624,1,1,1983,4,4,4,4,4,4,4,4,4,4
530625,1,1,1983,0,13,19,0,0,0,0,0,33,17
530626,1,1,1983,15,15,15,15,15,15,15,15,15,15
530627,1,1,1983,12,12,12,12,12,12,12,12,12,12
530628,1,1,1983,18,18,18,18,18,18,18,18,18,18
530629,0,1,1983,0,0,0,0,0,0,0,0,0,0
530629,1,1,1983,26,19,10,2,16,27,10,2,16,12
530630,1,1,1983,0,0,0,0,0,0,5,0,0,0
530631,1,1,1983,19,19,19,19,19,19,19,19,19,19
530632,1,1,1983,0,0,0,0,0,0,14,0,0,0
530632,2,1,1983,24,24,24,24,24,24,24,24,24,24
540001,1,1,1983,0,0,0,0,0,0,0,0,0,0
540002,1,1,1983,16,16,16,16,16,16,16,16,16,16
540003,1,1,1983,0,0,0,0,0,0,0,0,0,0
540004,0,1,1983,11,11,11,11,11,11,11,11,11,11
540004,1,1,1983,0,0,0,0,30,0,0,0,0,0
540005,1,1,1983,6,6,6,6,6,6,6,6,6,6
540006,1,1,1983,5,5,5,5,5,5,5,5,5,5
540007,1,1,1983,0,0,0,0,0,0,0,0,0,0
540007,2,1,1983,0,0,0,0,0,0,0,0,0,0
540008,1,1,1983,0,0,0,0,0,21,0,0,0,12
540008,2,1,1983,6,6,6,6,6,6,6,6,6,6
540009,1,1,1983,0,0,0,0,0,0,0,0,0,0
540009,2,1,1983,0,0,0,0,0,0,0,0,0,0
540010,1,1,1983,0,0,0,0,0,0,0,0,0,0
540011,1,1,1983,18,18,18,18,18,18,18,18,18,18
540012,1,1,1983,2,2,2,2,2,2,2,2,2,2
540013,1,1,1983,19,19,19,19,19,19,19,19,19,19
540013,2,1,1983,0,0,17,17,0,0,0,0,0,0
540014,1,1,1983,20,20,20,20,20,20,20,20,20,20
540014,2,1,1983,0,13,0,28,0,0,14,0,8,0
540015,1,1,1983,23,23,23,23,23,23,23,23,23,23
540016,1,1,1983,14,0,0,35,14,13,0,0,0,0
540016,2,1,1983,0,0,0,0,0,0,0,11,0,0