ST_CASE,VEH_NO,PER_NO,YEAR,P1,P2,P3,P4,P5,P6,P7,P8,P9,P10
540322,1,1,1983,26,26,26,26,26,26,26,26,26,26
540323,1,1,1983,37,37,37,37,37,37,37,37,37,37
540324,0,1,1983,0,0,41,24,0,12,11,0,13,0
540324,1,1,1983,0,0,0,0,0,0,0,0,0,0
540325,1,1,1983,24,24,24,24,24,24,24,24,24,24
540325,2,1,1983,0,0,0,0,0,0,0,0,0,0
540325,3,1,1983,0,0,0,0,0,0,0,12,0,0
540326,1,1,1983,0,0,0,0,0,0,0,0,0,0
540326,2,1,1983,0,0,0,0,0,0,0,0,0,0
540327,1,1,1983,13,13,13,13,13,13,13,13,13,13
540328,1,1,1983,0,0,0,0,0,0,0,0,0,0
540328,2,1,1983,0,0,0,0,0,0,0,0,0,0
540329,1,1,1983,0,0,0,0,0,0,0,0,0,0
540329,2,1,1983,0,0,0,0,0,0,0,0,0,0
540330,1,1,1983,0,0,0,0,0,0,0,0,0,0
540330,2,1,1983,23,0,6,25,0,0,28,0,13,0
540331,1,1,1983,0,0,0,0,0,0,0,0,0,0
540332,0,1,1983,0,0,0,0,0,0,0,0,0,0
540332,1,1,1983,7,7,7,7,7,7,7,7,7,7
540333,1,1,1983,12,12,12,12,12,12,12,12,12,12
540333,2,1,1983,1,1,1,1,1,1,1,1,1,1
540334,0,1,1983,0,0,10,0,0,0,0,0,0,12
540334,1,1,1983,0,0,0,0,0,0,0,0,0,0
540335,1,1,1983,0,0,0,0,0,0,0,0,0,0
540335,2,1,1983,11,11,11,11,11,11,11,11,11,11
540336,1,1,1983,9,9,9,9,9,9,9,9,9,9
540337,1,1,1983,0,0,0,0,0,0,0,0,0,0
540338,0,1,1983,0,0,0,0,0,0,0,0,0,0
540338,1,1,1983,0,0,0,0,0,0,0,0,0,0
540339,1,1,1983,0,0,0,0,0,0,0,0,0,0
540339,2,1,1983,15,0,0,17,0,9,25,0,0,26
540340,1,1,1983,16,16,16,16,16,16,16,16,16,16
540341,1,1,1983,0,0,0,0,0,0,0,0,0,0
540341,2,1,1983,0,0,0,0,0,0,0,0,0,0
540342,1,1,1983,30,7,22,0,22,23,30,27,0,0
540343,1,1,1983,0,0,33,16,11,6,0,0,0,0
540343,2,1,1983,29,29,29,29,29,29,29,29,29,29
540344,1,1,1983,31,31,31,31,31,31,31,31,31,31
540344,2,1,1983,0,0,0,0,0,0,0,0,0,0
540345,1,1,1983,14,14,14,14,14,14,14,14,14,14
540346,1,1,1983,0,17,0,0,0,0,0,0,0,0
540346,2,1,1983,19,19,19,19,19,19,19,19,19,19
540346,3,1,1983,22,0,0,0,0,0,0,19,35,0
540347,1,1,1983,31,31,31,31,31,31,31,31,31,31
540348,0,1,1983,0,0,28,0,0,42,0,0,0,0
540348,1,1,1983,0,0,0,0,0,0,0,0,0,0
540349,0,1,1983,0,0,0,0,0,0,0,0,0,0
540349,1,1,1983,0,0,0,0,0,0,0,0,0,0
540350,1,1,1983,9,9,9,9,9,9,9,9,9,9
540351,1,1,1983,14,14,14,14,14,14,14,14,14,14
540352,1,1,1983,20,20,20,20,20,20,20,20,20,20
540353,1,1,1983,0,0,0,0,0,0,0,0,0,9
540353,2,1,1983,24,24,24,24,24,24,24,24,24,24
540354,1,1,1983,14,14,14,14,14,14,14,14,14,14
540354,2,1,1983,0,0,0,0,0,0,0,0,0,0
540355,1,1,1983,0,0,0,0,0,0,0,0,0,0
540355,2,1,1983,12,12,12,12,12,12,12,12,12,12
540356,1,1,1983,21,20,12,33,17,13,23,20,16,9
540356,2,1,1983,7,7,7,7,7,7,7,7,7,7
540357,0,1,1983,0,0,0,0,0,0,0,0,0,0
540357,1,1,1983,0,0,0,0,0,0,0,0,0,0
540358,1,1,1983,13,13,13,13,13,13,13,13,13,13
540359,0,1,1983,23,23,23,23,23,23,23,23,23,23
540359,1,1,1983,0,0,0,0,0,0,0,18,0,0
540360,1,1,1983,19,19,19,19,19,19,19,19,19,19
540361,1,1,1983,25,25,25,25,25,25,25,25,25,25
540361,2,1,1983,0,0,0,0,0,0,0,0,0,0
540362,1,1,1983,0,0,0,0,0,0,0,0,0,0
540362,2,1,1983,0,0,0,0,0,0,0,0,0,0
540363,1,1,1983,0,0,0,0,0,0,0,0,0,0
540363,2,1,1983,0,0,0,0,0,0,0,0,0,0
540364,1,1,1983,0,0,0,0,0,0,0,0,0,0
540365,1,1,1983,0,0,0,0,0,0,0,0,0,0
540365,2,1,1983,0,0,0,0,0,0,0,0,0,0
540365,3,1,1983,0,0,0,0,0,0,0,0,0,0
540365,4,1,1983,0,0,0,0,0,12,0,0,0,0
540366,1,1,1983,17,17,17,17,17,17,17,17,17,17
540367,1,1,1983,0,0,0,0,0,11,17,0,0,0
540368,1,1,1983,11,7,12,24,24,22,15,10,14,23
540369,0,1,1983,5,5,5,5,5,5,5,5,5,5
540369,1,1,1983,17,17,17,17,17,17,17,17,17,17
540370,1,1,1983,0,0,0,0,0,0,0,0,0,0
540370,2,1,1983,0,0,0,0,0,0,0,0,0,0
540371,1,1,1983,20,20,20,20,20,20,20,20,20,20
540372,1,1,1983,0,0,0,0,0,0,0,0,0,0
540373,1,1,1983,0,0,0,25,0,16,0,0,0,4
540373,2,1,1983,0,0,0,0,0,0,0,0,0,0
540373,3,1,1983,0,0,0,0,0,0,0,0,0,0
540374,1,1,1983,0,0,0,0,0,0,0,0,0,0
540374,2,1,1983,0,0,0,0,0,0,0,0,0,0
540375,1,1,1983,0,0,0,0,0,0,0,0,0,0
540375,2,1,1983,0,0,0,0,0,0,0,0,0,0
540375,3,1,1983,0,0,0,0,0,0,0,0,0,0
540376,1,1,1983,0,0,0,0,0,0,0,0,0,0
540377,1,1,1983,0,0,0,16,0,0,0,0,0,0
540377,2,1,1983,23,23,23,23,23,23,23,23,23,23
540378,1,1,1983,0,0,0,0,0,0,0,0,0,0
540379,1,1,1983,0,0,0,0,0,0,0,0,0,0
540379,2,1,1983,0,0,0,0,17,0,0,0,0,0
540380,1,1,1983,0,0,5,0,0,24,0,0,11,0
540380,2,1,1983,9,0,3,22,0,0,0,0,18,0
550001,1,1,1983,27,27,27,27,27,27,27,27,27,27
550001,2,1,1983,14,14,14,14,14,14,14,14,14,14
550002,1,1,1983,15,15,15,15,15,15,15,15,15,15
550003,1,1,1983,17,17,17,17,17,17,17,17,17,17
550004,1,1,1983,27,27,27,27,27,27,27,27,27,27
550005,1,1,1983,0,0,0,0,0,0,0,0,0,0
550006,1,1,1983,0,0,0,0,0,0,0,0,0,0
550006,2,1,1983,15,15,15,15,15,15,15,15,15,15
550007,1,1,1983,18,18,18,18,18,18,18,18,18,18
550008,1,1,1983,26,26,26,26,26,26,26,26,26,26
550008,2,1,1983,0,0,0,0,0,0,0,0,0,0
550008,3,1,1983,0,0,0,0,0,0,0,0,0,0
550009,1,1,1983,8,8,8,8,8,8,8,8,8,8
550010,1,1,1983,0,0,0,0,0,0,0,0,0,0
550010,2,1,1983,0,0,0,0,0,0,0,0,0,0
550011,0,1,1983,0,0,0,0,0,0,0,0,0,0
550011,0,2,1983,0,0,0,0,0,0,0,0,0,0
550011,1,1,1983,0,0,0,0,0,0,0,0,0,0
550012,1,1,1983,0,14,0,0,0,0,0,0,0,0
550013,1,1,1983,24,24,24,24,24,24,24,24,24,24
550014,1,1,1983,33,33,33,33,33,33,33,33,33,33
550015,1,1,1983,32,32,32,32,32,32,32,32,32,32
550016,1,1,1983,0,0,0,0,0,0,0,0,0,0
550016,2,1,1983,10,11,19,0,6,0,7,16,15,16
550017,1,1,1983,24,1,8,24,21,20,4,16,14,18
550018,1,1,1983,0,0,0,0,0,0,0,0,0,0
550019,1,1,1983,0,0,12,0,0,0,0,0,0,0
550019,2,1,1983,0,0,0,0,0,0,0,0,0,0
550020,1,1,1983,0,0,0,0,0,0,0,0,0,0
550020,2,1,1983,0,0,14,0,0,0,21,0,0,0
550021,1,1,1983,23,23,23,23,23,23,23,23,23,23
550021,2,1,1983,0,0,0,0,0,0,0,25,0,0
550022,1,1,1983,19,19,19,19,19,19,19,19,19,19
550023,1,1,1983,23,23,23,23,23,23,23,23,23,23
550024,1,1,1983,14,14,14,14,14,14,14,14,14,14
550024,2,1,1983,5,5,5,5,5,5,5,5,5,5
550025,1,1,1983,27,18,14,33,32,16,16,9,10,10
550026,1,1,1983,0,0,0,0,0,0,0,0,0,0
550027,1,1,1983,0,0,0,15,0,0,0,0,0,0
550027,2,1,1983,0,0,0,0,0,0,0,0,0,0
550028,1,1,1983,0,0,0,0,0,0,0,0,0,0
550028,2,1,1983,0,0,0,0,0,0,0,0,0,0
550029,0,1,1983,0,0,0,0,0,0,0,0,0,0
550029,1,1,1983,0,0,0,0,0,0,0,0,0,0
550030,1,1,1983,0,0,0,0,0,0,0,0,0,0
550031,1,1,1983,4,4,4,4,4,4,4,4,4,4
550031,2,1,1983,0,0,0,0,0,0,0,5,0,0
550032,1,1,1983,9,14,9,0,14,14,11,8,7,21
550033,1,1,1983,0,0,0,0,0,0,0,0,0,0
550034,1,1,1983,13,13,13,13,13,13,13,13,13,13
550035,1,1,1983,0,0,0,0,0,0,0,0,0,0
550035,2,1,1983,24,24,24,24,24,24,24,24,24,24
550036,1,1,1983,8,8,8,8,8,8,8,8,8,8
550037,1,1,1983,0,0,0,0,0,0,0,0,0,0
550038,1,1,1983,0,0,0,0,0,0,0,0,0,0
550038,2,1,1983,0,0,0,0,0,0,0,0,0,0
550039,0,1,1983,24,24,24,24,24,24,24,24,24,24
550039,1,1,1983,9,10,24,13,32,13,37,5,17,31
550040,1,1,1983,0,0,0,0,0,0,0,0,0,0
550040,2,1,1983,0,0,0,0,0,0,0,0,0,0
550040,3,1,1983,0,0,0,0,0,0,0,0,0,0
550041,0,1,1983,26,18,20,24,12,28,16,12,23,14
550041,1,1,1983,0,0,0,0,0,0,0,0,0,0
550042,1,1,1983,3,3,3,3,3,3,3,3,3,3
550043,1,1,1983,21,21,21,21,21,21,21,21,21,21
550044,0,1,1983,0,0,0,0,0,0,0,0,0,0
550044,1,1,1983,0,0,0,0,0,0,0,0,0,0
550045,1,1,1983,36,36,36,36,36,36,36,36,36,36
550046,1,1,1983,0,0,0,0,0,0,0,0,0,0
550046,2,1,1983,0,0,0,0,0,0,0,0,0,0
550047,1,1,1983,19,19,19,19,19,19,19,19,19,19
550047,2,1,1983,0,17,0,21,0,0,0,8,0,28
550048,1,1,1983,27,27,27,27,27,27,27,27,27,27
550049,1,1,1983,0,0,0,0,0,0,0,0,0,0
550050,1,1,1983,25,25,25,25,25,25,25,25,25,25
550050,2,1,1983,22,22,22,22,22,22,22,22,22,22
550050,3,1,1983,0,0,0,0,0,0,0,0,0,0
550051,0,1,1983,15,0,23,11,11,14,8,8,38,0
550051,0,2,1983,19,0,33,15,13,29,6,22,0,20
550051,0,3,1983,18,18,18,18,18,18,18,18,18,18
550051,1,1,1983,14,14,14,14,14,14,14,14,14,14
550052,1,1,1983,18,18,18,18,18,18,18,18,18,18
550052,2,1,1983,0,0,0,0,0,0,0,0,0,0
550053,1,1,1983,13,13,13,13,13,13,13,13,13,13
550053,2,1,1983,16,16,16,16,16,16,16,16,16,16
550054,1,1,1983,0,0,0,0,0,0,0,0,0,0
550054,2,1,1983,0,0,0,0,0,0,0,0,0,0
550055,1,1,1983,0,0,0,0,0,0,0,0,0,0
550055,2,1,1983,0,0,0,13,0,0,0,0,0,0
550056,1,1,1983,0,0,0,0,0,0,0,0,0,0
550056,2,1,1983,0,0,0,0,0,0,0,0,0,0
550057,0,1,1983,0,0,0,0,0,0,0,0,0,0
550057,1,1,1983,0,0,0,0,0,0,0,0,0,0
550058,1,1,1983,0,16,19,20,0,19,10,18,23,11
550059,1,1,1983,6,11,8,16,11,12,17,6,16,0
550060,1,1,1983,28,21,32,6,6,14,10,6,5,0
550061,1,1,1983,18,18,18,18,18,18,18,18,18,18
550061,2,1,1983,19,19,19,19,19,19,19,19,19,19
550062,1,1,1983,23,23,23,23,23,23,23,23,23,23
550063,0,1,1983,24,24,24,24,24,24,24,24,24,24
550063,1,1,1983,28,9,12,27,16,14,12,9,8,13
550064,1,1,1983,15,15,15,15,15,15,15,15,15,15
550065,0,1,1983,25,25,25,25,25,25,25,25,25,25
550065,1,1,1983,0,0,0,0,0,0,0,0,0,0
550066,1,1,1983,30,30,30,30,30,30,30,30,30,30
550067,1,1,1983,0,0,0,0,0,0,0,0,0,0
550067,2,1,1983,0,0,0,0,0,0,0,0,0,0
550068,1,1,1983,0,0,0,0,0,0,0,0,0,0
550068,2,1,1983,34,34,34,34,34,34,34,34,34,34
550069,1,1,1983,0,0,0,0,0,0,0,0,0,0
550069,2,1,1983,0,0,0,0,0,0,0,0,0,0
550070,1,1,1983,0,0,0,0,0,0,0,0,0,0
550070,2,1,1983,0,0,0,0,0,0,0,0,0,0
550071,1,1,1983,14,0,0,0,0,0,0,0,0,0
550071,2,1,1983,20,20,20,20,20,20,20,20,20,20
550072,0,1,1983,0,0,0,0,0,0,0,0,0,0
550072,1,1,1983,10,0,22,20,22,31,35,17,15,11
550073,1,1,1983,0,0,0,0,0,0,0,0,0,0
550073,2,1,1983,17,17,17,17,17,17,17,17,17,17
550074,1,1,1983,26,26,26,26,26,26,26,26,26,26
550075,1,1,1983,24,24,24,24,24,24,24,24,24,24
550076,1,1,1983,21,21,21,21,21,21,21,21,21,21
550077,1,1,1983,16,16,16,16,16,16,16,16,16,16
550078,1,1,1983,0,0,0,0,0,0,0,0,0,0
550078,2,1,1983,0,0,0,0,0,0,0,0,0,0
550079,1,1,1983,0,0,0,0,0,0,0,0,0,0
550080,1,1,1983,17,17,17,17,17,17,17,17,17,17
550081,1,1,1983,0,0,0,0,0,0,0,0,0,0
550081,2,1,1983,0,0,0,0,0,0,0,0,0,0
550082,1,1,1983,19,19,19,19,19,19,19,19,19,19
550083,1,1,1983,25,25,25,25,25,25,25,25,25,25
550084,1,1,1983,25,25,25,25,25,25,25,25,25,25
550084,2,1,1983,19,4,0,0,0,0,24,0,0,0
550085,0,1,1983,0,0,0,0,0,0,0,0,0,0
550085,1,1,1983,0,0,0,0,0,0,0,0,0,0
550086,1,1,1983,25,25,25,25,25,25,25,25,25,25
550086,2,1,1983,0,0,0,0,0,0,0,0,7,0
550087,1,1,1983,0,0,0,0,0,0,0,0,0,0
550087,2,1,1983,0,0,0,0,0,0,0,0,0,0
550088,1,1,1983,0,0,0,2,0,0,0,0,0,0
550088,2,1,1983,0,0,0,34,0,0,0,0,0,12
550089,1,1,1983,0,0,0,0,0,17,0,0,0,0
550089,2,1,1983,0,0,0,0,0,0,0,0,0,0
550090,1,1,1983,25,25,25,25,25,25,25,25,25,25
550091,1,1,1983,18,18,18,18,18,18,18,18,18,18
550092,0,1,1983,0,0,0,0,0,0,0,0,0,0
550092,1,1,1983,0,0,0,0,0,0,0,0,0,0
550093,0,1,1983,12,12,12,12,12,12,12,12,12,12
550093,1,1,1983,0,0,0,0,0,0,0,0,0,0
550094,1,1,1983,10,0,10,0,24,5,0,4,12,17
550094,2,1,1983,0,0,0,0,0,0,0,0,9,0
550095,0,1,1983,0,0,0,0,0,0,0,0,0,0
550095,1,1,1983,0,0,0,0,0,0,0,0,0,0
550096,1,1,1983,21,21,21,21,21,21,21,21,21,21
550097,1,1,1983,0,0,0,0,0,0,0,0,0,0
550097,2,1,1983,0,0,0,0,0,0,0,0,0,0
550098,0,1,1983,0,0,0,0,0,0,8,11,0,18
550098,1,1,1983,13,13,13,13,13,13,13,13,13,13
550099,1,1,1983,0,0,0,0,12,0,0,44,0,0
550099,2,1,1983,0,0,0,0,0,0,0,0,0,0
550100,0,1,1983,0,0,0,0,0,0,0,0,0,0
550100,1,1,1983,15,15,15,15,15,15,15,15,15,15
550101,1,1,1983,0,0,9,0,6,0,13,0,9,0
550101,2,1,1983,0,0,0,0,0,0,0,0,0,0
550102,0,1,1983,0,0,23,0,0,35,19,0,0,12
550102,1,1,1983,0,0,0,0,0,0,0,0,0,0
550103,1,1,1983,30,30,30,30,30,30,30,30,30,30
550104,1,1,1983,25,25,25,25,25,25,25,25,25,25
550105,1,1,1983,6,6,6,6,6,6,6,6,6,6
550106,0,1,1983,16,16,16,16,16,16,16,16,16,16
550106,1,1,1983,0,0,0,0,0,29,0,0,0,0
550107,1,1,1983,0,0,0,14,0,0,0,0,0,0
550108,1,1,1983,23,23,23,23,23,23,23,23,23,23
550110,1,1,1983,15,15,15,15,15,15,15,15,15,15
550111,1,1,1983,9,9,9,9,9,9,9,9,9,9
550112,1,1,1983,18,18,18,18,18,18,18,18,18,18
550113,1,1,1983,0,0,0,0,0,0,0,0,0,0
550113,2,1,1983,0,0,0,0,0,0,0,0,0,0
550114,0,1,1983,23,23,23,23,23,23,23,23,23,23
550114,1,1,1983,14,14,14,14,14,14,14,14,14,14
550114,2,1,1983,10,10,10,10,10,10,10,10,10,10
550115,1,1,1983,0,0,0,0,0,0,0,0,0,0
550115,2,1,1983,0,0,0,0,0,0,0,0,0,0
550116,1,1,1983,0,0,0,0,0,0,0,0,0,0
550116,2,1,1983,18,18,18,18,18,18,18,18,18,18
550117,0,1,1983,30,30,30,30,30,30,30,30,30,30
550117,1,1,1983,0,0,0,0,0,0,24,0,0,0
550118,1,1,1983,0,0,0,0,0,0,0,0,0,0
550118,2,1,1983,0,23,18,41,12,12,12,19,19,14
550119,1,1,1983,23,23,23,23,23,23,23,23,23,23
550120,1,1,1983,17,17,17,17,17,17,17,17,17,17
550121,1,1,1983,0,0,0,0,0,0,0,0,0,0
550121,2,1,1983,0,0,0,0,0,0,0,0,0,0
550122,1,1,1983,0,0,0,0,0,0,0,0,0,0
550122,2,1,1983,0,0,0,0,0,0,0,0,0,0
550123,1,1,1983,0,0,0,0,0,0,0,0,0,0
550123,2,1,1983,0,0,0,0,0,0,0,0,0,0
550124,0,1,1983,0,0,0,0,0,0,0,0,0,0
550124,1,1,1983,0,0,0,0,0,0,0,0,0,0
550125,1,1,1983,11,11,11,11,11,11,11,11,11,11
550125,2,1,1983,0,0,0,0,0,0,0,0,0,0
550125,3,1,1983,0,0,0,0,0,0,0,0,0,0
550126,1,1,1983,24,24,24,24,24,24,24,24,24,24
550127,1,1,1983,37,37,37,37,37,37,37,37,37,37
550128,1,1,1983,0,0,0,0,0,0,0,0,0,0
550128,2,1,1983,0,0,0,0,0,0,0,0,0,0
550129,1,1,1983,14,14,14,14,14,14,14,14,14,14
550130,1,1,1983,20,20,20,20,20,20,20,20,20,20
550131,1,1,1983,14,14,14,14,14,14,14,14,14,14
550132,1,1,1983,0,0,0,0,0,0,0,0,0,0
550132,2,1,1983,0,0,0,0,0,0,0,0,0,0
550133,1,1,1983,0,0,0,0,0,0,0,0,0,0
550133,2,1,1983,0,0,0,0,0,0,0,0,0,0
550133,3,1,1983,0,0,0,0,0,0,0,0,0,0
550134,0,1,1983,6,14,12,15,15,22,18,30,34,9
550134,1,1,1983,13,13,13,13,13,13,13,13,13,13
550135,1,1,1983,22,22,22,22,22,22,22,22,22,22
550136,1,1,1983,0,0,0,0,0,0,0,0,0,0
550136,2,1,1983,0,0,0,0,0,0,0,0,0,0
550137,1,1,1983,28,28,28,28,28,28,28,28,28,28
550138,1,1,1983,0,0,0,0,0,0,0,32,5,0
550139,1,1,1983,0,0,0,0,0,0,0,0,0,0
550139,2,1,1983,0,0,0,0,0,0,0,0,0,0
550140,1,1,1983,0,0,0,0,0,0,0,0,0,0
550140,2,1,1983,0,0,0,0,0,0,0,0,0,0
550141,1,1,1983,20,20,20,20,20,20,20,20,20,20
550141,2,1,1983,17,17,17,17,17,17,17,17,17,17
550142,1,1,1983,0,0,0,0,0,0,0,0,5,0
550142,2,1,1983,0,0,0,0,0,0,0,0,0,0
550143,1,1,1983,0,0,0,0,0,0,11,0,0,0
550143,2,1,1983,12,12,12,12,12,12,12,12,12,12
550144,1,1,1983,0,0,0,0,0,0,0,0,0,0
550145,1,1,1983,0,0,0,20,0,0,0,0,0,0
550145,2,1,1983,0,0,0,0,0,0,0,0,0,0
550146,0,1,1983,0,0,0,0,0,0,0,0,0,0
550146,1,1,1983,0,0,0,0,0,0,0,0,0,0
550147,1,1,1983,12,12,12,12,12,12,12,12,12,12
550148,1,1,1983,18,22,0,0,19,5,25,26,24,23
550149,1,1,1983,24,24,24,24,24,24,24,24,24,24
550150,0,1,1983,7,0,0,15,6,43,22,46,36,30
550150,1,1,1983,20,23,15,15,0,15,17,18,10,14
550151,1,1,1983,25,13,24,17,0,19,10,19,24,24
550152,0,1,1983,0,0,0,0,0,0,0,0,0,0
550152,1,1,1983,0,0,0,0,0,0,0,0,0,10
550153,1,1,1983,0,0,0,0,0,0,0,0,0,0
550154,0,1,1983,6,17,23,16,0,19,18,20,36,22
550154,1,1,1983,0,29,13,0,12,0,13,15,10,0
550155,0,1,1983,0,16,0,0,0,0,0,0,0,0
550155,1,1,1983,13,13,13,13,13,13,13,13,13,13
550156,1,1,1983,13,13,13,13,13,13,13,13,13,13
550156,2,1,1983,13,10,5,9,16,17,24,19,8,16
550157,0,1,1983,28,28,28,28,28,28,28,28,28,28
550157,1,1,1983,4,11,5,14,4,33,3,8,12,14
550158,0,1,1983,21,21,21,21,21,21,21,21,21,21
550158,1,1,1983,0,0,0,0,0,0,20,0,0,0
550159,1,1,1983,18,18,18,18,18,18,18,18,18,18
550160,0,1,1983,24,24,24,24,24,24,24,24,24,24
550160,1,1,1983,0,0,0,0,0,0,15,0,0,0
550161,1,1,1983,0,0,0,0,0,0,0,0,0,0
550162,1,1,1983,0,0,0,0,0,0,0,0,0,0
550162,2,1,1983,0,0,0,0,0,0,0,0,0,0
550163,0,1,1983,23,23,23,23,23,23,23,23,23,23
550163,1,1,1983,11,11,6,7,22,16,11,27,4,0
550164,0,1,1983,0,0,0,0,0,0,0,0,0,0
550164,1,1,1983,0,0,0,0,0,0,0,0,0,0
550165,0,1,1983,0,0,0,0,0,0,0,0,0,0
550165,1,1,1983,0,0,0,0,0,0,0,0,0,0
550166,1,1,1983,14,14,14,14,14,14,14,14,14,14
550167,0,1,1983,0,0,0,0,0,0,0,0,0,0
550167,1,1,1983,0,0,0,0,0,0,0,17,0,0
550168,1,1,1983,0,0,0,0,0,0,0,0,0,0
550168,2,1,1983,0,0,0,0,0,0,0,0,0,0
550169,1,1,1983,0,0,0,0,0,0,0,0,0,0
550169,2,1,1983,0,0,0,0,0,0,0,0,0,0
550170,0,1,1983,0,0,0,0,0,0,0,0,0,0
550170,1,1,1983,0,0,0,0,0,0,0,0,0,0
550171,1,1,1983,0,0,0,0,0,9,0,0,0,0
550171,2,1,1983,0,0,0,14,0,0,0,0,0,0
550172,1,1,1983,34,34,34,34,34,34,34,34,34,34
550173,1,1,1983,12,0,0,0,0,11,0,0,0,0
550173,2,1,1983,0,0,0,0,0,0,0,0,0,0
550174,1,1,1983,0,0,0,0,0,0,0,0,0,0
550174,2,1,1983,0,0,0,0,0,0,0,0,0,0
550175,1,1,1983,0,0,0,0,0,0,0,0,0,0
550175,2,1,1983,0,0,0,0,0,0,0,0,0,0
550176,1,1,1983,19,19,19,19,19,19,19,19,19,19
550177,1,1,1983,18,18,18,18,18,18,18,18,18,18
550178,0,1,1983,7,7,7,7,7,7,7,7,7,7
550178,1,1,1983,0,0,0,0,0,0,0,0,0,0
550178,2,1,1983,0,0,0,0,0,0,0,0,0,0
550179,1,1,1983,27,6,6,14,17,12,33,17,15,9
550180,1,1,1983,0,0,0,28,21,8,0,0,24,31
550181,1,1,1983,18,18,18,18,18,18,18,18,18,18
550182,1,1,1983,12,12,12,12,12,12,12,12,12,12
550183,1,1,1983,0,0,0,0,0,0,0,0,0,0
550183,2,1,1983,0,0,0,0,19,0,0,0,0,0
550184,1,1,1983,4,4,4,4,4,4,4,4,4,4
550184,2,1,1983,14,6,13,35,12,22,9,8,14,0
550185,1,1,1983,0,0,0,0,0,0,0,0,0,0
550185,2,1,1983,0,0,0,0,0,0,0,0,0,0
550186,1,1,1983,18,4,4,13,10,22,5,11,14,14
550186,2,1,1983,0,0,0,0,0,0,0,0,0,0
550187,0,1,1983,0,0,0,0,0,0,0,0,0,0
550187,1,1,1983,0,0,0,0,0,0,0,0,0,0
550188,1,1,1983,22,22,22,22,22,22,22,22,22,22
550189,0,1,1983,14,14,14,14,14,14,14,14,14,14
550189,1,1,1983,0,0,0,0,0,0,0,14,0,0
550190,1,1,1983,19,19,19,19,19,19,19,19,19,19
550190,2,1,1983,27,27,27,27,27,27,27,27,27,27
550191,0,1,1983,0,0,0,0,0,0,0,0,0,0
550191,0,2,1983,21,0,50,0,26,11,0,6,10,0
550191,1,1,1983,15,10,11,23,6,12,7,15,43,5
550192,1,1,1983,21,21,21,21,21,21,21,21,21,21
550193,1,1,1983,0,0,0,0,0,0,0,0,0,0
550193,2,1,1983,0,0,0,0,0,0,0,0,0,0
550194,1,1,1983,0,0,0,0,0,0,0,0,0,0
550194,2,1,1983,0,0,0,0,0,0,0,0,0,0
550195,1,1,1983,0,0,0,0,0,0,0,0,0,0
550195,2,1,1983,0,0,0,0,9,0,0,0,0,0
550196,1,1,1983,25,15,0,14,28,22,10,13,19,16
550196,2,1,1983,0,0,0,0,0,0,0,0,0,0
550197,1,1,1983,22,22,22,22,22,22,22,22,22,22
550198,1,1,1983,24,0,0,21,12,0,12,0,0,11
550199,1,1,1983,37,37,37,37,37,37,37,37,37,37
550199,2,1,1983,0,12,0,10,30,0,0,0,0,0
550200,1,1,1983,0,0,0,0,0,0,0,0,0,0
550200,2,1,1983,0,10,0,13,0,0,0,0,0,0
550201,0,1,1983,0,0,0,0,0,0,0,0,0,0
550201,1,1,1983,0,0,0,0,7,0,0,0,0,0
550201,2,1,1983,0,0,0,0,0,0,0,0,0,0
550202,0,1,1983,0,0,0,0,0,0,0,0,0,0
550202,1,1,1983,0,0,0,0,11,0,0,11,0,0
550203,1,1,1983,0,0,0,0,0,0,0,0,0,0
550203,2,1,1983,0,0,0,0,0,0,0,0,0,0
550204,1,1,1983,10,0,0,0,5,6,16,0,0,0
550204,2,1,1983,4,4,4,4,4,4,4,4,4,4
550205,1,1,1983,0,0,0,0,0,0,0,0,0,0
550205,2,1,1983,0,0,0,0,0,0,0,0,0,0
550206,1,1,1983,23,23,23,23,23,23,23,23,23,23
550207,1,1,1983,25,25,25,25,25,25,25,25,25,25
550208,1,1,1983,0,0,0,0,0,0,0,0,0,0
550208,2,1,1983,0,0,0,0,0,0,0,0,0,0
550209,1,1,1983,18,18,18,18,18,18,18,18,18,18
550210,1,1,1983,21,21,21,21,21,21,21,21,21,21
550211,1,1,1983,11,17,17,4,5,11,7,15,0,12
550212,0,1,1983,0,0,0,0,0,0,0,0,0,0
550212,0,2,1983,0,0,0,31,12,29,0,0,0,0
550212,1,1,1983,0,0,0,0,0,0,0,0,0,0
550213,1,1,1983,19,19,19,19,19,19,19,19,19,19
550214,1,1,1983,12,12,12,12,12,12,12,12,12,12
550215,1,1,1983,0,0,0,0,0,0,0,0,0,0
550215,2,1,1983,0,0,0,0,0,0,25,0,0,0
550216,1,1,1983,0,0,0,0,0,0,0,0,0,0
550216,2,1,1983,8,9,4,9,20,6,24,17,13,20
550217,1,1,1983,13,10,15,23,7,8,23,0,6,20