ST_CASE,VEH_NO,PER_NO,YEAR,P1,P2,P3,P4,P5,P6,P7,P8,P9,P10
550217,2,1,1983,15,6,15,19,8,23,0,16,14,12
550218,1,1,1983,17,17,17,17,17,17,17,17,17,17
550219,1,1,1983,17,17,17,17,17,17,17,17,17,17
550220,1,1,1983,15,15,15,15,15,15,15,15,15,15
550221,1,1,1983,21,21,21,21,21,21,21,21,21,21
550222,1,1,1983,8,8,8,8,8,8,8,8,8,8
550223,1,1,1983,19,19,19,19,19,19,19,19,19,19
550223,2,1,1983,8,0,8,22,0,9,0,16,0,0
550224,1,1,1983,18,18,18,18,18,18,18,18,18,18
550225,0,1,1983,37,37,37,37,37,37,37,37,37,37
550225,1,1,1983,12,3,16,9,21,12,16,11,15,21
550226,1,1,1983,20,20,20,20,20,20,20,20,20,20
550227,1,1,1983,16,16,16,16,16,16,16,16,16,16
550228,1,1,1983,0,0,0,0,0,0,0,0,0,0
550228,2,1,1983,12,12,12,12,12,12,12,12,12,12
550229,0,1,1983,0,0,0,0,0,0,0,0,0,0
550229,1,1,1983,0,0,0,0,0,0,0,0,0,0
550230,1,1,1983,0,0,0,0,0,0,0,0,0,0
550230,2,1,1983,0,0,0,0,0,0,0,0,0,0
550231,0,1,1983,0,0,0,0,0,0,0,0,0,0
550231,1,1,1983,23,22,0,0,17,0,0,0,0,0
550232,1,1,1983,0,0,0,0,0,0,0,0,0,0
550233,1,1,1983,2,2,2,2,2,2,2,2,2,2
550233,2,1,1983,0,0,0,0,0,0,0,0,0,0
550234,1,1,1983,19,19,19,19,19,19,19,19,19,19
550235,1,1,1983,0,6,0,10,0,0,0,0,0,0
550235,2,1,1983,0,0,0,0,0,0,0,0,0,0
550236,1,1,1983,27,27,27,27,27,27,27,27,27,27
550237,1,1,1983,23,23,23,23,23,23,23,23,23,23
550238,1,1,1983,0,0,0,0,0,0,0,0,0,0
550238,2,1,1983,0,0,0,0,5,0,0,0,0,0
550239,1,1,1983,17,17,17,17,17,17,17,17,17,17
550240,1,1,1983,0,0,0,0,0,0,0,0,0,0
550241,1,1,1983,0,0,0,16,0,0,0,0,0,0
550241,2,1,1983,0,0,0,0,0,0,0,0,0,0
550242,1,1,1983,0,0,0,0,0,0,0,0,0,0
550242,2,1,1983,18,5,0,14,0,0,0,20,0,0
550243,1,1,1983,9,9,9,9,9,9,9,9,9,9
550244,1,1,1983,13,14,13,13,18,0,12,11,6,15
550245,1,1,1983,12,12,12,12,12,12,12,12,12,12
550245,2,1,1983,0,0,0,0,0,0,0,0,0,0
550245,3,1,1983,0,0,0,0,0,0,0,0,0,0
550246,0,1,1983,0,0,0,0,0,0,0,0,0,0
550246,1,1,1983,12,12,12,12,12,12,12,12,12,12
550247,1,1,1983,9,9,9,9,9,9,9,9,9,9
550247,2,1,1983,11,0,0,0,15,0,0,0,0,0
550248,1,1,1983,10,16,14,15,0,12,12,7,11,36
550248,2,1,1983,0,0,0,0,0,0,0,10,0,0
550249,1,1,1983,27,27,27,27,27,27,27,27,27,27
550250,1,1,1983,11,11,11,11,11,11,11,11,11,11
550251,1,1,1983,0,0,0,0,0,0,0,0,0,0
550251,2,1,1983,0,0,0,0,0,0,0,0,0,0
550252,1,1,1983,0,0,0,0,0,0,0,0,0,0
550253,1,1,1983,0,0,11,8,11,0,0,0,0,0
550253,2,1,1983,7,7,7,7,7,7,7,7,7,7
550254,1,1,1983,0,0,24,0,0,0,13,13,0,5
550254,2,1,1983,24,24,24,24,24,24,24,24,24,24
550255,1,1,1983,20,20,20,20,20,20,20,20,20,20
550256,1,1,1983,0,0,0,0,0,0,0,0,0,0
550256,2,1,1983,0,0,0,0,0,0,0,0,0,0
550257,1,1,1983,0,0,0,0,0,0,0,0,0,0
550257,2,1,1983,0,0,0,0,0,0,0,0,0,0
550258,0,1,1983,0,0,7,15,0,13,0,0,0,22
550258,0,2,1983,0,0,0,0,0,0,0,0,0,0
550258,1,1,1983,0,0,0,19,0,0,0,0,0,0
550259,1,1,1983,29,29,29,29,29,29,29,29,29,29
550260,1,1,1983,16,16,16,16,16,16,16,16,16,16
550261,0,1,1983,0,9,14,9,0,8,0,0,0,0
550261,1,1,1983,0,0,0,0,0,0,0,0,0,0
550262,1,1,1983,0,0,0,0,0,0,0,0,0,0
550262,2,1,1983,16,17,4,8,9,18,14,27,12,16
550263,1,1,1983,18,18,18,18,18,18,18,18,18,18
550264,1,1,1983,9,9,9,9,9,9,9,9,9,9
550264,2,1,1983,0,0,0,0,0,0,16,22,21,0
550265,0,1,1983,0,0,0,0,0,0,0,0,0,0
550265,1,1,1983,0,0,16,10,0,0,15,0,0,0
550266,1,1,1983,0,0,0,0,0,0,6,0,0,0
550266,2,1,1983,11,11,11,11,11,11,11,11,11,11
550267,1,1,1983,4,4,4,4,4,4,4,4,4,4
550268,1,1,1983,21,21,21,21,21,21,21,21,21,21
550269,1,1,1983,0,0,0,0,0,0,0,0,0,0
550270,1,1,1983,0,0,0,0,0,0,0,0,0,0
550271,1,1,1983,0,0,0,0,0,0,0,0,0,0
550272,1,1,1983,10,10,10,10,10,10,10,10,10,10
550272,2,1,1983,13,7,6,18,17,13,13,13,0,14
550273,1,1,1983,26,26,26,26,26,26,26,26,26,26
550274,0,1,1983,15,15,15,15,15,15,15,15,15,15
550274,1,1,1983,19,11,24,14,10,25,6,12,33,0
550275,1,1,1983,22,22,22,22,22,22,22,22,22,22
550276,1,1,1983,16,16,16,16,16,16,16,16,16,16
550276,2,1,1983,14,0,7,3,6,12,8,0,9,0
550277,1,1,1983,0,0,0,0,0,0,0,0,0,0
550277,2,1,1983,0,0,0,0,0,0,0,0,0,0
550278,1,1,1983,27,27,27,27,27,27,27,27,27,27
550279,1,1,1983,0,0,0,0,0,0,0,0,0,0
550279,2,1,1983,0,0,0,0,0,0,0,0,0,0
550280,1,1,1983,0,2,0,0,0,0,0,0,0,0
550280,2,1,1983,0,0,0,0,0,0,0,0,0,0
550280,3,1,1983,19,22,17,18,17,23,10,24,21,0
550281,1,1,1983,0,0,0,0,0,0,0,0,0,0
550282,1,1,1983,0,0,0,0,0,18,0,0,0,0
550282,2,1,1983,7,0,22,15,18,10,16,4,20,20
550283,1,1,1983,0,0,0,0,0,0,0,0,0,0
550283,2,1,1983,0,0,0,0,0,18,0,0,0,0
550284,1,1,1983,9,9,9,9,9,9,9,9,9,9
550285,1,1,1983,17,17,17,17,17,17,17,17,17,17
550285,2,1,1983,0,0,0,0,0,0,0,0,11,0
550286,1,1,1983,25,25,25,25,25,25,25,25,25,25
550287,1,1,1983,0,8,4,0,0,3,0,0,15,0
550288,1,1,1983,0,18,0,0,0,0,0,0,0,0
550289,1,1,1983,16,0,0,0,0,0,0,0,0,0
550289,2,1,1983,0,0,0,0,0,0,0,0,0,0
550290,1,1,1983,2,2,2,2,2,2,2,2,2,2
550290,2,1,1983,0,0,0,0,0,0,0,0,0,0
550291,1,1,1983,15,17,5,8,7,5,18,11,28,0
550291,2,1,1983,0,0,0,0,0,0,0,0,0,0
550292,1,1,1983,0,0,0,0,0,0,0,0,0,0
550293,1,1,1983,0,0,0,0,0,0,0,17,0,13
550294,1,1,1983,0,0,0,0,13,11,0,33,0,0
550295,1,1,1983,14,14,14,14,14,14,14,14,14,14
550296,1,1,1983,21,21,21,21,21,21,21,21,21,21
550296,2,1,1983,0,0,0,0,0,0,0,0,0,9
550297,1,1,1983,9,8,23,6,15,9,15,16,0,19
550297,2,1,1983,33,23,17,13,18,10,15,15,18,24
550298,1,1,1983,22,22,22,22,22,22,22,22,22,22
550299,1,1,1983,0,0,0,0,0,0,0,0,0,0
550299,2,1,1983,0,0,0,0,0,0,0,0,0,0
550300,1,1,1983,0,0,0,0,0,0,0,0,0,0
550300,2,1,1983,0,0,0,20,5,33,10,25,8,20
550301,1,1,1983,0,0,0,11,0,0,0,0,0,0
550302,1,1,1983,25,25,25,25,25,25,25,25,25,25
550303,1,1,1983,26,26,26,26,26,26,26,26,26,26
550304,0,1,1983,0,0,0,0,0,0,0,0,0,0
550304,1,1,1983,0,0,0,12,0,0,0,0,0,0
550305,0,1,1983,13,13,13,13,13,13,13,13,13,13
550305,1,1,1983,0,0,0,0,0,0,0,0,0,0
550306,1,1,1983,21,21,21,21,21,21,21,21,21,21
550307,1,1,1983,23,23,23,23,23,23,23,23,23,23
550308,0,1,1983,0,0,0,0,0,0,0,0,0,0
550308,1,1,1983,16,16,16,16,16,16,16,16,16,16
550309,1,1,1983,0,33,0,22,13,0,18,17,17,17
550310,1,1,1983,12,18,0,16,13,13,8,11,18,7
550311,1,1,1983,11,11,11,11,11,11,11,11,11,11
550311,2,1,1983,23,23,23,23,23,23,23,23,23,23
550312,1,1,1983,0,0,0,0,0,0,0,0,0,0
550312,2,1,1983,0,0,0,0,0,0,0,0,0,0
550313,1,1,1983,22,22,22,22,22,22,22,22,22,22
550313,2,1,1983,22,11,16,16,11,9,19,12,5,6
550314,1,1,1983,26,8,0,3,32,0,13,17,8,8
550314,2,1,1983,0,0,0,0,0,0,0,0,0,0
550314,3,1,1983,0,0,0,0,0,3,12,0,0,0
550315,1,1,1983,0,0,0,0,0,0,0,0,0,0
550315,2,1,1983,0,0,0,0,0,0,0,0,0,10
550316,0,1,1983,0,0,0,0,0,0,0,0,0,0
550316,0,2,1983,0,0,0,0,0,0,0,0,0,0
550316,1,1,1983,0,0,0,0,0,0,0,0,0,0
550317,0,1,1983,27,27,27,27,27,27,27,27,27,27
550317,1,1,1983,16,16,16,16,16,16,16,16,16,16
550318,1,1,1983,0,0,0,0,0,0,0,0,0,0
550318,2,1,1983,0,0,0,0,0,0,0,0,0,0
550319,1,1,1983,0,0,0,16,0,0,0,0,0,0
550319,2,1,1983,7,7,7,7,7,7,7,7,7,7
550320,1,1,1983,22,22,22,22,22,22,22,22,22,22
550321,1,1,1983,4,4,4,4,4,4,4,4,4,4
550322,1,1,1983,19,0,6,10,9,20,12,6,10,25
550323,1,1,1983,26,26,26,26,26,26,26,26,26,26
550324,1,1,1983,0,8,0,4,33,0,12,27,0,19
550325,1,1,1983,21,21,21,21,21,21,21,21,21,21
550326,1,1,1983,0,0,0,0,0,0,0,0,0,0
550326,2,1,1983,0,0,0,0,0,0,0,0,0,0
550327,0,1,1983,0,0,10,0,0,0,0,0,0,0
550327,1,1,1983,21,0,0,7,0,0,0,15,0,0
550328,0,1,1983,0,0,0,0,0,0,0,0,0,0
550328,1,1,1983,18,2,16,13,3,13,28,7,16,0
550329,1,1,1983,5,5,5,5,5,5,5,5,5,5
550330,1,1,1983,13,0,6,21,2,19,20,55,9,7
550330,2,1,1983,0,0,0,0,0,0,8,0,0,0
550331,1,1,1983,10,10,10,10,10,10,10,10,10,10
550332,1,1,1983,6,3,19,16,14,7,28,0,16,0
550332,2,1,1983,0,14,10,0,21,0,0,0,0,0
550333,1,1,1983,0,0,0,0,0,0,0,0,0,0
550333,2,1,1983,6,0,0,0,0,0,0,0,0,4
550334,1,1,1983,23,23,23,23,23,23,23,23,23,23
550335,1,1,1983,10,10,15,28,9,0,0,13,24,0
550336,1,1,1983,22,13,0,11,13,22,0,18,0,11
550337,1,1,1983,29,29,29,29,29,29,29,29,29,29
550337,2,1,1983,8,0,0,6,13,10,11,0,4,7
550338,1,1,1983,19,19,19,19,19,19,19,19,19,19
550339,1,1,1983,0,15,8,16,16,21,8,26,0,16
550339,2,1,1983,9,9,9,9,9,9,9,9,9,9
550340,1,1,1983,0,0,0,0,0,0,0,0,0,0
550341,1,1,1983,0,0,0,0,0,0,0,0,0,0
550341,2,1,1983,0,0,0,0,0,0,0,0,0,0
550342,0,1,1983,28,33,0,0,0,19,0,0,0,0
550342,1,1,1983,13,13,8,14,4,12,5,2,10,8
550343,1,1,1983,0,0,0,0,0,0,0,0,0,0
550343,2,1,1983,9,9,9,9,9,9,9,9,9,9
550344,1,1,1983,18,18,18,18,18,18,18,18,18,18
550345,1,1,1983,17,17,17,17,17,17,17,17,17,17
550346,1,1,1983,14,14,14,14,14,14,14,14,14,14
550347,1,1,1983,12,12,12,12,12,12,12,12,12,12
550348,0,1,1983,0,0,0,0,0,0,0,0,0,0
550348,1,1,1983,0,0,0,0,7,0,0,0,0,0
550349,1,1,1983,0,0,0,0,0,0,0,0,0,0
550349,2,1,1983,0,0,0,0,0,0,0,0,0,0
550350,1,1,1983,0,0,0,0,18,0,0,0,0,0
550350,2,1,1983,0,0,0,0,0,0,0,0,0,0
550351,1,1,1983,14,14,14,14,14,14,14,14,14,14
550351,2,1,1983,0,0,0,0,0,0,0,0,0,0
550352,0,1,1983,0,0,0,0,0,0,0,0,0,0
550352,1,1,1983,0,0,0,0,0,0,0,0,0,0
550353,0,1,1983,0,0,0,0,0,0,0,0,0,0
550353,1,1,1983,0,0,0,0,0,0,0,0,0,0
550354,0,1,1983,0,0,0,0,0,0,0,0,0,0
550354,1,1,1983,0,0,0,0,0,0,0,0,0,0
550355,1,1,1983,15,15,15,15,15,15,15,15,15,15
550356,0,1,1983,0,0,0,0,0,0,0,0,0,0
550356,1,1,1983,0,0,0,0,0,0,0,0,0,0
550357,1,1,1983,0,18,0,0,0,0,0,0,0,0
550357,2,1,1983,0,0,0,0,0,0,0,0,21,0
550358,1,1,1983,18,18,18,18,18,18,18,18,18,18
550358,2,1,1983,0,0,0,0,0,0,0,0,0,0
550359,1,1,1983,11,0,22,16,10,36,0,2,16,23
550360,1,1,1983,27,27,27,27,27,27,27,27,27,27
550361,1,1,1983,12,12,12,12,12,12,12,12,12,12
550362,1,1,1983,0,0,0,0,0,0,0,0,0,0
550362,2,1,1983,24,17,10,0,23,18,8,13,0,7
550363,1,1,1983,0,0,0,0,0,0,0,0,27,0
550363,2,1,1983,38,38,38,38,38,38,38,38,38,38
550364,0,1,1983,0,0,0,0,0,0,0,0,0,0
550364,1,1,1983,0,0,0,0,0,0,0,0,0,0
550365,1,1,1983,14,14,14,14,14,14,14,14,14,14
550366,1,1,1983,0,0,0,0,0,0,0,0,0,0
550366,2,1,1983,0,0,0,0,0,0,0,0,0,0
550367,1,1,1983,7,7,7,7,7,7,7,7,7,7
550368,1,1,1983,0,0,0,0,0,0,0,0,0,0
550369,1,1,1983,0,0,0,0,0,0,0,0,0,0
550370,1,1,1983,0,0,0,0,0,0,0,0,0,0
550370,2,1,1983,4,4,4,4,4,4,4,4,4,4
550371,1,1,1983,17,27,7,21,11,15,13,17,20,20
550372,0,1,1983,0,0,0,0,0,0,0,0,0,0
550372,0,2,1983,0,0,0,10,35,10,23,0,25,21
550372,1,1,1983,0,0,0,0,0,0,0,0,0,0
550373,1,1,1983,0,0,0,0,0,0,0,0,0,0
550373,2,1,1983,0,0,0,0,0,0,0,0,0,0
550374,1,1,1983,17,19,30,37,11,19,25,19,22,26
550375,1,1,1983,10,10,10,10,10,10,10,10,10,10
550376,1,1,1983,0,0,0,0,0,0,0,0,0,0
550376,2,1,1983,4,4,4,4,4,4,4,4,4,4
550377,1,1,1983,0,0,0,0,0,0,0,0,0,0
550377,2,1,1983,0,0,0,0,0,0,0,0,0,0
550378,0,1,1983,0,0,0,0,0,0,0,0,0,0
550378,1,1,1983,0,0,0,0,0,0,0,0,0,0
550379,1,1,1983,14,14,14,14,14,14,14,14,14,14
550380,1,1,1983,0,0,0,0,0,0,0,0,0,0
550380,2,1,1983,0,0,0,0,0,0,0,0,0,0
550381,1,1,1983,16,16,16,16,16,16,16,16,16,16
550382,0,1,1983,18,0,0,0,0,0,0,0,26,0
550382,1,1,1983,0,0,0,0,0,0,14,0,13,0
550383,1,1,1983,3,3,3,3,3,3,3,3,3,3
550384,1,1,1983,0,0,0,0,0,0,0,0,0,0
550384,2,1,1983,0,0,0,0,0,0,0,0,0,0
550385,0,1,1983,17,0,21,0,0,23,0,24,23,0
550385,1,1,1983,20,22,9,18,12,26,10,6,11,42
550386,0,1,1983,0,0,0,0,0,0,0,0,0,0
550386,1,1,1983,0,0,0,25,0,0,0,0,0,0
550387,1,1,1983,15,0,19,28,25,6,28,7,11,13
550387,2,1,1983,0,0,0,0,0,0,0,0,0,0
550388,1,1,1983,25,25,25,25,25,25,25,25,25,25
550389,1,1,1983,6,6,6,6,6,6,6,6,6,6
550390,1,1,1983,20,21,14,16,21,17,12,15,22,11
550391,1,1,1983,0,21,0,0,16,0,8,0,22,0
550391,2,1,1983,0,0,0,0,0,0,0,0,0,0
550392,1,1,1983,19,19,19,19,19,19,19,19,19,19
550393,1,1,1983,20,18,39,19,24,34,26,19,19,17
550394,0,1,1983,0,0,0,0,0,0,0,0,0,0
550394,1,1,1983,0,0,0,0,0,0,0,0,0,0
550395,1,1,1983,0,0,0,0,0,0,0,0,0,0
550396,1,1,1983,5,5,5,5,5,5,5,5,5,5
550397,1,1,1983,21,21,21,21,21,21,21,21,21,21
550397,2,1,1983,0,0,0,12,0,0,0,0,0,16
550398,0,1,1983,0,0,0,0,0,0,0,0,0,0
550398,1,1,1983,0,0,0,0,0,0,0,0,10,0
550399,1,1,1983,0,0,0,0,0,0,0,0,0,0
550399,2,1,1983,0,0,0,0,0,0,0,0,0,0
550400,1,1,1983,0,0,0,21,0,0,0,0,11,0
550400,2,1,1983,16,20,16,14,37,19,8,20,23,22
550401,1,1,1983,0,0,0,0,0,0,0,0,0,0
550401,2,1,1983,0,0,0,0,0,0,0,13,0,23
550402,1,1,1983,7,7,7,7,7,7,7,7,7,7
550402,2,1,1983,5,21,11,20,2,0,12,11,17,6
550403,1,1,1983,15,15,15,15,15,15,15,15,15,15
550404,1,1,1983,14,14,14,14,14,14,14,14,14,14
550405,1,1,1983,25,20,15,11,6,11,30,22,7,8
550405,2,1,1983,21,21,21,21,21,21,21,21,21,21
550406,1,1,1983,25,25,25,25,25,25,25,25,25,25
550406,2,1,1983,0,0,0,0,0,0,0,0,0,0
550406,3,1,1983,0,0,0,0,0,0,0,0,0,0
550407,1,1,1983,0,0,0,0,0,0,0,13,12,0
550407,2,1,1983,7,0,36,15,16,0,20,12,33,0
550408,1,1,1983,25,25,25,25,25,25,25,25,25,25
550409,1,1,1983,11,11,11,11,11,11,11,11,11,11
550409,2,1,1983,0,0,0,0,0,0,0,0,0,21
550410,1,1,1983,0,0,0,0,0,0,0,0,0,0
550411,1,1,1983,8,0,0,17,0,6,6,15,0,15
550411,2,1,1983,0,0,0,0,0,0,0,0,0,0
550412,1,1,1983,19,19,19,19,19,19,19,19,19,19
550413,1,1,1983,16,9,15,21,10,15,19,15,9,0
550414,1,1,1983,23,19,30,14,46,14,21,31,12,12
550415,0,1,1983,0,0,0,0,0,0,0,0,0,0
550415,1,1,1983,0,0,0,0,0,0,0,0,0,0
550416,1,1,1983,8,6,18,10,13,17,5,17,19,10
550417,1,1,1983,23,23,23,23,23,23,23,23,23,23
550418,0,1,1983,11,36,13,19,0,24,0,18,14,17
550418,1,1,1983,0,35,9,13,0,0,0,10,0,0
550419,1,1,1983,20,21,14,21,26,36,12,7,0,0
550419,2,1,1983,0,0,0,0,0,0,0,0,0,0
550420,1,1,1983,0,0,0,0,0,0,0,0,0,0
550421,1,1,1983,20,20,20,20,20,20,20,20,20,20
550421,2,1,1983,0,0,0,0,5,0,0,0,0,0
550422,1,1,1983,0,0,0,0,0,0,0,0,0,0
550422,2,1,1983,0,0,0,0,0,0,0,0,0,0
550423,1,1,1983,0,0,0,0,0,0,0,5,0,0
550424,1,1,1983,12,12,12,12,12,12,12,12,12,12
550425,1,1,1983,20,20,20,20,20,20,20,20,20,20
550425,2,1,1983,0,0,0,0,0,0,0,0,0,0
550426,1,1,1983,13,13,13,13,13,13,13,13,13,13
550427,1,1,1983,0,0,25,0,0,0,0,0,0,20
550428,0,1,1983,0,0,0,0,0,0,0,0,0,0
550428,1,1,1983,0,0,0,0,9,0,0,0,0,0
550429,1,1,1983,0,0,0,0,0,0,0,0,0,0
550430,1,1,1983,0,0,0,0,0,0,0,0,0,0
550431,1,1,1983,0,0,14,15,0,0,0,0,0,0
550431,2,1,1983,0,67,3,10,11,0,9,10,14,3
550432,1,1,1983,0,0,0,0,0,0,0,0,0,0
550432,2,1,1983,23,0,0,0,0,0,0,0,0,0
550433,1,1,1983,19,19,19,19,19,19,19,19,19,19
550434,1,1,1983,19,19,19,19,19,19,19,19,19,19
550435,1,1,1983,0,0,0,0,0,0,0,0,0,0
550435,2,1,1983,0,0,0,0,0,0,0,0,0,0
550435,3,1,1983,0,0,0,0,0,0,0,0,0,0
550436,1,1,1983,15,11,19,17,5,15,21,10,9,11
550437,1,1,1983,11,11,11,11,11,11,11,11,11,11
550438,1,1,1983,28,0,0,0,0,0,0,0,0,0
550439,1,1,1983,24,24,24,24,24,24,24,24,24,24
550440,1,1,1983,0,0,0,0,0,0,0,0,0,0
550441,1,1,1983,13,13,13,13,13,13,13,13,13,13
550442,1,1,1983,11,11,11,11,11,11,11,11,11,11
550442,2,1,1983,0,10,0,13,22,11,13,20,8,8
550443,1,1,1983,17,17,17,17,17,17,17,17,17,17
550444,0,1,1983,32,32,32,32,32,32,32,32,32,32
550444,1,1,1983,15,15,15,15,15,15,15,15,15,15
550445,1,1,1983,0,0,0,0,0,0,0,0,0,0
550445,2,1,1983,0,0,0,0,0,0,0,0,0,0
550446,0,1,1983,0,0,0,0,0,0,0,0,0,0
550446,1,1,1983,0,0,0,0,0,0,0,0,0,0
550447,0,1,1983,0,0,0,0,0,0,0,0,0,0
550447,1,1,1983,0,0,0,0,6,0,0,0,0,19
550448,1,1,1983,0,0,0,0,0,0,0,0,0,0
550449,1,1,1983,0,0,0,0,0,0,0,0,0,0
550449,2,1,1983,8,0,6,0,0,0,0,0,22,0
550450,1,1,1983,23,23,23,23,23,23,23,23,23,23
550450,2,1,1983,5,5,5,5,5,5,5,5,5,5
550451,1,1,1983,0,0,0,0,0,0,0,0,0,0
550452,1,1,1983,0,0,0,0,0,0,0,0,0,0
550453,1,1,1983,0,0,0,0,9,0,0,0,0,0
550453,2,1,1983,0,0,0,0,0,0,0,0,0,0
550454,1,1,1983,9,15,12,19,0,13,0,0,12,0
550455,1,1,1983,0,0,0,0,0,0,7,0,0,0
550455,2,1,1983,0,0,0,20,0,0,0,0,0,0
550456,1,1,1983,26,26,2,7,19,10,25,29,22,12
550457,1,1,1983,15,15,15,15,15,15,15,15,15,15
550457,2,1,1983,0,16,5,25,20,6,12,3,7,0
550457,3,1,1983,0,0,0,0,0,0,0,0,0,0
550457,4,1,1983,0,0,0,0,0,0,0,0,0,0
550458,1,1,1983,14,14,14,14,14,14,14,14,14,14
550459,1,1,1983,30,30,30,30,30,30,30,30,30,30
550460,1,1,1983,0,0,0,0,0,0,0,0,0,0
550460,2,1,1983,0,0,0,0,0,0,0,0,0,0
550461,1,1,1983,15,15,15,15,15,15,15,15,15,15
550461,2,1,1983,0,0,0,0,0,0,0,0,0,0
550461,3,1,1983,25,4,5,34,3,18,13,14,9,15
550462,1,1,1983,11,11,11,11,11,11,11,11,11,11
550463,1,1,1983,29,29,29,29,29,29,29,29,29,29
550463,2,1,1983,16,25,4,20,23,17,12,11,30,21
550464,1,1,1983,13,13,13,13,13,13,13,13,13,13
550465,1,1,1983,24,24,24,24,24,24,24,24,24,24
550465,2,1,1983,0,0,0,0,0,0,0,0,0,0
550466,1,1,1983,30,30,30,30,30,30,30,30,30,30
550467,1,1,1983,0,0,0,0,0,0,0,0,0,0
550467,2,1,1983,0,0,0,0,0,0,0,0,0,0
550468,1,1,1983,17,17,17,17,17,17,17,17,17,17
550469,1,1,1983,0,0,0,0,0,0,0,0,0,0
550470,1,1,1983,0,0,0,0,0,0,0,0,0,0
550471,1,1,1983,0,0,0,0,0,0,0,3,0,8
550471,2,1,1983,0,0,0,0,0,0,0,0,0,0
550472,0,1,1983,0,0,0,0,0,0,0,0,0,0
550472,1,1,1983,0,0,0,0,0,0,0,0,0,0
550473,1,1,1983,18,18,18,18,18,18,18,18,18,18
550474,1,1,1983,0,0,0,0,0,0,0,0,0,0
550474,2,1,1983,0,0,0,0,0,0,0,0,0,0
550475,1,1,1983,14,14,14,14,14,14,14,14,14,14
550475,2,1,1983,15,15,15,15,15,15,15,15,15,15
550476,1,1,1983,17,17,17,17,17,17,17,17,17,17
550477,1,1,1983,23,23,23,23,23,23,23,23,23,23
550478,1,1,1983,7,7,7,7,7,7,7,7,7,7
550479,1,1,1983,18,18,18,18,18,18,18,18,18,18
550480,1,1,1983,11,11,11,11,11,11,11,11,11,11
550481,1,1,1983,22,22,22,22,22,22,22,22,22,22
550481,2,1,1983,0,0,0,0,0,0,0,0,0,0
550482,1,1,1983,0,0,0,0,0,0,0,0,0,0
550483,1,1,1983,26,26,26,26,26,26,26,26,26,26
550484,0,1,1983,26,26,26,26,26,26,26,26,26,26
550484,1,1,1983,0,0,0,0,25,0,0,0,0,0
550485,1,1,1983,0,0,0,0,0,0,0,0,0,0
550486,1,1,1983,0,0,0,0,0,0,0,0,0,0
550487,1,1,1983,0,0,0,0,0,0,0,0,0,0
550487,2,1,1983,0,0,0,0,0,0,0,0,0,0
550487,3,1,1983,0,0,0,0,0,0,0,0,0,0
550488,1,1,1983,0,0,0,0,0,0,0,0,0,0
550488,2,1,1983,0,0,0,0,0,0,0,0,0,0
550489,1,1,1983,26,26,26,26,26,26,26,26,26,26
550490,0,1,1983,17,0,0,7,11,0,0,0,0,0
550490,1,1,1983,0,0,0,0,0,0,0,0,0,0
550491,1,1,1983,0,0,0,0,0,0,0,0,0,0
550491,2,1,1983,0,0,0,0,0,0,0,0,0,0
550492,1,1,1983,7,7,7,7,7,7,7,7,7,7
550492,2,1,1983,0,16,10,27,12,0,19,24,14,7
550493,0,1,1983,0,0,0,0,0,0,0,0,0,0
550493,1,1,1983,14,0,25,15,0,11,0,19,0,0
550494,0,1,1983,16,16,16,16,16,16,16,16,16,16
550494,1,1,1983,7,13,0,10,3,4,23,10,19,14
550495,1,1,1983,0,29,0,23,0,15,22,17,0,27
550496,0,1,1983,23,23,23,23,23,23,23,23,23,23
550496,1,1,1983,5,0,0,0,0,0,16,0,0,0
550497,1,1,1983,16,16,16,16,16,16,16,16,16,16
550498,0,1,1983,0,0,0,0,0,0,0,0,0,0
550498,1,1,1983,0,0,0,0,0,0,0,0,0,0
550499,1,1,1983,13,13,13,13,13,13,13,13,13,13
550499,2,1,1983,0,0,0,0,0,0,0,20,0,0
550500,1,1,1983,22,22,22,22,22,22,22,22,22,22
550501,1,1,1983,18,0,10,17,14,32,8,24,14,13
550501,2,1,1983,12,11,24,20,14,22,20,19,10,18
550502,1,1,1983,15,9,31,6,25,31,15,6,26,24
550503,1,1,1983,2,2,2,2,2,2,2,2,2,2
550504,1,1,1983,28,28,28,28,28,28,28,28,28,28
550505,1,1,1983,11,11,11,11,11,11,11,11,11,11
550506,0,1,1983,0,30,24,0,0,24,0,10,0,21
550506,1,1,1983,0,0,0,0,0,0,0,0,0,0
550507,1,1,1983,26,26,26,26,26,26,26,26,26,26
550508,1,1,1983,18,18,18,18,18,18,18,18,18,18
550508,2,1,1983,0,0,0,0,0,27,0,0,0,0
550509,1,1,1983,0,0,0,0,0,0,0,0,0,0
550509,2,1,1983,0,0,0,0,0,0,0,0,0,0