ST_CASE,VEH_NO,PER_NO,YEAR,P1,P2,P3,P4,P5,P6,P7,P8,P9,P10
60001,1,1,1983,0,0,0,0,0,0,0,0,0,13
60001,2,1,1983,0,0,0,0,0,0,21,0,0,0
60002,1,1,1983,14,14,14,14,14,14,14,14,14,14
60002,2,1,1983,0,0,0,0,19,8,0,0,0,0
60003,1,1,1983,23,23,23,23,23,23,23,23,23,23
60003,2,1,1983,0,0,0,0,0,0,0,0,0,0
60003,3,1,1983,0,0,0,0,0,0,0,0,0,0
60003,4,1,1983,0,0,0,0,0,0,0,17,0,0
60004,0,1,1983,0,0,0,0,0,0,0,0,0,0
60004,1,1,1983,0,0,0,0,0,0,0,0,0,0
60005,1,1,1983,22,22,22,22,22,22,22,22,22,22
60006,1,1,1983,14,14,14,14,14,14,14,14,14,14
60007,0,1,1983,0,0,0,0,0,0,0,0,0,0
60007,1,1,1983,0,0,0,0,0,0,0,0,0,0
60008,1,1,1983,0,0,0,3,0,0,0,0,4,0
60008,2,1,1983,0,0,0,0,0,0,0,0,0,0
60008,3,1,1983,0,0,0,0,0,0,0,0,0,0
60009,1,1,1983,0,0,0,0,0,0,0,0,0,0
60010,1,1,1983,0,0,0,0,0,0,0,0,0,0
60011,1,1,1983,0,0,0,0,0,0,0,6,15,0
60011,2,1,1983,0,0,0,17,0,0,0,0,0,0
60011,3,1,1983,0,6,0,0,0,0,21,0,15,0
60012,1,1,1983,0,0,0,0,0,0,20,0,0,22
60012,2,1,1983,0,0,0,0,0,0,0,0,0,0
60013,1,1,1983,0,0,0,0,0,0,0,0,0,0
60013,2,1,1983,0,15,0,0,0,19,0,0,0,0
60014,1,1,1983,0,0,0,0,0,0,0,0,0,0
60015,1,1,1983,15,15,15,15,15,15,15,15,15,15
60016,1,1,1983,0,0,0,0,0,0,0,0,0,0
60016,2,1,1983,19,19,19,19,19,19,19,19,19,19
60017,0,1,1983,0,0,0,0,0,0,0,0,0,0
60017,1,1,1983,0,7,0,0,5,0,0,31,0,17
60018,0,1,1983,22,22,22,22,22,22,22,22,22,22
60018,1,1,1983,0,0,0,0,0,0,0,0,0,0
60019,1,1,1983,0,0,0,0,0,0,0,0,0,0
60019,2,1,1983,0,0,0,0,0,7,0,11,0,13
60020,1,1,1983,0,0,0,0,0,0,0,0,0,0
60020,2,1,1983,17,28,7,4,14,10,0,18,16,16
60020,3,1,1983,0,0,27,17,5,0,0,0,6,0
60020,4,1,1983,0,0,0,0,22,0,0,0,0,0
60021,1,1,1983,30,30,30,30,30,30,30,30,30,30
60021,2,1,1983,0,0,0,13,0,0,0,0,0,0
60022,1,1,1983,19,19,19,19,19,19,19,19,19,19
60023,1,1,1983,0,0,0,0,0,0,0,0,0,7
60024,0,1,1983,8,8,8,8,8,8,8,8,8,8
60024,1,1,1983,0,0,0,0,8,19,0,15,0,0
60025,1,1,1983,0,0,0,0,0,0,0,0,0,0
60025,2,1,1983,21,0,0,0,0,0,0,0,0,0
60026,1,1,1983,0,0,0,0,0,0,0,0,0,0
60026,2,1,1983,0,0,0,0,0,0,0,0,0,0
60027,1,1,1983,16,16,16,16,16,16,16,16,16,16
60027,2,1,1983,0,0,0,24,0,0,0,0,0,0
60028,1,1,1983,0,0,0,0,0,0,0,0,0,0
60029,0,1,1983,2,2,2,2,2,2,2,2,2,2
60029,1,1,1983,11,10,20,23,12,20,10,8,16,11
60030,1,1,1983,0,0,0,0,0,0,0,0,0,0
60030,2,1,1983,0,0,0,0,0,0,31,0,0,0
60031,1,1,1983,29,29,29,29,29,29,29,29,29,29
60032,1,1,1983,27,27,27,27,27,27,27,27,27,27
60032,2,1,1983,0,0,0,0,0,0,0,0,0,0
60033,1,1,1983,0,0,0,0,0,0,0,0,0,0
60033,2,1,1983,0,0,0,0,0,0,0,0,0,0
60034,1,1,1983,17,17,17,17,17,17,17,17,17,17
60035,0,1,1983,0,0,0,0,0,0,0,0,0,0
60035,1,1,1983,0,0,0,0,0,0,0,0,0,0
60036,1,1,1983,24,24,24,24,24,24,24,24,24,24
60037,1,1,1983,19,19,19,19,19,19,19,19,19,19
60037,2,1,1983,15,22,32,0,0,16,0,9,6,7
60037,3,1,1983,0,0,14,10,12,25,3,15,18,11
60038,1,1,1983,26,26,26,26,26,26,26,26,26,26
60039,1,1,1983,0,0,0,0,0,0,0,0,0,0
60039,2,1,1983,0,0,0,0,0,0,0,0,0,0
60039,3,1,1983,0,0,0,0,0,0,0,0,0,0
60040,0,1,1983,0,0,0,0,0,0,0,0,0,0
60040,1,1,1983,0,18,0,0,0,0,0,0,0,0
60041,0,1,1983,4,4,4,4,4,4,4,4,4,4
60041,1,1,1983,0,0,0,0,0,0,0,0,0,0
60041,2,1,1983,0,0,0,0,0,0,19,0,0,0
60042,1,1,1983,16,16,16,16,16,16,16,16,16,16
60043,0,1,1983,12,12,12,12,12,12,12,12,12,12
60043,1,1,1983,0,0,0,0,0,0,0,0,0,0
60044,1,1,1983,0,0,0,0,0,0,0,0,0,0
60044,2,1,1983,18,18,18,18,18,18,18,18,18,18
60045,1,1,1983,20,20,20,20,20,20,20,20,20,20
60045,2,1,1983,0,0,0,0,0,0,0,0,0,0
60045,3,1,1983,0,11,52,0,11,0,0,0,0,0
60045,4,1,1983,0,0,0,0,0,0,0,0,0,0
60045,5,1,1983,0,22,0,9,0,0,0,0,0,0
60046,1,1,1983,14,14,14,14,14,14,14,14,14,14
60047,0,1,1983,0,0,0,0,0,0,0,0,0,0
60047,1,1,1983,0,0,0,0,0,0,0,0,0,0
60048,1,1,1983,0,0,0,0,0,0,0,0,0,0
60048,2,1,1983,0,0,0,0,0,17,0,0,0,0
60049,1,1,1983,18,9,16,25,10,14,14,20,0,12
60050,1,1,1983,7,7,7,7,7,7,7,7,7,7
60051,0,1,1983,7,7,7,7,7,7,7,7,7,7
60051,1,1,1983,16,16,16,16,16,16,16,16,16,16
60052,1,1,1983,10,10,10,10,10,10,10,10,10,10
60053,0,1,1983,28,28,28,28,28,28,28,28,28,28
60053,1,1,1983,0,0,0,0,0,0,0,0,0,14
60054,1,1,1983,29,29,29,29,29,29,29,29,29,29
60054,2,1,1983,0,0,0,0,0,0,0,0,22,0
60055,1,1,1983,13,13,13,13,13,13,13,13,13,13
60056,1,1,1983,21,21,21,21,21,21,21,21,21,21
60057,1,1,1983,0,0,0,0,0,0,0,0,0,0
60057,2,1,1983,0,0,0,0,0,0,0,0,0,0
60058,1,1,1983,4,11,0,9,16,0,2,0,26,0
60059,0,1,1983,0,0,0,0,0,0,0,0,0,0
60059,1,1,1983,8,0,8,12,22,24,23,17,16,6
60060,1,1,1983,30,30,30,30,30,30,30,30,30,30
60060,2,1,1983,20,16,16,7,16,10,14,8,28,18
60061,0,1,1983,23,23,23,23,23,23,23,23,23,23
60061,1,1,1983,21,21,21,21,21,21,21,21,21,21
60062,1,1,1983,11,11,11,11,11,11,11,11,11,11
60062,2,1,1983,0,0,0,0,0,0,0,0,0,0
60063,1,1,1983,19,19,19,19,19,19,19,19,19,19
60064,0,1,1983,22,22,22,22,22,22,22,22,22,22
60064,1,1,1983,0,0,0,0,0,0,0,0,31,0
60065,1,1,1983,18,18,18,18,18,18,18,18,18,18
60065,2,1,1983,0,0,10,0,12,0,17,15,0,0
60066,1,1,1983,24,24,24,24,24,24,24,24,24,24
60067,1,1,1983,17,17,17,17,17,17,17,17,17,17
60068,0,1,1983,0,0,0,0,0,0,0,0,0,25
60068,1,1,1983,0,0,0,0,0,0,0,0,7,0
60069,1,1,1983,0,0,0,0,0,0,0,0,0,0
60069,2,1,1983,0,0,0,0,0,0,0,0,0,0
60070,1,1,1983,27,27,27,27,27,27,27,27,27,27
60071,1,1,1983,0,0,0,0,0,0,0,0,0,0
60071,2,1,1983,0,0,0,0,0,0,0,12,0,0
60072,1,1,1983,14,14,14,14,14,14,14,14,14,14
60073,0,1,1983,16,16,16,16,16,16,16,16,16,16
60073,1,1,1983,11,7,0,6,12,25,27,17,0,6
60073,2,1,1983,0,0,29,0,20,0,0,0,0,0
60074,1,1,1983,26,26,26,26,26,26,26,26,26,26
60075,1,1,1983,22,22,22,22,22,22,22,22,22,22
60076,1,1,1983,14,14,14,14,14,14,14,14,14,14
60077,1,1,1983,10,10,10,10,10,10,10,10,10,10
60077,2,1,1983,4,4,4,4,4,4,4,4,4,4
60077,3,1,1983,0,0,0,19,0,8,22,0,0,0
60078,1,1,1983,0,0,0,0,0,0,0,0,0,0
60078,2,1,1983,20,24,0,25,17,23,6,19,0,0
60079,0,1,1983,32,32,32,32,32,32,32,32,32,32
60079,1,1,1983,0,0,0,30,0,0,0,20,0,0
60080,0,1,1983,6,36,18,27,36,12,4,12,17,0
60080,0,2,1983,0,0,0,0,0,0,0,0,0,0
60080,0,3,1983,0,0,0,0,0,0,0,0,0,0
60080,1,1,1983,0,4,0,0,0,0,0,0,0,0
60080,2,1,1983,0,7,0,0,0,0,0,0,0,0
60081,1,1,1983,0,0,0,0,0,0,0,0,0,0
60081,2,1,1983,0,0,0,0,0,0,0,0,0,0
60082,0,1,1983,2,2,2,2,2,2,2,2,2,2
60082,1,1,1983,0,0,0,0,0,0,0,0,0,0
60083,0,1,1983,0,0,0,0,0,0,0,0,0,0
60083,1,1,1983,0,0,0,0,0,0,0,0,0,0
60084,1,1,1983,16,16,16,16,16,16,16,16,16,16
60084,2,1,1983,0,0,0,15,0,0,0,0,0,0
60085,1,1,1983,0,0,0,0,0,0,0,0,0,0
60085,2,1,1983,0,0,0,0,0,0,0,0,0,0
60086,1,1,1983,0,0,0,0,0,0,0,0,0,0
60086,2,1,1983,0,0,0,0,0,0,0,0,0,0
60087,1,1,1983,9,9,9,9,9,9,9,9,9,9
60088,1,1,1983,28,28,28,28,28,28,28,28,28,28
60089,1,1,1983,22,22,22,22,22,22,22,22,22,22
60089,2,1,1983,0,0,0,6,0,0,0,0,0,0
60090,1,1,1983,10,10,10,10,10,10,10,10,10,10
60091,0,1,1983,21,21,21,21,21,21,21,21,21,21
60091,1,1,1983,19,0,0,0,16,0,0,0,0,0
60092,1,1,1983,0,0,0,21,0,0,0,0,21,16
60093,1,1,1983,13,13,13,13,13,13,13,13,13,13
60094,1,1,1983,0,0,0,0,0,0,0,0,0,0
60095,1,1,1983,0,0,0,0,0,0,0,0,0,0
60095,2,1,1983,0,0,0,0,0,0,0,0,13,0
60095,3,1,1983,0,0,2,0,0,0,0,0,2,0
60096,1,1,1983,0,0,0,0,0,0,0,0,0,9
60096,2,1,1983,0,0,0,0,0,0,0,0,0,0
60097,1,1,1983,16,16,16,16,16,16,16,16,16,16
60097,2,1,1983,18,18,18,18,18,18,18,18,18,18
60098,1,1,1983,26,26,26,26,26,26,26,26,26,26
60099,0,1,1983,0,0,0,0,0,0,0,0,0,0
60099,1,1,1983,0,0,0,0,0,0,0,0,0,0
60100,1,1,1983,0,0,0,0,0,0,0,0,0,0
60100,2,1,1983,0,0,0,0,0,0,0,0,0,0
60100,3,1,1983,0,0,0,0,0,0,0,0,0,0
60101,1,1,1983,0,0,0,0,0,0,0,0,0,0
60101,2,2,1983,0,0,0,0,0,0,0,0,0,0
60102,0,1,1983,1,1,1,1,1,1,1,1,1,1
60102,1,1,1983,0,0,0,0,0,0,0,0,0,0
60103,1,1,1983,15,15,15,15,15,15,15,15,15,15
60103,2,1,1983,0,11,0,17,0,0,0,27,0,21
60104,1,1,1983,0,0,0,0,0,0,0,0,0,0
60104,2,1,1983,0,0,0,0,0,0,0,0,0,0
60105,1,1,1983,0,0,0,0,0,0,0,0,0,0
60105,2,1,1983,0,0,0,0,0,0,0,0,0,0
60106,1,1,1983,0,0,0,0,0,0,0,0,0,0
60106,2,1,1983,0,0,0,0,0,0,0,0,0,0
60107,0,1,1983,0,0,0,0,0,0,0,0,0,0
60107,1,1,1983,0,0,0,0,0,0,0,0,0,0
60108,0,1,1983,0,0,0,0,0,0,0,0,0,0
60108,1,1,1983,0,0,0,0,0,0,0,0,0,0
60109,1,1,1983,7,7,7,7,7,7,7,7,7,7
60110,1,1,1983,17,14,0,0,16,21,34,0,22,34
60111,0,1,1983,0,0,0,0,0,0,0,0,0,0
60111,1,1,1983,0,0,10,0,0,0,0,0,0,0
60112,1,1,1983,28,28,28,28,28,28,28,28,28,28
60113,1,1,1983,0,0,0,0,0,0,0,0,0,0
60113,2,1,1983,0,0,0,0,0,0,0,0,0,0
60113,3,1,1983,0,0,0,0,0,0,0,0,0,0
60114,0,1,1983,12,12,12,12,12,12,12,12,12,12
60114,1,1,1983,0,0,0,0,0,0,0,0,0,0
60115,0,1,1983,12,12,12,12,12,12,12,12,12,12
60115,1,1,1983,0,0,0,0,0,10,0,0,0,0
60116,0,1,1983,26,26,26,26,26,26,26,26,26,26
60116,1,1,1983,0,0,0,0,0,0,0,0,0,0
60117,1,1,1983,0,0,0,0,17,0,0,0,0,0
60117,2,1,1983,0,0,0,8,0,0,0,0,0,0
60118,1,1,1983,0,0,0,0,0,0,0,0,0,0
60119,1,1,1983,7,7,7,7,7,7,7,7,7,7
60119,2,1,1983,0,0,0,0,0,0,0,0,0,0
60120,1,1,1983,7,7,7,7,7,7,7,7,7,7
60121,1,1,1983,19,19,19,19,19,19,19,19,19,19
60122,1,1,1983,0,0,0,0,0,0,0,0,0,0
60122,2,1,1983,0,0,0,0,0,0,0,0,0,0
60123,1,1,1983,14,14,14,14,14,14,14,14,14,14
60124,0,1,1983,0,0,0,0,0,0,0,0,0,0
60124,1,1,1983,0,0,0,0,0,0,0,0,0,8
60125,1,1,1983,16,16,16,16,16,16,16,16,16,16
60126,1,1,1983,12,0,8,3,0,0,13,0,0,0
60126,2,1,1983,0,0,0,0,0,0,0,0,0,0
60127,0,1,1983,0,0,0,0,0,0,0,0,0,0
60127,1,1,1983,0,0,0,0,0,0,0,0,0,0
60128,1,1,1983,0,0,0,0,0,0,0,0,0,0
60128,2,1,1983,0,0,0,0,0,0,0,0,0,0
60129,1,1,1983,6,6,6,6,6,6,6,6,6,6
60129,2,1,1983,0,7,0,0,0,0,0,0,0,0
60130,1,1,1983,0,0,0,0,0,0,0,0,0,0
60131,1,1,1983,0,0,0,0,0,15,0,0,0,31
60132,1,1,1983,0,0,0,0,0,0,0,0,0,0
60133,1,1,1983,0,0,0,0,0,0,0,0,0,0
60133,2,1,1983,0,0,0,0,0,0,0,0,0,0
60134,0,1,1983,0,0,0,0,0,0,0,0,0,0
60134,1,1,1983,0,0,0,0,0,0,0,0,0,0
60135,1,1,1983,0,0,0,0,0,0,0,0,0,0
60135,2,1,1983,0,0,0,0,0,0,0,0,0,0
60135,3,1,1983,0,0,0,0,0,0,0,0,0,0
60136,1,1,1983,0,0,0,0,0,0,0,0,0,0
60136,2,1,1983,16,10,0,0,0,23,15,27,0,0
60137,1,1,1983,17,17,17,17,17,17,17,17,17,17
60137,2,1,1983,11,11,11,11,11,11,11,11,11,11
60138,1,1,1983,9,16,23,20,17,22,20,24,19,12
60139,1,1,1983,0,2,0,0,13,20,0,0,0,12
60140,1,1,1983,3,3,3,3,3,3,3,3,3,3
60141,0,1,1983,0,0,0,0,0,0,0,0,0,0
60141,1,1,1983,0,0,0,0,0,0,0,0,0,0
60142,1,1,1983,0,0,0,0,0,0,0,0,0,0
60142,2,1,1983,2,2,2,2,2,2,2,2,2,2
60143,1,1,1983,29,29,29,29,29,29,29,29,29,29
60144,0,1,1983,0,0,0,0,0,0,0,0,0,0
60144,1,1,1983,0,0,0,0,0,0,0,21,0,0
60145,1,1,1983,0,0,0,0,0,0,0,0,0,0
60145,2,1,1983,0,0,0,0,0,0,0,0,0,0
60146,1,1,1983,0,0,0,0,0,0,0,0,0,0
60146,2,1,1983,0,0,0,0,0,0,0,0,0,0
60147,1,1,1983,27,27,27,27,27,27,27,27,27,27
60148,1,1,1983,0,0,0,0,0,0,0,0,0,0
60148,2,1,1983,24,24,24,24,24,24,24,24,24,24
60149,0,1,1983,0,0,0,0,0,0,0,0,0,0
60149,1,1,1983,0,0,0,8,17,0,0,0,0,0
60149,2,1,1983,15,7,15,8,12,25,17,16,28,4
60149,3,1,1983,21,25,18,0,0,0,0,0,0,13
60150,1,1,1983,11,11,11,11,11,11,11,11,11,11
60150,2,1,1983,0,0,0,0,0,0,0,0,0,0
60151,0,1,1983,0,0,0,0,0,0,0,0,0,0
60151,1,1,1983,3,14,0,0,0,0,0,6,0,0
60152,1,1,1983,0,0,0,0,0,0,0,0,0,0
60152,2,1,1983,0,0,0,0,0,0,0,0,0,0
60152,3,1,1983,0,0,0,0,0,0,0,0,0,0
60153,1,1,1983,0,0,11,0,0,0,0,0,0,0
60153,2,1,1983,0,0,0,0,0,0,0,0,0,0
60153,3,1,1983,0,0,0,0,0,0,0,0,0,0
60154,0,1,1983,0,0,0,0,0,0,0,0,0,0
60154,1,1,1983,0,0,0,0,0,0,0,0,0,0
60155,1,1,1983,19,19,19,19,19,19,19,19,19,19
60156,1,1,1983,6,6,6,6,6,6,6,6,6,6
60157,1,1,1983,0,0,0,0,0,0,0,0,0,0
60157,2,1,1983,11,11,11,11,11,11,11,11,11,11
60158,0,1,1983,0,0,0,0,0,0,0,0,0,0
60158,1,1,1983,10,23,12,14,28,20,15,16,23,25
60159,0,1,1983,0,0,0,0,0,0,0,0,0,0
60159,1,1,1983,0,0,0,0,0,0,0,20,0,0
60160,0,1,1983,0,0,0,0,0,0,0,0,0,0
60160,1,1,1983,0,0,0,0,0,0,0,0,0,0
60161,1,1,1983,26,0,22,0,13,0,0,0,0,0
60162,1,1,1983,0,0,0,0,0,0,0,0,0,0
60162,2,1,1983,0,0,0,0,0,0,0,0,6,0
60163,1,1,1983,24,24,24,24,24,24,24,24,24,24
60163,2,1,1983,0,0,0,0,0,0,0,0,0,0
60164,1,1,1983,13,13,13,13,13,13,13,13,13,13
60165,1,1,1983,16,16,16,16,16,16,16,16,16,16
60166,1,1,1983,19,19,19,19,19,19,19,19,19,19
60167,0,1,1983,7,7,7,7,7,7,7,7,7,7
60167,1,1,1983,0,0,0,0,0,0,0,0,0,0
60168,0,1,1983,0,0,0,0,0,0,0,0,0,0
60168,1,1,1983,0,0,0,0,0,0,0,0,0,0
60169,1,1,1983,0,0,0,0,0,0,0,0,0,0
60169,2,1,1983,0,0,0,0,0,0,0,0,0,0
60169,3,1,1983,0,0,0,0,0,0,0,0,0,0
60169,4,1,1983,0,0,0,0,0,0,0,0,0,0
60170,1,1,1983,14,14,14,14,14,14,14,14,14,14
60170,2,1,1983,0,0,0,0,0,0,0,0,0,0
60171,1,1,1983,20,20,20,20,20,20,20,20,20,20
60172,1,1,1983,13,13,13,13,13,13,13,13,13,13
60172,2,1,1983,0,0,0,0,4,0,0,0,0,0
60172,3,1,1983,0,0,0,0,0,0,0,0,0,0
60173,0,1,1983,23,23,23,23,23,23,23,23,23,23
60173,1,1,1983,21,25,11,16,20,23,0,16,16,3
60174,1,1,1983,26,26,26,26,26,26,26,26,26,26
60175,1,1,1983,0,0,0,0,0,0,0,0,0,0
60175,2,1,1983,0,0,0,0,0,0,0,0,0,0
60176,1,1,1983,10,10,10,10,10,10,10,10,10,10
60177,1,1,1983,24,25,6,12,20,4,6,21,17,9
60178,1,1,1983,8,8,8,8,8,8,8,8,8,8
60179,1,1,1983,0,0,0,0,0,0,0,0,0,0
60180,1,1,1983,0,0,0,0,0,0,0,0,0,0
60180,2,1,1983,0,16,0,0,0,11,0,0,0,0
60181,1,1,1983,0,0,0,0,0,0,0,0,0,0
60181,2,1,1983,0,0,0,0,0,0,0,0,0,0
60182,0,1,1983,0,0,0,0,0,0,0,0,0,0
60182,1,1,1983,12,12,12,12,12,12,12,12,12,12
60183,0,1,1983,22,38,18,0,19,0,38,20,39,0
60183,1,1,1983,19,0,5,0,0,0,0,0,0,3
60184,1,1,1983,12,12,12,12,12,12,12,12,12,12
60185,1,1,1983,0,0,0,0,0,0,0,0,0,0
60185,2,1,1983,2,0,0,0,0,0,0,0,11,0
60186,0,1,1983,0,0,0,0,0,0,0,0,0,0
60186,1,1,1983,0,0,0,0,0,0,0,0,0,0
60187,1,1,1983,0,0,0,0,0,0,0,0,0,0
60188,0,1,1983,0,0,0,0,0,0,0,0,0,0
60188,1,1,1983,27,0,0,0,0,12,0,22,11,0
60189,1,1,1983,0,0,0,0,0,0,0,0,0,0
60190,1,1,1983,4,4,4,4,4,4,4,4,4,4
60191,1,1,1983,0,0,0,0,0,0,0,0,0,0
60191,2,1,1983,10,0,0,17,0,16,14,0,10,0
60192,1,1,1983,0,0,0,0,0,0,0,0,0,0
60192,2,1,1983,0,0,0,0,0,0,0,0,0,0
60193,1,1,1983,0,0,0,0,0,3,0,0,0,0
60193,2,1,1983,0,0,0,0,0,0,0,0,0,0
60194,1,1,1983,0,0,0,0,0,0,0,0,0,0
60194,2,1,1983,0,0,0,0,0,0,0,0,0,0
60194,3,1,1983,0,0,0,0,0,0,0,0,0,0
60195,0,1,1983,0,0,0,0,0,0,0,0,0,0
60195,1,1,1983,0,0,0,0,0,0,0,0,0,0
60196,1,1,1983,0,0,0,0,0,0,0,0,0,0
60196,2,1,1983,0,0,0,0,0,0,0,0,0,0
60197,1,1,1983,19,19,19,19,19,19,19,19,19,19
60198,0,1,1983,31,31,31,31,31,31,31,31,31,31
60198,1,1,1983,9,9,9,9,9,9,9,9,9,9
60199,1,1,1983,12,12,12,12,12,12,12,12,12,12
60200,1,1,1983,0,19,17,21,8,15,15,11,18,17
60200,2,1,1983,0,7,0,0,0,0,0,0,0,0
60201,1,1,1983,0,0,0,0,0,0,0,0,0,0
60202,1,1,1983,19,19,19,19,19,19,19,19,19,19
60202,2,1,1983,0,11,0,23,0,0,0,0,0,0
60203,1,1,1983,11,11,11,11,11,11,11,11,11,11
60203,2,1,1983,14,14,14,14,14,14,14,14,14,14
60204,1,1,1983,13,9,13,34,17,5,27,20,16,10
60205,1,1,1983,0,0,0,17,32,0,19,24,8,0
60206,1,1,1983,15,15,15,15,15,15,15,15,15,15
60206,2,1,1983,4,0,0,0,0,0,0,0,11,0
60207,1,1,1983,0,0,0,0,0,0,0,0,0,0
60207,2,1,1983,0,0,0,0,0,0,0,0,0,0
60208,0,1,1983,13,13,13,13,13,13,13,13,13,13
60208,1,1,1983,0,23,0,0,0,0,0,12,0,28
60209,1,1,1983,0,0,0,0,0,0,0,0,0,0
60209,2,1,1983,0,0,0,0,0,0,0,0,0,0
60210,1,1,1983,0,0,0,0,0,0,0,0,0,0
60210,2,1,1983,0,0,0,0,0,0,0,0,0,0
60211,1,1,1983,0,0,0,0,0,0,0,0,0,0
60212,1,1,1983,15,15,15,15,15,15,15,15,15,15
60212,2,1,1983,0,0,0,0,0,0,0,0,0,0
60212,3,1,1983,0,0,0,0,0,0,0,0,0,0
60213,1,1,1983,14,14,14,14,14,14,14,14,14,14
60213,2,1,1983,23,0,0,0,0,0,0,0,0,0
60214,0,1,1983,0,0,0,0,0,0,0,0,0,0
60214,1,1,1983,22,0,15,0,0,0,0,0,0,0
60215,1,1,1983,20,20,20,20,20,20,20,20,20,20
60216,1,1,1983,4,4,4,4,4,4,4,4,4,4
60217,0,1,1983,0,0,0,0,0,0,0,0,0,0
60217,1,1,1983,0,0,0,0,0,13,0,0,0,14
60218,1,1,1983,0,0,0,0,0,0,0,0,0,0
60218,2,1,1983,0,0,0,0,0,0,0,0,0,0
60219,0,1,1983,16,16,16,16,16,16,16,16,16,16
60219,1,1,1983,0,0,0,0,0,0,0,0,0,0
60220,1,1,1983,3,3,3,3,3,3,3,3,3,3
60221,1,1,1983,0,0,0,0,0,0,0,0,0,0
60222,1,1,1983,0,0,0,0,0,0,0,0,0,0
60222,2,1,1983,0,34,6,0,0,0,0,0,0,0
60223,0,1,1983,0,0,0,0,0,0,0,0,0,0
60223,1,1,1983,0,0,0,0,0,0,0,0,0,0
60224,1,1,1983,0,0,0,0,0,0,0,0,0,0
60224,2,1,1983,16,16,16,16,16,16,16,16,16,16
60225,1,1,1983,15,15,15,15,15,15,15,15,15,15
60225,2,1,1983,0,0,0,0,0,0,0,0,0,0
60226,1,1,1983,22,22,22,22,22,22,22,22,22,22
60227,1,1,1983,20,20,20,20,20,20,20,20,20,20
60228,1,1,1983,26,26,26,26,26,26,26,26,26,26
60228,2,1,1983,0,0,0,0,0,0,0,0,0,0
60229,1,1,1983,17,17,17,17,17,17,17,17,17,17
60230,1,1,1983,17,17,17,17,17,17,17,17,17,17
60231,1,1,1983,10,10,10,10,10,10,10,10,10,10
60232,1,1,1983,0,0,0,0,0,0,0,0,0,0
60232,2,1,1983,0,0,0,0,0,0,0,0,0,0
60233,1,1,1983,3,3,3,3,3,3,3,3,3,3
60233,2,1,1983,0,0,0,0,0,0,0,0,0,0
60234,1,1,1983,12,12,12,12,12,12,12,12,12,12
60235,0,1,1983,0,0,0,0,0,0,0,0,0,0
60235,1,1,1983,0,0,0,0,0,0,0,0,0,0
60236,1,1,1983,7,7,7,7,7,7,7,7,7,7
60236,2,1,1983,0,0,0,0,0,0,0,0,0,0
60237,1,1,1983,0,0,0,0,0,0,0,0,0,0
60238,0,1,1983,25,25,25,25,25,25,25,25,25,25
60238,1,1,1983,26,12,0,21,15,0,14,14,0,0
60239,0,1,1983,1,1,1,1,1,1,1,1,1,1
60239,1,1,1983,0,0,0,0,0,0,0,0,0,0
60239,2,1,1983,0,0,0,0,0,0,0,0,0,0
60240,1,1,1983,0,0,0,0,0,0,0,0,0,0
60241,1,1,1983,14,14,14,14,14,14,14,14,14,14
60241,2,1,1983,0,0,0,0,0,0,0,0,0,0
60242,0,1,1983,3,3,3,3,3,3,3,3,3,3
60242,1,1,1983,0,0,0,0,0,0,0,0,0,0
60243,0,1,1983,0,0,0,0,0,0,0,0,0,0
60243,1,1,1983,0,0,0,0,0,0,0,0,0,0
60244,0,1,1983,25,25,25,25,25,25,25,25,25,25
60244,1,1,1983,0,0,0,0,20,0,0,0,0,0
60245,1,1,1983,0,0,0,0,0,0,0,0,0,0
60246,0,1,1983,2,2,2,2,2,2,2,2,2,2
60246,1,1,1983,14,16,7,8,36,24,26,29,26,10
60247,0,1,1983,0,0,0,0,0,0,0,0,0,0
60247,1,1,1983,0,0,0,0,0,0,12,0,0,0
60248,1,1,1983,0,0,0,0,0,0,0,0,0,0
60248,2,1,1983,0,0,0,0,0,0,0,0,0,0
60249,0,1,1983,0,0,0,0,0,0,0,0,0,0
60249,1,1,1983,15,0,0,0,0,0,0,0,0,0
60250,0,1,1983,0,0,0,12,0,0,0,0,0,0
60250,1,1,1983,0,0,0,0,0,0,0,0,0,0
60251,1,1,1983,0,0,0,0,0,0,0,0,0,0
60251,2,1,1983,0,0,0,0,0,0,0,0,0,0
60252,1,1,1983,0,0,0,0,0,0,0,0,0,0
60252,2,1,1983,0,0,0,0,0,0,0,0,0,0
60253,1,1,1983,0,0,0,0,0,0,0,0,0,0
60253,2,1,1983,0,0,0,0,0,0,0,0,0,0
60254,0,1,1983,0,0,0,0,0,0,0,0,0,0
60254,1,1,1983,21,0,0,0,0,0,0,0,0,0
60255,1,1,1983,0,0,0,0,0,0,0,0,0,0
60256,1,1,1983,9,9,9,9,9,9,9,9,9,9
60257,1,1,1983,12,12,12,12,12,12,12,12,12,12
60258,1,1,1983,15,24,21,19,22,12,22,18,13,22
60258,2,1,1983,0,0,0,0,0,16,0,15,0,0
60259,1,1,1983,8,8,8,8,8,8,8,8,8,8
60260,0,1,1983,0,0,0,0,0,0,0,0,0,0
60260,1,1,1983,0,0,0,0,0,0,0,0,0,0
60261,1,1,1983,0,0,0,0,0,0,0,0,0,0
60261,2,1,1983,0,0,0,0,0,0,0,0,0,0
60262,1,1,1983,15,15,15,15,15,15,15,15,15,15
60263,1,1,1983,12,12,12,12,12,12,12,12,12,12
60263,2,1,1983,0,0,0,0,0,0,0,0,0,0
60263,3,1,1983,12,0,0,0,0,0,0,0,0,0
60264,1,1,1983,26,26,26,26,26,26,26,26,26,26
60264,2,1,1983,13,12,0,0,0,0,0,12,0,0
60265,1,1,1983,17,17,17,17,17,17,17,17,17,17
60266,0,1,1983,0,0,0,0,0,0,0,0,0,0
60266,1,1,1983,9,0,0,0,0,0,0,0,0,0
60267,1,1,1983,0,0,0,0,0,0,0,0,0,0
60268,0,1,1983,0,0,0,0,0,0,0,0,0,0
60268,1,1,1983,12,20,9,10,19,12,20,14,25,0