ST_CASE,VEH_NO,PER_NO,YEAR,P1,P2,P3,P4,P5,P6,P7,P8,P9,P10
60269,1,1,1983,28,28,28,28,28,28,28,28,28,28
60269,2,1,1983,0,10,0,0,0,0,0,0,0,0
60270,0,1,1983,17,17,17,17,17,17,17,17,17,17
60270,1,1,1983,0,0,0,0,0,0,0,0,0,0
60271,0,1,1983,32,32,32,32,32,32,32,32,32,32
60271,1,1,1983,30,9,20,0,10,32,14,4,0,13
60272,1,1,1983,12,12,12,12,12,12,12,12,12,12
60273,1,1,1983,13,13,13,13,13,13,13,13,13,13
60273,2,1,1983,0,0,0,0,0,0,0,0,0,0
60273,3,1,1983,0,0,0,0,0,0,0,0,0,0
60274,1,1,1983,31,31,31,31,31,31,31,31,31,31
60275,1,1,1983,0,0,0,8,0,0,0,0,0,0
60276,1,1,1983,0,0,0,0,0,0,0,0,0,0
60277,0,1,1983,21,21,21,21,21,21,21,21,21,21
60277,1,1,1983,11,11,11,11,11,11,11,11,11,11
60278,0,1,1983,0,0,0,6,0,0,0,0,0,0
60279,1,1,1983,0,0,0,0,0,0,0,0,0,0
60279,2,1,1983,0,0,0,0,0,0,0,0,0,0
60280,1,1,1983,13,13,13,13,13,13,13,13,13,13
60281,1,1,1983,15,15,15,15,15,15,15,15,15,15
60282,1,1,1983,18,18,18,18,18,18,18,18,18,18
60283,0,1,1983,0,0,0,0,0,0,0,0,0,0
60283,1,1,1983,0,0,0,0,0,0,0,0,0,0
60284,1,1,1983,0,0,0,0,0,0,0,0,0,0
60285,0,1,1983,17,0,0,26,20,20,3,29,31,0
60285,1,1,1983,10,10,10,10,10,10,10,10,10,10
60286,1,1,1983,0,0,0,0,0,0,0,0,0,0
60287,0,1,1983,0,0,0,0,0,0,0,0,0,0
60287,1,1,1983,15,0,0,0,4,9,0,0,7,0
60288,1,1,1983,23,23,23,23,23,23,23,23,23,23
60289,1,1,1983,0,0,0,0,0,0,0,0,0,0
60289,2,1,1983,0,0,0,0,0,0,0,0,0,0
60289,3,1,1983,5,5,5,5,5,5,5,5,5,5
60290,1,1,1983,18,18,18,18,18,18,18,18,18,18
60291,0,1,1983,0,0,0,0,0,0,0,0,0,0
60291,1,1,1983,0,0,0,0,0,0,0,0,0,0
60292,1,1,1983,4,4,4,4,4,4,4,4,4,4
60292,2,1,1983,9,0,0,0,23,0,0,0,27,0
60293,1,1,1983,0,0,0,0,0,0,0,0,0,0
60294,1,1,1983,0,0,0,0,0,0,0,0,0,0
60294,2,1,1983,20,6,0,0,0,0,0,0,13,0
60295,1,1,1983,0,0,0,0,0,0,0,0,0,0
60295,2,1,1983,0,0,0,0,0,0,0,0,0,0
60296,1,1,1983,16,16,16,16,16,16,16,16,16,16
60296,2,1,1983,0,0,11,0,0,0,0,0,0,0
60297,1,1,1983,0,0,0,0,0,0,0,0,0,0
60298,1,1,1983,13,13,13,13,13,13,13,13,13,13
60298,2,1,1983,0,0,0,0,0,0,0,0,0,0
60299,1,1,1983,17,31,0,21,29,0,7,15,10,16
60299,2,1,1983,0,0,0,0,0,0,0,0,0,0
60300,0,1,1983,0,0,0,0,0,0,0,0,0,0
60300,1,1,1983,0,0,0,0,0,0,0,0,0,0
60300,2,1,1983,0,0,0,0,0,0,0,0,0,0
60301,1,1,1983,0,0,0,0,0,0,0,0,0,0
60302,0,1,1983,0,0,0,0,0,0,0,0,0,0
60302,1,1,1983,0,0,0,0,0,0,0,0,0,0
60303,1,1,1983,0,0,0,0,0,0,0,0,0,0
60303,2,1,1983,0,0,0,0,0,0,0,0,0,0
60304,0,1,1983,0,0,0,0,0,0,0,0,0,0
60304,0,2,1983,0,0,0,0,0,0,22,0,0,0
60304,1,1,1983,0,0,0,0,0,0,0,0,0,0
60305,0,1,1983,0,0,0,0,0,0,0,4,9,0
60305,1,1,1983,0,0,0,0,0,0,0,0,0,0
60306,0,1,1983,0,0,0,8,0,0,0,0,0,0
60306,1,1,1983,0,0,0,0,0,0,0,0,0,0
60307,0,1,1983,0,0,0,0,0,0,0,0,0,0
60307,1,1,1983,0,0,0,0,0,0,0,3,0,0
60308,1,1,1983,0,0,0,0,0,0,0,0,0,0
60308,2,1,1983,0,0,14,0,0,0,0,0,0,0
60309,0,1,1983,0,0,0,0,0,0,10,0,0,0
60309,1,1,1983,0,0,0,0,0,0,0,0,0,0
60310,1,1,1983,18,18,18,18,18,18,18,18,18,18
60310,2,1,1983,0,0,0,0,0,0,0,0,0,0
60310,3,1,1983,0,10,0,17,0,0,0,6,0,0
60311,1,1,1983,0,0,0,0,0,0,0,0,0,0
60311,2,1,1983,0,0,0,0,0,0,0,0,0,0
60312,1,1,1983,25,24,8,13,6,14,17,8,24,10
60313,1,1,1983,13,13,13,13,13,13,13,13,13,13
60314,1,1,1983,0,0,0,0,0,0,0,0,0,0
60314,2,1,1983,0,0,0,0,0,0,0,0,0,0
60315,1,1,1983,0,0,0,0,0,20,15,0,0,0
60316,1,1,1983,0,0,9,0,0,0,0,0,0,0
60316,2,1,1983,0,0,0,0,0,28,0,24,0,0
60317,1,1,1983,7,7,7,7,7,7,7,7,7,7
60318,1,1,1983,0,0,0,0,0,0,0,0,0,0
60318,2,1,1983,6,6,6,6,6,6,6,6,6,6
60319,1,1,1983,0,0,0,0,0,0,0,0,0,0
60319,2,1,1983,0,0,0,0,0,0,0,0,0,0
60319,3,1,1983,0,0,0,0,0,0,0,0,0,0
60320,1,1,1983,9,17,10,7,15,14,7,4,9,14
60320,2,1,1983,10,10,10,10,10,10,10,10,10,10
60321,1,1,1983,15,15,15,15,15,15,15,15,15,15
60321,2,1,1983,0,0,0,0,5,0,0,0,0,0
60322,1,1,1983,0,0,0,0,0,0,0,0,0,0
60322,2,1,1983,0,0,0,0,0,0,0,0,0,0
60323,1,1,1983,2,2,2,2,2,2,2,2,2,2
60324,1,1,1983,18,24,17,32,29,22,24,31,34,15
60325,1,1,1983,15,10,16,6,0,21,0,27,15,7
60325,2,1,1983,0,0,0,0,0,0,0,0,0,0
60326,0,1,1983,0,0,0,0,0,0,0,0,0,0
60326,1,1,1983,0,0,0,0,0,25,0,0,0,0
60327,1,1,1983,0,14,34,24,9,11,0,21,17,0
60328,0,1,1983,0,0,0,0,0,0,0,0,0,0
60328,1,1,1983,0,0,0,0,0,0,0,0,0,0
60329,1,1,1983,17,17,17,17,17,17,17,17,17,17
60330,1,1,1983,0,17,0,0,0,0,0,0,0,0
60331,1,1,1983,0,0,0,0,0,0,0,0,0,0
60331,2,1,1983,0,0,0,0,0,0,0,0,0,0
60332,1,1,1983,22,22,22,22,22,22,22,22,22,22
60333,1,1,1983,0,0,0,0,0,0,0,0,0,0
60333,2,1,1983,0,0,0,0,0,0,0,8,0,0
60333,3,1,1983,10,0,0,0,0,0,0,0,0,0
60334,1,1,1983,22,22,22,22,22,22,22,22,22,22
60334,2,1,1983,0,0,0,0,0,0,0,0,0,0
60335,1,1,1983,12,12,12,12,12,12,12,12,12,12
60336,0,1,1983,0,0,0,0,0,0,0,0,0,0
60336,1,1,1983,4,0,0,0,0,0,0,0,0,0
60337,0,1,1983,0,0,0,0,0,0,0,0,0,0
60337,1,1,1983,0,0,9,0,0,0,0,0,0,6
60338,1,1,1983,20,20,20,20,20,20,20,20,20,20
60339,1,1,1983,0,0,0,0,0,0,0,0,0,0
60339,2,1,1983,9,13,0,9,0,0,26,15,0,14
60339,3,1,1983,0,0,0,0,0,0,0,0,0,0
60339,4,1,1983,0,0,0,0,0,0,0,0,0,0
60340,1,1,1983,0,0,0,0,0,0,0,0,0,0
60340,2,1,1983,0,0,0,0,0,0,0,0,0,0
60340,3,1,1983,0,0,0,0,10,0,0,0,0,0
60341,1,1,1983,26,26,26,26,26,26,26,26,26,26
60342,1,1,1983,19,19,19,19,19,19,19,19,19,19
60343,1,1,1983,0,0,0,0,0,0,0,0,0,0
60343,2,1,1983,6,6,6,6,6,6,6,6,6,6
60344,1,1,1983,5,8,17,22,14,13,30,21,16,21
60345,0,1,1983,9,9,9,9,9,9,9,9,9,9
60345,1,1,1983,0,0,0,12,0,0,0,0,0,19
60346,1,1,1983,3,3,3,3,3,3,3,3,3,3
60346,2,1,1983,0,0,14,0,0,0,0,0,0,0
60347,1,1,1983,23,23,23,23,23,23,23,23,23,23
60348,1,1,1983,0,0,0,0,0,7,0,0,12,0
60348,2,1,1983,0,0,0,0,0,0,0,0,0,0
60348,3,1,1983,0,0,0,0,0,0,0,0,0,0
60348,4,1,1983,0,0,0,0,0,0,0,0,0,0
60349,0,1,1983,23,23,23,23,23,23,23,23,23,23
60349,1,1,1983,0,0,0,0,0,0,0,0,0,0
60350,1,1,1983,10,10,10,10,10,10,10,10,10,10
60350,2,1,1983,0,0,0,0,0,0,0,0,0,0
60351,1,1,1983,13,13,13,13,13,13,13,13,13,13
60351,2,1,1983,0,10,0,0,9,20,14,11,13,0
60352,1,1,1983,0,0,0,0,0,0,0,0,0,0
60352,2,1,1983,0,0,4,0,0,0,0,0,0,0
60353,1,1,1983,17,17,17,17,17,17,17,17,17,17
60354,1,1,1983,8,31,12,0,20,11,13,15,27,8
60355,1,1,1983,0,0,0,0,0,0,0,0,0,0
60356,1,1,1983,0,13,0,0,0,0,0,0,0,0
60356,2,1,1983,0,0,0,0,0,0,0,0,0,0
60357,1,1,1983,2,2,2,2,2,2,2,2,2,2
60358,1,1,1983,2,2,2,2,2,2,2,2,2,2
60358,2,1,1983,0,0,0,0,0,0,0,0,11,0
60358,3,1,1983,0,0,0,0,0,7,0,0,0,6
60358,4,1,1983,0,0,9,0,0,19,0,0,23,0
60359,1,1,1983,4,4,4,4,4,4,4,4,4,4
60359,2,1,1983,0,0,0,0,0,0,0,21,0,15
60360,1,1,1983,0,0,0,0,0,0,0,0,0,0
60361,0,1,1983,25,25,25,25,25,25,25,25,25,25
60361,1,1,1983,0,0,0,0,0,0,0,0,0,0
60362,1,1,1983,11,11,11,11,11,11,11,11,11,11
60363,0,1,1983,0,0,0,0,0,0,0,0,0,0
60363,1,1,1983,0,0,0,0,0,0,0,0,0,40
60364,0,1,1983,30,30,30,30,30,30,30,30,30,30
60364,0,2,1983,13,13,13,13,13,13,13,13,13,13
60364,1,1,1983,0,8,0,0,0,26,11,10,0,0
60365,1,1,1983,19,19,19,19,19,19,19,19,19,19
60366,1,1,1983,0,0,0,0,0,0,0,0,0,0
60367,1,1,1983,21,21,21,21,21,21,21,21,21,21
60368,1,1,1983,0,0,0,0,0,0,0,0,0,0
60368,2,1,1983,12,12,12,12,12,12,12,12,12,12
60369,0,1,1983,0,0,0,0,0,0,0,0,0,0
60369,1,1,1983,6,0,0,0,0,0,0,0,0,0
60370,0,1,1983,39,39,39,39,39,39,39,39,39,39
60370,1,1,1983,0,0,0,0,0,14,17,0,7,0
60371,1,1,1983,26,10,0,24,11,0,11,26,0,0
60372,1,1,1983,26,26,26,26,26,26,26,26,26,26
60373,1,1,1983,13,13,13,13,13,13,13,13,13,13
60374,1,1,1983,21,21,21,21,21,21,21,21,21,21
60375,1,1,1983,15,15,15,15,15,15,15,15,15,15
60375,2,1,1983,2,2,2,2,2,2,2,2,2,2
60376,0,1,1983,20,0,13,29,22,0,0,0,24,9
60376,1,1,1983,0,0,0,0,0,13,0,0,0,0
60377,1,1,1983,15,15,15,15,15,15,15,15,15,15
60378,1,1,1983,20,20,20,20,20,20,20,20,20,20
60379,1,1,1983,28,28,28,28,28,28,28,28,28,28
60379,2,1,1983,0,0,4,0,0,0,0,0,0,0
60380,0,1,1983,30,30,30,30,30,30,30,30,30,30
60380,0,2,1983,32,32,32,32,32,32,32,32,32,32
60380,1,1,1983,7,9,14,0,14,0,18,8,25,11
60381,1,1,1983,22,22,22,22,22,22,22,22,22,22
60382,1,1,1983,0,0,0,0,0,0,0,0,0,0
60382,2,1,1983,0,0,0,0,0,0,0,37,0,0
60382,3,1,1983,0,0,0,0,0,0,0,0,0,0
60383,1,1,1983,0,0,0,0,0,0,0,0,0,0
60383,2,1,1983,0,0,0,0,0,0,0,0,0,0
60383,3,1,1983,0,0,0,0,0,0,0,0,0,0
60384,1,1,1983,0,0,0,0,0,0,0,0,0,0
60384,2,1,1983,0,0,0,0,0,0,0,0,0,0
60385,1,1,1983,19,19,19,19,19,19,19,19,19,19
60386,0,1,1983,0,0,0,0,0,0,0,0,0,0
60386,1,1,1983,0,0,0,0,0,0,0,0,0,0
60387,1,1,1983,20,20,20,20,20,20,20,20,20,20
60387,2,1,1983,0,0,0,0,0,0,0,0,0,0
60388,1,1,1983,8,8,8,8,8,8,8,8,8,8
60389,0,1,1983,0,0,0,0,0,0,0,0,0,0
60389,1,1,1983,0,0,0,0,0,0,0,0,12,0
60390,1,1,1983,0,0,0,0,0,0,0,0,0,0
60390,2,1,1983,0,0,0,0,0,0,0,0,0,0
60391,1,1,1983,0,0,0,0,0,0,0,0,0,0
60391,2,1,1983,0,0,0,0,0,0,0,0,0,0
60391,3,1,1983,0,0,0,0,0,0,0,0,11,0
60392,1,1,1983,0,0,0,0,0,0,0,0,0,0
60392,2,1,1983,0,0,0,0,0,0,0,0,0,0
60393,0,1,1983,0,0,0,0,0,0,0,0,0,0
60393,1,1,1983,0,0,0,0,0,0,0,0,0,0
60394,0,1,1983,0,0,0,0,0,0,0,0,0,0
60394,1,1,1983,0,0,0,0,0,0,0,0,0,0
60395,1,1,1983,11,11,11,11,11,11,11,11,11,11
60395,2,1,1983,0,0,0,0,0,0,16,13,24,0
60396,0,1,1983,5,5,5,5,5,5,5,5,5,5
60396,1,1,1983,48,0,0,0,24,0,0,32,0,16
60397,1,1,1983,4,4,4,4,4,4,4,4,4,4
60398,1,1,1983,0,0,0,0,0,0,0,0,0,0
60398,2,1,1983,0,0,0,0,0,0,0,0,0,0
60399,1,1,1983,0,0,20,0,0,0,0,0,0,22
60399,2,1,1983,0,0,0,0,0,0,0,0,0,0
60400,1,1,1983,25,25,25,25,25,25,25,25,25,25
60400,2,1,1983,0,0,0,0,0,0,0,0,0,0
60401,1,1,1983,0,0,0,0,0,0,0,0,0,0
60401,2,1,1983,0,0,10,0,18,21,0,0,0,0
60402,1,1,1983,13,15,19,12,0,0,22,6,0,11
60402,2,1,1983,18,18,18,18,18,18,18,18,18,18
60403,1,1,1983,10,10,10,10,10,10,10,10,10,10
60403,2,1,1983,0,0,0,0,0,0,0,0,0,0
60403,3,1,1983,0,0,0,0,0,0,0,0,11,0
60404,1,1,1983,16,16,16,16,16,16,16,16,16,16
60405,1,1,1983,0,0,0,0,19,0,0,0,24,0
60405,2,1,1983,15,15,15,15,15,15,15,15,15,15
60405,3,1,1983,18,18,18,18,18,18,18,18,18,18
60406,1,1,1983,0,0,0,0,8,4,0,13,0,0
60407,1,1,1983,0,0,0,0,0,0,0,0,0,0
60407,2,1,1983,0,0,0,0,0,0,0,0,0,0
60407,3,1,1983,0,0,0,0,16,0,0,0,8,0
60407,4,1,1983,0,0,0,0,0,0,0,0,0,0
60408,1,1,1983,12,12,12,12,12,12,12,12,12,12
60409,1,1,1983,18,18,18,18,18,18,18,18,18,18
60409,2,1,1983,27,27,27,27,27,27,27,27,27,27
60410,1,1,1983,0,0,0,0,0,0,0,12,0,0
60410,2,1,1983,0,0,0,0,0,0,0,0,0,0
60411,1,1,1983,17,17,17,17,17,17,17,17,17,17
60411,2,2,1983,0,0,0,0,0,0,0,0,0,0
60412,1,1,1983,0,0,0,0,0,0,0,0,0,0
60412,2,1,1983,0,19,0,0,0,15,0,0,0,12
60413,0,1,1983,0,0,0,0,0,0,0,0,0,0
60413,1,1,1983,0,0,0,0,0,0,9,0,0,0
60414,1,1,1983,20,20,20,20,20,20,20,20,20,20
60414,2,1,1983,0,0,0,0,0,0,0,0,0,0
60415,1,1,1983,0,0,0,0,0,0,0,0,0,0
60415,2,1,1983,0,0,0,0,0,0,0,0,0,0
60416,1,1,1983,0,0,0,0,0,0,0,0,0,0
60417,1,1,1983,11,11,11,11,11,11,11,11,11,11
60418,1,1,1983,11,0,4,5,21,15,28,21,9,7
60418,2,1,1983,0,0,0,0,0,0,0,0,0,0
60418,3,1,1983,0,0,0,0,0,0,0,0,0,0
60419,1,1,1983,24,24,24,24,24,24,24,24,24,24
60419,2,1,1983,18,17,24,17,11,12,24,21,23,18
60419,3,1,1983,17,18,17,14,18,25,12,17,14,21
60419,4,1,1983,4,6,14,18,16,15,15,16,16,16
60420,1,1,1983,0,0,0,0,0,0,0,0,0,0
60420,2,1,1983,0,0,0,0,0,0,0,0,0,4
60421,1,1,1983,14,14,14,14,14,14,14,14,14,14
60422,1,1,1983,0,0,0,0,0,0,0,0,0,0
60422,2,1,1983,0,0,0,0,0,0,0,0,0,0
60423,0,1,1983,0,0,0,0,0,0,0,0,0,0
60423,1,1,1983,0,0,0,0,0,0,0,0,0,0
60424,1,1,1983,18,18,18,18,18,18,18,18,18,18
60425,1,1,1983,26,26,26,26,26,26,26,26,26,26
60426,1,1,1983,23,23,23,23,23,23,23,23,23,23
60427,1,1,1983,21,21,21,21,21,21,21,21,21,21
60427,2,1,1983,12,9,11,15,16,17,5,27,12,14
60428,1,1,1983,16,16,16,16,16,16,16,16,16,16
60428,2,1,1983,0,0,0,0,0,0,0,0,0,0
60429,1,1,1983,0,0,0,0,0,0,19,0,36,0
60429,2,1,1983,16,16,16,16,16,16,16,16,16,16
60430,1,1,1983,14,14,14,14,14,14,14,14,14,14
60431,1,1,1983,24,24,24,24,24,24,24,24,24,24
60432,1,1,1983,0,0,0,0,0,0,0,0,0,0
60433,1,1,1983,16,10,11,28,7,10,7,0,16,18
60434,0,1,1983,0,0,0,0,0,0,0,0,0,0
60434,1,1,1983,1,1,1,1,1,1,1,1,1,1
60435,0,1,1983,0,0,0,0,0,0,0,0,0,0
60435,1,1,1983,0,0,0,0,0,0,0,0,0,0
60436,0,1,1983,0,0,0,0,0,0,0,0,0,0
60436,1,1,1983,0,0,0,6,17,17,0,0,4,22
60437,1,1,1983,3,3,3,3,3,3,3,3,3,3
60437,2,1,1983,0,0,0,0,0,0,0,0,0,0
60438,1,1,1983,0,0,0,0,0,0,0,0,0,0
60438,2,1,1983,0,0,0,0,0,0,0,0,0,0
60438,3,1,1983,0,0,0,0,0,0,0,0,0,0
60439,1,1,1983,0,0,0,0,0,0,0,0,0,0
60439,2,1,1983,0,0,0,0,0,0,0,0,1,0
60440,0,1,1983,0,0,0,0,0,0,0,0,0,0
60440,1,1,1983,13,0,0,0,0,0,0,0,0,0
60441,1,1,1983,25,24,13,23,26,26,12,14,34,21
60442,0,1,1983,0,0,0,0,0,0,0,0,0,0
60442,1,1,1983,4,4,4,4,4,4,4,4,4,4
60443,0,1,1983,13,0,0,18,8,0,0,0,0,0
60443,1,1,1983,0,17,0,0,0,0,0,0,22,8
60444,1,1,1983,0,0,0,0,0,0,0,0,0,0
60445,1,1,1983,0,0,0,0,0,0,0,0,0,0
60446,1,1,1983,16,16,16,16,16,16,16,16,16,16
60447,0,1,1983,6,6,6,6,6,6,6,6,6,6
60447,0,2,1983,0,16,20,16,18,37,0,3,15,0
60447,1,1,1983,0,0,0,9,0,0,0,0,0,0
60448,1,1,1983,14,14,14,14,14,14,14,14,14,14
60448,2,1,1983,0,0,0,0,0,0,0,0,0,0
60449,1,1,1983,21,21,21,21,21,21,21,21,21,21
60450,1,1,1983,21,21,21,21,21,21,21,21,21,21
60450,2,1,1983,0,0,0,0,0,0,0,0,0,0
60451,1,1,1983,20,0,0,0,0,0,0,6,0,0
60451,2,1,1983,3,0,0,0,0,0,0,0,0,0
60452,0,1,1983,25,25,25,25,25,25,25,25,25,25
60452,1,1,1983,0,0,0,0,0,0,0,0,0,0
60453,1,1,1983,21,21,21,21,21,21,21,21,21,21
60453,2,1,1983,0,15,0,8,0,15,0,0,0,25
60454,0,1,1983,0,0,0,0,0,0,0,0,0,0
60454,1,1,1983,0,25,0,5,0,0,0,0,0,0
60455,1,1,1983,14,14,14,14,14,14,14,14,14,14
60456,1,1,1983,0,0,0,0,0,0,0,0,0,0
60456,2,1,1983,0,0,0,0,0,0,0,0,0,0
60457,1,1,1983,0,22,0,0,0,0,0,0,0,0
60458,1,1,1983,0,0,0,0,0,0,0,0,0,0
60459,1,1,1983,0,0,0,0,0,0,0,0,0,0
60459,2,1,1983,3,3,3,3,3,3,3,3,3,3
60460,1,1,1983,22,22,22,22,22,22,22,22,22,22
60460,2,1,1983,0,0,0,0,0,0,0,0,0,0
60460,3,1,1983,0,0,0,0,0,0,0,0,0,0
60461,1,1,1983,0,0,0,0,0,0,0,0,0,0
60461,2,1,1983,23,23,23,23,23,23,23,23,23,23
60461,3,1,1983,0,0,0,0,13,0,0,0,0,0
60462,1,1,1983,15,15,15,15,15,15,15,15,15,15
60463,1,1,1983,4,4,4,4,4,4,4,4,4,4
60464,1,1,1983,0,0,0,0,0,0,0,0,0,0
60464,2,1,1983,0,0,0,0,0,0,0,0,0,0
60465,1,1,1983,17,17,17,17,17,17,17,17,17,17
60465,2,1,1983,0,0,0,0,0,0,0,0,0,0
60466,1,1,1983,15,15,15,15,15,15,15,15,15,15
60467,1,1,1983,17,17,17,17,17,17,17,17,17,17
60468,1,1,1983,24,24,24,24,24,24,24,24,24,24
60469,1,1,1983,17,17,17,17,17,17,17,17,17,17
60470,1,1,1983,21,21,21,21,21,21,21,21,21,21
60470,2,1,1983,0,0,0,0,0,0,0,0,0,0
60471,1,1,1983,0,0,0,0,0,0,0,0,0,0
60472,1,1,1983,16,16,16,16,16,16,16,16,16,16
60472,2,1,1983,0,0,0,0,0,0,0,0,0,0
60473,1,1,1983,23,23,23,23,23,23,23,23,23,23
60473,2,1,1983,0,0,0,0,0,0,0,0,0,0
60474,1,1,1983,33,33,33,33,33,33,33,33,33,33
60474,2,1,1983,0,0,0,7,0,0,0,0,15,0
60475,1,1,1983,13,13,13,13,13,13,13,13,13,13
60476,1,1,1983,16,16,16,16,16,16,16,16,16,16
60476,2,1,1983,0,0,0,0,0,0,0,0,0,0
60477,1,1,1983,22,22,22,22,22,22,22,22,22,22
60478,0,1,1983,19,19,19,19,19,19,19,19,19,19
60478,1,1,1983,8,11,0,4,8,23,28,4,13,19
60479,0,1,1983,0,0,0,0,0,0,0,0,0,0
60479,1,1,1983,4,0,0,0,0,0,0,0,0,0
60480,0,1,1983,14,14,14,14,14,14,14,14,14,14
60480,1,1,1983,0,0,0,0,0,0,0,0,0,7
60481,1,1,1983,19,19,19,19,19,19,19,19,19,19
60482,1,1,1983,17,17,17,17,17,17,17,17,17,17
60483,1,1,1983,23,23,23,23,23,23,23,23,23,23
60484,0,1,1983,0,0,0,0,0,0,0,0,0,0
60484,1,1,1983,0,0,0,0,0,0,0,0,0,0
60485,1,1,1983,22,11,10,11,5,19,9,16,15,6
60485,2,1,1983,0,0,0,0,14,0,0,14,0,0
60486,1,1,1983,0,0,0,0,9,0,0,0,29,0
60486,2,1,1983,0,0,0,0,0,0,0,0,0,0
60487,0,1,1983,25,25,25,25,25,25,25,25,25,25
60487,1,1,1983,0,0,16,18,0,28,13,0,0,2
60488,1,1,1983,19,19,19,19,19,19,19,19,19,19
60489,1,1,1983,0,0,0,0,0,0,0,0,0,0
60489,2,1,1983,0,0,0,0,0,0,0,0,0,0
60490,0,1,1983,5,5,5,5,5,5,5,5,5,5
60490,1,1,1983,0,0,12,0,14,0,0,0,0,0
60491,1,1,1983,0,0,14,0,0,9,0,10,0,0
60492,1,1,1983,18,18,18,18,18,18,18,18,18,18
60493,1,1,1983,0,0,0,0,0,0,0,0,0,0
60493,2,1,1983,0,0,0,0,0,0,0,0,0,0
60494,1,1,1983,14,14,14,14,14,14,14,14,14,14
60495,1,1,1983,20,20,20,20,20,20,20,20,20,20
60496,1,1,1983,9,9,9,9,9,9,9,9,9,9
60497,0,1,1983,10,0,0,0,0,0,0,0,23,44
60497,1,1,1983,0,0,10,12,0,0,0,0,0,0
60498,0,1,1983,0,0,0,0,0,0,0,34,0,0
60498,1,1,1983,0,0,0,0,0,0,0,0,0,0
60499,0,1,1983,27,27,27,27,27,27,27,27,27,27
60499,1,1,1983,0,0,0,0,0,0,0,0,26,0
60500,1,1,1983,0,0,0,0,0,0,0,0,0,0
60500,2,1,1983,0,0,0,0,0,0,0,0,0,0
60501,1,1,1983,10,10,10,10,10,10,10,10,10,10
60502,1,1,1983,0,0,0,0,0,0,0,0,0,0
60502,2,1,1983,0,0,0,0,0,0,0,0,0,0
60503,1,1,1983,7,7,7,7,7,7,7,7,7,7
60504,1,1,1983,21,21,21,21,21,21,21,21,21,21
60504,2,1,1983,0,0,0,0,0,0,0,0,12,0
60505,1,1,1983,26,26,26,26,26,26,26,26,26,26
60505,2,1,1983,0,0,0,17,0,14,0,0,0,0
60506,1,1,1983,15,15,15,15,15,15,15,15,15,15
60506,2,1,1983,0,0,0,0,0,0,0,0,0,0
60507,1,1,1983,17,17,17,17,17,17,17,17,17,17
60508,0,1,1983,21,0,0,0,18,21,17,18,0,0
60508,1,1,1983,18,18,18,18,18,18,18,18,18,18
60509,1,1,1983,22,22,22,22,22,22,22,22,22,22
60509,2,1,1983,0,0,0,0,0,0,0,0,0,0
60509,3,1,1983,0,0,0,0,13,0,0,0,8,0
60510,1,1,1983,16,16,16,16,16,16,16,16,16,16
60511,1,1,1983,27,27,27,27,27,27,27,27,27,27
60512,1,1,1983,17,17,17,17,17,17,17,17,17,17
60513,1,1,1983,0,0,0,0,0,0,0,0,0,0
60513,2,1,1983,0,0,0,0,0,0,0,0,0,0
60514,1,1,1983,8,8,8,8,8,8,8,8,8,8
60514,2,1,1983,0,0,0,0,0,0,0,28,0,0
60514,3,1,1983,0,0,0,0,0,0,0,0,0,0
60514,4,1,1983,0,0,0,0,0,0,0,0,0,0
60514,5,1,1983,0,0,0,0,0,0,0,0,0,0
60515,1,1,1983,22,22,22,22,22,22,22,22,22,22
60516,1,1,1983,0,0,0,0,0,0,0,0,0,0
60516,2,1,1983,0,0,0,0,0,0,0,0,11,0
60517,0,1,1983,22,22,22,22,22,22,22,22,22,22
60517,1,1,1983,0,0,0,0,0,0,0,0,0,0
60518,1,1,1983,20,12,19,21,5,16,9,23,15,21
60519,0,1,1983,0,0,0,0,0,0,0,0,0,0
60519,1,1,1983,0,0,24,0,0,0,6,0,0,0
60520,1,1,1983,15,15,15,15,15,15,15,15,15,15
60521,0,1,1983,0,0,27,0,15,21,0,16,15,38
60521,1,1,1983,0,0,0,0,0,0,0,0,0,0
60521,2,1,1983,0,0,0,0,0,0,0,0,0,0
60522,1,1,1983,36,26,25,12,21,15,16,6,14,27
60522,2,1,1983,17,19,27,21,25,0,16,0,16,6
60522,3,1,1983,0,0,0,0,0,24,0,20,0,0
60523,1,1,1983,0,0,0,0,0,0,0,0,0,0
60523,2,1,1983,0,0,0,0,0,0,0,0,0,0
60524,1,1,1983,14,10,7,22,12,17,20,10,14,8
60524,2,1,1983,0,6,3,0,0,0,0,0,0,0
60525,1,1,1983,27,28,14,17,9,16,6,12,19,12
60526,1,1,1983,23,4,11,15,18,19,15,20,12,10
60527,1,1,1983,29,29,29,29,29,29,29,29,29,29
60528,1,1,1983,0,0,0,0,0,0,0,0,0,0
60529,1,1,1983,13,13,13,13,13,13,13,13,13,13
60530,2,1,1983,0,0,0,0,0,0,0,0,0,0
60531,1,1,1983,0,0,0,0,0,15,0,0,0,0
60532,1,1,1983,0,0,0,14,0,9,17,0,15,22
60532,2,1,1983,0,0,0,0,0,0,0,0,0,0
60533,1,1,1983,4,4,4,4,4,4,4,4,4,4
60533,2,1,1983,10,11,26,8,17,0,17,17,14,27
60534,1,1,1983,0,0,0,0,0,0,0,0,0,0
60534,2,1,1983,0,0,0,0,0,0,0,0,0,0
60535,1,1,1983,0,0,0,0,0,0,0,0,0,0
60535,2,1,1983,0,0,0,0,0,0,0,0,0,0
60536,1,1,1983,0,0,0,0,0,0,0,0,0,0
60537,0,1,1983,0,0,0,11,0,0,0,32,17,12
60537,1,1,1983,12,0,0,0,0,0,0,0,0,0