ST_CASE,VEH_NO,PER_NO,YEAR,P1,P2,P3,P4,P5,P6,P7,P8,P9,P10
60538,1,1,1983,0,0,0,0,0,0,0,0,0,0
60538,2,1,1983,0,0,0,0,12,13,0,0,0,0
60539,0,1,1983,0,0,0,0,0,0,0,0,0,0
60539,1,1,1983,0,0,0,0,0,0,0,0,0,0
60540,0,1,1983,0,0,0,0,0,0,0,0,0,0
60540,1,1,1983,0,16,17,16,0,0,12,12,16,26
60541,1,1,1983,3,3,3,3,3,3,3,3,3,3
60542,1,1,1983,13,13,13,13,13,13,13,13,13,13
60542,2,1,1983,0,0,0,0,0,0,0,0,0,0
60543,1,1,1983,0,0,0,0,0,0,0,0,0,0
60544,1,1,1983,0,0,0,26,20,0,0,0,0,0
60544,2,1,1983,0,0,0,0,0,0,0,0,0,0
60544,3,1,1983,0,0,0,0,0,0,0,0,0,0
60544,4,1,1983,0,0,0,0,0,0,0,0,0,0
60545,1,1,1983,0,0,0,0,0,0,0,0,0,0
60545,2,1,1983,0,0,0,4,15,2,0,0,11,0
60546,1,1,1983,0,0,0,0,0,0,0,0,20,0
60546,2,1,1983,0,0,0,0,0,0,0,0,0,0
60546,3,1,1983,0,0,0,0,0,0,0,0,0,0
60546,4,1,1983,0,0,0,18,0,0,0,0,9,0
60547,1,1,1983,21,21,21,21,21,21,21,21,21,21
60548,1,1,1983,0,22,12,0,9,23,35,4,20,24
60548,2,1,1983,0,12,0,0,0,0,15,0,0,0
60549,0,1,1983,0,0,0,0,0,0,0,0,0,0
60549,1,1,1983,0,0,0,0,0,0,13,0,0,0
60550,1,1,1983,17,17,17,17,17,17,17,17,17,17
60551,1,1,1983,0,0,0,0,0,0,0,0,0,0
60552,1,1,1983,0,0,0,0,0,0,0,0,0,0
60552,2,1,1983,0,0,0,0,0,0,0,0,0,0
60553,1,1,1983,0,0,0,0,0,0,0,0,0,0
60553,2,1,1983,0,0,0,0,0,0,0,0,0,47
60554,1,1,1983,0,0,0,0,0,0,0,0,0,0
60555,1,1,1983,0,0,0,0,0,0,0,0,0,0
60556,0,1,1983,0,0,14,12,22,0,12,31,0,19
60556,1,1,1983,0,0,0,0,0,0,0,0,0,0
60556,2,1,1983,0,0,0,0,0,0,0,0,0,0
60557,0,1,1983,23,23,23,23,23,23,23,23,23,23
60557,1,1,1983,13,0,16,0,16,0,0,8,0,0
60558,1,1,1983,16,0,0,0,0,6,15,0,0,10
60558,2,1,1983,0,0,0,0,0,0,0,0,0,0
60559,1,1,1983,18,18,18,18,18,18,18,18,18,18
60559,2,1,1983,0,0,0,20,0,0,0,0,0,0
60560,1,1,1983,0,0,0,0,0,0,0,0,0,0
60561,1,1,1983,0,0,0,0,0,0,0,0,0,0
60562,0,1,1983,0,0,0,0,0,0,0,0,0,0
60562,1,1,1983,0,0,0,0,0,0,0,0,0,16
60563,1,1,1983,0,0,0,0,0,0,0,0,0,0
60563,2,1,1983,0,0,0,0,0,0,0,0,0,0
60564,0,1,1983,0,0,0,0,0,0,0,0,0,0
60564,1,1,1983,0,0,0,0,0,0,0,15,0,0
60565,1,1,1983,0,0,0,0,0,0,0,0,0,0
60565,2,1,1983,0,0,0,0,0,0,0,0,0,0
60565,3,1,1983,0,23,0,23,9,11,34,23,7,14
60566,1,1,1983,26,26,26,26,26,26,26,26,26,26
60567,1,1,1983,9,9,9,9,9,9,9,9,9,9
60568,0,1,1983,0,0,0,0,0,0,0,0,0,0
60568,1,1,1983,0,0,18,9,0,0,0,11,0,22
60569,1,1,1983,0,0,0,0,0,0,26,0,0,0
60569,2,1,1983,0,0,0,0,0,0,0,0,15,0
60570,0,1,1983,18,18,18,18,18,18,18,18,18,18
60570,1,1,1983,0,0,28,0,0,0,0,0,0,0
60571,0,1,1983,0,0,0,0,0,0,0,0,0,0
60571,0,2,1983,0,0,0,0,0,0,0,0,24,0
60571,1,1,1983,0,0,0,0,0,21,0,0,0,21
60572,0,1,1983,0,0,0,0,0,0,0,0,0,0
60572,1,1,1983,13,0,13,16,0,16,22,0,0,0
60573,1,1,1983,0,0,0,0,0,0,0,0,0,0
60573,2,1,1983,0,0,0,0,0,0,0,0,0,0
60574,0,1,1983,0,0,0,0,0,0,0,0,0,0
60574,1,1,1983,0,0,0,0,0,0,0,21,0,0
60575,1,1,1983,21,21,21,21,21,21,21,21,21,21
60576,1,1,1983,17,17,17,17,17,17,17,17,17,17
60577,1,1,1983,0,0,0,0,0,0,0,0,0,0
60577,2,1,1983,0,0,0,0,0,0,0,0,0,0
60577,3,1,1983,0,0,0,0,0,0,0,0,0,0
60578,1,1,1983,15,15,15,15,15,15,15,15,15,15
60579,1,1,1983,16,16,16,16,16,16,16,16,16,16
60580,0,1,1983,0,0,0,0,0,0,0,0,0,0
60580,1,1,1983,0,0,0,0,0,0,0,0,0,0
60581,1,1,1983,18,18,18,18,18,18,18,18,18,18
60582,1,1,1983,7,7,7,7,7,7,7,7,7,7
60582,2,1,1983,0,0,0,0,0,0,0,0,0,16
60583,0,1,1983,0,0,0,0,0,0,0,0,0,0
60583,1,1,1983,0,0,0,0,0,0,0,13,0,0
60584,1,1,1983,9,9,9,9,9,9,9,9,9,9
60584,2,1,1983,0,0,0,0,0,0,0,0,0,0
60585,1,1,1983,11,11,11,11,11,11,11,11,11,11
60586,1,1,1983,24,24,24,24,24,24,24,24,24,24
60586,2,1,1983,0,0,0,0,0,0,0,0,0,0
60586,3,1,1983,0,0,0,0,18,0,0,0,0,0
60586,4,1,1983,0,0,0,0,0,0,0,0,0,0
60587,0,1,1983,0,18,0,0,24,0,0,0,9,0
60587,1,1,1983,12,12,12,12,12,12,12,12,12,12
60588,0,1,1983,0,0,0,0,0,0,0,0,0,0
60588,1,1,1983,0,0,0,0,0,37,0,0,0,0
60589,0,1,1983,0,0,0,0,0,0,0,0,0,0
60589,1,1,1983,0,0,0,0,0,0,0,0,0,0
60590,1,1,1983,0,0,0,0,0,0,0,0,0,0
60590,2,1,1983,0,0,0,0,0,0,6,0,0,0
60590,3,1,1983,0,0,3,0,0,0,0,19,0,0
60591,1,1,1983,8,8,8,8,8,8,8,8,8,8
60592,1,1,1983,0,0,0,0,0,0,0,0,14,0
60592,2,1,1983,0,0,0,0,0,0,0,0,0,0
60593,1,1,1983,17,17,17,17,17,17,17,17,17,17
60594,0,1,1983,5,5,5,5,5,5,5,5,5,5
60594,1,1,1983,0,0,0,0,0,0,0,0,0,0
60595,1,1,1983,16,0,15,3,14,15,16,21,14,10
60595,2,1,1983,0,0,0,0,0,0,0,30,0,0
60596,1,1,1983,5,20,16,28,0,0,0,20,31,14
60596,2,1,1983,0,0,0,11,0,0,0,0,0,0
60597,0,1,1983,0,0,0,0,0,0,0,0,0,0
60597,0,2,1983,0,0,0,0,0,0,0,0,0,0
60597,1,1,1983,0,0,15,0,0,0,0,0,18,0
60599,1,1,1983,17,15,0,0,0,23,0,0,7,0
60600,1,1,1983,0,0,0,0,0,0,0,0,0,0
60601,1,1,1983,0,0,0,0,0,0,0,0,0,0
60601,2,1,1983,0,31,0,0,15,0,0,12,0,7
60602,1,1,1983,8,8,8,8,8,8,8,8,8,8
60603,0,1,1983,0,0,0,0,0,0,0,0,0,0
60603,1,1,1983,0,15,0,0,0,0,0,0,0,0
60604,1,1,1983,15,8,9,12,15,23,16,16,12,8
60604,2,1,1983,7,7,7,7,7,7,7,7,7,7
60605,1,1,1983,0,0,0,0,0,0,0,0,0,0
60605,2,1,1983,14,14,14,14,14,14,14,14,14,14
60606,0,1,1983,0,0,0,0,0,0,0,0,0,0
60606,1,1,1983,0,0,0,0,0,0,0,0,0,0
60607,1,1,1983,0,0,0,0,0,0,0,0,0,0
60607,2,1,1983,0,0,0,0,0,0,0,0,0,0
60608,0,1,1983,21,31,11,20,15,12,16,17,24,28
60608,1,1,1983,11,20,15,8,0,15,8,14,10,14
60609,0,1,1983,7,7,7,7,7,7,7,7,7,7
60609,0,2,1983,0,0,13,11,34,0,18,0,16,0
60609,1,1,1983,16,0,0,0,0,9,0,0,0,0
60610,1,1,1983,24,24,24,24,24,24,24,24,24,24
60611,1,1,1983,18,18,18,18,18,18,18,18,18,18
60612,1,1,1983,19,19,19,19,19,19,19,19,19,19
60613,1,1,1983,27,27,27,27,27,27,27,27,27,27
60613,2,1,1983,0,0,0,0,0,0,0,0,0,0
60614,1,1,1983,16,16,16,16,16,16,16,16,16,16
60615,0,1,1983,0,0,0,0,0,0,0,0,0,0
60615,1,1,1983,0,9,0,0,0,0,6,10,15,0
60616,1,1,1983,0,0,0,0,0,0,0,0,0,0
60617,1,1,1983,10,17,12,18,12,13,15,5,10,15
60618,1,1,1983,11,11,11,11,11,11,11,11,11,11
60618,2,1,1983,8,25,17,31,15,24,5,12,29,0
60619,1,1,1983,0,0,0,0,0,0,0,0,0,0
60620,1,1,1983,0,0,0,0,0,0,0,0,0,0
60620,2,1,1983,14,0,11,16,0,0,0,0,0,0
60621,1,1,1983,19,19,19,19,19,19,19,19,19,19
60622,1,1,1983,16,16,16,16,16,16,16,16,16,16
60623,0,1,1983,0,0,0,0,0,0,0,0,0,0
60623,1,1,1983,0,0,0,0,0,0,0,0,0,0
60624,1,1,1983,0,0,0,0,0,0,0,0,0,0
60624,2,1,1983,14,14,14,14,14,14,14,14,14,14
60625,1,1,1983,0,0,0,0,0,0,0,0,0,0
60625,2,1,1983,0,0,0,0,0,0,0,0,0,0
60626,0,1,1983,0,0,0,0,0,0,0,0,0,0
60626,1,1,1983,0,6,0,0,0,0,0,0,0,0
60627,1,1,1983,0,0,0,0,12,0,0,0,0,0
60627,2,1,1983,9,0,0,0,16,0,0,0,0,0
60628,0,1,1983,0,0,0,0,0,0,0,0,0,0
60628,1,1,1983,0,0,0,0,0,0,0,0,0,0
60629,1,1,1983,0,0,0,0,0,0,0,0,0,0
60630,1,1,1983,19,19,19,19,19,19,19,19,19,19
60630,2,1,1983,0,0,0,0,0,0,0,0,0,0
60631,1,1,1983,0,0,0,0,0,0,0,0,0,0
60632,1,1,1983,16,16,16,16,16,16,16,16,16,16
60632,2,1,1983,0,0,0,0,0,0,0,0,0,0
60633,1,1,1983,41,41,41,41,41,41,41,41,41,41
60634,1,1,1983,0,0,0,0,0,0,0,0,0,0
60635,1,1,1983,0,0,10,0,0,0,0,0,0,0
60635,2,1,1983,0,0,0,0,0,0,0,0,0,0
60636,1,1,1983,22,22,22,22,22,22,22,22,22,22
60637,1,1,1983,23,23,23,23,23,23,23,23,23,23
60638,1,1,1983,0,0,0,0,0,0,0,0,0,0
60638,2,1,1983,0,0,0,0,0,0,0,0,0,0
60639,1,1,1983,19,19,19,19,19,19,19,19,19,19
60639,2,1,1983,0,0,0,0,0,0,0,0,0,0
60640,1,1,1983,4,4,4,4,4,4,4,4,4,4
60640,2,1,1983,0,0,0,0,0,0,0,0,0,0
60640,3,1,1983,0,0,0,0,0,0,0,0,0,0
60640,4,1,1983,0,0,20,0,0,0,0,0,0,0
60640,5,1,1983,0,0,0,0,0,0,0,0,0,0
60641,1,1,1983,0,0,0,0,0,0,0,0,0,0
60641,2,1,1983,0,0,0,0,0,0,0,0,0,0
60642,0,1,1983,11,11,11,11,11,11,11,11,11,11
60642,1,1,1983,0,0,0,0,0,0,0,0,0,0
60643,1,1,1983,0,0,0,0,0,0,0,0,18,0
60643,2,1,1983,0,0,0,0,0,0,0,0,0,0
60644,1,1,1983,0,0,0,0,0,0,0,0,0,0
60645,0,1,1983,0,0,0,0,0,0,0,0,0,0
60645,1,1,1983,4,4,4,4,4,4,4,4,4,4
60646,1,1,1983,0,0,0,0,0,0,0,0,0,0
60647,1,1,1983,0,0,0,0,0,0,0,0,0,0
60647,2,1,1983,0,0,0,0,0,0,0,0,10,8
60648,0,1,1983,0,0,0,0,0,0,0,0,0,0
60648,1,1,1983,0,0,0,0,0,0,17,0,14,0
60649,1,1,1983,0,0,0,0,0,0,0,0,0,0
60650,0,1,1983,0,0,0,0,0,0,0,0,0,0
60650,1,1,1983,0,0,0,0,0,29,0,0,0,0
60651,1,1,1983,9,0,23,0,7,17,25,0,0,0
60651,2,1,1983,0,0,0,0,0,0,0,0,0,0
60651,3,1,1983,21,21,21,21,21,21,21,21,21,21
60652,1,1,1983,0,0,0,0,0,0,0,0,0,0
60653,1,1,1983,0,19,14,15,24,0,0,0,0,0
60654,0,1,1983,18,18,18,18,18,18,18,18,18,18
60654,1,1,1983,10,12,28,19,7,15,11,12,17,4
60655,0,1,1983,33,33,33,33,33,33,33,33,33,33
60655,1,1,1983,0,31,0,0,13,0,12,17,0,15
60656,1,1,1983,0,0,0,0,0,0,0,0,0,0
60656,2,1,1983,0,0,0,0,0,0,0,0,0,0
60656,3,1,1983,0,0,0,0,0,0,0,0,0,0
60657,1,1,1983,0,0,0,0,0,0,0,0,0,0
60657,2,1,1983,0,0,0,0,0,0,10,0,0,0
60658,1,1,1983,21,12,14,7,39,10,13,34,26,0
60658,2,1,1983,0,0,0,0,0,0,0,0,0,0
60658,3,1,1983,0,0,0,0,0,0,3,0,0,0
60659,0,1,1983,0,0,0,0,0,0,0,0,0,0
60659,1,1,1983,0,0,0,0,0,0,0,0,0,0
60660,1,1,1983,0,0,0,0,0,0,0,0,0,0
60661,1,1,1983,0,8,12,0,0,0,0,0,0,0
60661,2,1,1983,0,0,0,0,0,0,0,0,0,0
60662,0,1,1983,0,0,0,0,0,0,0,0,0,0
60662,1,1,1983,0,0,0,0,0,0,0,0,0,0
60663,1,1,1983,0,8,0,0,0,14,0,0,34,0
60663,2,1,1983,0,0,0,0,0,0,0,0,0,0
60664,0,1,1983,0,0,0,0,0,0,0,0,0,0
60664,1,1,1983,0,0,21,0,0,0,0,0,0,0
60665,0,1,1983,0,0,0,0,0,0,0,0,0,0
60665,1,1,1983,0,0,0,0,0,0,0,0,0,0
60666,1,1,1983,24,24,24,24,24,24,24,24,24,24
60666,2,1,1983,0,0,0,0,0,0,0,0,0,0
60667,0,1,1983,5,5,5,5,5,5,5,5,5,5
60667,1,1,1983,0,0,12,0,0,17,0,17,0,0
60667,2,1,1983,0,0,0,0,0,0,0,0,0,0
60668,1,1,1983,18,18,18,18,18,18,18,18,18,18
60668,2,1,1983,0,0,0,0,0,0,0,0,0,0
60669,1,1,1983,23,23,23,23,23,23,23,23,23,23
60669,2,1,1983,0,0,0,0,0,0,0,0,0,0
60670,0,1,1983,6,6,6,6,6,6,6,6,6,6
60670,1,1,1983,0,0,0,0,0,0,0,0,7,0
60671,1,1,1983,30,30,30,30,30,30,30,30,30,30
60671,2,1,1983,0,0,0,0,0,0,0,10,0,0
60672,0,1,1983,38,38,38,38,38,38,38,38,38,38
60672,1,1,1983,0,0,0,0,0,0,0,0,0,0
60673,0,1,1983,0,0,0,0,0,0,0,0,0,0
60673,0,2,1983,0,0,0,0,0,0,0,0,0,0
60673,0,3,1983,10,16,0,12,6,14,10,15,0,24
60673,1,1,1983,12,12,12,12,12,12,12,12,12,12
60674,1,1,1983,0,0,0,0,0,0,0,0,0,0
60674,2,1,1983,0,0,0,0,0,0,0,0,0,0
60674,3,1,1983,41,21,6,0,23,12,0,0,0,0
60675,1,1,1983,14,14,14,14,14,14,14,14,14,14
60676,0,1,1983,0,0,0,0,0,0,0,0,0,0
60676,1,1,1983,18,18,18,18,18,18,18,18,18,18
60677,0,1,1983,15,15,15,15,15,15,15,15,15,15
60677,1,1,1983,13,0,24,17,14,13,20,26,0,0
60678,1,1,1983,18,18,18,18,18,18,18,18,18,18
60678,2,1,1983,2,2,2,2,2,2,2,2,2,2
60679,1,1,1983,0,0,0,0,0,0,0,0,0,0
60680,1,1,1983,0,0,0,0,0,0,0,0,0,0
60681,0,1,1983,0,0,0,0,0,0,0,0,0,0
60681,0,2,1983,0,0,0,0,0,0,0,0,0,0
60681,0,3,1983,0,0,0,0,0,25,0,0,0,0
60681,0,4,1983,0,0,21,0,11,13,0,21,0,0
60681,0,5,1983,0,0,0,10,0,17,0,0,0,0
60681,1,1,1983,16,16,16,16,16,16,16,16,16,16
60682,1,1,1983,0,0,0,0,0,0,0,0,0,0
60682,2,1,1983,0,0,0,0,0,0,0,0,0,0
60682,3,1,1983,0,0,0,0,0,0,0,0,0,0
60683,1,1,1983,17,19,7,28,18,8,22,21,19,10
60684,1,1,1983,0,0,0,0,0,0,0,0,0,0
60685,1,1,1983,9,9,9,9,9,9,9,9,9,9
60685,2,1,1983,0,18,0,0,0,0,0,0,0,0
60686,1,1,1983,19,19,19,19,19,19,19,19,19,19
60687,1,1,1983,24,24,24,24,24,24,24,24,24,24
60688,1,1,1983,13,13,13,13,13,13,13,13,13,13
60688,2,1,1983,0,0,0,0,0,0,0,0,0,0
60689,1,1,1983,10,10,10,10,10,10,10,10,10,10
60690,0,1,1983,0,0,0,0,0,0,0,0,0,0
60690,1,1,1983,22,13,22,16,10,8,15,5,9,19
60691,0,1,1983,34,34,34,34,34,34,34,34,34,34
60691,1,1,1983,11,14,8,10,5,0,9,29,14,12
60692,1,1,1983,8,8,8,8,8,8,8,8,8,8
60693,1,1,1983,19,19,19,19,19,19,19,19,19,19
60694,1,1,1983,0,0,0,0,0,0,0,0,0,0
60695,1,1,1983,0,0,0,0,0,0,0,0,0,0
60696,0,1,1983,0,0,0,0,0,0,0,0,0,0
60696,1,1,1983,0,0,0,0,0,0,0,0,0,14
60697,1,1,1983,0,0,0,0,0,0,0,0,0,19
60698,1,1,1983,0,0,0,0,0,0,0,0,0,0
60698,2,1,1983,5,5,5,5,5,5,5,5,5,5
60698,3,1,1983,22,0,0,0,0,0,0,0,12,0
60699,1,1,1983,14,14,14,14,14,14,14,14,14,14
60699,2,1,1983,0,0,0,0,0,0,0,8,0,0
60700,1,1,1983,17,17,17,17,17,17,17,17,17,17
60701,1,1,1983,0,0,0,0,0,0,0,0,0,0
60701,2,1,1983,0,0,0,0,0,0,0,0,0,0
60702,0,1,1983,0,0,0,0,0,0,0,0,0,0
60702,1,1,1983,0,0,0,0,0,0,0,0,0,0
60703,0,1,1983,0,0,0,0,0,0,0,0,0,0
60703,1,1,1983,0,0,0,0,0,0,0,0,0,0
60704,1,1,1983,8,8,8,8,8,8,8,8,8,8
60704,2,1,1983,16,7,6,12,0,9,9,19,0,0
60705,0,1,1983,0,0,0,0,0,0,0,0,0,0
60705,1,1,1983,0,0,8,0,0,11,19,0,0,0
60706,1,1,1983,17,20,11,30,24,16,15,7,20,15
60707,1,1,1983,0,0,0,0,0,0,0,0,0,0
60708,1,1,1983,0,0,0,0,0,0,0,0,0,0
60709,1,1,1983,9,9,9,9,9,9,9,9,9,9
60710,1,1,1983,0,0,0,0,0,0,0,0,0,0
60711,1,1,1983,0,0,0,0,34,0,0,20,0,0
60711,2,1,1983,0,0,0,0,0,0,0,0,0,0
60711,3,1,1983,0,0,0,0,0,0,0,0,0,0
60712,1,1,1983,0,0,0,0,0,0,0,0,0,0
60713,0,1,1983,0,0,0,0,0,0,0,0,0,0
60713,1,1,1983,0,0,0,0,0,0,0,0,0,0
60714,0,1,1983,0,0,0,0,0,0,0,0,0,0
60714,1,1,1983,0,0,0,0,0,0,0,0,0,0
60715,1,1,1983,10,10,10,10,10,10,10,10,10,10
60715,2,1,1983,0,0,0,0,0,0,0,14,0,0
60716,0,1,1983,0,0,0,0,0,0,0,0,0,0
60716,1,1,1983,3,3,3,3,3,3,3,3,3,3
60717,0,1,1983,2,2,2,2,2,2,2,2,2,2
60717,1,1,1983,19,0,0,21,2,0,0,0,22,0
60718,0,1,1983,0,0,0,0,0,0,0,0,0,0
60718,1,1,1983,0,0,0,0,18,12,17,0,32,0
60719,1,1,1983,0,0,0,0,0,0,0,0,0,0
60719,2,1,1983,8,8,8,8,8,8,8,8,8,8
60720,1,1,1983,41,28,19,32,14,23,17,11,16,0
60721,1,1,1983,17,17,17,17,17,17,17,17,17,17
60722,1,1,1983,0,0,0,0,0,0,0,0,0,0
60722,2,1,1983,0,0,0,0,0,0,0,0,0,0
60723,0,1,1983,0,0,0,0,0,0,0,0,0,0
60723,1,1,1983,0,0,0,0,0,0,0,0,0,0
60724,1,1,1983,21,21,21,21,21,21,21,21,21,21
60724,2,1,1983,0,0,0,0,0,0,0,0,0,14
60725,1,1,1983,5,5,5,5,5,5,5,5,5,5
60726,1,1,1983,16,16,16,16,16,16,16,16,16,16
60727,1,1,1983,0,0,0,0,0,0,0,0,0,0
60728,1,1,1983,16,16,16,16,16,16,16,16,16,16
60729,1,1,1983,0,0,0,0,0,0,0,0,0,0
60730,1,1,1983,0,0,0,0,0,0,0,0,0,0
60731,1,1,1983,8,8,8,8,8,8,8,8,8,8
60731,2,1,1983,0,0,0,0,0,0,25,0,0,0
60732,1,1,1983,11,0,13,12,25,0,4,20,18,11
60733,1,1,1983,24,24,24,24,24,24,24,24,24,24
60734,1,1,1983,0,0,0,0,0,0,0,0,0,0
60734,2,1,1983,0,0,0,0,0,0,0,0,0,0
60734,3,1,1983,0,0,0,0,0,0,0,0,0,0
60734,4,1,1983,0,0,0,0,0,0,0,0,0,0
60735,1,1,1983,27,27,27,27,27,27,27,27,27,27
60735,2,1,1983,0,0,0,0,0,0,0,0,0,0
60736,1,1,1983,19,19,19,19,19,19,19,19,19,19
60736,2,1,1983,0,0,0,0,0,0,0,0,0,0
60737,1,1,1983,0,0,0,0,0,0,0,0,0,0
60738,1,1,1983,0,0,0,0,0,0,0,0,0,0
60738,2,1,1983,6,0,13,10,8,18,5,11,24,9
60739,0,1,1983,6,6,6,6,6,6,6,6,6,6
60739,1,1,1983,12,13,9,0,0,18,20,8,20,10
60740,1,1,1983,24,21,0,18,11,22,17,14,9,11
60740,2,1,1983,0,0,13,0,0,0,0,21,0,0
60741,0,1,1983,0,38,0,0,21,0,0,0,0,0
60741,1,1,1983,0,0,0,0,12,0,0,0,0,22
60742,1,1,1983,23,23,23,23,23,23,23,23,23,23
60742,2,1,1983,10,3,0,0,0,0,13,9,0,18
60743,1,1,1983,0,0,0,0,0,0,0,0,0,0
60744,1,1,1983,4,4,4,4,4,4,4,4,4,4
60745,0,1,1983,4,4,4,4,4,4,4,4,4,4
60745,0,2,1983,0,0,0,23,9,0,0,0,0,0
60745,1,1,1983,52,20,0,0,20,34,22,15,26,9
60746,1,1,1983,15,20,22,20,17,21,8,39,22,13
60747,0,1,1983,0,0,0,0,0,0,0,0,0,0
60747,1,1,1983,0,0,0,0,0,24,0,0,0,0
60748,1,1,1983,17,17,17,17,17,17,17,17,17,17
60748,2,1,1983,16,16,16,16,16,16,16,16,16,16
60749,1,1,1983,33,33,33,33,33,33,33,33,33,33
60750,1,1,1983,0,0,0,0,0,0,0,0,0,0
60750,2,1,1983,22,22,22,22,22,22,22,22,22,22
60751,1,1,1983,0,0,0,0,0,0,0,0,0,0
60752,0,1,1983,13,13,13,13,13,13,13,13,13,13
60752,1,1,1983,0,4,0,22,0,23,6,0,14,24
60753,0,1,1983,0,0,0,0,0,0,0,0,0,0
60753,1,1,1983,0,0,0,10,0,0,0,0,0,0
60754,1,1,1983,25,25,25,25,25,25,25,25,25,25
60754,2,1,1983,0,0,0,0,0,0,0,0,0,0
60755,1,1,1983,24,24,24,24,24,24,24,24,24,24
60756,1,1,1983,0,0,0,0,0,0,0,0,0,0
60756,2,1,1983,19,19,19,19,19,19,19,19,19,19
60757,1,1,1983,23,23,23,23,23,23,23,23,23,23
60758,1,1,1983,20,20,20,20,20,20,20,20,20,20
60759,1,1,1983,0,0,0,0,0,0,0,0,0,0
60759,2,1,1983,0,0,0,0,0,0,0,0,0,0
60760,0,1,1983,0,0,0,0,0,0,0,0,0,0
60760,1,1,1983,0,0,0,0,0,0,0,0,0,0
60761,1,1,1983,14,14,14,14,14,14,14,14,14,14
60761,2,1,1983,0,0,0,0,0,0,0,0,0,0
60762,1,1,1983,37,37,37,37,37,37,37,37,37,37
60763,1,1,1983,14,14,14,14,14,14,14,14,14,14
60764,1,1,1983,17,17,17,17,17,17,17,17,17,17
60765,1,1,1983,17,17,17,17,17,17,17,17,17,17
60766,1,1,1983,0,0,0,0,0,0,0,0,0,0
60767,1,1,1983,29,29,29,29,29,29,29,29,29,29
60768,0,1,1983,0,14,0,11,0,0,0,0,0,0
60768,1,1,1983,0,0,0,6,0,0,0,0,0,0
60769,1,1,1983,18,18,18,18,18,18,18,18,18,18
60770,0,1,1983,0,0,0,0,0,0,0,0,0,0
60770,0,2,1983,0,0,0,0,0,0,0,0,0,0
60770,1,1,1983,0,0,0,0,14,0,0,0,0,0
60771,1,1,1983,22,22,22,22,22,22,22,22,22,22
60771,2,1,1983,0,0,0,0,0,0,0,0,0,0
60772,0,1,1983,0,0,0,0,0,0,0,0,0,0
60772,1,1,1983,0,0,0,0,0,0,0,0,0,0
60772,2,1,1983,0,0,0,0,0,0,0,0,0,0
60773,1,1,1983,0,0,17,0,0,15,0,0,0,0
60773,2,1,1983,0,0,0,0,0,0,0,0,0,0
60773,3,1,1983,0,0,0,0,0,0,0,0,0,0
60774,1,1,1983,13,13,13,13,13,13,13,13,13,13
60774,2,1,1983,0,15,0,5,0,21,0,0,0,0
60774,3,1,1983,0,23,0,0,0,0,0,0,0,0
60775,0,1,1983,0,19,20,39,17,18,16,5,28,0
60775,0,2,1983,6,6,6,6,6,6,6,6,6,6
60775,1,1,1983,16,16,16,16,16,16,16,16,16,16
60776,1,1,1983,20,20,20,20,20,20,20,20,20,20
60777,1,1,1983,11,11,11,11,11,11,11,11,11,11
60777,2,1,1983,26,26,26,26,26,26,26,26,26,26
60778,1,1,1983,42,42,42,42,42,42,42,42,42,42
60779,1,1,1983,22,22,22,22,22,22,22,22,22,22
60779,2,1,1983,0,0,0,0,0,0,0,0,0,0
60780,1,1,1983,24,24,24,24,24,24,24,24,24,24
60781,1,1,1983,18,18,18,18,18,18,18,18,18,18
60781,2,1,1983,0,0,0,0,0,0,0,0,0,0
60782,0,1,1983,0,0,0,0,0,0,0,0,0,0
60782,1,1,1983,0,0,0,0,0,0,0,0,0,0
60783,0,1,1983,0,0,0,0,0,0,0,0,0,0
60783,1,1,1983,0,0,0,0,0,0,0,0,0,0
60784,1,1,1983,12,0,0,0,0,6,24,0,0,5
60785,1,1,1983,19,19,19,19,19,19,19,19,19,19
60785,2,1,1983,0,0,0,0,0,0,0,0,0,0
60786,0,1,1983,0,0,0,0,0,0,0,0,0,0
60786,1,1,1983,0,0,0,0,0,0,0,0,0,0
60787,1,1,1983,0,0,0,0,0,0,0,0,0,0
60788,1,1,1983,24,24,24,24,24,24,24,24,24,24
60789,1,1,1983,23,23,23,23,23,23,23,23,23,23
60789,2,1,1983,2,2,2,2,2,2,2,2,2,2
60790,1,1,1983,17,17,17,17,17,17,17,17,17,17
60791,0,1,1983,11,11,11,11,11,11,11,11,11,11
60791,1,1,1983,0,0,0,0,0,0,0,0,0,0
60792,0,1,1983,5,5,5,5,5,5,5,5,5,5
60792,1,1,1983,0,0,0,0,0,16,0,0,0,0
60793,1,1,1983,0,0,0,0,0,0,0,0,0,0
60794,1,1,1983,26,26,26,26,26,26,26,26,26,26
60795,0,1,1983,18,18,18,18,18,18,18,18,18,18
60795,1,1,1983,6,6,6,6,6,6,6,6,6,6
60796,0,1,1983,22,22,22,22,22,22,22,22,22,22
60796,1,1,1983,0,0,0,0,0,0,0,8,0,0
60797,1,1,1983,22,22,22,22,22,22,22,22,22,22
60798,0,1,1983,0,0,0,0,0,0,0,0,0,0
60798,1,1,1983,0,0,0,0,0,0,0,0,0,0
60799,0,1,1983,15,15,15,15,15,15,15,15,15,15
60799,1,1,1983,13,13,13,13,13,13,13,13,13,13
60801,1,1,1983,0,0,0,0,0,0,0,0,0,0
60802,1,1,1983,2,2,2,2,2,2,2,2,2,2
60802,2,1,1983,28,28,28,28,28,28,28,28,28,28
60803,1,1,1983,1,1,1,1,1,1,1,1,1,1
60804,1,1,1983,16,16,16,16,16,16,16,16,16,16
60804,2,1,1983,0,11,16,15,15,16,19,0,12,18
60805,0,1,1983,41,41,41,41,41,41,41,41,41,41
60805,1,1,1983,0,0,0,0,0,0,11,0,0,18
60806,1,1,1983,34,34,34,34,34,34,34,34,34,34
60807,0,1,1983,0,0,0,0,0,0,0,0,0,0
60807,1,1,1983,0,0,0,0,0,0,0,0,0,0