ST_CASE,VEH_NO,PER_NO,YEAR,P1,P2,P3,P4,P5,P6,P7,P8,P9,P10
60808,0,1,1983,0,0,0,0,0,0,0,0,0,0
60808,1,1,1983,0,0,0,0,0,0,0,0,0,0
60809,1,1,1983,0,0,0,0,0,0,0,0,0,0
60809,2,1,1983,0,0,0,0,0,0,0,0,0,0
60810,1,1,1983,0,0,0,0,0,0,0,0,0,0
60810,2,1,1983,0,0,0,19,0,0,0,0,0,0
60811,1,1,1983,18,18,18,18,18,18,18,18,18,18
60811,2,1,1983,0,0,0,0,0,0,0,15,0,0
60812,1,1,1983,19,19,19,19,19,19,19,19,19,19
60812,2,1,1983,0,0,0,0,0,0,0,0,0,0
60812,3,1,1983,0,0,0,0,0,0,0,0,0,0
60813,1,1,1983,12,12,12,12,12,12,12,12,12,12
60813,2,1,1983,0,0,0,0,0,0,0,0,0,0
60814,1,1,1983,0,0,0,0,0,0,0,0,0,0
60814,2,1,1983,0,0,0,0,0,0,0,0,0,0
60815,1,1,1983,19,19,19,19,19,19,19,19,19,19
60816,1,1,1983,0,0,0,0,0,15,0,0,0,0
60817,1,1,1983,0,0,0,3,0,17,0,0,0,0
60817,2,1,1983,0,13,0,0,0,0,0,0,10,6
60818,1,1,1983,13,13,13,13,13,13,13,13,13,13
60819,1,1,1983,0,0,0,0,0,0,0,0,0,0
60820,1,1,1983,0,0,0,0,0,0,0,0,0,0
60820,2,1,1983,0,0,0,0,0,0,0,0,0,0
60821,1,1,1983,0,0,0,0,0,0,0,0,0,0
60821,2,1,1983,0,0,0,0,0,0,0,0,0,0
60821,3,1,1983,0,0,0,0,0,0,0,0,0,0
60822,0,1,1983,0,0,0,0,0,0,0,0,0,0
60822,1,1,1983,0,0,0,0,0,0,0,21,0,0
60823,1,1,1983,0,0,0,0,0,0,0,0,0,0
60823,2,1,1983,0,0,0,0,0,0,0,0,0,0
60824,1,1,1983,18,18,18,18,18,18,18,18,18,18
60825,0,1,1983,31,31,31,31,31,31,31,31,31,31
60825,1,1,1983,5,23,17,15,22,0,13,27,18,16
60826,1,1,1983,14,14,14,14,14,14,14,14,14,14
60827,0,1,1983,0,0,0,0,0,0,0,0,0,0
60827,1,1,1983,14,16,16,19,15,0,22,11,16,13
60828,1,1,1983,0,0,0,0,0,0,0,0,0,0
60828,2,1,1983,0,0,0,0,0,0,0,0,0,0
60828,3,1,1983,0,0,0,14,0,0,0,0,0,0
60829,1,1,1983,0,0,0,0,0,0,0,0,0,0
60830,1,1,1983,0,0,0,0,0,0,0,0,0,0
60830,2,1,1983,0,0,0,0,0,0,0,0,0,0
60831,1,1,1983,0,0,0,0,0,0,0,0,0,0
60832,1,1,1983,12,12,12,12,12,12,12,12,12,12
60833,1,1,1983,0,0,0,0,0,0,0,0,0,0
60834,1,1,1983,10,0,0,0,0,0,0,10,0,0
60835,1,1,1983,17,17,17,17,17,17,17,17,17,17
60835,2,1,1983,0,0,0,0,0,0,0,0,0,0
60836,0,1,1983,2,2,2,2,2,2,2,2,2,2
60836,1,1,1983,11,39,8,20,10,10,0,15,13,9
60837,1,1,1983,0,0,0,0,0,0,0,0,0,0
60838,1,1,1983,0,0,0,0,0,0,0,0,0,0
60838,2,1,1983,0,0,0,0,0,0,0,0,0,0
60839,1,1,1983,0,0,0,0,0,0,0,0,0,0
60840,1,1,1983,22,22,22,22,22,22,22,22,22,22
60840,2,1,1983,0,0,0,0,0,0,0,0,0,0
60841,1,1,1983,0,0,0,0,0,0,0,0,0,0
60842,1,1,1983,20,20,20,20,20,20,20,20,20,20
60843,1,1,1983,0,0,0,0,0,0,0,0,0,0
60843,2,1,1983,0,0,0,0,0,0,0,0,0,0
60844,0,1,1983,16,16,16,16,16,16,16,16,16,16
60844,2,1,1983,0,0,0,0,0,0,0,0,0,0
60845,1,1,1983,33,31,13,32,14,0,0,17,21,25
60846,1,1,1983,8,8,8,8,8,8,8,8,8,8
60847,1,1,1983,12,14,14,22,20,0,20,8,5,0
60848,1,1,1983,22,22,22,22,22,22,22,22,22,22
60849,0,1,1983,0,0,0,0,0,0,0,0,0,0
60849,1,1,1983,18,23,17,11,16,10,18,5,0,28
60850,1,1,1983,0,0,0,0,0,0,0,0,0,0
60851,1,1,1983,8,8,8,8,8,8,8,8,8,8
60852,1,1,1983,0,0,0,0,0,0,0,0,0,0
60852,2,1,1983,0,0,0,0,0,0,0,0,0,0
60853,1,1,1983,0,0,0,0,0,0,0,0,0,0
60853,2,1,1983,0,0,0,0,0,0,0,0,0,0
60854,1,1,1983,24,19,24,26,15,13,16,8,27,21
60854,2,1,1983,0,0,0,0,0,0,0,0,0,0
60855,1,1,1983,0,0,0,0,0,0,0,0,0,0
60855,2,1,1983,0,0,0,0,0,0,0,0,0,0
60856,1,1,1983,3,3,3,3,3,3,3,3,3,3
60856,2,1,1983,0,0,0,0,0,0,0,0,0,0
60857,1,1,1983,16,13,9,9,19,5,8,9,22,21
60857,2,1,1983,0,0,0,0,0,0,0,0,0,0
60858,1,1,1983,0,0,0,0,0,0,0,0,0,0
60858,2,1,1983,0,0,0,0,0,0,0,0,0,0
60859,0,1,1983,0,0,0,0,0,0,0,0,0,0
60859,1,1,1983,0,0,0,0,0,0,0,0,0,0
60860,1,1,1983,26,26,26,26,26,26,26,26,26,26
60861,0,1,1983,0,0,0,0,0,0,0,0,0,0
60862,1,1,1983,0,0,0,0,0,0,0,0,0,0
60863,1,1,1983,26,26,26,26,26,26,26,26,26,26
60863,2,1,1983,0,0,0,0,0,0,0,0,0,0
60864,1,1,1983,14,14,14,14,14,14,14,14,14,14
60865,1,1,1983,15,15,15,15,15,15,15,15,15,15
60865,2,1,1983,0,0,0,0,0,0,0,0,0,0
60866,1,1,1983,23,23,23,23,23,23,23,23,23,23
60867,1,1,1983,15,15,15,15,15,15,15,15,15,15
60868,1,1,1983,0,0,0,0,0,0,0,0,0,0
60868,2,1,1983,0,0,0,0,0,0,0,0,0,0
60869,0,1,1983,0,0,0,0,0,0,0,0,0,0
60869,1,1,1983,0,0,0,0,0,0,0,0,0,0
60870,1,1,1983,0,0,0,0,15,0,0,0,0,0
60871,0,1,1983,0,0,0,0,0,0,0,0,0,0
60871,1,1,1983,0,0,0,0,0,0,0,0,0,0
60872,1,1,1983,7,7,7,7,7,7,7,7,7,7
60873,1,1,1983,27,27,27,27,27,27,27,27,27,27
60874,1,1,1983,0,0,0,0,0,0,0,0,0,0
60875,1,1,1983,12,12,12,12,12,12,12,12,12,12
60876,1,1,1983,0,16,0,0,0,0,0,0,0,0
60876,2,1,1983,0,0,0,0,0,0,0,0,0,0
60877,1,1,1983,18,18,18,18,18,18,18,18,18,18
60877,2,1,1983,0,0,0,0,0,0,0,0,0,0
60878,1,1,1983,0,0,0,0,0,0,0,0,0,0
60878,2,1,1983,8,21,19,11,23,11,0,0,18,13
60879,0,1,1983,8,26,0,0,0,27,18,19,0,19
60879,1,1,1983,5,4,20,26,15,30,0,9,16,11
60880,1,1,1983,15,7,17,14,5,7,19,17,11,8
60880,2,1,1983,0,0,0,0,0,0,0,0,0,0
60881,1,1,1983,25,25,25,25,25,25,25,25,25,25
60881,2,1,1983,0,0,0,0,0,0,0,0,6,0
60882,0,1,1983,0,0,0,0,0,0,0,0,0,0
60882,1,1,1983,10,5,16,0,16,11,19,10,0,12
60883,1,1,1983,29,29,29,29,29,29,29,29,29,29
60884,1,1,1983,27,27,27,27,27,27,27,27,27,27
60884,2,1,1983,0,0,6,0,0,0,7,0,0,0
60885,1,1,1983,0,0,0,0,0,0,0,0,0,0
60885,2,1,1983,0,0,0,0,0,0,0,0,0,0
60886,1,1,1983,0,0,0,0,0,0,0,0,0,0
60886,2,1,1983,0,0,0,23,0,0,0,0,0,0
60887,1,1,1983,0,0,0,0,0,0,0,0,0,0
60888,0,1,1983,35,14,11,24,25,14,31,10,32,17
60888,0,2,1983,15,17,0,13,11,0,20,31,0,0
60888,1,1,1983,20,20,20,20,20,20,20,20,20,20
60889,1,1,1983,0,0,0,0,0,0,0,7,0,0
60889,2,1,1983,0,0,0,0,0,0,0,0,0,0
60890,1,1,1983,17,17,17,17,17,17,17,17,17,17
60891,0,1,1983,0,0,0,0,0,0,0,0,0,0
60891,1,1,1983,0,0,0,0,0,0,0,0,0,0
60892,1,1,1983,0,0,0,0,0,0,0,0,0,0
60892,2,1,1983,0,0,0,0,0,0,0,0,0,0
60893,0,1,1983,0,0,0,0,0,0,0,0,0,0
60893,1,1,1983,0,0,0,0,0,0,0,0,0,0
60894,1,1,1983,16,16,16,16,16,16,16,16,16,16
60895,1,1,1983,0,0,0,7,0,0,0,0,0,0
60895,2,1,1983,0,0,0,0,0,0,0,0,0,0
60896,1,1,1983,6,6,6,6,6,6,6,6,6,6
60897,1,1,1983,9,9,9,9,9,9,9,9,9,9
60898,0,1,1983,0,0,0,0,0,0,0,0,0,0
60898,1,1,1983,0,0,0,0,0,0,0,0,23,0
60899,0,1,1983,0,0,0,0,0,0,0,0,0,0
60899,1,1,1983,0,0,0,0,6,0,0,0,0,0
60900,1,1,1983,27,27,27,27,27,27,27,27,27,27
60900,2,1,1983,0,0,0,0,0,0,0,0,0,0
60901,1,1,1983,11,11,11,11,11,11,11,11,11,11
60902,0,1,1983,0,0,0,0,0,0,0,0,0,0
60902,1,1,1983,0,0,13,0,0,0,0,0,0,0
60903,1,1,1983,0,0,0,0,0,2,0,0,0,0
60904,1,1,1983,0,0,0,0,0,0,0,0,0,0
60904,2,1,1983,0,0,0,0,0,0,0,0,0,0
60904,3,1,1983,0,0,0,0,0,0,0,0,0,0
60905,0,1,1983,0,0,0,0,0,0,0,0,0,0
60905,1,1,1983,21,21,21,21,21,21,21,21,21,21
60906,1,1,1983,10,10,10,10,10,10,10,10,10,10
60907,1,1,1983,0,0,0,0,0,0,0,0,0,0
60907,2,1,1983,15,15,15,15,15,15,15,15,15,15
60908,1,1,1983,0,0,0,0,0,0,0,0,0,0
60908,2,1,1983,0,0,0,0,0,0,0,0,0,0
60909,1,1,1983,0,0,0,0,0,0,0,0,0,0
60909,2,1,1983,2,2,2,2,2,2,2,2,2,2
60910,1,1,1983,9,9,9,9,9,9,9,9,9,9
60911,1,1,1983,1,1,1,1,1,1,1,1,1,1
60911,2,1,1983,2,2,2,2,2,2,2,2,2,2
60912,1,1,1983,0,0,0,0,0,0,0,0,0,0
60913,1,1,1983,10,10,10,10,10,10,10,10,10,10
60913,2,1,1983,0,0,0,0,0,0,0,0,0,0
60914,1,1,1983,0,0,0,0,0,0,0,0,0,0
60914,2,1,1983,0,0,0,6,0,0,0,6,0,0
60915,0,1,1983,7,22,26,50,11,18,10,16,19,23
60915,1,1,1983,0,0,0,32,17,0,0,16,0,0
60916,1,1,1983,2,2,2,2,2,2,2,2,2,2
60916,2,1,1983,0,0,0,0,0,0,0,0,0,0
60917,0,1,1983,0,0,0,0,0,0,0,0,0,0
60917,1,1,1983,0,0,0,0,0,0,0,0,0,0
60918,0,1,1983,0,0,0,0,0,0,0,0,0,0
60918,1,1,1983,8,8,8,8,8,8,8,8,8,8
60919,1,1,1983,19,19,19,19,19,19,19,19,19,19
60920,1,1,1983,27,27,27,27,27,27,27,27,27,27
60921,1,1,1983,0,24,0,19,7,0,0,24,0,0
60922,1,1,1983,0,0,0,25,0,0,0,0,0,0
60923,1,1,1983,0,0,0,0,0,0,0,0,0,0
60923,2,1,1983,0,18,0,0,0,0,0,0,0,0
60923,3,1,1983,0,0,0,0,0,0,13,0,0,0
60923,4,1,1983,0,0,0,0,0,0,0,0,0,0
60924,1,1,1983,7,6,14,7,20,22,16,21,9,8
60924,2,1,1983,0,0,0,0,0,0,0,0,0,0
60925,1,1,1983,23,23,23,23,23,23,23,23,23,23
60925,2,1,1983,0,0,0,0,0,0,0,0,0,0
60926,1,1,1983,19,19,19,19,19,19,19,19,19,19
60927,1,1,1983,22,22,22,22,22,22,22,22,22,22
60928,1,1,1983,0,0,0,0,0,0,0,9,0,0
60929,1,1,1983,27,16,16,22,25,21,28,31,24,15
60930,0,1,1983,0,0,0,0,0,0,0,0,0,0
60930,1,1,1983,0,0,0,0,0,0,0,0,0,0
60931,1,1,1983,20,20,20,20,20,20,20,20,20,20
60932,1,1,1983,0,0,0,0,0,0,0,0,0,0
60933,0,1,1983,0,0,0,0,0,0,0,0,0,0
60933,1,1,1983,0,0,0,0,0,0,0,0,0,31
60934,1,1,1983,0,0,0,21,0,0,0,0,0,14
60934,2,1,1983,0,0,0,0,0,0,0,0,0,0
60935,1,1,1983,0,0,25,0,0,0,0,0,0,0
60935,2,1,1983,0,0,0,0,0,0,0,0,0,0
60936,0,1,1983,0,0,0,0,0,0,0,0,0,0
60936,0,2,1983,0,0,0,29,0,0,0,33,4,0
60936,1,1,1983,0,0,0,0,0,0,0,0,0,0
60937,1,1,1983,0,0,0,0,0,0,0,0,0,0
60937,2,1,1983,0,0,0,0,0,0,0,0,0,0
60938,1,1,1983,24,24,24,24,24,24,24,24,24,24
60939,1,1,1983,0,0,0,0,0,0,0,0,0,0
60939,2,1,1983,0,0,0,0,0,0,0,0,0,0
60940,0,1,1983,9,9,9,9,9,9,9,9,9,9
60940,1,1,1983,0,9,0,0,0,0,0,0,0,0
60941,1,1,1983,23,0,0,0,0,0,0,0,0,0
60942,2,1,1983,6,6,6,6,6,6,6,6,6,6
60943,1,1,1983,10,10,10,10,10,10,10,10,10,10
60943,2,1,1983,0,0,0,0,0,0,0,0,0,0
60944,1,1,1983,39,0,0,20,23,21,6,0,43,21
60944,2,1,1983,7,33,0,26,21,11,0,12,0,6
60945,0,1,1983,0,0,0,0,0,0,0,0,0,0
60945,1,1,1983,13,17,12,15,17,20,26,21,4,19
60946,0,1,1983,19,19,19,19,19,19,19,19,19,19
60946,0,2,1983,0,18,20,0,7,0,0,13,21,36
60946,1,1,1983,10,10,10,10,10,10,10,10,10,10
60947,1,1,1983,9,11,16,17,20,10,33,32,21,4
60948,1,1,1983,4,4,4,4,4,4,4,4,4,4
60948,2,1,1983,0,0,0,0,0,20,0,0,0,0
60949,1,1,1983,23,23,23,23,23,23,23,23,23,23
60950,1,1,1983,13,13,13,13,13,13,13,13,13,13
60950,2,1,1983,0,0,0,0,0,0,0,0,0,0
60951,0,1,1983,18,18,18,18,18,18,18,18,18,18
60951,1,1,1983,0,0,25,0,0,0,0,0,0,0
60952,1,1,1983,6,6,6,6,6,6,6,6,6,6
60953,1,1,1983,0,0,0,0,0,0,0,0,0,0
60953,2,1,1983,0,0,0,0,0,0,0,0,0,0
60954,1,1,1983,0,0,0,0,0,0,0,0,0,0
60954,2,1,1983,0,0,0,0,0,0,14,0,0,14
60955,0,1,1983,0,0,0,0,0,0,0,0,0,0
60955,0,2,1983,6,3,8,17,10,29,8,0,0,21
60955,1,1,1983,0,0,0,0,0,0,0,0,0,0
60955,2,1,1983,2,2,2,2,2,2,2,2,2,2
60956,0,1,1983,0,0,0,0,0,0,0,0,0,0
60956,1,1,1983,10,10,10,10,10,10,10,10,10,10
60957,1,1,1983,0,0,0,0,0,0,0,0,0,0
60957,2,1,1983,0,0,0,0,0,0,0,0,0,0
60957,3,1,1983,0,0,0,0,0,0,15,0,0,0
60958,1,1,1983,0,0,0,0,0,0,0,0,0,0
60959,0,1,1983,0,0,0,0,0,0,0,0,0,0
60959,1,1,1983,0,0,0,0,0,0,0,17,0,0
60960,1,1,1983,11,20,0,13,0,15,16,14,0,0
60960,2,1,1983,0,0,0,0,0,0,0,0,0,0
60961,1,1,1983,23,23,23,23,23,23,23,23,23,23
60961,2,1,1983,24,24,24,24,24,24,24,24,24,24
60962,0,1,1983,18,18,18,18,18,18,18,18,18,18
60962,1,1,1983,0,0,0,0,0,0,0,0,0,0
60963,0,1,1983,20,20,20,20,20,20,20,20,20,20
60963,1,1,1983,0,0,0,0,0,0,0,0,0,0
60964,1,1,1983,27,27,27,27,27,27,27,27,27,27
60965,1,1,1983,24,24,24,24,24,24,24,24,24,24
60965,2,1,1983,0,0,0,0,0,0,0,0,0,0
60966,1,1,1983,8,8,8,8,8,8,8,8,8,8
60967,1,1,1983,0,0,0,24,0,0,0,0,0,0
60967,2,1,1983,8,8,8,8,8,8,8,8,8,8
60968,1,1,1983,18,18,18,18,18,18,18,18,18,18
60968,2,1,1983,0,0,0,0,0,0,0,0,0,0
60969,1,1,1983,9,9,9,9,9,9,9,9,9,9
60969,2,1,1983,9,9,9,9,9,9,9,9,9,9
60970,1,1,1983,0,0,0,0,0,0,0,0,0,0
60971,1,1,1983,0,0,0,0,21,0,0,0,0,0
60971,2,1,1983,0,0,9,17,12,8,0,8,0,0
60972,1,1,1983,0,12,30,0,22,18,15,13,13,0
60973,1,1,1983,14,14,14,14,14,14,14,14,14,14
60973,2,1,1983,13,13,13,13,13,13,13,13,13,13
60974,0,1,1983,4,4,4,4,4,4,4,4,4,4
60974,1,1,1983,0,0,0,0,0,0,0,0,0,0
60974,2,1,1983,0,0,0,0,0,7,0,0,0,0
60974,3,1,1983,0,0,0,0,0,0,0,0,0,0
60975,1,1,1983,14,14,14,14,14,14,14,14,14,14
60975,2,1,1983,0,0,0,0,0,0,0,0,0,0
60976,1,1,1983,12,6,14,12,0,11,12,11,16,12
60976,2,1,1983,8,8,8,8,8,8,8,8,8,8
60977,0,1,1983,0,0,0,0,0,0,0,0,0,0
60977,1,1,1983,0,0,0,0,0,0,0,0,0,0
60978,0,1,1983,11,11,11,11,11,11,11,11,11,11
60978,1,1,1983,1,1,1,1,1,1,1,1,1,1
60979,0,1,1983,0,0,0,0,0,0,0,0,0,0
60979,1,1,1983,0,0,0,0,0,0,0,0,0,0
60980,1,1,1983,18,18,18,18,18,18,18,18,18,18
60980,2,1,1983,0,0,0,0,0,0,0,0,0,0
60981,1,1,1983,13,26,44,23,10,31,17,16,15,12
60982,1,1,1983,0,0,0,0,0,0,0,0,0,0
60982,2,1,1983,22,22,22,22,22,22,22,22,22,22
60983,1,1,1983,16,13,10,12,10,18,7,11,15,22
60984,1,1,1983,0,0,0,0,0,0,0,0,0,0
60984,2,1,1983,0,0,0,0,0,0,0,0,0,0
60985,1,1,1983,17,17,17,17,17,17,17,17,17,17
60985,2,1,1983,0,0,0,0,0,0,0,0,0,0
60986,1,1,1983,19,19,19,19,19,19,19,19,19,19
60986,2,1,1983,0,0,0,0,0,0,0,0,0,0
60987,1,1,1983,16,16,16,16,16,16,16,16,16,16
60988,1,1,1983,0,0,0,0,0,0,0,0,0,0
60989,0,1,1983,0,0,0,0,0,0,0,0,0,0
60989,1,1,1983,9,0,0,19,0,0,0,0,0,26
60990,1,1,1983,25,25,25,25,25,25,25,25,25,25
60991,1,1,1983,2,2,2,2,2,2,2,2,2,2
60991,2,1,1983,5,11,15,11,9,8,24,0,8,12
60992,1,1,1983,27,27,27,27,27,27,27,27,27,27
60992,2,1,1983,14,0,0,0,11,0,0,0,0,9
60992,3,1,1983,0,0,0,0,0,0,0,0,0,0
60993,1,1,1983,0,0,0,0,0,0,0,0,0,0
60993,2,1,1983,0,0,0,0,0,0,0,0,0,0
60994,1,1,1983,25,25,25,25,25,25,25,25,25,25
60995,1,1,1983,25,25,25,25,25,25,25,25,25,25
60995,2,1,1983,0,0,0,0,26,0,0,0,0,0
60996,1,1,1983,31,31,31,31,31,31,31,31,31,31
60997,1,1,1983,23,23,23,23,23,23,23,23,23,23
60998,1,1,1983,0,0,0,0,0,0,0,0,0,0
60998,2,1,1983,0,0,0,0,0,0,0,0,0,0
60999,0,1,1983,0,0,0,0,0,0,0,0,0,0
60999,1,1,1983,0,0,0,20,0,0,0,0,0,23
61000,1,1,1983,6,6,6,6,6,6,6,6,6,6
61001,1,1,1983,13,13,13,13,13,13,13,13,13,13
61001,2,1,1983,0,0,0,0,0,0,0,0,0,0
61002,0,1,1983,0,0,0,0,0,0,0,0,0,0
61002,1,1,1983,0,27,24,27,18,19,26,0,27,26
61003,1,1,1983,12,12,12,12,12,12,12,12,12,12
61003,2,1,1983,2,2,2,2,2,2,2,2,2,2
61003,3,1,1983,0,0,19,0,8,0,0,0,0,0
61004,1,1,1983,0,0,0,0,0,0,0,0,0,0
61004,2,1,1983,0,0,0,0,0,0,0,0,0,0
61004,3,1,1983,0,0,0,0,0,0,0,9,0,0
61005,1,1,1983,5,5,5,5,5,5,5,5,5,5
61006,0,1,1983,7,7,7,7,7,7,7,7,7,7
61006,1,1,1983,21,0,15,6,10,11,13,0,24,0
61007,1,1,1983,13,13,13,13,13,13,13,13,13,13
61007,2,1,1983,0,0,0,0,0,0,0,0,0,0
61008,1,1,1983,0,0,0,0,0,0,0,0,0,0
61009,1,1,1983,0,0,0,0,0,0,0,0,0,0
61010,0,1,1983,0,0,0,0,0,0,0,0,0,0
61010,1,1,1983,0,0,0,0,0,0,0,0,0,0
61011,1,1,1983,0,7,0,0,7,0,0,0,0,0
61012,1,1,1983,0,0,0,0,0,0,0,0,0,0
61013,1,1,1983,23,23,23,23,23,23,23,23,23,23
61013,2,1,1983,0,0,0,0,0,0,0,25,0,0
61014,1,1,1983,15,15,15,15,15,15,15,15,15,15
61015,1,1,1983,34,34,34,34,34,34,34,34,34,34
61015,2,1,1983,0,0,0,0,0,0,0,0,0,0
61016,1,1,1983,23,23,23,23,23,23,23,23,23,23
61017,0,1,1983,0,0,0,0,0,0,0,0,0,0
61017,0,2,1983,13,0,23,0,0,49,8,0,0,0
61017,0,3,1983,0,18,2,0,0,7,0,8,0,0
61017,0,4,1983,0,0,0,0,8,0,0,0,0,0
61017,0,5,1983,10,9,21,6,12,5,0,0,0,0
61017,1,1,1983,19,0,0,0,0,17,0,7,0,17
61018,1,1,1983,25,25,25,25,25,25,25,25,25,25
61019,1,1,1983,0,0,0,0,0,0,0,0,0,0
61019,2,1,1983,0,0,0,0,0,0,0,0,0,12
61020,1,1,1983,10,10,10,10,10,10,10,10,10,10
61020,2,1,1983,0,0,0,0,0,19,8,0,0,0
61021,1,1,1983,30,30,30,30,30,30,30,30,30,30
61021,2,1,1983,12,0,7,7,8,6,8,9,8,17
61022,0,1,1983,19,19,19,19,19,19,19,19,19,19
61022,1,1,1983,0,0,0,0,0,0,0,0,0,0
61023,1,1,1983,7,7,7,7,7,7,7,7,7,7
61023,2,1,1983,0,0,0,0,0,0,19,0,0,0
61024,1,1,1983,0,0,0,0,0,0,0,0,0,0
61025,1,1,1983,0,0,0,4,0,0,0,0,0,0
61025,2,1,1983,0,0,0,0,0,0,0,0,0,0
61026,1,1,1983,0,0,9,14,0,0,0,16,0,0
61027,1,1,1983,0,0,0,0,0,0,0,0,0,0
61027,2,1,1983,15,15,15,15,15,15,15,15,15,15
61028,0,1,1983,0,0,0,0,0,0,0,0,0,0
61028,1,1,1983,0,0,0,0,0,0,0,0,0,0
61029,1,1,1983,12,12,12,12,12,12,12,12,12,12
61030,1,1,1983,15,15,15,15,15,15,15,15,15,15
61031,1,1,1983,12,12,12,12,12,12,12,12,12,12
61032,1,1,1983,0,0,0,0,0,20,26,0,52,13
61033,1,1,1983,0,0,0,10,17,0,0,0,11,12
61034,0,1,1983,0,2,12,0,8,0,0,0,0,0
61034,1,1,1983,0,0,0,0,0,0,0,0,0,0
61035,1,1,1983,23,23,23,23,23,23,23,23,23,23
61036,1,1,1983,0,0,0,0,0,0,0,0,0,0
61037,1,1,1983,11,11,11,11,11,11,11,11,11,11
61038,1,1,1983,0,11,0,4,0,0,7,19,0,0
61039,1,1,1983,0,0,0,0,0,0,0,0,0,6
61039,2,1,1983,0,0,0,0,0,0,0,0,0,0
61040,1,1,1983,20,20,20,20,20,20,20,20,20,20
61041,0,1,1983,0,0,0,0,0,0,0,0,0,0
61041,1,1,1983,0,0,0,0,0,0,0,0,0,0
61042,1,1,1983,18,18,18,18,18,18,18,18,18,18
61043,1,1,1983,12,12,12,12,12,12,12,12,12,12
61044,2,1,1983,0,0,0,0,0,0,0,0,0,0
61044,3,1,1983,0,0,0,0,0,0,0,0,0,0
61045,1,1,1983,0,0,0,0,0,0,0,0,0,0
61045,2,1,1983,0,0,0,0,0,0,0,0,0,0
61046,1,1,1983,11,7,12,22,19,0,2,33,18,0
61047,1,1,1983,10,10,10,10,10,10,10,10,10,10
61047,2,1,1983,0,0,0,0,0,0,0,0,0,0
61047,3,1,1983,0,0,0,0,0,0,0,0,0,0
61048,1,1,1983,9,9,9,9,9,9,9,9,9,9
61048,2,1,1983,0,22,0,0,0,0,19,0,0,0
61049,1,1,1983,27,27,27,27,27,27,27,27,27,27
61049,2,1,1983,10,10,10,10,10,10,10,10,10,10
61050,1,1,1983,20,20,20,20,20,20,20,20,20,20
61051,0,1,1983,0,0,0,0,0,0,0,0,0,0
61051,1,1,1983,0,0,0,0,0,0,0,0,0,0
61052,0,1,1983,0,0,0,0,0,0,0,0,0,0
61052,1,1,1983,0,12,15,0,11,0,24,0,0,0
61053,1,1,1983,5,5,5,5,5,5,5,5,5,5
61054,1,1,1983,10,7,0,14,0,0,10,9,14,20
61054,2,1,1983,8,8,8,8,8,8,8,8,8,8
61055,1,1,1983,18,0,15,0,11,0,0,14,10,17
61055,2,1,1983,0,0,0,0,0,0,0,0,0,0
61056,1,3,1983,9,20,0,0,0,14,20,26,0,18
61057,0,1,1983,0,0,0,0,0,0,0,0,0,0
61057,1,1,1983,0,8,0,0,0,0,0,0,0,0
61058,0,1,1983,0,0,0,0,0,0,0,0,0,0
61058,1,1,1983,5,5,5,5,5,5,5,5,5,5
61059,0,1,1983,14,0,0,0,0,0,0,0,0,0
61059,1,1,1983,0,0,0,0,0,0,0,0,0,0
61060,1,1,1983,0,0,0,24,20,18,22,11,4,16
61060,2,1,1983,0,0,0,0,0,0,0,0,0,0
61061,1,1,1983,17,17,17,17,17,17,17,17,17,17
61062,1,1,1983,33,33,33,33,33,33,33,33,33,33
61063,0,1,1983,2,2,2,2,2,2,2,2,2,2
61063,1,1,1983,0,0,0,0,0,0,0,0,0,0
61064,1,1,1983,0,0,0,0,0,0,11,0,0,31
61065,1,1,1983,0,0,0,0,0,0,0,0,0,0
61065,2,1,1983,0,0,0,0,0,0,0,0,0,0
61066,1,1,1983,0,0,0,16,0,0,14,0,0,0
61067,1,1,1983,16,16,16,16,16,16,16,16,16,16
61067,2,1,1983,6,27,20,10,14,9,12,14,12,10
61068,1,1,1983,16,16,16,16,16,16,16,16,16,16
61069,1,1,1983,0,0,0,0,0,0,0,0,0,0
61070,1,1,1983,0,0,0,0,0,0,0,0,0,0
61070,2,1,1983,0,0,0,0,0,0,0,0,0,0
61071,1,1,1983,34,0,0,19,7,18,0,7,24,0
61072,1,1,1983,12,12,12,12,12,12,12,12,12,12
61073,0,1,1983,0,0,0,0,0,0,0,0,0,0
61073,1,1,1983,0,3,25,16,0,0,14,6,19,0
61074,1,1,1983,24,24,24,24,24,24,24,24,24,24
61074,2,1,1983,0,0,0,0,0,0,0,3,0,4
61075,1,1,1983,0,0,0,0,0,0,0,0,0,0
61076,1,1,1983,22,22,22,22,22,22,22,22,22,22
61076,2,1,1983,8,8,8,8,8,8,8,8,8,8
61077,0,1,1983,0,0,0,0,0,0,0,0,0,0
61077,1,1,1983,12,12,12,12,12,12,12,12,12,12
61078,1,1,1983,0,0,0,0,0,0,0,0,0,0
61078,2,1,1983,0,0,0,0,0,0,0,0,0,3
61079,1,1,1983,0,0,0,0,0,0,0,0,0,0
61079,2,1,1983,0,0,0,0,0,0,0,0,0,0
61080,1,1,1983,22,22,22,22,22,22,22,22,22,22
61080,2,1,1983,15,15,15,15,15,15,15,15,15,15
61081,1,1,1983,19,19,19,19,19,19,19,19,19,19
61081,2,1,1983,0,0,0,0,0,0,0,0,0,0
61082,1,1,1983,0,0,0,0,0,0,0,0,0,0
61082,2,1,1983,0,0,0,0,0,0,0,0,0,0
61083,0,1,1983,20,20,20,20,20,20,20,20,20,20
61083,1,1,1983,9,0,0,0,0,0,0,0,7,0
61084,1,1,1983,25,25,25,25,25,25,25,25,25,25
61085,1,1,1983,18,18,18,18,18,18,18,18,18,18
61086,1,1,1983,0,0,0,0,0,0,0,0,0,0
61087,1,1,1983,20,20,20,20,20,20,20,20,20,20
61087,2,1,1983,10,10,10,10,10,10,10,10,10,10
61088,1,1,1983,20,20,20,20,20,20,20,20,20,20