ST_CASE,VEH_NO,PER_NO,YEAR,P1,P2,P3,P4,P5,P6,P7,P8,P9,P10
61089,1,1,1983,0,0,0,20,0,6,0,8,0,0
61089,2,1,1983,0,0,0,0,0,0,0,0,0,0
61090,0,1,1983,0,0,0,0,0,0,0,0,0,0
61090,1,1,1983,0,0,19,0,0,0,0,0,0,0
61091,1,1,1983,0,0,0,0,0,7,20,0,0,0
61091,2,1,1983,0,0,0,0,0,0,0,23,0,0
61092,1,1,1983,0,0,20,0,12,17,13,0,40,0
61093,1,1,1983,0,0,0,0,0,0,0,0,0,0
61094,1,1,1983,14,14,14,14,14,14,14,14,14,14
61095,1,1,1983,22,22,22,22,22,22,22,22,22,22
61095,2,1,1983,9,9,9,9,9,9,9,9,9,9
61096,0,1,1983,24,24,24,24,24,24,24,24,24,24
61096,1,1,1983,14,6,18,29,14,21,9,7,11,26
61097,1,1,1983,15,15,15,15,15,15,15,15,15,15
61098,0,1,1983,14,14,14,14,14,14,14,14,14,14
61098,1,1,1983,23,11,18,5,22,17,25,21,18,9
61099,1,1,1983,8,8,8,8,8,8,8,8,8,8
61100,0,1,1983,0,0,0,0,0,0,0,0,0,0
61100,1,1,1983,0,0,0,0,0,0,0,0,0,0
61101,0,1,1983,0,0,0,0,0,0,0,0,0,0
61101,1,1,1983,13,12,0,0,11,29,17,0,8,0
61102,1,1,1983,11,11,11,11,11,11,11,11,11,11
61103,1,1,1983,0,0,0,0,0,0,0,0,0,0
61104,1,1,1983,37,37,37,37,37,37,37,37,37,37
61105,0,1,1983,29,29,29,29,29,29,29,29,29,29
61105,1,1,1983,0,0,12,0,38,0,0,0,15,21
61106,1,1,1983,0,0,0,0,0,0,0,0,0,0
61107,1,1,1983,9,9,9,9,9,9,9,9,9,9
61107,2,1,1983,0,0,0,0,0,12,0,0,0,0
61108,1,1,1983,12,16,7,15,26,19,2,13,26,13
61109,1,1,1983,29,29,29,29,29,29,29,29,29,29
61110,1,1,1983,26,26,26,26,26,26,26,26,26,26
61111,1,1,1983,0,0,0,0,0,0,0,0,0,0
61111,2,1,1983,23,5,7,9,33,0,23,0,13,10
61112,1,1,1983,0,0,0,0,0,0,0,0,0,0
61112,2,1,1983,0,0,0,0,0,0,0,0,0,0
61113,0,1,1983,0,0,0,0,0,0,0,0,0,0
61113,1,1,1983,0,0,0,0,0,0,0,0,0,0
61114,1,1,1983,26,26,26,26,26,26,26,26,26,26
61114,2,1,1983,0,0,0,0,0,23,0,0,0,0
61115,0,1,1983,31,31,31,31,31,31,31,31,31,31
61115,1,1,1983,7,7,7,7,7,7,7,7,7,7
61116,1,1,1983,0,0,0,0,0,0,0,0,0,0
61117,0,1,1983,0,0,0,0,0,0,0,0,0,0
61117,1,1,1983,19,0,0,0,14,0,19,0,0,0
61117,2,1,1983,0,0,0,0,0,0,0,0,0,0
61118,1,1,1983,23,23,23,23,23,23,23,23,23,23
61119,1,1,1983,9,9,9,9,9,9,9,9,9,9
61119,2,1,1983,0,0,0,0,0,0,0,21,8,0
61119,3,1,1983,0,0,0,0,0,0,0,0,0,0
61120,1,1,1983,0,0,0,0,0,0,0,0,0,0
61120,2,1,1983,8,7,0,0,0,0,0,0,12,0
61121,1,1,1983,0,6,7,16,0,0,17,0,0,8
61121,2,1,1983,0,0,0,0,0,0,0,0,10,0
61122,0,1,1983,0,0,0,0,0,0,0,0,0,0
61122,1,1,1983,15,0,0,9,0,0,0,0,0,7
61123,1,1,1983,15,15,15,15,15,15,15,15,15,15
61123,2,1,1983,0,0,0,0,0,0,0,0,0,0
61124,0,1,1983,0,0,0,0,0,0,0,0,0,0
61124,1,1,1983,0,0,0,0,0,0,0,0,0,0
61125,1,1,1983,0,0,0,0,0,0,0,0,0,0
61126,1,1,1983,0,0,0,0,0,0,0,0,0,0
61126,2,1,1983,0,0,0,0,0,0,0,0,0,0
61127,0,1,1983,0,0,0,0,0,0,0,0,0,0
61127,1,1,1983,0,0,0,0,0,0,0,0,0,0
61128,1,1,1983,0,0,8,0,0,0,0,0,0,0
61128,2,1,1983,0,0,0,0,0,0,0,0,0,0
61128,3,1,1983,0,0,0,0,0,0,0,0,0,0
61129,1,1,1983,0,0,0,0,0,0,0,0,0,0
61129,2,1,1983,3,3,3,3,3,3,3,3,3,3
61129,3,1,1983,0,0,0,0,0,0,0,0,0,0
61129,4,1,1983,0,0,0,0,0,0,0,0,9,0
61130,1,1,1983,20,20,20,20,20,20,20,20,20,20
61131,1,1,1983,0,0,0,0,0,0,0,0,0,0
61131,2,1,1983,0,0,0,23,18,13,17,0,0,0
61132,0,1,1983,0,0,0,0,0,0,0,0,0,0
61132,0,2,1983,0,0,0,0,0,0,0,0,0,0
61132,1,1,1983,14,14,14,14,14,14,14,14,14,14
61133,1,1,1983,14,14,14,14,14,14,14,14,14,14
61134,1,1,1983,4,4,4,4,4,4,4,4,4,4
61135,1,1,1983,7,7,7,7,7,7,7,7,7,7
61135,2,1,1983,0,0,0,0,0,0,0,0,0,0
61136,1,1,1983,0,0,0,0,0,0,0,0,0,0
61136,2,1,1983,0,0,0,0,0,0,0,0,0,0
61137,1,1,1983,0,13,0,0,0,0,0,0,0,0
61137,2,1,1983,0,0,0,0,0,0,0,0,0,0
61138,1,1,1983,38,38,38,38,38,38,38,38,38,38
61139,0,1,1983,13,13,13,13,13,13,13,13,13,13
61139,1,1,1983,16,16,16,16,16,16,16,16,16,16
61139,2,1,1983,0,0,0,0,0,32,0,0,6,0
61140,1,1,1983,5,5,5,5,5,5,5,5,5,5
61140,2,1,1983,0,0,0,0,0,0,0,0,0,0
61140,3,1,1983,0,0,0,0,0,0,0,0,0,0
61141,1,1,1983,8,8,8,8,8,8,8,8,8,8
61141,2,1,1983,17,17,17,17,17,17,17,17,17,17
61142,1,1,1983,6,12,15,20,25,12,8,9,17,15
61142,2,1,1983,0,0,0,0,0,0,0,0,0,0
61142,3,1,1983,13,0,0,0,0,0,0,0,0,0
61142,4,1,1983,0,0,19,0,16,0,0,0,0,0
61143,1,1,1983,21,21,21,21,21,21,21,21,21,21
61143,2,1,1983,2,2,2,2,2,2,2,2,2,2
61143,3,1,1983,0,0,15,0,0,0,0,0,0,0
61143,4,1,1983,0,0,0,0,0,0,0,0,0,0
61143,5,1,1983,0,0,20,0,0,0,0,13,0,0
61144,1,1,1983,0,0,0,0,0,0,0,0,0,0
61144,2,1,1983,0,0,0,0,0,0,0,0,0,0
61144,3,1,1983,0,15,0,0,0,0,0,0,0,0
61145,1,1,1983,18,18,18,18,18,18,18,18,18,18
61145,2,1,1983,0,0,0,0,0,0,0,0,0,0
61146,1,1,1983,19,19,19,19,19,19,19,19,19,19
61147,0,1,1983,0,0,0,0,0,0,0,0,0,0
61147,1,1,1983,0,0,0,0,0,0,0,0,0,0
61148,0,1,1983,0,0,0,0,0,0,0,0,0,0
61148,1,1,1983,0,0,0,10,0,0,0,0,0,0
61149,1,1,1983,17,23,0,23,17,19,7,20,23,32
61150,1,1,1983,13,13,13,13,13,13,13,13,13,13
61151,1,1,1983,0,0,0,0,0,0,0,0,0,0
61151,2,1,1983,0,4,0,0,0,0,0,0,7,0
61152,1,1,1983,0,0,0,0,0,0,0,0,0,0
61152,2,1,1983,3,0,0,13,0,0,0,0,0,0
61153,0,1,1983,23,0,17,0,22,26,0,0,0,0
61153,1,1,1983,0,0,24,0,0,0,0,0,0,0
61154,1,1,1983,0,0,0,0,0,0,0,0,0,0
61154,2,1,1983,0,0,5,4,0,0,0,0,22,29
61155,1,1,1983,0,0,0,0,0,0,0,0,0,0
61155,2,1,1983,0,0,0,0,0,0,0,0,0,0
61156,1,1,1983,11,11,11,11,11,11,11,11,11,11
61157,0,1,1983,0,0,0,0,0,0,0,0,0,0
61157,1,1,1983,0,0,0,0,0,0,0,0,0,0
61158,0,1,1983,22,22,22,22,22,22,22,22,22,22
61158,1,1,1983,0,0,0,0,0,0,0,0,0,0
61159,0,1,1983,0,0,13,0,0,0,0,0,0,0
61159,1,1,1983,0,0,0,0,0,0,0,0,0,0
61160,1,1,1983,27,27,27,27,27,27,27,27,27,27
61161,1,1,1983,17,17,17,17,17,17,17,17,17,17
61162,1,1,1983,0,0,0,0,0,0,0,0,0,0
61162,2,1,1983,0,0,0,0,0,0,0,0,0,0
61163,1,1,1983,0,0,0,0,0,0,0,0,0,0
61163,2,1,1983,0,0,0,0,0,0,0,0,0,0
61164,0,1,1983,33,33,33,33,33,33,33,33,33,33
61164,1,1,1983,0,0,0,0,0,0,23,0,0,0
61165,1,1,1983,0,0,0,0,0,0,0,0,0,0
61165,2,1,1983,0,0,0,0,0,0,0,0,0,33
61166,1,1,1983,0,0,0,0,0,0,0,0,0,0
61166,2,1,1983,0,0,0,0,0,0,0,0,0,0
61166,3,1,1983,0,0,0,0,0,0,0,0,0,0
61167,1,1,1983,18,18,18,18,18,18,18,18,18,18
61168,1,1,1983,0,0,0,0,0,0,0,14,0,0
61168,2,1,1983,0,0,0,0,0,0,14,0,0,0
61169,0,1,1983,21,21,21,21,21,21,21,21,21,21
61169,1,1,1983,9,0,0,6,0,0,0,0,0,0
61170,1,1,1983,13,13,13,13,13,13,13,13,13,13
61171,1,1,1983,0,0,0,0,0,0,0,0,0,0
61172,0,1,1983,0,0,0,0,0,0,0,0,0,0
61172,1,1,1983,0,0,0,0,0,0,0,0,0,0
61173,0,1,1983,27,27,27,27,27,27,27,27,27,27
61173,1,1,1983,0,25,30,11,40,12,8,0,17,12
61174,0,1,1983,0,0,0,0,0,0,0,0,0,0
61174,1,1,1983,0,10,0,0,0,0,0,0,12,0
61175,1,1,1983,0,0,0,0,0,0,0,0,0,0
61175,2,1,1983,0,0,0,0,0,0,0,0,0,0
61176,1,1,1983,0,0,0,0,0,0,0,0,0,0
61176,2,1,1983,0,0,0,0,0,0,0,0,0,0
61176,3,1,1983,0,0,0,0,0,0,0,0,0,0
61177,1,1,1983,23,23,23,23,23,23,23,23,23,23
61177,2,1,1983,0,0,0,0,0,0,0,0,0,0
61178,1,1,1983,17,17,17,17,17,17,17,17,17,17
61179,1,1,1983,7,12,11,19,10,14,16,17,6,25
61179,2,1,1983,0,0,0,0,0,0,0,0,0,0
61180,1,1,1983,15,15,15,15,15,15,15,15,15,15
61181,1,1,1983,16,16,16,16,16,16,16,16,16,16
61181,2,1,1983,0,0,0,0,0,0,0,0,0,0
61182,1,1,1983,0,0,0,0,0,0,0,0,0,0
61182,2,1,1983,0,0,0,0,0,0,0,0,0,0
61183,0,1,1983,12,12,12,12,12,12,12,12,12,12
61183,0,2,1983,12,12,12,12,12,12,12,12,12,12
61183,1,1,1983,30,30,30,30,30,30,30,30,30,30
61184,1,1,1983,24,24,24,24,24,24,24,24,24,24
61185,1,1,1983,0,29,29,0,21,19,18,13,14,10
61186,1,1,1983,19,19,19,19,19,19,19,19,19,19
61186,2,1,1983,0,0,0,0,0,0,0,0,0,0
61187,1,1,1983,21,21,21,21,21,21,21,21,21,21
61187,2,1,1983,0,0,0,0,0,0,0,0,0,22
61188,1,1,1983,17,17,17,17,17,17,17,17,17,17
61189,1,1,1983,17,17,17,17,17,17,17,17,17,17
61190,1,1,1983,30,30,30,30,30,30,30,30,30,30
61191,1,1,1983,26,26,26,26,26,26,26,26,26,26
61192,1,1,1983,0,0,0,0,0,0,0,0,0,0
61193,1,1,1983,14,8,14,17,6,6,10,10,0,37
61193,2,1,1983,0,0,0,0,0,0,0,0,0,0
61194,0,1,1983,0,0,0,0,0,0,0,0,0,0
61194,1,1,1983,0,0,0,0,0,0,0,0,0,0
61195,1,1,1983,7,7,7,7,7,7,7,7,7,7
61196,1,1,1983,0,0,0,0,0,0,0,0,0,0
61196,2,1,1983,0,0,0,0,0,0,0,0,0,0
61197,0,1,1983,0,0,19,0,0,0,0,0,0,0
61197,1,1,1983,0,0,0,0,0,0,0,0,0,0
61198,1,1,1983,0,0,0,0,0,0,0,0,0,0
61198,2,1,1983,0,0,0,0,0,0,0,0,0,0
61199,0,1,1983,0,0,0,0,0,0,0,0,0,0
61199,1,1,1983,0,0,0,0,0,0,0,0,0,0
61200,1,1,1983,9,9,9,9,9,9,9,9,9,9
61200,2,1,1983,0,9,10,13,19,14,17,8,12,10
61201,1,1,1983,21,21,21,21,21,21,21,21,21,21
61201,2,1,1983,0,0,0,0,0,0,0,0,0,0
61201,3,1,1983,0,9,0,0,0,0,20,18,0,28
61202,1,1,1983,0,0,0,0,0,0,0,0,0,0
61203,1,1,1983,0,0,0,0,0,0,0,0,0,0
61204,0,1,1983,3,3,3,3,3,3,3,3,3,3
61204,0,2,1983,0,0,0,2,0,0,0,0,0,0
61204,0,3,1983,0,0,0,19,0,0,0,19,10,0
61204,1,1,1983,10,10,10,10,10,10,10,10,10,10
61205,1,1,1983,0,0,0,0,0,0,0,0,0,0
61206,1,1,1983,0,0,0,0,0,0,0,0,0,0
61207,1,1,1983,17,17,17,17,17,17,17,17,17,17
61208,1,1,1983,19,19,19,19,19,19,19,19,19,19
61208,2,1,1983,0,0,0,0,0,0,0,0,0,0
61209,1,1,1983,14,14,14,14,14,14,14,14,14,14
61210,1,1,1983,17,17,17,17,17,17,17,17,17,17
61211,1,1,1983,0,0,0,0,0,0,0,0,0,0
61211,2,1,1983,0,0,0,0,0,0,0,0,0,0
61212,1,1,1983,0,0,0,0,0,0,0,0,0,0
61212,2,1,1983,20,9,18,18,0,27,11,13,15,19
61212,3,1,1983,0,0,0,0,0,0,0,0,0,0
61212,4,1,1983,0,0,0,0,0,0,0,14,0,9
61212,5,1,1983,0,0,0,0,0,0,0,0,0,0
61213,0,1,1983,9,9,9,9,9,9,9,9,9,9
61214,1,1,1983,21,21,21,21,21,21,21,21,21,21
61215,0,1,1983,0,0,0,0,0,0,0,0,0,0
61215,1,1,1983,13,11,5,6,3,12,29,23,30,25
61216,0,1,1983,4,4,4,4,4,4,4,4,4,4
61216,1,1,1983,8,4,0,21,10,23,32,10,19,0
61217,1,1,1983,25,25,25,25,25,25,25,25,25,25
61217,2,1,1983,0,0,0,0,0,0,0,0,0,0
61218,2,1,1983,0,0,0,0,0,0,0,0,0,0
61219,1,1,1983,13,13,13,13,13,13,13,13,13,13
61220,1,1,1983,7,7,7,7,7,7,7,7,7,7
61221,0,1,1983,19,19,19,19,19,19,19,19,19,19
61221,0,2,1983,16,41,9,22,37,33,12,0,26,29
61221,1,1,1983,8,8,8,8,8,8,8,8,8,8
61222,1,1,1983,19,19,19,19,19,19,19,19,19,19
61223,1,1,1983,25,25,25,25,25,25,25,25,25,25
61223,2,1,1983,0,0,0,0,0,0,0,0,0,0
61224,1,1,1983,15,9,21,12,11,24,22,24,9,19
61225,0,1,1983,0,0,0,0,0,0,0,0,0,0
61225,1,1,1983,0,0,0,0,0,0,0,0,0,0
61226,1,1,1983,0,12,0,0,0,0,0,0,0,0
61227,1,1,1983,0,0,0,0,0,0,0,0,0,0
61228,0,1,1983,0,0,0,0,0,0,0,0,0,0
61228,1,1,1983,0,17,0,0,22,0,17,0,0,7
61229,1,1,1983,0,0,0,0,0,0,0,0,0,0
61229,2,1,1983,0,0,0,0,0,0,0,0,0,0
61230,1,1,1983,0,0,0,0,0,0,0,23,0,0
61230,2,1,1983,0,0,0,0,0,0,0,0,0,0
61231,0,1,1983,18,18,18,18,18,18,18,18,18,18
61231,1,1,1983,18,24,24,17,14,9,17,0,11,6
61232,0,1,1983,0,0,0,0,0,0,0,0,0,0
61232,1,1,1983,0,0,0,0,0,0,0,0,23,0
61233,1,1,1983,19,19,19,19,19,19,19,19,19,19
61234,1,1,1983,11,11,11,11,11,11,11,11,11,11
61235,1,1,1983,0,0,0,0,0,0,0,0,0,0
61236,0,1,1983,0,0,0,0,0,0,0,12,0,0
61236,1,1,1983,0,0,0,0,0,0,0,0,0,0
61237,0,1,1983,0,0,0,0,0,0,0,0,0,0
61237,1,1,1983,0,0,0,19,0,0,0,0,0,0
61238,1,1,1983,8,8,8,8,8,8,8,8,8,8
61238,2,1,1983,0,0,0,0,0,0,0,6,0,0
61239,0,1,1983,3,3,3,3,3,3,3,3,3,3
61239,1,1,1983,0,0,0,4,14,0,0,0,0,0
61239,2,1,1983,0,0,0,0,0,0,0,0,0,0
61240,1,1,1983,0,0,0,0,0,0,0,0,0,0
61240,2,1,1983,16,0,0,0,0,0,0,0,0,0
61241,0,1,1983,33,33,33,33,33,33,33,33,33,33
61241,1,1,1983,0,0,0,10,29,21,0,16,12,0
61242,0,1,1983,20,20,20,20,20,20,20,20,20,20
61242,0,2,1983,23,23,23,23,23,23,23,23,23,23
61242,1,1,1983,15,11,6,16,19,8,26,15,26,8
61243,1,1,1983,20,20,20,20,20,20,20,20,20,20
61243,2,1,1983,0,0,0,0,0,0,0,0,0,0
61244,1,1,1983,24,24,24,24,24,24,24,24,24,24
61245,1,1,1983,0,0,0,0,0,0,0,0,0,0
61245,2,1,1983,0,0,0,0,0,0,0,0,17,0
61246,0,1,1983,0,0,0,0,0,0,0,0,0,0
61246,1,1,1983,0,0,0,0,24,16,0,0,0,16
61247,1,1,1983,0,0,0,0,0,0,0,0,0,0
61247,2,1,1983,0,0,0,0,0,0,0,0,0,0
61248,1,1,1983,0,0,0,0,0,0,0,0,0,0
61249,1,1,1983,0,0,0,0,0,0,0,0,0,0
61249,2,1,1983,0,0,0,0,0,0,0,0,0,0
61250,1,1,1983,0,0,0,0,0,0,0,0,0,0
61250,2,1,1983,0,0,0,0,23,0,0,0,24,0
61251,1,1,1983,0,0,0,0,0,0,0,0,0,0
61251,2,1,1983,0,0,0,0,0,0,0,0,0,0
61252,1,1,1983,24,24,24,24,24,24,24,24,24,24
61253,0,1,1983,23,23,23,23,23,23,23,23,23,23
61253,1,1,1983,0,0,0,19,17,17,3,0,3,0
61254,1,1,1983,0,0,0,0,0,0,0,0,0,0
61254,2,1,1983,0,0,0,0,0,0,0,0,0,0
61255,0,1,1983,0,0,0,0,0,0,0,0,0,0
61255,1,1,1983,0,0,0,0,0,0,0,0,0,0
61256,1,1,1983,0,0,0,0,0,0,0,0,0,0
61256,2,1,1983,0,0,0,0,0,0,0,0,0,0
61257,0,1,1983,0,0,0,0,0,0,0,0,0,0
61257,1,1,1983,0,0,0,0,0,0,0,0,0,0
61258,1,1,1983,0,0,0,0,0,0,0,0,0,0
61258,2,1,1983,0,0,0,0,0,0,0,0,0,0
61259,1,1,1983,20,20,20,20,20,20,20,20,20,20
61259,2,1,1983,0,0,0,0,0,0,0,0,7,0
61259,3,1,1983,0,0,0,0,9,0,17,0,0,0
61260,0,1,1983,0,0,0,0,0,0,0,0,0,0
61260,1,1,1983,0,0,0,0,0,0,0,6,0,0
61261,1,1,1983,31,31,31,31,31,31,31,31,31,31
61261,2,1,1983,0,0,7,0,0,0,0,0,0,0
61262,1,1,1983,0,0,0,0,0,0,0,0,0,0
61263,1,1,1983,18,18,18,18,18,18,18,18,18,18
61263,2,1,1983,0,0,0,0,0,0,0,0,0,0
61263,3,1,1983,8,8,8,8,8,8,8,8,8,8
61264,1,1,1983,0,0,0,0,0,0,0,0,0,0
61264,2,1,1983,0,0,0,0,0,0,0,0,0,0
61265,1,1,1983,0,0,0,0,0,0,0,0,0,0
61265,2,1,1983,0,0,0,0,0,0,0,0,0,0
61265,3,1,1983,0,0,0,0,0,0,0,0,0,0
61266,1,1,1983,0,0,0,0,0,8,0,0,0,0
61266,2,1,1983,10,0,0,0,10,15,5,3,0,7
61267,1,1,1983,22,22,22,22,22,22,22,22,22,22
61268,1,1,1983,25,25,25,25,25,25,25,25,25,25
61269,1,1,1983,18,18,18,18,18,18,18,18,18,18
61270,1,1,1983,0,0,0,0,0,0,0,0,0,0
61270,2,1,1983,0,0,0,0,0,0,0,0,0,0
61271,1,1,1983,18,18,18,18,18,18,18,18,18,18
61272,0,1,1983,0,0,0,0,0,0,0,0,0,0
61272,1,1,1983,0,0,0,0,0,0,0,0,0,0
61273,1,1,1983,0,0,0,0,0,0,0,16,0,0
61273,2,1,1983,0,0,0,0,0,0,0,0,0,0
61274,1,1,1983,0,0,0,0,0,0,0,0,0,0
61275,0,1,1983,0,0,0,0,0,0,0,0,0,0
61275,1,1,1983,0,0,0,0,0,0,0,0,0,0
61276,1,1,1983,0,0,0,0,0,0,0,0,0,0
61277,1,1,1983,0,0,0,0,0,0,0,0,0,0
61278,1,1,1983,0,0,0,0,0,0,0,0,0,0
61278,2,1,1983,0,0,0,0,0,0,0,0,0,0
61279,1,1,1983,9,9,9,9,9,9,9,9,9,9
61280,2,1,1983,0,0,0,0,0,0,0,0,0,0
61281,0,1,1983,18,0,0,0,9,0,26,0,9,0
61281,1,1,1983,0,0,0,0,0,0,0,0,0,0
61281,2,1,1983,0,0,0,0,0,0,0,0,0,0
61282,0,1,1983,20,20,20,20,20,20,20,20,20,20
61282,0,2,1983,15,26,36,0,22,6,28,21,19,26
61282,1,1,1983,0,0,0,0,0,0,0,0,0,0
61283,0,1,1983,0,0,0,0,0,0,0,0,0,0
61283,1,1,1983,0,0,0,0,0,0,0,0,0,0
61284,1,1,1983,0,0,0,0,0,0,0,0,0,0
61284,2,1,1983,0,0,0,0,0,0,0,0,0,0
61285,0,1,1983,19,26,6,7,45,14,27,0,25,37
61285,1,1,1983,0,0,0,0,0,0,0,0,0,0
61286,0,1,1983,0,0,0,0,0,0,0,0,9,0
61286,1,1,1983,0,0,0,0,0,0,0,0,0,0
61287,1,1,1983,9,9,9,9,9,9,9,9,9,9
61288,1,1,1983,0,0,0,0,0,0,0,0,0,0
61288,2,1,1983,0,0,0,0,0,0,0,0,0,0
61289,1,1,1983,11,11,11,11,11,11,11,11,11,11
61289,2,1,1983,0,0,0,0,0,0,0,0,0,0
61289,3,1,1983,0,15,0,20,0,0,0,0,0,0
61290,1,1,1983,6,10,10,12,18,19,14,0,14,19
61290,2,1,1983,0,0,0,0,7,0,0,0,0,0
61291,1,1,1983,0,0,0,0,0,0,0,0,0,0
61291,2,1,1983,0,0,0,0,0,0,19,0,0,0
61292,1,1,1983,18,18,18,18,18,18,18,18,18,18
61293,1,1,1983,0,0,0,0,0,0,0,0,0,0
61293,2,1,1983,13,13,13,13,13,13,13,13,13,13
61294,1,1,1983,4,4,4,4,4,4,4,4,4,4
61294,2,1,1983,0,0,0,21,0,0,0,0,0,0
61294,3,1,1983,12,0,0,0,0,0,0,0,0,0
61295,1,1,1983,2,2,2,2,2,2,2,2,2,2
61295,2,1,1983,17,12,17,15,14,15,12,13,14,15
61296,1,1,1983,0,0,0,0,0,0,0,0,0,0
61296,2,1,1983,0,0,0,0,0,0,0,0,0,0
61297,1,1,1983,24,24,24,24,24,24,24,24,24,24
61298,0,1,1983,15,15,15,15,15,15,15,15,15,15
61298,1,1,1983,16,16,16,16,16,16,16,16,16,16
61299,1,1,1983,0,0,0,0,0,0,0,0,0,0
61300,0,1,1983,0,0,0,0,0,0,0,0,0,0
61300,1,1,1983,0,0,0,0,0,0,0,0,0,0
61301,1,1,1983,34,0,17,8,18,14,21,10,6,27
61302,1,1,1983,0,6,0,29,0,0,0,0,0,0
61302,2,1,1983,0,0,0,0,0,0,0,0,0,0
61303,0,1,1983,0,0,0,0,0,0,0,0,0,0
61303,1,1,1983,0,0,0,0,0,17,0,0,0,9
61304,1,1,1983,27,27,27,27,27,27,27,27,27,27
61305,1,1,1983,9,0,0,17,0,19,8,29,0,0
61306,1,1,1983,0,0,0,0,0,0,0,0,0,0
61307,1,1,1983,5,27,20,20,25,7,21,20,17,10
61307,2,1,1983,0,8,16,24,19,0,9,27,9,15
61308,0,1,1983,23,23,23,23,23,23,23,23,23,23
61308,1,1,1983,0,16,0,5,20,0,0,0,0,7
61309,1,1,1983,21,21,21,21,21,21,21,21,21,21
61310,1,1,1983,0,0,0,0,0,0,0,0,0,0
61310,2,1,1983,0,0,0,0,0,0,0,0,0,0
61311,0,1,1983,0,0,0,0,0,0,0,0,0,0
61311,1,1,1983,0,0,0,0,0,0,0,0,0,0
61312,1,1,1983,18,18,18,18,18,18,18,18,18,18
61312,2,1,1983,0,0,0,0,0,0,0,0,0,0
61313,1,1,1983,0,0,12,0,0,0,0,0,0,0
61313,2,1,1983,13,13,13,13,13,13,13,13,13,13
61314,0,1,1983,33,33,33,33,33,33,33,33,33,33
61314,1,1,1983,0,0,0,0,0,0,0,0,0,0
61315,1,1,1983,0,0,0,0,0,0,0,0,0,0
61316,0,1,1983,13,13,13,13,13,13,13,13,13,13
61316,1,1,1983,5,16,10,4,16,21,11,12,7,0
61317,1,1,1983,18,18,18,18,18,18,18,18,18,18
61318,1,1,1983,0,0,0,0,0,0,0,0,0,0
61319,1,1,1983,0,0,0,0,0,0,0,0,0,0
61320,0,1,1983,0,0,0,0,0,0,0,0,0,0
61320,1,1,1983,0,0,0,0,0,0,0,0,0,0
61321,1,1,1983,0,0,0,0,0,0,13,0,10,0
61322,0,1,1983,24,0,17,0,40,0,27,18,7,20
61322,1,1,1983,0,0,0,0,0,0,0,0,0,0
61323,1,1,1983,0,0,0,0,0,0,0,0,0,0
61323,2,1,1983,0,0,0,0,0,0,0,0,0,0
61324,0,1,1983,20,20,20,20,20,20,20,20,20,20
61324,1,1,1983,0,0,0,0,0,0,0,0,0,0
61325,1,1,1983,11,11,11,11,11,11,11,11,11,11
61325,2,1,1983,18,0,0,0,0,0,0,0,0,0
61326,1,1,1983,16,16,16,16,16,16,16,16,16,16
61327,0,1,1983,0,0,0,0,0,0,0,0,0,0
61327,1,1,1983,0,0,0,0,0,0,0,0,0,0
61328,0,1,1983,0,0,0,0,0,0,0,0,0,0
61328,1,1,1983,0,0,0,0,0,0,0,0,0,0
61329,0,1,1983,4,4,4,4,4,4,4,4,4,4
61329,0,2,1983,0,0,0,0,0,0,0,0,0,0
61329,1,1,1983,12,12,12,12,12,12,12,12,12,12
61330,1,1,1983,0,26,18,11,26,13,16,21,30,8
61330,2,1,1983,0,0,0,0,0,0,0,0,0,0
61331,1,1,1983,17,17,17,17,17,17,17,17,17,17
61331,2,1,1983,0,0,0,0,0,0,0,0,0,0
61332,1,1,1983,6,6,6,6,6,6,6,6,6,6
61332,2,1,1983,0,0,0,0,0,0,0,0,0,0
61333,1,1,1983,0,0,0,0,21,0,0,0,0,0
61333,2,1,1983,0,0,0,0,7,0,0,10,0,14
61334,1,1,1983,17,17,17,17,17,17,17,17,17,17
61334,2,1,1983,12,12,12,12,12,12,12,12,12,12
61335,1,1,1983,28,28,28,28,28,28,28,28,28,28
61336,0,1,1983,0,0,0,0,0,0,0,0,0,0
61336,0,2,1983,0,0,0,0,0,0,0,0,0,0
61336,1,1,1983,0,0,0,0,0,0,0,0,0,0
61337,0,1,1983,22,11,10,14,0,0,10,0,0,8
61337,1,1,1983,0,0,0,0,0,0,0,0,0,0
61338,1,1,1983,0,0,0,0,0,0,0,0,0,0
61339,1,1,1983,16,16,16,16,16,16,16,16,16,16
61339,2,1,1983,0,0,0,0,0,0,0,0,0,0
61340,1,1,1983,0,0,0,0,36,0,0,0,0,21
61340,2,1,1983,22,22,22,22,22,22,22,22,22,22
61341,1,1,1983,9,9,10,12,9,23,24,23,18,13
61341,2,1,1983,26,26,26,26,26,26,26,26,26,26
61342,1,1,1983,0,0,0,0,0,0,0,0,0,0
61342,2,1,1983,26,0,8,0,0,0,0,0,0,0
61343,1,1,1983,0,0,0,0,0,0,0,0,0,0
61344,0,1,1983,25,25,25,25,25,25,25,25,25,25
61344,1,1,1983,0,0,18,0,0,0,0,16,0,0
61345,1,1,1983,0,0,0,0,0,0,0,0,0,0
61345,2,1,1983,0,0,0,0,0,0,0,0,0,0
61346,1,1,1983,0,0,0,0,0,0,0,0,0,0
61346,2,1,1983,21,21,21,21,21,21,21,21,21,21
61347,1,1,1983,0,0,10,0,0,0,0,0,0,0
61347,2,1,1983,0,0,0,0,0,0,0,0,0,0
61348,1,1,1983,20,20,20,20,20,20,20,20,20,20
61348,2,1,1983,0,0,0,0,0,0,0,0,0,0
61348,3,1,1983,0,0,0,0,0,22,0,0,0,0
61349,1,1,1983,0,0,0,0,0,0,0,0,0,0
61349,2,1,1983,0,0,0,0,0,0,0,0,0,0
61350,0,1,1983,0,0,14,0,0,0,0,16,0,0
61350,0,2,1983,0,0,0,0,0,0,0,0,0,0
61350,1,1,1983,0,0,0,23,15,0,0,0,0,0