ST_CASE,VEH_NO,PER_NO,YEAR,P1,P2,P3,P4,P5,P6,P7,P8,P9,P10
61351,1,1,1983,23,23,23,23,23,23,23,23,23,23
61352,1,1,1983,0,0,0,0,0,0,0,0,0,0
61352,2,1,1983,0,20,0,0,0,0,0,0,0,8
61353,1,1,1983,26,26,26,26,26,26,26,26,26,26
61354,1,1,1983,0,0,0,0,0,0,0,0,0,0
61354,2,1,1983,18,18,18,18,18,18,18,18,18,18
61355,1,1,1983,26,26,26,26,26,26,26,26,26,26
61356,0,1,1983,0,0,0,0,0,0,0,0,0,0
61356,1,1,1983,0,0,21,7,0,0,0,0,0,0
61357,1,1,1983,0,0,4,0,0,0,0,0,0,0
61357,2,1,1983,0,0,0,0,0,0,0,0,0,0
61358,1,1,1983,18,18,18,18,18,18,18,18,18,18
61359,0,1,1983,0,0,0,0,0,0,11,10,0,0
61359,0,2,1983,0,0,0,0,0,0,0,0,0,0
61359,1,1,1983,0,0,0,0,0,0,0,0,0,19
61360,1,1,1983,0,0,0,0,0,0,0,0,0,0
61360,2,1,1983,15,15,15,15,15,15,15,15,15,15
61361,0,1,1983,0,0,0,0,0,0,0,0,0,0
61361,0,2,1983,11,0,12,9,26,0,34,0,0,0
61361,1,1,1983,0,0,0,14,17,0,17,0,0,30
61362,0,1,1983,0,0,0,0,0,0,0,0,0,0
61362,1,1,1983,15,0,0,0,0,0,0,0,16,0
61363,1,1,1983,18,18,18,18,18,18,18,18,18,18
61364,1,1,1983,0,0,0,0,0,0,0,0,0,0
61365,1,1,1983,0,0,0,0,0,0,0,0,0,0
61366,1,1,1983,0,0,0,0,0,0,0,0,0,0
61366,2,1,1983,0,0,0,0,0,7,0,0,0,0
61367,1,1,1983,21,21,21,21,21,21,21,21,21,21
61367,2,1,1983,0,0,0,0,0,0,0,0,0,0
61368,1,1,1983,0,0,0,0,0,0,0,0,0,0
61369,1,1,1983,0,0,0,0,0,0,0,0,0,0
61370,1,1,1983,12,12,12,12,12,12,12,12,12,12
61371,0,1,1983,0,0,0,0,0,0,0,0,0,0
61371,1,1,1983,0,0,0,0,0,0,0,0,0,0
61372,1,1,1983,0,0,0,0,0,0,0,0,0,0
61373,0,1,1983,0,0,0,0,0,0,0,0,0,0
61373,1,1,1983,0,0,0,0,0,0,0,0,0,0
61374,1,1,1983,0,22,10,0,0,0,0,9,0,0
61375,1,1,1983,0,0,0,16,0,0,0,0,0,0
61375,2,1,1983,0,0,0,0,0,0,0,0,0,0
61375,3,1,1983,0,0,0,0,0,0,0,0,0,0
61376,0,1,1983,23,17,21,13,0,45,13,0,38,31
61376,1,1,1983,17,17,17,17,17,17,17,17,17,17
61377,1,1,1983,0,0,25,0,0,0,0,14,0,0
61377,2,1,1983,0,0,0,0,0,0,0,0,0,0
61378,1,1,1983,0,0,0,0,0,0,0,0,0,0
61378,2,1,1983,0,0,0,0,0,0,0,0,0,0
61378,3,2,1983,0,0,0,0,0,0,7,0,0,0
61379,1,1,1983,4,4,4,4,4,4,4,4,4,4
61380,1,1,1983,0,0,0,0,0,0,0,0,0,0
61380,2,1,1983,0,0,0,0,0,0,15,0,0,0
61381,0,1,1983,0,0,0,0,0,0,0,0,0,13
61381,1,1,1983,0,0,0,0,0,0,0,0,22,0
61382,1,1,1983,2,2,2,2,2,2,2,2,2,2
61382,2,1,1983,0,0,0,0,0,0,0,0,0,0
61383,0,1,1983,0,0,0,0,0,0,0,0,0,0
61383,1,1,1983,0,0,0,0,0,0,0,22,25,0
61384,1,1,1983,2,2,2,2,2,2,2,2,2,2
61384,2,1,1983,10,10,10,10,10,10,10,10,10,10
61385,1,1,1983,17,17,17,17,17,17,17,17,17,17
61386,0,1,1983,21,21,21,21,21,21,21,21,21,21
61386,1,1,1983,29,29,29,29,29,29,29,29,29,29
61387,1,1,1983,0,0,0,0,0,0,0,0,0,0
61388,1,1,1983,0,11,7,20,0,20,0,15,0,0
61388,2,1,1983,24,0,0,0,14,21,0,0,0,0
61389,1,1,1983,19,19,19,19,19,19,19,19,19,19
61389,2,1,1983,0,0,0,0,0,15,0,0,0,0
61390,1,1,1983,24,23,13,0,0,0,0,0,12,18
61390,2,1,1983,15,0,0,19,15,12,16,30,0,8
61391,1,1,1983,0,0,0,0,0,0,0,0,0,11
61391,2,1,1983,28,0,0,0,0,0,18,19,0,0
61392,1,1,1983,19,19,19,19,19,19,19,19,19,19
61392,2,1,1983,15,36,0,34,0,0,12,0,17,0
61393,1,1,1983,15,15,15,15,15,15,15,15,15,15
61393,2,1,1983,4,4,4,4,4,4,4,4,4,4
61393,3,1,1983,8,8,8,8,8,8,8,8,8,8
61394,1,1,1983,18,16,16,25,16,10,10,30,26,18
61395,1,1,1983,0,0,0,0,22,0,0,0,18,0
61395,2,1,1983,0,0,22,0,0,0,0,0,0,0
61396,0,1,1983,31,31,31,31,31,31,31,31,31,31
61396,1,1,1983,13,13,13,13,13,13,13,13,13,13
61397,0,1,1983,0,0,0,0,0,0,0,0,0,0
61397,0,2,1983,22,21,0,10,8,18,22,37,21,4
61397,2,1,1983,26,0,0,0,0,0,21,0,0,0
61398,1,1,1983,0,0,0,0,0,0,0,0,0,0
61399,1,1,1983,0,0,0,0,0,0,0,0,0,0
61400,1,1,1983,0,0,0,0,0,0,0,0,0,0
61401,1,1,1983,25,25,25,25,25,25,25,25,25,25
61402,1,1,1983,25,25,25,25,25,25,25,25,25,25
61402,2,1,1983,0,0,0,0,0,0,0,0,0,0
61402,3,1,1983,0,0,0,0,0,0,0,0,0,0
61403,1,1,1983,0,0,0,0,0,0,0,0,0,0
61403,2,1,1983,0,0,0,15,0,0,0,0,0,0
61404,1,1,1983,10,10,10,10,10,10,10,10,10,10
61405,0,1,1983,0,0,0,0,0,0,0,0,0,0
61405,1,1,1983,0,0,0,0,0,0,0,0,0,0
61406,1,1,1983,0,0,0,0,0,0,0,0,0,0
61407,0,1,1983,0,0,0,15,31,0,0,20,15,21
61407,1,1,1983,0,0,0,0,21,0,16,0,0,0
61408,1,1,1983,8,6,0,24,18,0,27,26,0,21
61409,1,1,1983,14,31,0,11,0,0,0,0,12,0
61410,1,1,1983,0,0,0,0,0,0,0,0,0,0
61410,2,1,1983,0,0,0,0,0,0,10,0,0,0
61411,1,1,1983,0,0,0,0,0,0,3,0,0,24
61411,2,1,1983,0,0,0,0,0,0,0,0,0,0
61413,1,1,1983,17,22,26,11,22,20,18,0,53,0
61414,0,1,1983,0,15,0,0,0,11,0,0,0,0
61414,1,1,1983,0,0,0,0,0,0,7,0,0,0
61414,2,1,1983,0,0,0,0,0,0,0,0,0,0
61415,1,1,1983,19,13,21,23,13,18,34,29,32,36
61416,1,1,1983,11,10,0,0,0,0,0,0,0,0
61417,1,1,1983,14,14,14,14,14,14,14,14,14,14
61418,1,1,1983,0,0,0,0,3,0,0,0,0,0
61418,2,1,1983,0,0,0,0,0,0,0,0,0,0
61419,1,1,1983,5,5,5,5,5,5,5,5,5,5
61420,1,1,1983,18,18,18,18,18,18,18,18,18,18
61421,1,1,1983,0,0,0,0,0,0,0,0,0,0
61421,2,1,1983,0,0,0,0,0,0,0,0,0,0
61422,1,1,1983,0,0,0,0,0,0,0,0,0,0
61422,2,1,1983,0,0,0,0,0,0,0,0,0,0
61423,1,1,1983,14,14,14,14,14,14,14,14,14,14
61424,1,1,1983,26,26,26,26,26,26,26,26,26,26
61425,1,1,1983,7,7,7,7,7,7,7,7,7,7
61426,1,1,1983,16,16,16,16,16,16,16,16,16,16
61427,0,1,1983,0,24,12,0,17,0,0,0,26,0
61427,1,1,1983,12,12,12,12,12,12,12,12,12,12
61428,1,1,1983,0,0,0,0,0,0,0,0,0,0
61428,2,1,1983,0,0,0,0,0,0,0,0,0,0
61428,3,1,1983,0,0,6,0,0,0,0,0,0,0
61429,1,1,1983,26,26,26,26,26,26,26,26,26,26
61430,1,1,1983,8,8,8,8,8,8,8,8,8,8
61430,2,1,1983,16,16,16,16,16,16,16,16,16,16
61430,3,1,1983,5,5,5,5,5,5,5,5,5,5
61430,4,1,1983,14,17,15,6,8,14,12,34,15,26
61431,1,1,1983,0,12,0,0,10,0,19,0,21,11
61432,1,1,1983,0,0,0,0,0,0,0,0,0,0
61433,1,1,1983,22,22,22,22,22,22,22,22,22,22
61434,0,1,1983,15,15,15,15,15,15,15,15,15,15
61434,1,1,1983,0,0,0,0,0,0,0,0,0,21
61435,0,1,1983,24,24,24,24,24,24,24,24,24,24
61435,1,1,1983,9,9,9,9,9,9,9,9,9,9
61436,1,1,1983,12,12,12,12,12,12,12,12,12,12
61437,1,2,1983,17,17,17,17,17,17,17,17,17,17
61437,2,1,1983,0,0,0,0,0,0,0,0,0,0
61438,2,1,1983,0,0,0,0,0,0,0,0,0,0
61438,3,1,1983,0,0,0,0,0,0,0,0,5,0
61439,1,1,1983,29,29,29,29,29,29,29,29,29,29
61440,1,1,1983,0,0,0,0,0,0,0,0,0,0
61440,2,1,1983,0,0,0,0,0,0,0,0,0,0
61441,1,1,1983,0,0,0,0,0,0,0,0,0,0
61441,2,1,1983,0,0,0,0,10,0,0,0,12,0
61442,1,1,1983,12,12,12,12,12,12,12,12,12,12
61443,0,1,1983,9,10,12,22,18,14,11,7,32,25
61443,1,1,1983,0,0,0,0,0,0,0,0,0,0
61444,1,1,1983,22,0,11,11,11,5,23,15,19,21
61444,2,1,1983,0,0,0,0,0,0,0,0,0,0
61444,3,1,1983,0,0,0,0,0,0,0,0,0,0
61444,4,1,1983,0,0,0,0,25,0,0,0,0,0
61445,1,1,1983,15,15,15,15,15,15,15,15,15,15
61445,2,1,1983,0,0,0,0,0,0,0,0,0,0
61446,1,1,1983,12,12,12,12,12,12,12,12,12,12
61447,0,1,1983,0,0,0,0,0,0,0,0,0,0
61447,1,1,1983,0,0,0,0,0,0,0,0,0,0
61448,1,1,1983,8,8,8,8,8,8,8,8,8,8
61448,2,1,1983,12,0,0,30,0,0,6,8,15,0
61449,1,1,1983,0,0,0,0,0,0,0,0,0,0
61449,2,1,1983,0,0,0,0,0,0,0,0,0,0
61450,0,1,1983,18,18,18,18,18,18,18,18,18,18
61450,1,1,1983,0,0,0,0,0,0,11,0,0,0
61451,1,1,1983,6,6,6,6,6,6,6,6,6,6
61452,0,1,1983,0,0,0,0,0,0,0,0,0,0
61452,1,1,1983,0,0,0,16,0,0,0,0,0,0
61453,1,1,1983,0,0,0,0,0,0,0,0,0,0
61453,2,1,1983,0,0,0,0,12,0,0,0,0,0
61454,1,1,1983,12,12,12,12,12,12,12,12,12,12
61455,1,1,1983,14,0,0,23,13,0,8,0,0,22
61456,1,1,1983,0,0,0,0,0,0,0,0,0,0
61457,0,1,1983,28,29,14,17,21,16,27,18,23,18
61457,1,1,1983,0,0,0,0,0,0,0,0,20,0
61457,2,1,1983,0,0,0,0,0,0,0,0,0,0
61458,1,1,1983,0,0,0,0,0,0,0,0,0,0
61459,0,1,1983,0,0,0,0,0,0,0,0,0,0
61459,1,1,1983,0,0,0,0,0,0,0,0,10,0
61460,1,1,1983,21,21,21,21,21,21,21,21,21,21
61460,2,1,1983,0,0,0,0,0,0,0,0,0,0
61461,1,1,1983,7,7,7,7,7,7,7,7,7,7
61461,2,1,1983,0,0,0,0,0,0,0,0,0,0
61462,1,1,1983,0,13,0,0,10,8,0,0,0,0
61463,1,1,1983,24,27,0,0,0,12,0,0,0,0
61464,1,1,1983,29,29,29,29,29,29,29,29,29,29
61465,1,1,1983,6,0,0,0,0,0,0,0,0,0
61465,2,1,1983,0,0,0,0,0,0,0,0,0,0
61466,1,1,1983,13,13,13,13,13,13,13,13,13,13
61466,2,1,1983,0,0,0,0,0,0,0,0,0,0
61467,0,1,1983,0,0,0,0,0,0,0,0,0,0
61467,1,1,1983,0,0,0,0,0,0,0,27,16,0
61468,0,1,1983,0,0,0,0,0,0,0,0,0,0
61468,1,1,1983,0,0,0,0,0,0,0,0,0,0
61469,1,1,1983,21,21,21,21,21,21,21,21,21,21
61470,1,1,1983,4,4,4,4,4,4,4,4,4,4
61471,1,1,1983,0,0,0,0,0,0,0,0,0,0
61471,2,1,1983,0,0,0,0,0,0,0,0,0,0
61472,1,1,1983,0,0,0,0,0,0,0,0,0,0
61472,2,1,1983,0,0,0,0,0,0,0,0,0,0
61473,0,1,1983,0,0,0,0,0,0,0,0,0,0
61473,1,1,1983,0,0,0,0,0,0,0,0,0,0
61474,1,1,1983,13,13,13,13,13,13,13,13,13,13
61475,1,1,1983,0,20,4,0,0,12,11,10,13,6
61476,1,1,1983,17,17,9,13,15,9,11,24,7,18
61477,1,1,1983,6,19,10,11,17,26,12,8,9,21
61478,1,1,1983,20,20,20,20,20,20,20,20,20,20
61479,0,1,1983,0,0,0,0,0,0,0,0,0,0
61479,1,1,1983,0,0,0,0,0,0,0,0,28,0
61480,1,1,1983,25,25,25,25,25,25,25,25,25,25
61481,1,1,1983,4,4,4,4,4,4,4,4,4,4
61482,1,1,1983,19,0,6,22,13,12,4,19,14,15
61483,1,1,1983,0,0,0,0,0,0,0,0,0,0
61484,1,1,1983,0,0,0,0,0,0,0,0,0,0
61484,2,1,1983,0,0,0,0,0,0,0,0,0,0
61485,1,1,1983,0,0,0,0,0,0,0,0,0,0
61485,2,1,1983,0,0,0,0,0,0,0,0,0,0
61485,3,1,1983,0,0,0,0,0,0,0,0,0,0
61486,1,1,1983,27,27,27,27,27,27,27,27,27,27
61486,2,1,1983,0,20,0,0,0,0,0,0,0,0
61487,1,1,1983,38,38,38,38,38,38,38,38,38,38
61487,2,1,1983,0,0,0,0,0,0,0,0,0,0
61488,1,1,1983,6,27,22,7,8,6,10,14,14,13
61489,1,1,1983,0,0,0,0,25,0,0,0,25,0
61490,1,1,1983,9,9,9,9,9,9,9,9,9,9
61491,1,1,1983,0,0,0,0,0,0,0,0,0,0
61492,1,1,1983,21,21,21,21,21,21,21,21,21,21
61493,1,1,1983,16,16,16,16,16,16,16,16,16,16
61494,1,1,1983,0,0,0,0,0,0,0,0,0,0
61494,2,1,1983,0,0,0,9,0,15,0,0,0,0
61495,0,1,1983,0,0,0,0,0,0,0,0,0,0
61495,1,1,1983,0,0,0,24,0,0,14,0,0,19
61495,2,1,1983,0,0,0,0,0,0,0,0,0,0
61496,0,1,1983,0,0,0,0,0,0,0,0,0,0
61496,1,1,1983,0,0,0,0,0,0,0,0,0,0
61497,1,1,1983,0,0,0,0,0,0,0,0,0,0
61497,2,1,1983,0,0,0,0,0,0,0,0,0,0
61498,0,1,1983,0,0,0,0,0,24,0,0,0,0
61498,1,1,1983,0,0,0,0,0,0,0,0,0,0
61499,1,1,1983,0,18,0,26,0,0,16,12,0,0
61500,1,1,1983,0,0,0,0,0,0,0,0,0,0
61500,2,1,1983,0,0,0,0,0,0,0,0,0,0
61501,1,1,1983,10,0,9,0,0,0,0,0,0,0
61502,1,1,1983,0,0,0,0,0,0,0,0,0,0
61503,1,1,1983,14,17,45,15,27,16,29,15,18,11
61504,1,1,1983,0,0,0,0,0,0,0,0,0,0
61504,2,1,1983,0,0,0,0,0,0,0,0,0,0
61505,1,1,1983,16,16,16,16,16,16,16,16,16,16
61506,1,1,1983,10,10,10,10,10,10,10,10,10,10
61507,0,1,1983,36,0,0,25,20,0,13,38,0,0
61507,0,2,1983,33,6,27,23,30,13,0,20,24,13
61507,0,3,1983,3,3,3,3,3,3,3,3,3,3
61507,1,1,1983,12,12,12,12,12,12,12,12,12,12
61508,1,1,1983,9,16,23,33,4,19,10,14,25,13
61509,1,1,1983,16,16,16,16,16,16,16,16,16,16
61509,2,1,1983,0,0,0,0,0,0,0,0,0,0
61510,1,1,1983,13,10,15,28,21,13,22,17,15,18
61511,0,1,1983,21,21,21,21,21,21,21,21,21,21
61511,0,2,1983,20,20,20,20,20,20,20,20,20,20
61511,1,1,1983,3,10,16,18,19,0,19,0,20,0
61512,1,1,1983,0,0,0,0,0,0,0,0,0,0
61512,2,1,1983,0,0,0,0,0,0,0,0,0,0
61513,1,1,1983,32,32,32,32,32,32,32,32,32,32
61513,2,1,1983,0,0,0,0,0,0,0,0,0,0
61514,1,1,1983,25,25,25,25,25,25,25,25,25,25
61515,0,1,1983,0,0,0,0,0,0,0,0,0,0
61515,1,1,1983,13,10,26,2,0,0,0,0,0,18
61516,1,1,1983,15,0,0,0,25,0,0,0,0,0
61516,2,1,1983,0,0,0,0,0,0,0,0,0,0
61517,1,1,1983,10,10,10,10,10,10,10,10,10,10
61517,2,1,1983,0,0,0,0,0,0,9,0,0,0
61518,1,1,1983,17,17,17,17,17,17,17,17,17,17
61518,2,1,1983,0,0,0,0,0,0,0,0,0,0
61519,1,1,1983,0,0,0,0,0,0,0,0,0,0
61519,2,1,1983,19,19,19,19,19,19,19,19,19,19
61519,3,1,1983,0,0,0,0,0,0,0,0,0,0
61519,4,1,1983,0,0,0,0,0,0,0,0,0,0
61519,5,1,1983,0,0,0,0,0,0,0,0,0,0
61520,1,1,1983,13,0,0,0,0,0,0,0,0,0
61520,2,1,1983,0,0,0,0,0,0,0,0,0,0
61521,1,1,1983,0,0,0,0,0,0,0,0,0,0
61521,2,1,1983,0,3,0,0,0,0,0,0,0,0
61521,3,1,1983,0,0,0,0,0,0,0,0,0,0
61522,1,1,1983,0,0,0,0,0,0,0,0,0,0
61522,2,1,1983,0,0,0,0,0,0,0,0,0,0
61523,1,1,1983,16,19,11,16,14,23,28,20,7,14
61524,1,1,1983,23,12,0,17,16,7,0,0,29,0
61524,2,2,1983,18,19,19,11,13,20,13,11,0,0
61525,1,1,1983,8,8,8,8,8,8,8,8,8,8
61526,0,1,1983,17,17,17,17,17,17,17,17,17,17
61526,1,1,1983,0,0,17,0,0,0,0,0,0,0
61527,1,1,1983,0,0,0,0,17,0,0,0,0,0
61527,2,1,1983,0,0,0,13,16,0,8,0,0,0
61528,1,1,1983,0,0,0,0,0,0,0,0,0,0
61528,2,1,1983,3,3,3,3,3,3,3,3,3,3
61528,3,1,1983,0,0,0,0,0,0,17,0,0,0
61529,1,1,1983,4,4,4,4,4,4,4,4,4,4
61530,1,1,1983,0,0,0,0,0,0,0,0,0,0
61530,2,1,1983,0,0,0,0,0,0,0,0,0,0
61531,0,1,1983,9,9,9,9,9,9,9,9,9,9
61531,1,1,1983,15,15,15,27,10,41,7,16,2,0
61532,1,1,1983,17,17,17,17,17,17,17,17,17,17
61532,2,1,1983,0,0,0,25,0,9,0,0,0,0
61533,1,1,1983,0,0,0,0,0,0,0,0,0,0
61534,1,1,1983,22,22,22,22,22,22,22,22,22,22
61534,2,1,1983,0,6,0,0,0,0,0,0,0,0
61535,1,1,1983,0,22,0,0,7,0,0,21,0,24
61536,1,1,1983,0,0,0,0,0,0,0,0,0,0
61537,0,1,1983,0,0,0,0,0,0,0,0,0,0
61537,1,1,1983,0,0,0,0,0,39,0,0,6,0
61538,1,1,1983,22,6,0,0,0,10,0,0,18,16
61538,2,1,1983,0,0,0,0,0,0,0,0,0,0
61539,1,1,1983,16,16,16,16,16,16,16,16,16,16
61539,2,1,1983,0,0,0,0,0,0,0,0,0,0
61540,1,1,1983,0,0,0,0,0,0,0,0,0,0
61540,2,1,1983,0,0,0,0,0,0,0,0,0,0
61541,1,1,1983,0,0,0,0,0,0,0,0,0,0
61542,1,1,1983,0,0,0,0,0,0,0,0,0,0
61543,0,1,1983,7,7,7,7,7,7,7,7,7,7
61543,1,1,1983,0,0,0,0,0,0,0,0,0,0
61544,1,1,1983,0,0,0,0,0,0,0,0,0,0
61544,2,1,1983,0,0,0,0,0,0,0,0,0,0
61545,1,1,1983,31,32,18,15,15,15,28,14,25,20
61546,1,1,1983,28,28,28,28,28,28,28,28,28,28
61547,0,1,1983,0,0,0,0,0,0,0,0,0,0
61547,1,1,1983,0,0,0,7,8,21,0,21,0,0
61548,1,1,1983,0,0,0,0,0,0,0,0,0,0
61549,1,1,1983,14,14,14,14,14,14,14,14,14,14
61549,2,1,1983,7,18,27,6,14,20,21,8,15,18
61550,0,1,1983,0,0,0,0,0,0,0,0,0,0
61550,1,1,1983,34,0,0,14,9,25,0,0,0,0
61551,1,1,1983,0,0,0,0,0,0,0,0,0,0
61551,2,1,1983,0,0,0,0,0,0,0,0,0,0
61551,3,1,1983,0,0,0,0,0,0,0,0,0,0
61552,1,1,1983,0,0,0,0,0,0,0,0,0,0
61552,2,1,1983,0,0,0,0,0,0,0,0,0,0
61553,1,1,1983,0,0,0,0,0,0,0,0,0,0
61553,2,1,1983,0,0,0,0,0,0,0,0,0,0
61554,1,1,1983,0,0,0,0,0,0,0,0,0,0
61555,0,1,1983,33,33,33,33,33,33,33,33,33,33
61555,1,1,1983,0,0,0,0,4,19,17,0,16,0
61556,1,1,1983,0,0,0,0,0,0,0,0,0,0
61556,2,1,1983,0,0,0,0,0,0,0,0,13,0
61557,1,1,1983,25,25,25,25,25,25,25,25,25,25
61557,2,1,1983,14,14,14,14,14,14,14,14,14,14
61558,0,1,1983,23,23,23,23,23,23,23,23,23,23
61558,1,1,1983,0,0,0,17,0,0,12,13,0,0
61559,1,1,1983,0,0,18,0,0,13,12,0,0,0
61559,2,1,1983,0,0,0,0,0,0,0,0,0,0
61560,1,1,1983,0,0,0,0,0,0,0,0,0,0
61561,1,1,1983,0,0,0,0,0,0,0,0,0,0
61562,1,1,1983,0,0,0,0,0,0,0,0,0,0
61562,2,1,1983,0,0,44,0,0,0,17,6,13,0
61563,0,1,1983,0,0,0,0,0,0,0,0,0,0
61563,1,1,1983,0,0,0,0,0,0,0,0,0,0
61564,1,1,1983,0,0,0,0,0,0,0,0,0,0
61565,1,1,1983,0,0,14,0,0,0,0,0,0,5
61565,2,1,1983,25,25,25,25,25,25,25,25,25,25
61566,1,1,1983,0,0,0,0,0,0,0,0,0,0
61566,2,1,1983,0,0,0,9,0,0,0,0,0,0
61567,1,1,1983,20,20,20,20,20,20,20,20,20,20
61568,1,1,1983,0,0,0,0,0,0,0,0,0,0
61569,1,1,1983,0,0,7,16,0,0,0,0,10,0
61570,1,1,1983,8,8,8,8,8,8,8,8,8,8
61571,1,1,1983,0,0,0,0,0,0,0,0,0,0
61571,2,1,1983,3,2,17,9,12,19,21,0,19,0
61571,3,1,1983,0,0,0,0,0,0,0,0,0,0
61572,1,1,1983,20,20,20,20,20,20,20,20,20,20
61573,1,1,1983,14,14,14,14,14,14,14,14,14,14
61574,1,1,1983,21,21,21,21,21,21,21,21,21,21
61575,1,1,1983,12,12,12,12,12,12,12,12,12,12
61575,2,1,1983,0,0,0,0,0,0,0,0,0,0
61576,1,1,1983,6,6,6,6,6,6,6,6,6,6
61577,1,1,1983,0,0,0,0,0,0,0,0,0,0
61577,2,1,1983,0,0,0,0,0,0,35,0,0,0
61578,1,1,1983,11,11,11,11,11,11,11,11,11,11
61579,1,1,1983,14,14,14,14,14,14,14,14,14,14
61579,2,1,1983,0,0,0,0,0,0,0,0,0,0
61580,1,1,1983,0,0,0,0,0,0,0,0,0,0
61580,2,1,1983,0,0,0,0,0,0,0,0,0,0
61581,1,1,1983,0,0,0,0,0,0,0,0,0,0
61582,1,1,1983,21,0,0,0,0,0,17,23,0,12
61583,1,1,1983,0,0,0,0,0,0,0,0,0,0
61583,2,1,1983,16,16,16,16,16,16,16,16,16,16
61584,1,1,1983,9,28,7,8,16,32,5,7,16,18
61585,0,1,1983,0,0,0,0,0,0,0,0,0,0
61585,1,1,1983,0,0,0,0,0,0,0,0,0,0
61586,1,1,1983,0,0,0,0,0,0,0,0,0,0
61586,2,1,1983,0,0,0,0,0,0,0,0,0,0
61587,1,1,1983,17,17,17,17,17,17,17,17,17,17
61587,2,1,1983,0,0,0,0,0,0,18,0,0,0
61588,1,1,1983,14,14,14,14,14,14,14,14,14,14
61588,2,1,1983,0,0,0,11,0,0,0,0,0,0
61589,1,1,1983,7,20,13,13,20,10,37,23,12,10
61590,0,1,1983,0,0,0,0,0,0,0,0,0,0
61590,1,1,1983,0,0,0,0,0,0,0,0,0,0
61591,1,1,1983,0,0,0,0,0,0,0,0,0,0
61592,1,1,1983,0,0,0,0,0,0,0,0,0,0
61593,1,1,1983,18,18,18,18,18,18,18,18,18,18
61594,1,1,1983,0,0,0,0,0,0,0,0,0,0
61595,1,1,1983,7,7,7,7,7,7,7,7,7,7
61596,1,1,1983,9,9,9,9,9,9,9,9,9,9
61597,0,1,1983,0,0,0,0,0,0,0,0,0,0
61597,1,1,1983,0,0,0,0,0,0,0,0,0,0
61598,1,1,1983,19,19,19,19,19,19,19,19,19,19
61599,1,1,1983,0,0,0,0,0,0,0,0,0,0
61599,2,1,1983,19,19,19,19,19,19,19,19,19,19
61600,1,1,1983,21,21,21,21,21,21,21,21,21,21
61601,1,1,1983,0,0,0,0,0,0,0,0,0,0
61601,2,1,1983,0,0,0,0,0,0,0,0,0,0
61602,1,1,1983,3,3,3,3,3,3,3,3,3,3
61603,1,1,1983,0,0,0,0,0,0,0,0,0,0
61604,1,1,1983,26,26,26,26,26,26,26,26,26,26
61604,2,1,1983,21,18,25,12,15,26,18,17,0,24
61605,1,1,1983,24,24,24,24,24,24,24,24,24,24
61605,2,1,1983,0,0,0,0,0,0,0,0,0,0
61606,1,1,1983,0,0,0,0,0,0,0,0,0,0
61607,0,1,1983,0,0,0,0,0,0,0,0,0,0
61607,1,1,1983,0,0,10,0,0,0,0,0,14,0
61608,1,1,1983,29,29,29,29,29,29,29,29,29,29
61608,2,1,1983,0,0,0,17,22,0,17,4,0,0
61609,1,1,1983,0,0,0,0,0,0,0,0,0,0
61610,1,1,1983,29,29,29,29,29,29,29,29,29,29
61611,1,1,1983,0,0,0,0,0,0,0,0,0,0
61612,1,1,1983,16,16,16,16,16,16,16,16,16,16
61613,1,1,1983,0,0,0,0,0,0,0,0,0,0
61614,1,1,1983,12,12,12,12,12,12,12,12,12,12
61615,1,1,1983,11,16,20,32,13,33,15,17,20,28
61616,1,1,1983,0,0,0,0,0,0,0,0,0,0
61616,2,1,1983,0,0,0,0,0,0,0,0,0,0
61617,1,1,1983,26,26,26,26,26,26,26,26,26,26
61618,1,1,1983,26,26,26,26,26,26,26,26,26,26
61618,2,1,1983,0,0,0,0,0,0,0,0,0,0
61619,1,1,1983,0,0,0,0,0,0,0,0,0,15
61620,1,1,1983,0,0,0,0,0,0,0,0,17,0
61621,0,1,1983,17,25,19,33,12,19,13,31,5,33
61621,0,2,1983,32,16,19,37,20,24,19,37,25,27
61621,1,1,1983,0,0,0,0,0,0,0,0,0,9
61622,1,1,1983,0,0,0,0,0,0,0,0,0,0
61623,1,1,1983,10,16,24,21,22,4,15,17,36,20
61623,2,1,1983,0,0,0,0,0,6,0,0,0,0
61624,1,1,1983,0,0,0,0,0,0,0,0,0,0
61625,0,1,1983,0,0,0,0,0,0,0,0,0,0
61625,1,1,1983,0,0,0,0,0,0,0,0,0,0
61626,1,1,1983,19,0,0,18,10,8,0,17,12,0
61626,2,1,1983,0,0,0,0,0,0,0,0,0,0
61627,0,1,1983,0,0,0,0,0,0,0,0,0,29
61627,1,1,1983,0,0,0,0,0,0,0,0,0,0
61628,1,1,1983,0,0,0,0,0,0,0,0,0,0
61628,2,1,1983,0,0,0,0,0,0,0,0,0,0
61629,1,1,1983,0,4,26,0,0,0,8,0,20,0
61630,1,1,1983,0,0,0,0,0,0,0,0,0,0
61630,2,1,1983,14,14,14,14,14,14,14,14,14,14
61631,1,1,1983,9,9,9,9,9,9,9,9,9,9
61632,1,1,1983,0,0,0,0,0,0,0,0,0,0
61633,0,1,1983,19,19,19,19,19,19,19,19,19,19
61633,1,1,1983,0,0,0,0,0,0,0,0,0,0
61634,0,1,1983,16,16,16,16,16,16,16,16,16,16
61634,1,1,1983,23,10,0,6,4,14,27,19,11,9
61635,0,1,1983,0,0,0,0,0,0,0,0,0,0
61635,2,1,1983,0,0,0,0,0,0,0,0,0,0
61636,1,1,1983,0,0,0,0,0,11,0,0,0,0
61636,2,1,1983,0,0,0,0,0,0,0,0,0,0
61637,1,1,1983,0,0,0,0,0,0,0,0,0,0
61638,1,1,1983,0,0,0,0,0,0,0,0,0,0
61639,1,1,1983,0,0,0,0,0,0,0,0,0,0
61640,1,1,1983,0,0,0,0,0,0,0,0,0,0
61640,2,1,1983,0,0,0,0,0,0,3,0,0,0