ST_CASE,VEH_NO,PER_NO,YEAR,P1,P2,P3,P4,P5,P6,P7,P8,P9,P10
61641,1,1,1983,0,0,0,0,0,0,0,0,0,0
61641,2,1,1983,12,12,12,12,12,12,12,12,12,12
61642,0,1,1983,0,0,0,0,0,0,0,0,0,0
61642,1,1,1983,0,0,0,0,0,0,0,0,27,0
61643,1,1,1983,26,26,26,26,26,26,26,26,26,26
61643,2,1,1983,0,0,0,0,0,0,0,0,0,0
61644,1,1,1983,0,0,0,0,0,0,0,0,0,0
61644,2,1,1983,0,0,0,0,0,0,0,0,0,0
61645,0,1,1983,0,0,0,0,0,0,0,0,0,0
61645,1,1,1983,0,0,0,0,0,0,0,0,0,0
61646,1,1,1983,9,8,10,0,36,0,25,18,10,13
61647,1,1,1983,25,25,25,25,25,25,25,25,25,25
61647,2,1,1983,11,0,0,0,0,0,0,0,0,0
61648,1,1,1983,3,3,3,3,3,3,3,3,3,3
61649,1,1,1983,0,0,0,0,0,0,0,0,0,0
61649,2,1,1983,0,0,0,0,0,0,0,0,0,0
61650,1,1,1983,10,10,10,10,10,10,10,10,10,10
61651,1,1,1983,29,18,25,14,23,8,16,18,0,0
61652,1,1,1983,0,0,0,20,0,0,18,10,17,0
61652,2,1,1983,0,0,0,0,0,0,0,0,0,22
61653,0,1,1983,3,3,3,3,3,3,3,3,3,3
61653,1,1,1983,20,20,20,20,20,20,20,20,20,20
61654,1,1,1983,0,0,0,0,0,0,0,0,0,0
61655,1,1,1983,0,0,0,0,0,0,0,0,0,0
61655,2,1,1983,0,0,0,0,0,0,0,0,0,0
61656,1,1,1983,0,0,0,0,0,0,0,0,0,0
61657,1,1,1983,0,0,0,0,0,0,0,0,0,0
61658,1,1,1983,18,18,18,18,18,18,18,18,18,18
61659,0,1,1983,0,0,0,0,0,0,0,35,0,0
61659,1,1,1983,0,0,0,0,9,0,0,0,0,0
61660,1,1,1983,18,18,18,18,18,18,18,18,18,18
61661,1,1,1983,13,13,13,13,13,13,13,13,13,13
61662,1,1,1983,9,23,16,0,8,22,26,8,21,27
61663,1,1,1983,16,20,23,0,12,17,9,23,0,3
61664,1,1,1983,16,16,16,16,16,16,16,16,16,16
61664,2,1,1983,0,0,0,0,0,0,0,0,0,0
61665,0,1,1983,0,0,0,0,0,0,0,0,0,0
61665,1,1,1983,0,0,0,0,0,0,0,0,0,0
61666,1,1,1983,0,0,0,0,0,0,0,0,0,0
61666,2,1,1983,0,0,3,0,0,0,0,0,0,0
61667,1,1,1983,9,9,9,9,9,9,9,9,9,9
61668,1,1,1983,0,0,0,0,0,0,0,0,0,0
61668,2,1,1983,0,0,0,0,0,0,0,0,0,0
61669,1,1,1983,10,10,10,10,10,10,10,10,10,10
61670,0,1,1983,0,0,0,0,0,0,0,0,10,0
61670,1,1,1983,0,0,0,0,0,0,0,0,0,0
61671,0,1,1983,0,0,0,0,0,0,0,0,0,0
61671,1,1,1983,3,9,15,17,10,0,12,14,16,11
61672,0,1,1983,0,0,0,0,0,0,0,0,0,0
61672,1,1,1983,0,0,0,0,0,0,0,0,0,0
61672,2,1,1983,0,0,0,0,0,0,0,0,0,0
61673,1,1,1983,0,0,0,0,0,0,0,0,0,0
61673,2,1,1983,0,0,0,0,0,0,0,0,0,0
61674,1,1,1983,0,0,0,0,0,0,0,0,0,0
61675,0,1,1983,0,20,0,17,0,16,0,0,0,0
61675,0,2,1983,0,0,0,0,0,0,0,0,0,0
61675,1,1,1983,3,3,3,3,3,3,3,3,3,3
61676,1,1,1983,15,15,15,15,15,15,15,15,15,15
61677,1,1,1983,11,11,11,11,11,11,11,11,11,11
61677,2,1,1983,0,0,0,0,0,0,0,0,0,0
61678,1,1,1983,0,0,0,0,0,0,0,0,0,0
61678,2,1,1983,0,0,0,0,0,0,0,0,0,0
61679,1,1,1983,22,21,5,21,13,24,21,25,18,8
61680,1,1,1983,0,28,0,0,0,0,0,18,0,0
61681,1,1,1983,12,12,12,12,12,12,12,12,12,12
61682,0,1,1983,32,32,32,32,32,32,32,32,32,32
61682,1,1,1983,10,18,11,22,0,8,4,22,0,0
61682,2,1,1983,21,21,21,21,21,21,21,21,21,21
61683,1,1,1983,9,0,7,23,16,0,17,15,9,8
61684,1,1,1983,12,12,12,12,12,12,12,12,12,12
61685,1,1,1983,0,19,0,37,0,16,13,0,18,5
61686,1,1,1983,30,30,30,30,30,30,30,30,30,30
61687,0,1,1983,0,0,0,8,0,0,0,0,0,0
61687,1,1,1983,29,29,29,29,29,29,29,29,29,29
61688,1,1,1983,0,0,0,0,0,0,0,0,0,0
61689,0,1,1983,2,2,2,2,2,2,2,2,2,2
61689,1,1,1983,0,0,0,0,0,0,0,0,0,0
61690,0,1,1983,4,4,4,4,4,4,4,4,4,4
61690,1,1,1983,6,14,7,10,2,6,7,9,22,10
61691,1,1,1983,3,3,3,3,3,3,3,3,3,3
61692,1,1,1983,7,7,7,7,7,7,7,7,7,7
61692,2,1,1983,0,0,0,0,0,0,0,0,0,0
61693,1,1,1983,0,0,0,0,0,0,0,0,0,0
61694,1,1,1983,0,0,0,0,0,0,0,0,0,0
61694,2,1,1983,0,0,0,15,0,0,0,0,0,0
61695,1,1,1983,0,0,9,0,0,0,0,0,23,0
61696,0,1,1983,14,0,0,0,0,0,0,0,0,0
61696,1,1,1983,24,24,24,24,24,24,24,24,24,24
61697,1,1,1983,10,10,10,10,10,10,10,10,10,10
61698,1,1,1983,11,11,11,11,11,11,11,11,11,11
61698,2,1,1983,0,18,0,0,0,0,0,0,16,0
61699,1,1,1983,13,13,13,13,13,13,13,13,13,13
61700,1,1,1983,0,0,0,0,0,0,0,0,0,0
61701,1,1,1983,0,0,0,0,0,0,0,0,0,0
61701,2,1,1983,0,0,0,0,0,0,0,0,0,0
61702,0,1,1983,0,0,0,0,0,0,0,0,0,0
61702,1,1,1983,0,0,0,0,0,0,0,0,0,0
61703,1,1,1983,15,14,14,15,21,6,0,0,18,22
61703,2,1,1983,0,0,0,0,0,0,0,0,0,0
61704,1,1,1983,17,20,16,10,21,13,17,21,12,13
61705,1,1,1983,0,0,0,0,0,0,0,0,0,0
61705,2,1,1983,0,0,0,0,0,0,0,0,0,0
61705,3,1,1983,0,0,0,20,0,0,0,0,0,0
61706,0,1,1983,0,0,0,0,0,0,0,0,0,0
61706,0,2,1983,11,11,11,11,11,11,11,11,11,11
61706,1,1,1983,0,0,0,0,0,0,0,0,0,0
61707,1,1,1983,23,23,23,23,23,23,23,23,23,23
61708,1,1,1983,10,0,0,0,0,35,18,0,9,17
61708,2,1,1983,0,30,9,11,20,26,8,0,0,0
61709,0,1,1983,0,0,0,0,0,0,0,0,0,0
61709,1,1,1983,0,0,0,0,0,0,0,0,0,0
61710,1,1,1983,0,0,0,0,0,0,0,0,0,0
61711,1,1,1983,10,0,5,0,0,6,13,9,18,0
61711,2,1,1983,0,0,19,0,0,0,11,0,14,14
61712,1,1,1983,19,19,19,19,19,19,19,19,19,19
61713,1,1,1983,13,12,12,26,16,18,11,23,19,28
61714,1,1,1983,0,0,0,0,0,0,0,0,0,0
61714,2,1,1983,0,0,0,0,0,0,0,0,0,0
61715,1,1,1983,0,0,0,0,0,0,0,0,0,0
61715,2,1,1983,10,10,10,10,10,10,10,10,10,10
61716,1,1,1983,5,5,5,5,5,5,5,5,5,5
61717,0,1,1983,22,22,22,22,22,22,22,22,22,22
61717,1,1,1983,0,0,0,22,0,0,0,15,0,0
61718,1,1,1983,14,14,14,14,14,14,14,14,14,14
61719,1,1,1983,25,25,25,25,25,25,25,25,25,25
61720,0,1,1983,0,0,0,0,0,0,0,0,0,0
61720,1,1,1983,23,0,14,0,0,0,0,0,0,0
61721,1,1,1983,5,0,0,0,0,0,0,12,0,0
61721,2,1,1983,27,19,11,25,21,27,0,17,20,16
61722,1,1,1983,0,0,0,0,0,0,7,0,0,0
61722,2,1,1983,0,0,0,0,0,0,0,0,0,0
61723,1,1,1983,3,3,3,3,3,3,3,3,3,3
61723,2,1,1983,0,0,0,0,0,0,0,0,0,0
61724,1,1,1983,0,0,0,0,0,0,0,0,0,0
61725,1,1,1983,0,0,0,0,0,0,0,0,0,54
61725,2,1,1983,0,0,0,0,21,26,0,0,0,0
61726,1,1,1983,0,0,0,0,0,0,0,0,0,0
61727,1,1,1983,0,0,0,0,0,0,0,0,0,0
61728,1,1,1983,8,8,8,8,8,8,8,8,8,8
61728,2,1,1983,0,0,0,0,0,0,0,0,0,0
61729,1,1,1983,25,7,8,4,16,10,8,6,20,14
61730,1,1,1983,0,0,0,0,0,0,0,0,0,0
61731,1,1,1983,0,0,0,0,0,0,0,0,0,0
61731,2,1,1983,0,0,0,0,0,0,6,0,0,0
61732,1,1,1983,0,0,0,0,0,0,0,0,0,0
61733,1,1,1983,0,0,0,0,0,0,0,0,0,0
61734,1,1,1983,0,0,15,0,0,0,0,0,0,0
61734,2,1,1983,0,0,0,0,0,0,0,0,0,0
61735,1,1,1983,0,0,0,0,0,0,0,0,0,0
61735,2,1,1983,0,0,0,0,0,0,0,0,0,0
61736,1,1,1983,0,0,0,0,0,0,0,0,0,0
61737,0,1,1983,0,0,0,0,0,0,0,0,0,0
61737,1,1,1983,0,0,2,0,0,0,0,0,0,0
61738,1,1,1983,17,17,17,17,17,17,17,17,17,17
61738,2,1,1983,0,0,0,0,0,0,0,0,0,0
61739,0,1,1983,0,0,0,0,0,24,0,0,0,0
61739,1,1,1983,0,0,0,0,22,0,0,0,0,0
61740,1,1,1983,22,22,22,22,22,22,22,22,22,22
61741,0,1,1983,0,0,0,0,0,0,0,0,0,0
61741,1,1,1983,0,0,0,0,0,0,0,0,0,0
61742,0,1,1983,0,0,0,0,0,0,0,0,0,0
61742,1,1,1983,0,0,0,0,0,0,0,0,0,0
61743,0,1,1983,0,0,0,0,0,0,0,0,0,0
61743,1,1,1983,0,0,0,0,0,0,0,0,0,0
61744,1,1,1983,27,27,27,27,27,27,27,27,27,27
61745,1,1,1983,12,12,12,12,12,12,12,12,12,12
61745,2,1,1983,24,17,0,0,5,14,8,26,15,14
61746,0,1,1983,0,0,0,0,0,20,12,14,0,0
61746,1,1,1983,0,0,0,0,0,0,0,0,0,0
61747,1,1,1983,0,0,0,0,0,0,0,0,0,0
61748,0,1,1983,0,0,0,0,0,0,0,0,0,0
61748,1,1,1983,0,0,12,0,9,0,17,16,0,0
61749,1,1,1983,0,0,0,0,0,0,0,0,0,0
61749,2,1,1983,0,0,0,0,0,0,18,0,0,0
61750,1,1,1983,0,0,0,0,0,0,0,0,0,0
61751,1,1,1983,8,8,8,8,8,8,8,8,8,8
61751,2,1,1983,0,0,30,8,0,7,0,0,0,8
61752,1,1,1983,7,7,7,7,7,7,7,7,7,7
61752,2,1,1983,0,0,0,0,0,0,0,0,0,0
61753,0,1,1983,33,33,33,33,33,33,33,33,33,33
61753,1,1,1983,11,11,11,11,11,11,11,11,11,11
61754,1,1,1983,0,0,0,0,0,0,0,0,0,0
61755,1,1,1983,0,0,35,0,0,0,0,0,0,28
61756,1,1,1983,24,24,24,24,24,24,24,24,24,24
61757,1,1,1983,11,11,11,11,11,11,11,11,11,11
61758,1,1,1983,0,0,0,0,0,14,0,0,0,0
61758,2,1,1983,0,0,0,0,0,0,0,0,0,0
61759,0,1,1983,0,0,0,0,0,0,0,0,0,0
61759,1,1,1983,0,0,0,0,0,22,0,0,0,0
61760,1,1,1983,16,16,16,16,16,16,16,16,16,16
61761,1,1,1983,0,0,0,0,0,0,0,0,0,0
61761,2,1,1983,25,25,25,25,25,25,25,25,25,25
61762,1,1,1983,28,28,28,28,28,28,28,28,28,28
61762,2,1,1983,0,0,0,0,0,0,0,0,0,0
61763,0,1,1983,0,0,0,0,0,0,0,0,0,0
61763,1,1,1983,8,0,20,0,0,0,0,0,0,0
61764,1,1,1983,17,17,17,17,17,17,17,17,17,17
61765,1,1,1983,0,0,0,0,0,0,0,0,0,0
61765,2,1,1983,0,0,0,0,0,0,0,0,0,0
61765,3,1,1983,0,0,0,0,0,0,0,0,0,0
61766,1,1,1983,15,15,15,15,15,15,15,15,15,15
61766,2,1,1983,20,20,20,20,20,20,20,20,20,20
61767,1,1,1983,21,21,21,21,21,21,21,21,21,21
61768,1,1,1983,22,22,22,22,22,22,22,22,22,22
61769,1,1,1983,13,13,13,13,13,13,13,13,13,13
61770,0,1,1983,9,9,9,9,9,9,9,9,9,9
61770,1,1,1983,0,12,0,7,13,0,0,0,0,0
61771,1,1,1983,12,12,12,12,12,12,12,12,12,12
61771,2,1,1983,0,0,0,0,0,0,0,0,0,0
61772,1,1,1983,16,16,16,16,16,16,16,16,16,16
61773,1,1,1983,29,29,29,29,29,29,29,29,29,29
61773,2,1,1983,0,0,0,0,0,0,0,0,0,0
61774,1,1,1983,25,25,25,25,25,25,25,25,25,25
61774,2,1,1983,0,0,0,0,0,0,0,0,0,0
61774,3,1,1983,0,0,0,0,0,0,0,0,0,0
61775,0,1,1983,18,18,18,18,18,18,18,18,18,18
61775,1,1,1983,31,22,0,11,18,0,23,24,5,7
61776,0,1,1983,27,27,27,27,27,27,27,27,27,27
61776,1,1,1983,23,0,0,0,12,0,0,0,0,0
61777,1,1,1983,0,0,0,0,0,0,0,0,0,0
61778,1,1,1983,0,0,0,0,0,0,0,0,0,0
61779,1,1,1983,0,0,0,0,0,0,0,0,0,0
61779,2,1,1983,8,8,8,8,8,8,8,8,8,8
61780,1,1,1983,12,12,12,12,12,12,12,12,12,12
61781,1,1,1983,0,0,0,0,0,0,0,0,0,0
61781,2,1,1983,0,0,0,0,0,0,0,0,0,0
61782,0,1,1983,0,0,0,0,0,0,0,0,0,0
61782,1,1,1983,0,0,0,0,0,0,0,0,0,0
61783,1,1,1983,20,20,20,20,20,20,20,20,20,20
61783,2,1,1983,0,0,0,19,0,0,0,0,0,0
61784,1,1,1983,0,0,0,0,0,0,0,29,0,0
61784,2,1,1983,0,0,0,0,0,0,0,0,0,0
61784,3,1,1983,0,0,0,0,0,0,0,0,0,13
61784,4,1,1983,0,0,0,0,0,0,0,0,0,0
61784,5,1,1983,0,10,0,0,0,0,0,0,0,0
61785,0,1,1983,0,0,0,0,0,0,0,0,0,0
61785,1,1,1983,0,0,0,0,0,19,0,0,0,0
61786,1,1,1983,0,0,0,0,0,0,0,0,0,0
61786,2,1,1983,0,0,0,0,0,0,0,0,0,0
61787,0,1,1983,23,0,12,0,0,0,17,35,14,19
61787,1,1,1983,0,0,0,0,0,0,0,0,0,0
61788,1,1,1983,0,0,0,0,0,0,0,0,0,0
61788,2,1,1983,0,15,4,0,23,0,23,5,10,8
61789,1,1,1983,0,0,0,7,0,16,0,0,0,0
61789,2,1,1983,0,0,0,0,0,0,0,0,0,0
61789,3,1,1983,0,0,0,0,0,0,0,0,0,0
61790,1,1,1983,5,5,5,5,5,5,5,5,5,5
61791,1,1,1983,0,0,0,0,0,0,0,0,0,0
61791,2,1,1983,0,0,0,0,0,0,0,0,0,9
61792,1,1,1983,0,0,0,0,0,0,0,0,0,0
61792,2,1,1983,0,8,0,0,0,0,20,0,0,0
61793,1,1,1983,0,22,0,0,18,0,13,31,15,13
61793,2,1,1983,0,0,0,17,0,0,0,0,0,0
61794,1,1,1983,26,13,27,12,12,15,12,18,0,13
61795,1,1,1983,0,0,0,0,0,0,0,0,0,0
61796,1,1,1983,0,0,0,0,0,0,0,0,0,0
61797,1,1,1983,19,19,19,19,19,19,19,19,19,19
61797,2,1,1983,0,15,0,18,0,13,0,0,22,0
61799,1,1,1983,0,0,11,0,0,0,0,0,0,0
61799,2,1,1983,0,0,0,0,0,0,0,0,0,0
61799,3,1,1983,0,0,0,0,0,0,0,28,0,0
61800,1,1,1983,30,30,30,30,30,30,30,30,30,30
61800,2,1,1983,0,0,0,15,0,27,0,0,0,0
61800,3,1,1983,0,0,11,0,0,0,0,0,0,0
61800,4,1,1983,0,0,0,0,0,0,10,0,0,0
61801,1,1,1983,14,14,14,14,14,14,14,14,14,14
61802,0,1,1983,0,0,0,0,0,0,0,0,0,0
61802,1,1,1983,0,0,0,0,0,0,0,0,0,0
61803,1,1,1983,25,25,25,25,25,25,25,25,25,25
61803,2,1,1983,0,0,0,0,0,0,0,0,0,0
61803,3,1,1983,0,0,0,0,0,0,14,0,16,24
61804,1,1,1983,0,0,0,0,0,0,0,0,0,0
61805,1,1,1983,20,20,20,20,20,20,20,20,20,20
61805,2,1,1983,0,0,0,0,0,0,0,0,0,0
61806,1,1,1983,9,9,9,9,9,9,9,9,9,9
61807,1,1,1983,0,0,5,0,0,19,0,2,14,0
61807,2,1,1983,0,0,0,0,0,0,0,0,0,0
61808,1,1,1983,0,0,0,0,0,0,0,0,0,0
61809,1,1,1983,0,0,0,0,0,0,0,0,0,0
61809,2,1,1983,0,0,0,0,4,0,0,0,0,0
61810,1,1,1983,19,19,19,19,19,19,19,19,19,19
61810,2,1,1983,0,21,0,0,0,0,0,0,0,0
61811,1,1,1983,30,30,30,30,30,30,30,30,30,30
61813,1,1,1983,18,13,0,0,3,0,13,0,0,18
61814,1,1,1983,0,0,0,0,0,0,0,0,0,0
61814,2,1,1983,6,6,6,6,6,6,6,6,6,6
61815,1,1,1983,0,0,0,0,0,0,0,0,0,0
61816,1,1,1983,5,0,12,0,17,21,19,25,7,16
61816,2,1,1983,11,11,11,11,11,11,11,11,11,11
61817,1,1,1983,18,18,18,18,18,18,18,18,18,18
61817,2,1,1983,0,0,0,0,12,0,0,0,22,0
61818,1,1,1983,22,22,22,22,22,22,22,22,22,22
61819,1,1,1983,0,18,8,23,0,21,23,11,10,14
61820,1,1,1983,23,15,17,9,16,0,19,16,29,0
61821,0,1,1983,0,0,0,0,0,0,0,0,0,0
61821,1,1,1983,18,10,0,25,9,17,0,9,9,0
61822,1,3,1983,0,0,0,8,16,30,13,3,0,13
61822,2,1,1983,0,0,0,0,0,0,0,0,0,0
61823,1,1,1983,10,20,16,0,5,0,0,0,8,9
61824,1,1,1983,0,0,0,0,0,0,0,0,0,0
61824,2,1,1983,0,0,0,0,0,0,0,0,0,0
61825,1,1,1983,0,0,0,0,0,0,0,0,0,0
61826,1,1,1983,0,0,0,0,0,0,0,0,0,0
61826,2,1,1983,0,0,0,0,0,0,0,0,0,0
61826,3,1,1983,0,0,0,0,0,0,26,0,0,0
61827,0,1,1983,0,0,0,0,0,0,0,0,0,0
61827,1,1,1983,0,0,7,0,0,0,0,0,0,0
61828,1,1,1983,0,0,0,0,0,0,0,0,0,0
61828,2,1,1983,0,0,0,0,0,0,0,0,0,0
61829,0,1,1983,13,13,13,13,13,13,13,13,13,13
61829,1,1,1983,7,29,14,0,12,16,9,0,29,19
61830,1,1,1983,0,0,0,0,0,0,0,0,0,0
61831,0,1,1983,10,16,12,31,32,15,33,12,33,23
61831,1,1,1983,23,12,10,13,14,17,15,0,4,0
61832,1,1,1983,12,12,12,12,12,12,12,12,12,12
61833,1,1,1983,21,21,21,21,21,21,21,21,21,21
61833,2,1,1983,6,0,29,12,12,23,13,18,0,14
61834,1,1,1983,0,0,0,0,0,0,0,0,0,0
61834,2,1,1983,0,0,0,0,0,0,0,0,0,0
61835,0,1,1983,0,0,0,0,0,0,0,0,0,0
61835,1,1,1983,1,1,1,1,1,1,1,1,1,1
61835,2,1,1983,0,0,0,7,0,0,0,0,0,0
61836,1,1,1983,0,0,0,0,0,6,0,0,0,0
61836,2,1,1983,28,28,28,28,28,28,28,28,28,28
61837,1,1,1983,7,7,7,7,7,7,7,7,7,7
61838,1,1,1983,19,19,19,19,19,19,19,19,19,19
61839,1,1,1983,20,20,20,20,20,20,20,20,20,20
61839,2,1,1983,0,0,0,4,0,0,0,0,0,0
61840,1,1,1983,0,0,0,0,0,0,0,0,0,0
61841,1,1,1983,0,0,0,0,0,0,0,0,0,0
61842,1,1,1983,22,22,22,22,22,22,22,22,22,22
61843,1,1,1983,15,15,15,15,15,15,15,15,15,15
61844,1,1,1983,20,0,47,12,0,8,17,15,19,0
61845,1,1,1983,0,14,0,21,19,18,0,12,11,14
61846,1,1,1983,0,0,0,0,0,0,0,0,0,0
61846,2,1,1983,0,0,0,0,0,0,0,0,0,0
61846,3,1,1983,26,0,0,0,0,0,0,0,0,0
61847,1,1,1983,17,17,17,17,17,17,17,17,17,17
61847,2,1,1983,4,4,4,4,4,4,4,4,4,4
61848,1,1,1983,9,7,13,11,13,4,7,8,13,30
61849,1,1,1983,20,20,20,20,20,20,20,20,20,20
61849,2,1,1983,0,0,0,0,0,0,0,0,0,0
61850,1,1,1983,12,12,12,12,12,12,12,12,12,12
61851,1,1,1983,10,10,10,10,10,10,10,10,10,10
61852,0,1,1983,6,6,6,6,6,6,6,6,6,6
61852,1,1,1983,15,15,15,15,15,15,15,15,15,15
61853,1,1,1983,17,17,17,17,17,17,17,17,17,17
61854,1,1,1983,0,0,0,0,0,0,0,0,0,0
61854,2,1,1983,0,0,0,0,0,0,0,0,6,0
61855,1,1,1983,0,0,0,8,22,17,10,7,19,0
61856,1,1,1983,2,2,2,2,2,2,2,2,2,2
61857,1,1,1983,0,0,0,0,0,0,0,0,0,0
61858,0,1,1983,39,39,39,39,39,39,39,39,39,39
61858,1,1,1983,0,0,0,0,23,0,0,0,0,0
61859,1,1,1983,0,0,0,0,0,0,0,0,0,0
61859,2,1,1983,0,0,0,0,0,0,0,17,0,0
61860,1,1,1983,0,0,0,0,0,0,0,0,0,0
61860,2,1,1983,16,0,0,0,0,0,0,0,0,0
61861,1,1,1983,2,2,2,2,2,2,2,2,2,2
61862,1,1,1983,25,25,25,25,25,25,25,25,25,25
61862,2,1,1983,5,0,25,0,0,0,0,0,0,0
61863,1,1,1983,0,0,0,0,0,0,0,0,0,0
61864,1,1,1983,0,0,0,0,0,0,0,0,0,0
61865,1,1,1983,27,0,6,14,8,12,0,0,0,0
61866,1,1,1983,0,0,0,0,0,0,0,0,0,0
61866,2,1,1983,0,0,0,0,0,0,0,0,0,0
61867,1,1,1983,10,10,10,10,10,10,10,10,10,10
61867,2,1,1983,0,0,0,0,0,20,0,0,0,0
61868,1,1,1983,10,5,21,3,13,15,17,12,21,6
61868,2,1,1983,8,8,8,8,8,8,8,8,8,8
61869,1,1,1983,19,19,19,19,19,19,19,19,19,19
61870,1,1,1983,19,19,19,19,19,19,19,19,19,19
61870,2,1,1983,0,0,0,0,0,0,0,22,0,0
61871,1,1,1983,7,7,7,7,7,7,7,7,7,7
61872,1,1,1983,19,19,19,19,19,19,19,19,19,19
61873,0,1,1983,0,0,0,0,0,0,0,0,0,0
61873,1,1,1983,9,9,9,9,9,9,9,9,9,9
61874,0,1,1983,16,16,16,16,16,16,16,16,16,16
61874,1,1,1983,10,11,16,16,0,8,33,13,17,0
61875,0,1,1983,40,40,40,40,40,40,40,40,40,40
61875,1,1,1983,0,23,0,0,8,0,0,12,11,23
61875,2,1,1983,0,24,0,0,0,0,0,0,0,0
61876,1,1,1983,0,0,0,0,0,0,0,0,0,0
61877,1,1,1983,1,1,1,1,1,1,1,1,1,1
61877,2,1,1983,0,0,0,0,0,0,10,0,0,0
61877,3,1,1983,0,0,0,0,0,0,0,0,0,12
61878,1,1,1983,17,0,0,3,0,0,0,0,0,0
61879,1,1,1983,9,9,9,9,9,9,9,9,9,9
61880,1,1,1983,10,10,10,10,10,10,10,10,10,10
61881,0,1,1983,26,26,26,26,26,26,26,26,26,26
61881,1,1,1983,0,0,0,21,22,0,23,22,26,21
61882,1,1,1983,0,0,0,0,0,0,0,0,0,0
61883,0,1,1983,0,0,0,0,0,0,0,0,0,0
61883,1,1,1983,0,0,0,0,0,0,0,0,0,0
61884,1,1,1983,0,0,0,0,0,0,0,0,0,0
61885,1,1,1983,0,0,0,0,0,0,0,0,0,0
61886,1,1,1983,15,15,15,15,15,15,15,15,15,15
61887,1,1,1983,0,7,0,0,0,0,0,0,0,0
61887,2,1,1983,0,0,0,0,0,0,0,0,12,0
61888,0,1,1983,4,0,0,0,9,0,20,19,14,0
61888,1,1,1983,0,0,13,0,0,0,0,0,6,0
61889,1,1,1983,19,19,19,19,19,19,19,19,19,19
61889,2,1,1983,0,0,0,0,0,0,0,0,0,0
61890,1,1,1983,0,0,11,0,0,0,0,0,0,0
61890,2,1,1983,0,0,23,0,0,0,0,0,17,0
61890,3,1,1983,31,31,31,31,31,31,31,31,31,31
61891,1,1,1983,0,0,0,0,0,0,0,0,0,0
61891,2,1,1983,0,0,26,0,0,0,0,0,0,0
61892,1,1,1983,31,31,31,31,31,31,31,31,31,31
61893,1,1,1983,0,0,0,0,0,0,0,0,0,0
61894,1,1,1983,11,11,11,11,11,11,11,11,11,11
61895,1,1,1983,24,24,24,24,24,24,24,24,24,24
61896,1,1,1983,0,0,0,0,0,0,0,0,0,0
61896,2,1,1983,9,30,13,10,16,17,15,8,19,11
61897,1,1,1983,0,0,0,0,0,0,0,0,0,0
61898,1,1,1983,21,21,21,21,21,21,21,21,21,21
61899,1,1,1983,21,21,21,21,21,21,21,21,21,21
61900,1,1,1983,1,1,1,1,1,1,1,1,1,1
61901,1,1,1983,0,18,0,0,0,5,0,0,28,0
61902,1,1,1983,0,0,0,0,0,0,0,0,0,0
61903,1,1,1983,21,21,21,21,21,21,21,21,21,21
61904,1,1,1983,0,0,0,0,0,0,0,0,0,0
61904,2,1,1983,0,0,0,0,0,0,0,0,0,0
61904,3,1,1983,0,0,0,0,0,0,0,0,0,0
61905,1,1,1983,25,25,25,25,25,25,25,25,25,25
61907,1,1,1983,0,9,0,0,17,0,0,10,0,0
61907,2,1,1983,0,0,0,0,0,0,0,0,0,0
61908,1,1,1983,0,0,8,0,0,14,0,0,0,0
61909,0,1,1983,23,23,23,23,23,23,23,23,23,23
61909,1,1,1983,0,0,0,0,0,0,0,0,0,0
61910,0,1,1983,23,23,23,23,23,23,23,23,23,23
61910,1,1,1983,0,15,0,18,16,13,25,0,27,20
61911,1,1,1983,25,25,25,25,25,25,25,25,25,25
61911,2,1,1983,13,13,13,13,13,13,13,13,13,13
61912,1,1,1983,0,0,0,0,0,0,0,0,0,0
61912,2,1,1983,0,0,0,0,0,0,0,0,0,0
61913,1,1,1983,0,0,0,0,0,0,0,0,0,0
61913,2,1,1983,0,0,0,0,0,0,0,0,0,0
61913,3,1,1983,0,0,0,0,0,0,0,0,0,0
61914,1,3,1983,0,0,0,0,0,0,0,0,0,0
61914,2,1,1983,0,0,0,0,0,0,0,0,0,0
61915,1,1,1983,23,23,23,23,23,23,23,23,23,23
61915,2,1,1983,0,0,0,0,0,0,0,0,0,0
61916,1,1,1983,23,23,23,23,23,23,23,23,23,23
61917,1,1,1983,13,13,13,13,13,13,13,13,13,13
61918,1,1,1983,19,19,19,19,19,19,19,19,19,19
61918,2,1,1983,0,23,19,17,0,4,0,18,15,15
61918,3,1,1983,0,0,0,0,0,0,6,0,0,0
61919,1,1,1983,27,27,27,27,27,27,27,27,27,27
61920,1,1,1983,0,0,0,0,0,0,0,0,0,0
61921,1,1,1983,13,13,13,13,13,13,13,13,13,13
61921,2,2,1983,0,0,0,0,0,0,0,0,0,0
61922,1,1,1983,18,18,18,18,18,18,18,18,18,18
61923,1,1,1983,38,38,38,38,38,38,38,38,38,38
61924,1,1,1983,0,0,0,0,10,0,0,10,0,0
61924,2,1,1983,0,0,0,0,0,0,0,0,0,38
61925,1,1,1983,5,5,5,5,5,5,5,5,5,5
61926,1,1,1983,0,11,0,0,0,0,0,0,0,0
61926,2,1,1983,0,0,0,0,0,0,0,0,0,0
61927,1,1,1983,10,10,10,10,10,10,10,10,10,10
61927,2,1,1983,23,23,23,23,23,23,23,23,23,23
61928,1,1,1983,1,1,1,1,1,1,1,1,1,1
61928,2,1,1983,0,0,0,0,0,0,0,0,0,0
61929,0,1,1983,0,0,0,0,0,0,0,0,0,0
61929,1,1,1983,17,17,17,17,17,17,17,17,17,17
61930,0,1,1983,7,7,7,7,7,7,7,7,7,7
61930,1,1,1983,0,0,0,0,0,0,0,0,0,0
61931,1,1,1983,11,11,11,11,11,11,11,11,11,11
61932,1,1,1983,19,19,19,19,19,19,19,19,19,19