ST_CASE,VEH_NO,PER_NO,YEAR,P1,P2,P3,P4,P5,P6,P7,P8,P9,P10
61933,1,1,1983,0,0,0,0,0,0,0,0,0,0
61933,2,1,1983,0,0,0,0,0,0,0,0,0,0
61934,1,1,1983,0,0,0,0,0,0,0,0,0,0
61935,0,1,1983,0,0,0,0,0,0,0,0,0,0
61935,1,1,1983,0,27,0,0,0,0,0,10,8,17
61936,1,1,1983,22,22,22,22,22,22,22,22,22,22
61937,1,1,1983,9,9,9,9,9,9,9,9,9,9
61938,0,1,1983,0,0,0,0,0,0,0,0,0,0
61938,1,1,1983,0,0,0,0,0,0,0,0,0,0
61939,1,1,1983,21,21,21,21,21,21,21,21,21,21
61940,1,1,1983,13,13,13,13,13,13,13,13,13,13
61940,2,1,1983,0,0,0,27,0,0,0,11,0,17
61941,0,1,1983,15,15,15,15,15,15,15,15,15,15
61941,1,1,1983,13,13,13,13,13,13,13,13,13,13
61942,0,1,1983,0,0,0,0,0,0,0,0,0,0
61942,1,1,1983,0,0,0,0,0,0,0,0,0,0
61943,0,1,1983,0,0,0,0,0,0,0,0,0,0
61943,1,1,1983,0,0,0,0,0,0,0,0,0,0
61944,0,1,1983,27,27,27,27,27,27,27,27,27,27
61944,1,1,1983,0,14,19,0,25,0,20,0,35,15
61945,1,1,1983,0,0,14,0,0,0,18,0,0,0
61945,2,1,1983,0,0,0,0,0,0,0,10,0,0
61946,1,1,1983,19,19,19,19,19,19,19,19,19,19
61946,2,1,1983,0,0,0,0,0,0,0,0,0,0
61946,3,1,1983,0,0,0,0,0,0,0,0,0,0
61947,1,1,1983,7,7,7,7,7,7,7,7,7,7
61948,0,1,1983,33,33,33,33,33,33,33,33,33,33
61948,1,1,1983,0,0,0,0,0,0,0,0,0,0
61949,1,1,1983,0,0,0,0,0,0,0,0,0,0
61949,2,1,1983,0,0,0,0,0,11,0,0,0,0
61950,1,1,1983,0,0,0,0,22,0,0,0,0,0
61950,2,1,1983,0,0,0,0,0,0,0,0,0,0
61951,1,1,1983,18,18,18,18,18,18,18,18,18,18
61952,1,1,1983,12,23,21,11,0,23,7,14,14,10
61953,1,1,1983,3,3,3,3,3,3,3,3,3,3
61953,2,1,1983,0,0,0,0,0,0,0,0,0,0
61954,0,1,1983,0,0,0,0,0,0,0,0,0,0
61954,1,1,1983,0,0,17,0,0,0,0,0,0,0
61955,1,1,1983,0,0,0,0,0,0,0,0,0,0
61955,2,1,1983,0,0,0,0,0,0,0,0,0,0
61956,1,1,1983,18,18,18,18,18,18,18,18,18,18
61956,2,1,1983,14,9,18,0,22,12,5,8,8,23
61957,1,1,1983,0,0,0,0,0,0,0,0,0,0
61958,1,1,1983,0,0,0,0,0,0,0,0,0,0
61958,2,1,1983,0,0,0,0,0,0,0,0,0,0
61959,1,1,1983,25,25,25,25,25,25,25,25,25,25
61960,0,1,1983,0,0,29,10,11,8,20,9,0,0
61960,1,1,1983,15,15,15,15,15,15,15,15,15,15
61961,1,1,1983,0,0,0,0,0,0,0,0,0,0
61961,2,1,1983,0,0,0,0,0,0,0,0,0,0
61962,1,1,1983,17,17,17,17,17,17,17,17,17,17
61963,1,1,1983,0,0,0,0,0,0,0,0,0,4
61963,2,1,1983,0,0,0,0,0,0,0,0,0,0
61964,1,1,1983,0,0,0,0,0,0,0,0,0,0
61965,1,1,1983,12,0,10,5,17,22,22,13,22,13
61966,1,1,1983,14,14,14,14,14,14,14,14,14,14
61967,1,1,1983,0,0,0,0,0,21,0,15,0,0
61967,2,1,1983,0,13,0,0,0,0,0,0,0,0
61968,1,1,1983,0,0,0,0,0,18,0,22,0,0
61968,2,1,1983,0,0,0,0,0,0,0,0,0,0
61969,1,1,1983,0,0,0,0,0,0,0,0,0,0
61969,2,1,1983,0,0,0,0,0,0,0,0,0,0
61969,3,1,1983,0,0,0,0,0,0,0,0,7,0
61970,1,1,1983,0,0,0,0,0,0,0,0,0,0
61970,2,1,1983,0,0,0,0,0,0,0,0,0,0
61971,0,1,1983,0,0,0,0,0,0,0,0,0,0
61971,1,1,1983,27,0,7,21,0,15,12,9,14,16
61972,1,1,1983,0,0,0,0,0,0,0,0,0,0
61972,2,1,1983,0,0,0,0,0,0,0,0,0,0
61973,1,1,1983,19,19,19,19,19,19,19,19,19,19
61973,2,1,1983,0,0,0,0,0,0,0,0,0,0
61974,1,1,1983,5,5,5,5,5,5,5,5,5,5
61975,1,1,1983,21,21,21,21,21,21,21,21,21,21
61976,0,1,1983,12,12,12,12,12,12,12,12,12,12
61976,1,1,1983,18,12,9,9,21,20,17,27,25,13
61977,1,1,1983,0,0,0,0,0,0,0,0,0,0
61977,2,1,1983,0,0,0,0,0,0,0,0,0,0
61978,1,1,1983,0,0,0,0,0,0,0,0,0,0
61979,1,1,1983,15,0,7,0,0,0,0,0,9,0
61980,0,1,1983,0,0,0,18,15,0,0,0,0,0
61980,1,1,1983,0,0,0,0,0,0,0,0,0,0
61981,1,1,1983,21,0,5,5,5,16,0,20,11,9
61982,1,1,1983,0,0,0,0,0,0,0,0,0,0
61982,2,1,1983,0,0,0,0,0,0,0,0,0,17
61983,1,1,1983,0,0,0,0,0,0,0,12,0,0
61983,2,1,1983,0,13,0,0,0,0,0,6,0,28
61984,1,1,1983,0,0,0,0,0,0,0,0,0,0
61985,1,1,1983,0,0,0,0,0,0,0,0,0,0
61986,0,1,1983,0,0,0,0,0,0,0,0,0,0
61986,1,1,1983,0,0,0,0,0,0,0,0,0,0
61986,2,1,1983,22,0,0,0,0,0,0,0,0,0
61987,1,1,1983,29,29,29,29,29,29,29,29,29,29
61988,1,1,1983,0,0,0,0,0,0,0,0,0,0
61989,1,1,1983,0,0,0,0,0,0,0,0,0,0
61990,1,1,1983,16,16,16,16,16,16,16,16,16,16
61991,1,1,1983,28,28,28,28,28,28,28,28,28,28
61992,1,1,1983,4,4,4,4,4,4,4,4,4,4
61993,1,1,1983,13,13,13,13,13,13,13,13,13,13
61993,2,1,1983,0,0,0,0,0,0,0,0,0,0
61994,1,1,1983,17,13,36,16,12,12,9,7,10,9
61995,0,1,1983,0,0,0,0,0,0,0,0,0,0
61995,1,1,1983,25,25,25,25,25,25,25,25,25,25
61996,1,1,1983,3,3,3,3,3,3,3,3,3,3
61997,1,1,1983,0,20,0,0,0,0,0,0,0,0
61997,2,1,1983,0,0,0,0,0,0,0,0,0,0
61998,1,1,1983,0,0,0,26,0,0,0,0,0,0
61999,0,1,1983,0,0,0,0,0,0,0,0,0,0
61999,1,1,1983,0,0,0,0,0,0,0,0,0,0
62000,1,1,1983,23,15,13,11,11,15,18,9,11,33
62001,1,1,1983,10,15,23,12,20,28,17,0,27,23
62002,0,1,1983,24,24,24,24,24,24,24,24,24,24
62002,1,1,1983,0,0,0,0,0,0,0,0,0,0
62003,0,1,1983,0,0,0,0,0,0,0,0,0,0
62003,1,1,1983,6,6,6,6,6,6,6,6,6,6
62004,1,1,1983,2,8,3,0,11,7,8,11,6,16
62004,2,1,1983,12,26,22,7,10,11,17,17,27,15
62004,3,1,1983,12,3,5,19,9,0,24,16,22,6
62005,0,1,1983,0,0,0,0,0,0,0,0,0,0
62005,1,1,1983,0,0,0,0,0,0,0,0,0,0
62006,1,1,1983,0,0,0,0,0,0,0,0,0,0
62006,2,1,1983,0,0,0,0,0,0,0,0,0,0
62007,1,1,1983,15,15,15,15,15,15,15,15,15,15
62008,1,1,1983,0,0,0,0,0,0,0,0,0,0
62008,2,1,1983,0,0,0,0,0,0,0,0,0,0
62009,1,1,1983,0,0,0,0,0,0,0,0,0,0
62010,1,1,1983,21,21,21,21,21,21,21,21,21,21
62011,0,1,1983,30,30,30,30,30,30,30,30,30,30
62011,1,1,1983,13,28,4,18,6,0,22,0,12,6
62012,1,1,1983,0,0,0,0,0,0,0,0,0,0
62013,1,1,1983,0,0,0,0,0,0,0,0,0,0
62014,1,1,1983,0,0,0,0,0,0,0,0,0,0
62014,2,1,1983,0,0,0,0,0,0,0,0,0,0
62015,1,1,1983,0,0,0,0,0,0,0,0,0,0
62016,1,1,1983,0,0,0,0,0,0,0,0,0,0
62016,2,1,1983,0,0,0,0,0,0,0,0,0,0
62017,1,1,1983,19,19,19,19,19,19,19,19,19,19
62018,1,1,1983,20,20,20,20,20,20,20,20,20,20
62018,2,1,1983,0,0,0,0,0,0,0,0,0,0
62018,3,1,1983,0,0,0,0,0,0,0,0,0,0
62019,1,1,1983,9,9,9,9,9,9,9,9,9,9
62019,2,1,1983,10,16,12,0,11,34,0,0,0,15
62020,1,1,1983,0,0,0,0,0,0,0,0,0,0
62021,0,1,1983,0,0,0,0,0,0,0,0,0,0
62021,1,1,1983,0,0,16,0,0,0,0,0,0,0
62022,1,1,1983,0,0,0,0,0,0,0,0,0,0
62022,2,1,1983,0,0,0,0,0,0,7,0,0,0
62023,0,1,1983,0,0,0,0,0,0,0,0,0,0
62023,1,1,1983,0,0,0,0,0,0,0,0,0,0
62024,1,1,1983,0,0,0,0,0,0,0,0,0,0
62024,2,1,1983,0,0,0,0,0,0,0,0,0,0
62025,0,1,1983,0,0,0,0,0,0,0,0,0,0
62025,1,1,1983,0,0,0,0,0,0,0,0,0,0
62026,1,1,1983,0,0,0,0,0,0,0,0,0,0
62026,2,1,1983,0,0,0,0,0,0,0,0,0,0
62027,1,1,1983,0,0,0,0,0,0,0,0,0,0
62027,2,1,1983,12,12,12,12,12,12,12,12,12,12
62028,1,1,1983,0,0,0,0,0,0,0,0,0,0
62029,1,1,1983,16,16,16,16,16,16,16,16,16,16
62030,1,1,1983,0,0,0,0,0,0,0,0,0,0
62030,2,1,1983,0,0,0,0,0,0,0,0,0,0
62031,1,1,1983,0,0,13,0,0,0,0,0,0,0
62031,2,1,1983,0,0,0,0,0,0,0,0,0,0
62032,1,1,1983,9,9,9,9,9,9,9,9,9,9
62032,2,1,1983,0,0,0,0,0,0,0,0,0,0
62033,1,1,1983,0,0,0,0,0,0,0,0,0,0
62033,2,1,1983,0,0,0,0,0,0,0,0,0,0
62034,1,1,1983,0,0,0,0,0,0,0,0,0,0
62034,2,1,1983,0,0,0,0,0,0,0,0,0,0
62035,2,1,1983,0,0,0,0,0,0,0,0,0,0
62036,1,1,1983,18,18,18,18,18,18,18,18,18,18
62037,0,1,1983,24,24,24,24,24,24,24,24,24,24
62037,1,1,1983,0,0,0,0,0,0,0,13,0,0
62037,2,1,1983,0,5,15,0,0,0,0,0,0,0
62038,0,1,1983,0,0,0,12,0,13,0,0,0,0
62038,1,1,1983,6,12,4,4,8,0,6,4,17,11
62039,1,1,1983,19,19,19,19,19,19,19,19,19,19
62040,0,1,1983,16,16,16,16,16,16,16,16,16,16
62040,0,2,1983,29,31,0,0,18,0,0,0,0,0
62040,1,1,1983,22,0,0,0,0,15,0,0,0,0
62040,2,1,1983,0,0,0,0,0,20,0,0,0,0
62041,0,1,1983,0,0,0,0,0,0,0,0,0,0
62041,1,1,1983,0,0,0,0,0,0,0,0,0,0
62042,1,1,1983,26,9,11,0,0,6,10,15,21,19
62043,1,1,1983,21,21,21,21,21,21,21,21,21,21
62044,1,1,1983,20,20,20,20,20,20,20,20,20,20
62044,2,1,1983,0,0,0,0,12,0,0,16,9,0
62045,1,2,1983,9,2,13,20,7,10,0,16,15,17
62046,1,1,1983,11,11,11,11,11,11,11,11,11,11
62047,1,1,1983,24,24,24,24,24,24,24,24,24,24
62048,1,1,1983,0,0,0,0,16,0,0,0,0,0
62048,2,1,1983,19,19,19,19,19,19,19,19,19,19
62049,1,1,1983,0,0,0,0,0,0,0,0,0,0
62050,1,1,1983,18,18,18,18,18,18,18,18,18,18
62051,1,1,1983,0,0,0,0,0,0,0,0,0,0
62051,2,1,1983,0,0,0,0,0,0,0,0,0,0
62052,1,1,1983,16,16,16,16,16,16,16,16,16,16
62052,2,1,1983,5,12,15,7,0,0,15,0,0,7
62052,3,1,1983,0,0,6,0,13,24,0,10,0,0
62053,1,1,1983,0,3,0,0,0,0,0,12,0,0
62053,2,1,1983,0,0,0,0,0,0,0,0,0,0
62054,1,1,1983,24,24,24,24,24,24,24,24,24,24
62055,0,1,1983,0,0,0,0,0,0,0,0,0,0
62055,1,1,1983,0,0,0,0,0,0,0,0,0,0
62056,0,1,1983,0,0,0,0,0,0,0,0,0,0
62056,1,1,1983,0,0,0,0,0,0,0,0,0,0
62057,1,1,1983,5,5,5,5,5,5,5,5,5,5
62057,2,1,1983,0,0,0,0,0,0,0,0,0,0
62058,1,1,1983,16,16,16,16,16,16,16,16,16,16
62059,1,1,1983,0,0,0,0,0,0,0,0,0,0
62060,1,1,1983,0,0,0,0,0,0,0,0,10,0
62060,2,1,1983,0,0,0,0,0,0,0,0,0,0
62061,1,1,1983,21,21,21,21,21,21,21,21,21,21
62061,2,1,1983,14,0,14,19,16,13,4,0,23,9
62061,3,1,1983,0,13,0,0,0,0,0,0,0,0
62061,4,1,1983,0,0,0,0,0,0,0,0,0,0
62062,1,1,1983,0,0,0,0,0,0,0,17,0,0
62062,2,1,1983,0,0,0,0,0,0,0,0,0,0
62063,1,1,1983,12,12,12,12,12,12,12,12,12,12
62064,1,1,1983,18,18,18,18,18,18,18,18,18,18
62064,2,1,1983,0,0,0,0,0,0,0,0,0,0
62065,1,1,1983,14,14,14,14,14,14,14,14,14,14
62066,1,1,1983,0,0,0,0,0,0,0,0,0,0
62066,2,1,1983,0,0,0,0,0,0,0,0,0,0
62067,0,1,1983,0,0,0,0,0,0,0,0,0,0
62067,1,1,1983,0,16,0,0,0,0,0,0,0,18
62068,0,1,1983,9,13,0,0,0,19,0,26,0,0
62068,1,1,1983,0,2,0,0,37,20,0,0,0,0
62069,0,1,1983,0,0,0,24,0,0,21,0,0,0
62069,0,2,1983,0,0,0,0,0,0,0,0,0,0
62069,1,1,1983,0,0,0,0,0,0,0,0,0,0
62070,1,1,1983,0,0,0,0,0,0,0,0,0,0
62071,0,1,1983,36,36,36,36,36,36,36,36,36,36
62071,1,1,1983,33,5,41,0,27,29,21,13,2,31
62072,1,1,1983,17,17,17,17,17,17,17,17,17,17
62073,1,1,1983,0,0,0,0,0,0,0,0,0,0
62073,2,1,1983,0,26,0,0,0,0,0,0,0,0
62073,3,1,1983,0,0,11,0,0,0,0,0,0,0
62074,1,1,1983,10,10,10,10,10,10,10,10,10,10
62075,0,1,1983,15,15,15,15,15,15,15,15,15,15
62075,1,1,1983,0,0,0,0,0,0,0,0,0,0
62076,1,1,1983,12,12,12,12,12,12,12,12,12,12
62077,1,1,1983,15,15,15,15,15,15,15,15,15,15
62078,1,1,1983,22,22,22,22,22,22,22,22,22,22
62079,1,1,1983,41,41,41,41,41,41,41,41,41,41
62079,2,1,1983,7,0,0,0,0,0,38,25,0,23
62080,1,1,1983,24,6,11,6,14,16,23,15,11,17
62080,2,1,1983,14,3,21,9,0,14,12,11,7,9
62081,1,1,1983,0,0,0,0,0,0,0,0,0,0
62081,2,1,1983,0,0,0,0,0,0,15,0,0,0
62082,1,1,1983,0,0,0,0,0,0,0,0,0,0
62082,2,1,1983,0,0,0,0,0,0,0,0,0,0
62083,0,1,1983,0,0,0,0,0,0,0,0,0,0
62083,1,1,1983,0,0,0,20,0,0,0,0,0,0
62084,1,1,1983,25,25,25,25,25,25,25,25,25,25
62085,1,1,1983,12,12,12,12,12,12,12,12,12,12
62086,1,1,1983,23,23,23,23,23,23,23,23,23,23
62087,1,1,1983,0,0,23,0,0,17,0,29,0,0
62087,2,1,1983,13,13,13,13,13,13,13,13,13,13
62088,1,1,1983,17,17,17,17,17,17,17,17,17,17
62089,1,1,1983,2,2,2,2,2,2,2,2,2,2
62089,2,1,1983,17,17,17,17,17,17,17,17,17,17
62090,1,1,1983,0,0,0,0,0,0,0,0,0,0
62091,0,1,1983,21,21,21,21,21,21,21,21,21,21
62091,1,1,1983,0,0,0,0,0,0,0,0,0,0
62092,1,1,1983,11,11,11,11,11,11,11,11,11,11
62093,1,1,1983,19,19,19,19,19,19,19,19,19,19
62093,2,1,1983,0,0,0,0,0,0,0,9,0,12
62094,0,1,1983,0,0,0,0,0,0,0,0,0,0
62095,1,1,1983,10,10,10,10,10,10,10,10,10,10
62096,1,1,1983,0,0,0,0,0,0,0,0,0,0
62097,1,1,1983,0,0,0,0,0,0,0,0,0,0
62097,2,1,1983,0,0,0,0,0,0,0,0,0,0
62098,1,1,1983,0,0,0,0,0,0,0,0,0,0
62099,0,1,1983,0,0,0,0,0,0,0,0,0,0
62099,1,1,1983,0,0,0,0,0,0,0,0,0,11
62100,0,1,1983,0,0,0,0,0,0,0,0,0,0
62100,1,1,1983,0,0,0,0,0,0,0,0,0,0
62101,1,1,1983,20,20,20,20,20,20,20,20,20,20
62102,1,1,1983,0,0,0,0,0,0,0,0,0,0
62102,2,2,1983,0,0,0,0,0,0,0,0,0,0
62103,1,1,1983,13,0,21,22,35,8,0,25,22,3
62103,2,1,1983,0,0,0,0,0,0,0,0,0,0
62104,1,1,1983,16,16,16,16,16,16,16,16,16,16
62105,1,1,1983,0,0,0,22,0,0,0,0,0,7
62105,2,1,1983,0,0,0,0,0,0,0,0,0,0
62106,1,1,1983,0,0,0,0,0,0,0,0,0,0
62106,2,1,1983,6,6,6,6,6,6,6,6,6,6
62107,0,1,1983,0,0,0,0,0,0,0,0,0,0
62107,1,1,1983,17,7,19,5,23,14,20,15,6,9
62108,0,1,1983,4,4,4,4,4,4,4,4,4,4
62108,1,1,1983,0,22,17,6,6,14,5,6,27,11
62109,1,1,1983,16,16,16,16,16,16,16,16,16,16
62110,1,1,1983,2,2,2,2,2,2,2,2,2,2
62111,1,1,1983,15,15,15,15,15,15,15,15,15,15
62112,1,1,1983,5,5,5,5,5,5,5,5,5,5
62113,1,1,1983,0,0,0,0,0,0,0,0,0,0
62114,1,1,1983,10,10,10,10,10,10,10,10,10,10
62114,2,1,1983,0,0,0,0,0,0,0,0,0,0
62114,3,1,1983,0,0,0,0,0,0,0,0,0,0
62114,4,1,1983,0,0,0,0,0,0,0,0,0,0
62115,1,1,1983,6,6,6,6,6,6,6,6,6,6
62115,2,1,1983,0,0,0,0,0,0,0,0,0,0
62116,1,1,1983,14,14,14,14,14,14,14,14,14,14
62117,1,1,1983,23,23,23,23,23,23,23,23,23,23
62117,2,1,1983,0,0,0,0,0,0,0,0,0,0
62118,1,1,1983,13,13,13,13,13,13,13,13,13,13
62119,1,1,1983,0,0,0,11,0,0,0,13,0,0
62120,1,1,1983,10,10,10,10,10,10,10,10,10,10
62120,2,1,1983,0,0,0,0,0,0,0,0,0,0
62120,3,1,1983,0,13,17,1,0,0,25,0,0,0
62120,4,1,1983,0,15,19,16,0,0,0,0,12,16
62121,0,1,1983,0,0,0,0,0,0,0,0,0,0
62122,0,1,1983,0,0,0,0,0,0,0,0,0,0
62122,1,1,1983,0,0,0,0,0,0,6,0,0,12
62123,0,1,1983,0,0,0,0,0,0,0,0,0,0
62123,1,1,1983,10,9,17,10,25,29,17,18,3,19
62124,0,1,1983,0,0,0,0,0,0,0,0,0,0
62124,1,1,1983,0,0,0,0,0,0,0,0,0,0
62125,1,1,1983,0,0,0,0,0,0,0,0,0,0
62125,2,1,1983,28,20,0,0,0,5,0,10,0,0
62126,1,1,1983,0,0,0,0,0,0,0,0,0,0
62126,2,1,1983,0,0,0,0,0,0,0,0,0,0
62127,1,1,1983,0,0,0,0,0,0,0,0,0,0
62128,1,1,1983,0,10,15,0,15,0,9,0,0,0
62129,1,1,1983,1,1,1,1,1,1,1,1,1,1
62130,1,1,1983,23,23,23,23,23,23,23,23,23,23
62131,1,1,1983,0,0,0,0,0,0,0,0,0,0
62131,2,1,1983,0,0,0,0,0,0,0,0,0,17
62131,3,1,1983,0,0,0,0,0,0,0,0,0,0
62132,1,1,1983,0,0,0,0,0,0,0,0,0,0
62132,2,1,1983,0,0,0,0,0,0,0,0,0,0
62133,0,1,1983,25,25,25,25,25,25,25,25,25,25
62133,1,1,1983,0,0,0,16,0,0,8,0,0,0
62134,1,1,1983,0,0,0,0,0,0,0,0,0,0
62134,2,1,1983,9,9,9,9,9,9,9,9,9,9
62135,1,1,1983,20,20,20,20,20,20,20,20,20,20
62135,2,1,1983,22,0,0,0,0,0,0,0,0,0
62136,1,1,1983,17,17,17,17,17,17,17,17,17,17
62136,2,1,1983,0,0,0,0,0,23,0,0,0,0
62137,1,1,1983,0,0,0,0,0,0,0,0,0,0
62137,2,1,1983,0,0,0,0,0,0,0,0,0,0
62138,1,1,1983,0,0,0,0,0,0,0,0,0,0
62138,2,1,1983,0,0,0,0,0,0,0,0,0,0
62139,1,1,1983,0,0,0,0,0,0,0,0,0,0
62140,1,1,1983,0,0,0,8,0,0,0,0,0,0
62140,2,1,1983,10,0,4,5,12,7,13,0,16,9
62141,1,1,1983,0,17,0,0,0,0,0,0,22,0
62142,1,1,1983,0,0,0,0,0,0,0,0,0,0
62142,2,1,1983,0,0,0,0,0,0,0,0,0,0
62143,1,1,1983,21,21,21,21,21,21,21,21,21,21
62143,2,4,1983,0,0,11,0,0,22,0,0,0,0
62143,3,1,1983,0,0,0,0,0,0,0,0,0,0
62144,1,1,1983,0,0,8,0,10,0,0,18,7,0
62145,0,1,1983,25,27,7,17,34,26,13,13,25,21
62145,1,1,1983,0,0,0,0,0,0,0,12,18,0
62146,1,1,1983,17,17,17,17,17,17,17,17,17,17
62147,1,1,1983,0,0,0,0,0,0,0,0,0,0
62148,1,1,1983,5,5,5,5,5,5,5,5,5,5
62149,1,1,1983,12,13,28,10,17,7,25,14,16,17
62149,2,1,1983,0,0,0,25,0,0,0,17,0,12
62150,1,1,1983,0,0,0,0,0,0,0,0,0,0
62151,1,1,1983,3,22,21,12,12,23,17,9,15,0
62151,2,1,1983,0,0,0,0,0,0,0,0,0,0
62152,1,1,1983,0,0,0,0,0,0,0,0,0,0
62152,2,1,1983,0,0,0,0,0,0,0,0,0,0
62153,1,1,1983,0,0,0,0,0,0,0,0,0,0
62154,1,1,1983,0,21,0,0,0,0,0,0,0,0
62155,0,1,1983,12,12,12,12,12,12,12,12,12,12
62155,1,1,1983,0,12,0,0,0,0,0,0,0,0
62156,1,1,1983,12,12,12,12,12,12,12,12,12,12
62156,2,1,1983,16,0,0,15,0,0,0,0,0,0
62157,0,1,1983,9,9,9,9,9,9,9,9,9,9
62157,1,1,1983,21,7,19,15,0,9,0,20,11,21
62158,1,1,1983,0,30,23,5,0,18,0,11,0,0
62158,2,1,1983,14,10,10,0,0,9,15,0,11,13
62159,0,1,1983,0,0,0,0,0,0,0,0,0,0
62159,1,1,1983,0,0,0,0,6,0,0,0,0,0
62160,1,1,1983,0,0,0,0,0,0,0,0,0,0
62161,0,1,1983,22,14,0,17,18,11,13,23,27,20
62161,1,1,1983,0,1,0,8,0,22,15,22,32,0
62162,1,1,1983,12,12,12,12,12,12,12,12,12,12
62163,0,1,1983,31,31,31,31,31,31,31,31,31,31
62163,1,1,1983,24,31,7,7,19,10,21,9,6,12
62164,1,1,1983,22,22,22,22,22,22,22,22,22,22
62165,1,1,1983,0,0,0,24,25,0,9,0,20,7
62166,1,1,1983,10,10,10,10,10,10,10,10,10,10
62167,0,1,1983,16,16,16,16,16,16,16,16,16,16
62167,1,1,1983,0,0,0,11,0,0,0,0,0,0
62168,1,1,1983,16,16,16,16,16,16,16,16,16,16
62168,2,1,1983,0,0,0,0,0,0,0,0,0,0
62169,1,1,1983,43,11,0,19,0,0,0,0,0,21
62169,2,1,1983,0,0,0,2,10,19,7,0,0,0
62170,1,1,1983,0,0,0,0,0,0,0,0,0,0
62171,1,1,1983,26,26,26,26,26,26,26,26,26,26
62172,1,1,1983,7,7,7,7,7,7,7,7,7,7
62173,1,1,1983,0,0,0,0,0,0,0,0,15,12
62173,2,1,1983,0,0,0,0,0,0,0,0,0,0
62175,1,1,1983,0,0,0,0,0,0,0,0,0,0
62176,0,1,1983,0,0,0,0,0,0,0,0,0,0
62176,1,1,1983,0,0,0,0,0,0,0,0,0,0
62177,1,1,1983,0,0,0,0,0,0,0,0,0,0
62178,1,1,1983,19,19,19,19,19,19,19,19,19,19
62179,1,1,1983,0,0,0,0,0,0,0,0,0,0
62180,1,1,1983,14,14,14,14,14,14,14,14,14,14
62180,2,1,1983,0,0,0,0,0,0,0,10,0,0
62181,1,1,1983,0,0,0,0,0,0,0,0,0,0
62182,1,1,1983,0,0,0,0,0,0,0,0,0,0
62182,2,1,1983,0,0,0,0,0,0,0,0,0,0
62183,1,1,1983,0,0,0,0,0,0,0,0,0,0
62183,2,1,1983,21,15,12,9,24,23,29,25,0,26
62183,3,1,1983,21,0,0,0,0,0,0,0,15,0
62184,0,1,1983,17,17,17,17,17,17,17,17,17,17
62184,1,1,1983,12,25,0,0,27,11,0,0,27,0
62185,0,1,1983,0,0,0,0,0,0,0,0,0,0
62185,1,1,1983,0,0,0,0,0,26,0,0,0,0
62186,1,1,1983,0,0,0,0,0,0,0,0,0,0
62187,1,1,1983,36,36,36,36,36,36,36,36,36,36
62188,1,1,1983,15,15,15,15,15,15,15,15,15,15
62188,2,1,1983,0,0,0,0,0,13,0,0,0,0
62189,1,1,1983,11,18,32,14,16,13,19,14,9,21
62190,1,1,1983,19,19,19,19,19,19,19,19,19,19
62191,1,1,1983,0,0,0,0,0,0,0,0,0,0
62191,2,1,1983,0,0,0,19,0,0,0,0,0,0
62192,1,1,1983,0,0,0,0,0,0,0,0,0,0
62192,2,1,1983,0,0,0,0,0,0,0,0,0,0
62193,1,1,1983,23,23,23,23,23,23,23,23,23,23
62194,1,1,1983,22,22,22,22,22,22,22,22,22,22
62195,1,1,1983,0,0,0,0,0,0,0,0,0,0
62195,2,1,1983,0,0,0,0,0,0,0,0,0,0
62196,1,1,1983,23,23,23,23,23,23,23,23,23,23
62197,0,1,1983,15,26,22,0,0,0,15,0,0,49
62197,1,1,1983,0,0,0,8,0,0,15,0,0,11
62197,2,1,1983,16,0,0,0,0,0,8,0,0,0
62198,1,1,1983,4,4,4,4,4,4,4,4,4,4
62199,0,1,1983,16,16,16,16,16,16,16,16,16,16
62199,1,1,1983,0,0,0,0,0,0,0,0,0,0
62200,1,1,1983,5,5,5,5,5,5,5,5,5,5
62200,2,1,1983,0,0,0,0,0,0,0,0,0,0
62201,1,1,1983,21,27,0,0,0,0,0,0,0,0
62202,0,1,1983,5,5,5,5,5,5,5,5,5,5
62202,1,1,1983,0,0,0,0,0,0,0,0,0,0
62203,1,1,1983,25,25,25,25,25,25,25,25,25,25
62204,1,1,1983,0,0,0,0,0,0,0,0,0,0
62205,0,1,1983,0,0,0,0,0,0,0,0,0,0
62205,1,1,1983,0,0,0,0,0,0,0,0,0,0
62206,1,1,1983,0,0,0,0,0,0,0,0,0,0
62206,2,1,1983,0,0,0,0,0,0,0,0,0,0
62207,1,1,1983,0,0,0,0,0,0,0,0,0,0
62208,1,1,1983,19,19,19,19,19,19,19,19,19,19
62209,0,1,1983,35,35,35,35,35,35,35,35,35,35
62209,1,1,1983,3,14,9,30,0,0,28,0,7,0
62210,1,1,1983,20,20,20,20,20,20,20,20,20,20
62211,1,1,1983,30,30,30,30,30,30,30,30,30,30
62212,1,1,1983,2,2,2,2,2,2,2,2,2,2
62212,2,1,1983,0,0,0,0,0,0,0,0,0,0
62212,3,1,1983,0,0,0,0,0,0,0,0,0,0
62212,4,1,1983,0,0,0,0,0,0,0,0,0,0
62212,5,1,1983,0,0,0,0,0,0,0,0,0,0
62212,6,1,1983,0,0,0,0,0,0,0,0,0,0
62212,7,1,1983,0,0,0,0,0,0,0,0,0,0
62213,1,1,1983,0,0,0,0,0,0,0,0,0,0
62213,2,1,1983,0,0,0,0,0,0,0,0,0,0
62214,1,1,1983,0,0,0,0,0,0,0,0,0,0
62215,1,1,1983,13,0,6,14,0,12,16,0,0,0
62215,2,1,1983,0,0,0,0,0,0,0,0,0,0
62216,1,1,1983,13,0,0,12,16,0,0,0,0,0
62216,2,1,1983,0,0,0,0,0,0,0,0,0,0
62217,0,1,1983,26,26,26,26,26,26,26,26,26,26
62217,1,1,1983,0,19,18,20,10,36,0,11,7,26
62218,1,1,1983,8,8,8,8,8,8,8,8,8,8
62219,1,1,1983,23,23,23,23,23,23,23,23,23,23
62219,2,1,1983,19,0,0,0,0,0,0,0,0,14