ST_CASE,VEH_NO,PER_NO,YEAR,P1,P2,P3,P4,P5,P6,P7,P8,P9,P10
62220,1,1,1983,0,0,0,0,0,0,0,0,0,0
62220,2,1,1983,0,0,0,0,0,0,0,0,0,0
62221,1,1,1983,0,0,0,0,0,0,0,0,0,0
62221,2,1,1983,0,0,0,0,0,0,0,0,0,0
62221,3,1,1983,0,0,0,0,0,0,0,0,0,0
62222,1,1,1983,0,0,0,18,0,0,0,0,0,0
62222,2,1,1983,0,19,0,0,0,0,0,0,0,0
62223,1,1,1983,11,11,11,11,11,11,11,11,11,11
62223,2,1,1983,10,10,10,10,10,10,10,10,10,10
62224,1,1,1983,0,0,0,0,0,0,0,0,0,0
62225,1,1,1983,11,11,11,11,11,11,11,11,11,11
62225,2,1,1983,0,0,0,13,0,13,0,16,0,0
62226,0,1,1983,27,27,27,27,27,27,27,27,27,27
62226,1,1,1983,21,0,0,0,0,0,21,0,0,0
62226,2,1,1983,0,0,0,9,0,0,0,0,0,0
62226,3,1,1983,0,0,0,0,0,0,13,0,0,4
62227,1,1,1983,0,0,0,0,13,0,0,0,0,15
62228,1,1,1983,0,0,0,0,0,0,0,0,0,0
62229,1,1,1983,20,20,20,20,20,20,20,20,20,20
62230,1,1,1983,0,0,0,0,0,0,0,0,0,0
62230,2,1,1983,2,2,2,2,2,2,2,2,2,2
62231,1,1,1983,0,0,0,0,0,0,0,0,0,0
62232,1,1,1983,0,0,0,0,0,0,0,0,0,0
62232,2,1,1983,0,0,0,0,0,0,0,0,1,0
62233,1,1,1983,18,18,18,18,18,18,18,18,18,18
62234,1,1,1983,0,0,0,0,0,0,0,0,0,0
62234,2,1,1983,5,5,5,5,5,5,5,5,5,5
62235,0,1,1983,0,0,0,0,0,0,0,0,0,0
62235,1,1,1983,19,19,19,19,19,19,19,19,19,19
62236,1,1,1983,22,22,22,22,22,22,22,22,22,22
62237,1,1,1983,1,1,1,1,1,1,1,1,1,1
62238,1,1,1983,0,0,0,0,0,0,0,0,0,0
62238,2,1,1983,0,0,0,0,0,0,0,0,0,0
62239,1,1,1983,0,0,0,0,0,0,0,0,0,0
62239,2,1,1983,0,0,0,0,0,0,0,0,0,0
62240,1,1,1983,3,3,3,3,3,3,3,3,3,3
62240,2,1,1983,0,0,0,0,0,0,0,0,0,0
62240,3,1,1983,0,0,0,0,0,0,6,0,0,0
62241,1,1,1983,13,13,13,13,13,13,13,13,13,13
62242,1,1,1983,0,0,0,0,0,0,0,0,0,0
62243,0,1,1983,0,0,0,0,0,0,0,0,0,0
62243,1,1,1983,14,0,0,0,0,0,0,16,0,0
62244,1,1,1983,0,0,0,0,0,0,0,0,0,0
62245,0,1,1983,0,10,0,0,0,0,0,0,0,0
62245,1,1,1983,0,0,0,0,0,0,0,0,0,0
62246,1,1,1983,0,0,0,0,0,0,0,0,0,0
62247,1,1,1983,0,0,0,0,0,0,0,0,0,0
62248,1,1,1983,2,2,2,2,2,2,2,2,2,2
62249,1,1,1983,0,0,0,0,0,0,0,0,0,0
62250,0,1,1983,38,19,9,38,16,20,38,20,21,7
62250,1,1,1983,0,0,0,0,0,0,0,0,0,0
62251,1,1,1983,0,0,0,0,0,0,0,0,0,0
62251,2,1,1983,0,2,0,0,0,0,0,23,0,0
62252,1,1,1983,18,18,18,18,18,18,18,18,18,18
62253,0,1,1983,16,16,16,16,16,16,16,16,16,16
62253,1,1,1983,0,5,8,18,28,8,0,12,9,0
62254,1,1,1983,6,6,6,6,6,6,6,6,6,6
62255,0,1,1983,15,15,15,15,15,15,15,15,15,15
62255,1,1,1983,13,13,13,13,13,13,13,13,13,13
62256,1,1,1983,22,22,22,22,22,22,22,22,22,22
62256,2,1,1983,16,0,0,0,0,0,10,0,0,0
62257,1,1,1983,3,3,3,3,3,3,3,3,3,3
62258,1,1,1983,19,19,19,19,19,19,19,19,19,19
62259,1,1,1983,27,27,27,27,27,27,27,27,27,27
62259,2,1,1983,0,0,0,0,0,0,0,0,0,0
62260,1,1,1983,0,0,0,0,0,0,0,0,0,0
62260,2,1,1983,0,0,0,0,0,0,0,0,0,13
62261,1,1,1983,0,0,0,0,0,0,0,0,0,0
62262,1,1,1983,5,5,5,5,5,5,5,5,5,5
62263,0,1,1983,0,0,0,0,0,0,0,0,0,0
62263,1,1,1983,0,14,0,0,0,10,7,0,21,12
62264,1,1,1983,10,10,10,10,10,10,10,10,10,10
62265,1,1,1983,3,3,3,3,3,3,3,3,3,3
62265,2,1,1983,0,0,0,0,0,0,0,0,0,0
62265,3,1,1983,0,15,0,0,0,0,0,22,7,3
62266,1,1,1983,21,21,21,21,21,21,21,21,21,21
62267,1,1,1983,0,18,0,0,0,0,17,0,0,0
62267,2,1,1983,0,0,0,0,0,0,0,0,0,0
62267,3,1,1983,0,0,0,0,0,0,0,0,0,0
62267,4,1,1983,0,0,0,0,0,0,0,0,0,0
62268,2,1,1983,0,0,0,0,0,0,0,0,0,0
62268,3,1,1983,0,0,0,0,0,0,0,12,0,6
62268,4,1,1983,0,0,0,0,0,0,0,8,0,3
62269,1,1,1983,25,25,25,25,25,25,25,25,25,25
62270,1,1,1983,9,9,9,9,9,9,9,9,9,9
62270,2,1,1983,0,0,0,0,0,0,0,0,0,0
62271,1,1,1983,15,15,0,25,7,0,19,0,0,0
62272,1,1,1983,20,20,20,20,20,20,20,20,20,20
62273,1,1,1983,0,0,0,0,0,0,0,0,0,0
62273,2,1,1983,0,0,0,0,0,0,0,0,0,0
62274,1,1,1983,0,0,0,0,0,0,0,0,0,0
62275,1,1,1983,8,8,8,8,8,8,8,8,8,8
62276,1,1,1983,0,13,16,0,9,0,0,0,0,8
62277,1,1,1983,16,0,12,0,10,9,0,0,0,0
62277,2,1,1983,0,0,13,0,0,0,0,0,0,0
62278,1,1,1983,19,0,21,24,21,10,26,28,0,3
62279,1,1,1983,12,12,12,12,12,12,12,12,12,12
62279,2,1,1983,0,0,0,0,0,0,0,0,0,14
62279,3,1,1983,0,0,0,13,0,0,0,0,0,0
62280,1,1,1983,0,0,0,0,0,0,0,0,0,0
62280,2,1,1983,0,0,0,0,0,0,0,0,0,0
62281,1,1,1983,0,0,0,0,0,0,0,0,0,0
62282,1,1,1983,0,0,0,0,0,0,0,0,0,0
62282,2,1,1983,0,0,0,0,0,0,0,0,0,0
62283,1,1,1983,0,0,0,0,0,0,0,0,0,0
62284,1,1,1983,0,0,0,0,0,0,0,0,0,0
62284,2,1,1983,0,0,0,0,0,0,0,0,0,0
62284,3,1,1983,0,0,0,0,0,0,0,0,0,0
62285,1,1,1983,0,0,0,7,0,0,0,0,3,0
62285,2,1,1983,0,0,0,0,0,0,0,0,0,0
62286,1,1,1983,27,27,27,27,27,27,27,27,27,27
62286,2,1,1983,0,11,0,0,0,17,35,39,19,11
62287,1,1,1983,0,0,0,0,0,0,0,0,0,0
62287,2,1,1983,0,0,0,0,0,0,0,0,0,0
62288,0,1,1983,15,15,15,15,15,15,15,15,15,15
62288,1,1,1983,0,0,0,0,0,0,0,0,0,0
62289,1,1,1983,0,0,0,0,0,0,0,0,0,0
62289,2,1,1983,0,0,0,0,0,0,0,0,0,0
62290,1,1,1983,0,0,23,0,0,0,2,16,0,0
62290,2,1,1983,0,0,0,0,0,0,0,0,0,0
62290,3,1,1983,0,0,0,0,0,0,0,0,0,0
62291,1,1,1983,10,10,10,10,10,10,10,10,10,10
62291,2,1,1983,11,11,11,11,11,11,11,11,11,11
62292,0,1,1983,19,19,19,19,19,19,19,19,19,19
62292,1,1,1983,0,0,0,0,0,0,0,0,0,0
62293,1,1,1983,11,11,11,11,11,11,11,11,11,11
62294,1,1,1983,11,11,11,11,11,11,11,11,11,11
62295,1,1,1983,17,17,17,17,17,17,17,17,17,17
62295,2,1,1983,24,32,0,0,5,10,0,19,21,0
62296,1,1,1983,0,0,0,0,0,0,0,0,0,0
62296,2,1,1983,0,0,0,0,0,0,0,0,0,0
62296,3,1,1983,0,0,0,0,0,0,0,0,0,0
62296,4,1,1983,17,19,0,9,14,0,19,13,0,0
62296,5,1,1983,0,0,0,0,0,0,0,0,0,0
62296,6,1,1983,0,0,0,0,0,0,0,0,0,0
62297,0,1,1983,0,0,0,0,0,0,0,0,0,0
62297,1,1,1983,0,0,0,0,0,0,0,0,0,0
62298,1,1,1983,0,0,0,0,0,0,0,0,0,0
62299,1,1,1983,0,0,0,0,0,0,0,0,0,0
62300,0,1,1983,22,22,22,22,22,22,22,22,22,22
62300,1,1,1983,13,19,0,9,0,14,24,0,18,0
62301,0,1,1983,24,0,0,0,0,0,9,0,0,0
62301,1,1,1983,0,0,0,0,0,0,0,0,0,0
62302,1,1,1983,0,0,0,0,0,0,0,0,0,20
62303,1,1,1983,0,0,0,0,0,0,0,0,0,0
62303,2,1,1983,0,0,0,0,0,0,0,0,0,0
62304,1,1,1983,0,0,0,0,0,0,0,0,0,0
62304,2,1,1983,0,0,0,0,0,0,0,0,0,0
62304,3,1,1983,0,0,0,0,0,0,0,0,0,0
62305,1,1,1983,20,20,20,20,20,20,20,20,20,20
62306,1,1,1983,25,25,25,25,25,25,25,25,25,25
62307,0,1,1983,0,0,0,0,0,0,0,0,0,0
62307,1,1,1983,0,0,0,0,0,0,0,0,0,0
62308,1,1,1983,0,13,0,0,0,0,0,0,0,19
62309,1,1,1983,14,14,14,14,14,14,14,14,14,14
62310,1,1,1983,0,0,0,0,0,0,0,0,0,0
62311,1,1,1983,0,0,0,0,0,0,0,0,0,0
62312,1,1,1983,37,37,37,37,37,37,37,37,37,37
62313,1,1,1983,8,12,15,11,14,13,14,7,22,17
62314,1,1,1983,16,41,33,21,19,11,15,17,21,14
62315,1,1,1983,16,16,16,16,16,16,16,16,16,16
62315,2,1,1983,0,0,0,0,10,0,0,0,0,0
62316,1,1,1983,13,13,13,13,13,13,13,13,13,13
62316,2,1,1983,0,0,0,0,10,0,0,0,10,0
62317,1,1,1983,0,0,0,0,0,0,0,0,0,0
62318,1,1,1983,0,0,0,0,0,0,0,0,0,0
62318,2,1,1983,0,0,0,0,0,0,0,0,17,0
62319,1,1,1983,0,0,0,0,0,0,0,0,0,0
62319,2,1,1983,0,0,0,0,0,0,0,0,0,0
62320,1,1,1983,0,0,0,0,0,15,9,0,0,5
62320,2,1,1983,0,0,0,0,0,0,0,0,0,0
62321,1,1,1983,0,0,0,0,0,0,0,0,0,0
62321,2,2,1983,0,0,0,0,0,0,0,0,0,0
62322,1,1,1983,14,14,14,14,14,14,14,14,14,14
62322,2,1,1983,0,0,0,0,0,0,0,15,0,0
62323,0,1,1983,16,16,16,16,16,16,16,16,16,16
62323,1,1,1983,0,0,0,0,10,0,0,0,0,0
62324,1,1,1983,0,0,0,0,0,0,0,0,0,0
62325,1,1,1983,0,0,0,0,0,0,0,0,0,0
62325,2,1,1983,2,2,2,2,2,2,2,2,2,2
62326,1,1,1983,20,20,20,20,20,20,20,20,20,20
62327,0,1,1983,18,18,18,18,18,18,18,18,18,18
62327,1,1,1983,0,0,0,0,0,0,0,0,0,0
62327,2,1,1983,11,16,16,23,16,11,0,0,15,0
62328,1,1,1983,0,0,0,0,0,0,0,0,0,0
62328,2,1,1983,0,0,0,0,0,0,0,0,0,0
62329,1,1,1983,4,17,7,17,21,13,19,11,6,13
62330,1,1,1983,0,0,0,0,0,0,0,0,0,0
62330,2,1,1983,0,0,0,0,0,0,7,0,18,0
62331,1,1,1983,0,0,0,0,0,0,0,0,0,0
62331,2,1,1983,0,0,0,0,0,16,0,0,0,0
62332,0,1,1983,0,0,0,0,0,0,0,0,0,0
62332,1,1,1983,0,0,0,0,0,0,0,12,0,0
62333,1,1,1983,3,0,0,0,0,0,0,0,0,0
62333,2,1,1983,0,0,0,16,0,26,0,26,0,0
62334,1,1,1983,0,0,0,0,0,0,0,0,0,0
62335,1,1,1983,0,0,0,0,0,0,0,0,0,0
62335,2,1,1983,0,0,0,0,0,0,0,0,0,0
62336,0,1,1983,0,0,19,10,21,0,0,0,0,12
62336,0,2,1983,0,0,0,0,0,0,0,0,0,0
62336,1,1,1983,0,0,0,0,0,0,0,0,0,0
62337,1,1,1983,0,0,0,0,0,0,0,0,0,0
62337,2,1,1983,0,0,0,0,0,0,0,0,0,0
62338,1,1,1983,0,0,0,0,0,0,0,0,0,0
62338,2,1,1983,0,0,0,0,0,0,0,0,0,0
62339,1,1,1983,0,0,0,0,0,0,0,0,0,0
62340,0,1,1983,0,0,0,0,0,0,0,0,0,0
62340,1,1,1983,0,0,0,0,0,0,0,0,0,0
62341,1,1,1983,16,16,16,16,16,16,16,16,16,16
62342,0,1,1983,0,0,0,0,0,0,18,0,0,0
62343,1,1,1983,5,5,5,5,5,5,5,5,5,5
62344,1,1,1983,17,17,17,17,17,17,17,17,17,17
62345,1,1,1983,0,0,0,0,0,0,0,0,0,0
62345,2,1,1983,0,0,0,0,0,0,0,29,0,21
62346,1,1,1983,16,16,16,16,16,16,16,16,16,16
62347,1,1,1983,0,0,0,13,15,14,0,0,0,0
62347,2,1,1983,0,0,0,0,0,0,0,0,0,0
62348,1,1,1983,23,23,23,23,23,23,23,23,23,23
62349,1,1,1983,8,8,8,8,8,8,8,8,8,8
62350,1,1,1983,14,14,14,14,14,14,14,14,14,14
62351,1,1,1983,0,0,0,0,0,0,0,0,0,0
62351,2,1,1983,0,0,0,0,0,0,0,0,0,0
62352,1,1,1983,0,0,0,0,0,0,0,0,0,0
62352,2,1,1983,27,11,26,31,0,15,19,15,6,21
62353,0,1,1983,0,0,0,0,0,0,0,0,0,0
62353,1,1,1983,0,12,16,0,37,0,17,0,0,25
62354,1,1,1983,10,10,10,10,10,10,10,10,10,10
62355,1,1,1983,0,0,0,0,0,0,0,0,0,0
62355,2,1,1983,0,0,0,0,0,0,0,0,0,0
62356,1,1,1983,25,25,25,25,25,25,25,25,25,25
62357,1,1,1983,15,15,15,15,15,15,15,15,15,15
62358,1,1,1983,0,0,0,0,0,0,0,0,0,0
62358,2,1,1983,13,0,0,21,0,0,0,8,0,13
62359,1,1,1983,9,9,9,9,9,9,9,9,9,9
62360,1,1,1983,10,10,10,10,10,10,10,10,10,10
62360,2,1,1983,18,18,18,18,18,18,18,18,18,18
62361,0,1,1983,34,34,34,34,34,34,34,34,34,34
62361,1,1,1983,18,0,18,0,0,0,0,15,19,0
62362,0,1,1983,0,0,0,0,0,0,0,0,0,0
62362,1,1,1983,0,0,0,0,0,0,0,0,0,0
62363,1,1,1983,10,11,24,26,20,14,19,16,22,18
62364,1,1,1983,2,2,2,2,2,2,2,2,2,2
62365,1,1,1983,0,0,0,0,0,0,0,0,0,0
62366,1,1,1983,0,0,17,0,0,11,20,0,0,0
62367,1,1,1983,0,0,0,0,0,0,0,0,0,0
62367,2,1,1983,0,0,0,0,0,0,0,0,0,0
62367,3,1,1983,0,0,0,0,0,0,0,0,0,0
62368,0,1,1983,10,28,30,30,28,9,48,8,43,23
62368,1,1,1983,0,0,0,0,0,0,0,0,0,0
62369,0,1,1983,0,0,0,0,0,0,0,0,0,0
62369,1,1,1983,0,0,0,0,0,0,0,0,0,0
62370,1,1,1983,0,0,0,0,0,0,0,0,0,0
62370,2,1,1983,0,0,7,0,0,0,0,0,0,0
62371,0,1,1983,0,0,0,0,0,0,0,0,0,0
62371,1,1,1983,0,0,0,0,0,0,0,0,0,0
62372,1,1,1983,10,10,10,10,10,10,10,10,10,10
62372,2,1,1983,0,0,0,0,0,0,0,0,0,0
62373,1,1,1983,0,0,0,0,0,0,2,0,0,0
62373,2,1,1983,0,0,0,0,0,0,0,0,0,0
62374,1,1,1983,0,8,19,19,0,0,17,0,0,0
62374,2,1,1983,16,0,0,0,0,0,0,0,0,0
62375,1,1,1983,12,12,12,12,12,12,12,12,12,12
62376,1,1,1983,0,0,0,0,0,0,10,0,0,0
62376,2,1,1983,0,0,0,0,0,0,0,0,0,0
62377,1,1,1983,0,0,0,0,0,0,0,0,0,0
62378,1,1,1983,18,18,18,18,18,18,18,18,18,18
62378,2,1,1983,8,0,0,0,0,0,0,9,15,0
62379,0,1,1983,5,5,5,5,5,5,5,5,5,5
62379,1,1,1983,0,13,0,23,0,14,0,0,35,8
62380,1,1,1983,22,22,22,22,22,22,22,22,22,22
62380,2,1,1983,16,14,23,12,16,12,17,26,20,25
62381,1,1,1983,14,14,14,14,14,14,14,14,14,14
62381,2,2,1983,0,0,0,0,0,0,0,0,0,0
62382,1,1,1983,20,20,20,20,20,20,20,20,20,20
62382,2,1,1983,0,0,0,0,0,0,0,0,0,0
62382,3,1,1983,0,9,0,0,0,0,0,0,0,18
62383,1,1,1983,0,0,8,0,15,17,0,0,15,21
62383,2,1,1983,0,0,0,0,0,0,0,0,0,0
62384,1,1,1983,27,14,8,23,16,14,12,11,10,13
62384,2,1,1983,5,0,0,6,19,0,0,0,0,0
62385,1,1,1983,17,20,11,14,27,31,30,17,20,24
62385,2,1,1983,0,0,0,0,0,0,0,0,0,0
62386,1,1,1983,20,17,34,0,0,17,13,0,0,0
62387,1,1,1983,24,14,24,20,0,16,12,0,21,13
62387,2,1,1983,0,0,0,0,0,0,0,0,0,0
62387,3,1,1983,0,0,0,0,0,0,0,0,0,0
62388,1,1,1983,12,12,12,12,12,12,12,12,12,12
62388,2,1,1983,0,0,0,0,0,0,0,0,0,0
62389,1,1,1983,6,37,24,23,0,0,13,17,31,31
62390,0,1,1983,0,0,0,0,0,0,0,0,0,0
62390,1,1,1983,11,11,11,11,11,11,11,11,11,11
62391,1,1,1983,15,15,15,15,15,15,15,15,15,15
62392,0,1,1983,0,0,0,0,0,0,0,0,0,0
62392,1,1,1983,0,0,0,0,0,0,0,0,0,0
62393,0,1,1983,2,2,2,2,2,2,2,2,2,2
62393,1,1,1983,0,0,0,0,0,0,0,15,0,0
62394,1,1,1983,0,0,0,0,0,0,0,0,0,0
62394,2,1,1983,0,0,0,0,0,0,0,0,0,0
62394,3,1,1983,0,0,0,0,0,0,0,0,0,0
62395,0,1,1983,8,0,0,18,0,0,0,0,0,0
62395,0,2,1983,0,0,0,0,0,0,0,0,0,0
62395,1,1,1983,0,0,0,0,0,0,0,0,0,0
62396,1,1,1983,10,10,10,10,10,10,10,10,10,10
62397,2,1,1983,0,0,0,0,0,0,0,0,0,0
62398,1,1,1983,17,17,17,17,17,17,17,17,17,17
62398,2,1,1983,0,0,0,0,0,0,0,0,0,0
62398,3,1,1983,0,0,0,0,0,0,0,0,0,0
62399,1,1,1983,10,10,10,10,10,10,10,10,10,10
62399,2,1,1983,0,0,0,0,0,0,0,0,0,0
62400,1,1,1983,19,19,19,19,19,19,19,19,19,19
62401,1,1,1983,0,0,0,0,0,0,0,0,0,0
62402,1,1,1983,18,18,18,18,18,18,18,18,18,18
62403,0,1,1983,0,0,0,0,0,0,0,0,0,0
62403,1,1,1983,18,18,18,18,18,18,18,18,18,18
62404,0,1,1983,6,6,6,6,6,6,6,6,6,6
62404,1,1,1983,0,29,9,11,9,16,0,18,8,0
62405,0,1,1983,0,0,0,0,0,0,0,0,0,0
62405,2,1,1983,0,0,0,0,0,18,0,0,0,0
62405,3,1,1983,0,0,0,0,0,0,0,0,0,0
62406,1,1,1983,0,0,0,0,0,0,0,0,0,0
62406,2,1,1983,0,0,0,0,0,0,0,0,0,0
62407,1,1,1983,0,0,0,0,0,0,0,8,0,0
62407,2,1,1983,0,0,0,0,19,0,0,0,0,0
62408,1,1,1983,12,12,12,12,12,12,12,12,12,12
62409,1,1,1983,0,0,0,0,0,0,0,0,0,15
62409,2,1,1983,18,18,18,18,18,18,18,18,18,18
62410,1,1,1983,10,10,10,10,10,10,10,10,10,10
62411,1,1,1983,0,0,0,0,0,0,0,0,0,0
62411,2,1,1983,9,0,0,4,0,0,0,0,0,0
62412,1,1,1983,15,15,15,15,15,15,15,15,15,15
62413,1,1,1983,26,26,26,26,26,26,26,26,26,26
62414,1,1,1983,0,0,0,0,0,0,0,0,0,0
62415,0,1,1983,0,0,0,0,0,0,0,0,0,0
62415,1,1,1983,0,0,0,0,0,0,0,0,0,0
62416,1,1,1983,0,0,0,0,13,0,0,0,17,6
62416,2,1,1983,0,0,0,0,0,11,0,0,0,0
62417,1,1,1983,26,26,26,26,26,26,26,26,26,26
62417,2,1,1983,0,0,0,0,0,0,0,0,0,0
62418,0,1,1983,0,0,0,0,0,0,0,0,0,0
62418,1,1,1983,0,0,0,0,0,0,38,0,0,0
62419,0,1,1983,23,23,23,23,23,23,23,23,23,23
62419,0,2,1983,0,0,0,0,0,0,0,0,0,0
62419,1,1,1983,0,0,0,0,0,0,0,0,0,0
62420,1,1,1983,0,7,0,13,0,0,0,0,0,0
62420,2,1,1983,0,0,0,0,0,0,0,0,0,0
62421,0,1,1983,43,43,43,43,43,43,43,43,43,43
62421,1,1,1983,0,0,0,0,0,0,0,0,0,12
62422,1,1,1983,10,0,24,14,9,0,25,30,17,18
62423,1,1,1983,0,0,0,0,0,0,0,0,38,0
62424,1,1,1983,0,0,0,0,0,0,0,0,0,0
62425,1,1,1983,0,0,0,0,0,0,0,0,0,0
62425,2,1,1983,0,0,0,20,0,0,0,0,17,0
62426,1,1,1983,0,0,0,0,0,0,0,0,0,0
62427,1,1,1983,22,13,30,0,0,0,0,0,0,0
62428,1,1,1983,17,17,17,17,17,17,17,17,17,17
62429,1,1,1983,20,20,20,20,20,20,20,20,20,20
62430,1,1,1983,17,17,17,17,17,17,17,17,17,17
62431,1,1,1983,17,17,17,17,17,17,17,17,17,17
62432,1,1,1983,0,0,0,0,0,0,0,0,0,0
62432,2,1,1983,0,0,0,0,0,0,0,0,15,0
62432,3,1,1983,22,20,0,0,32,0,0,0,0,0
62433,1,1,1983,0,0,0,0,0,0,0,0,0,0
62433,2,1,1983,0,0,0,0,0,0,0,0,0,0
62434,1,1,1983,0,0,0,0,0,0,0,0,0,0
62434,2,1,1983,10,10,10,10,10,10,10,10,10,10
62435,0,1,1983,0,0,0,0,0,0,0,0,0,0
62435,1,1,1983,0,0,0,0,0,0,0,0,0,0
62436,0,1,1983,0,0,0,0,0,0,0,0,0,0
62436,1,1,1983,0,0,0,5,0,0,0,0,0,0
62437,0,1,1983,16,16,16,16,16,16,16,16,16,16
62437,1,1,1983,0,0,0,0,0,0,0,0,0,0
62438,1,1,1983,19,19,19,19,19,19,19,19,19,19
62439,1,1,1983,0,0,0,0,0,0,0,0,0,0
62440,0,1,1983,0,0,0,0,0,0,0,0,0,0
62440,1,1,1983,0,0,0,0,0,0,0,0,0,19
62441,0,1,1983,29,29,29,29,29,29,29,29,29,29
62441,1,1,1983,0,0,0,0,0,0,0,0,0,0
62442,1,1,1983,0,0,0,0,0,0,0,0,0,0
62442,2,1,1983,0,0,0,0,0,0,0,0,0,0
62443,1,1,1983,0,0,0,0,0,0,0,0,7,0
62443,2,1,1983,0,0,0,0,0,0,0,0,0,0
62444,0,1,1983,3,11,10,35,3,15,20,24,24,21
62444,1,1,1983,15,32,11,10,19,14,5,18,7,10
62445,1,1,1983,22,22,22,22,22,22,22,22,22,22
62445,2,1,1983,0,30,9,0,0,0,0,0,0,0
62445,3,1,1983,0,0,0,0,0,0,0,0,0,0
62446,1,1,1983,16,16,16,16,16,16,16,16,16,16
62446,2,1,1983,0,0,0,0,0,0,0,0,0,0
62447,0,1,1983,0,0,0,0,0,0,0,0,0,0
62447,1,1,1983,0,0,0,0,0,0,0,0,0,0
62448,1,1,1983,4,4,4,4,4,4,4,4,4,4
62449,0,1,1983,0,0,0,0,0,0,0,0,0,0
62449,1,1,1983,18,18,18,18,18,18,18,18,18,18
62450,0,1,1983,13,13,13,13,13,13,13,13,13,13
62450,1,1,1983,0,0,0,0,0,0,0,0,0,9
62451,1,1,1983,20,20,20,20,20,20,20,20,20,20
62451,2,1,1983,19,19,19,19,19,19,19,19,19,19
62452,1,1,1983,17,17,17,17,17,17,17,17,17,17
62453,1,1,1983,23,23,23,23,23,23,23,23,23,23
62453,2,1,1983,0,0,0,0,0,0,0,0,0,0
62454,1,1,1983,16,16,16,16,16,16,16,16,16,16
62455,1,1,1983,4,4,4,4,4,4,4,4,4,4
62455,2,1,1983,11,11,11,11,11,11,11,11,11,11
62456,1,1,1983,15,15,15,15,15,15,15,15,15,15
62456,2,1,1983,9,23,7,16,11,6,7,19,12,10
62457,1,1,1983,0,0,0,0,0,0,0,0,0,0
62457,2,1,1983,0,0,0,0,0,0,0,0,0,0
62457,3,1,1983,0,0,0,19,0,0,0,0,0,0
62458,1,1,1983,13,13,13,13,13,13,13,13,13,13
62459,1,1,1983,0,0,0,0,0,0,0,0,0,0
62459,2,1,1983,0,0,0,0,0,18,0,0,0,0
62459,3,1,1983,0,19,11,0,25,0,0,21,0,0
62459,4,1,1983,0,0,0,0,0,21,0,0,0,0
62460,1,1,1983,0,0,0,0,0,0,0,0,0,0
62461,1,1,1983,0,0,0,0,0,0,0,0,0,0
62461,2,1,1983,0,0,0,0,0,0,0,0,0,0
62462,1,1,1983,17,17,17,17,17,17,17,17,17,17
62463,1,1,1983,19,19,19,19,19,19,19,19,19,19
62464,0,1,1983,0,0,0,0,0,0,0,0,0,0
62464,1,1,1983,0,0,0,0,0,0,0,0,0,0
62465,1,1,1983,0,0,0,0,0,0,0,0,0,0
62465,2,1,1983,0,0,0,0,0,0,0,0,0,0
62466,1,1,1983,0,0,0,0,0,0,0,0,0,0
62467,1,1,1983,12,12,12,12,12,12,12,12,12,12
62467,2,1,1983,0,0,0,26,0,25,0,0,0,0
62468,0,1,1983,0,0,0,0,0,0,0,0,0,0
62468,1,1,1983,0,0,0,0,0,0,0,0,0,0
62469,1,1,1983,25,25,25,25,25,25,25,25,25,25
62470,1,1,1983,0,0,0,0,0,0,0,0,0,0
62470,2,1,1983,0,0,0,0,0,0,0,0,0,0
62471,0,1,1983,0,0,0,0,0,0,0,0,0,0
62471,1,1,1983,0,0,0,2,0,7,0,0,0,0
62472,1,1,1983,0,0,0,0,0,0,0,0,3,0
62473,1,1,1983,0,0,0,0,0,0,0,0,0,0
62473,2,1,1983,0,0,0,0,0,0,0,0,0,0
62473,3,1,1983,19,19,19,19,19,19,19,19,19,19
62474,0,1,1983,27,0,26,35,5,0,24,0,0,0
62474,1,1,1983,0,17,0,0,0,0,0,0,0,0
62475,0,1,1983,16,12,16,3,21,12,0,0,21,0
62475,1,1,1983,24,24,24,24,24,24,24,24,24,24
62475,2,1,1983,0,0,0,0,0,0,0,0,0,0
62476,1,1,1983,19,19,19,19,19,19,19,19,19,19
62477,1,1,1983,0,0,0,0,0,0,0,0,0,0
62477,2,1,1983,22,22,22,22,22,22,22,22,22,22
62478,1,1,1983,0,0,0,0,0,0,0,0,0,0
62478,2,1,1983,0,0,12,0,0,0,0,0,0,0
62479,1,1,1983,0,0,0,0,0,0,0,0,0,0
62480,1,1,1983,0,0,0,0,0,0,0,0,0,0
62481,1,1,1983,0,0,0,0,0,0,0,0,0,0
62481,2,1,1983,0,0,0,0,0,0,0,0,0,0
62481,3,1,1983,0,0,0,0,0,0,0,0,0,0
62482,1,1,1983,0,0,0,0,0,0,0,0,0,0
62482,2,1,1983,0,0,0,0,0,0,0,0,0,0
62483,0,1,1983,0,0,0,0,0,0,0,0,0,0
62483,1,1,1983,0,0,0,0,0,0,0,0,0,0
62483,2,1,1983,0,0,0,0,0,0,0,0,0,0
62484,1,1,1983,0,0,0,0,0,0,0,0,0,0
62485,1,1,1983,0,0,0,0,0,0,0,0,0,0
62485,2,1,1983,0,0,0,0,0,0,0,0,0,0
62485,3,1,1983,17,17,17,17,17,17,17,17,17,17
62486,1,1,1983,18,18,18,18,18,18,18,18,18,18
62487,1,1,1983,25,31,10,0,15,19,10,0,12,18
62487,2,1,1983,0,9,0,0,0,0,0,0,0,0
62489,1,1,1983,0,0,0,0,0,0,0,0,0,0
62490,1,1,1983,0,0,0,0,0,0,0,0,0,0
62490,2,1,1983,22,0,0,4,0,29,14,0,0,0
62491,1,1,1983,13,13,13,13,13,13,13,13,13,13
62491,2,1,1983,0,10,0,0,0,0,0,0,4,0
62492,1,1,1983,0,0,0,0,0,11,0,0,0,0
62492,2,1,1983,25,25,25,25,25,25,25,25,25,25
62493,0,1,1983,0,0,0,0,0,0,0,0,0,0
62493,1,1,1983,0,0,0,0,0,0,0,0,0,0
62494,1,1,1983,4,4,4,4,4,4,4,4,4,4