ST_CASE,VEH_NO,PER_NO,YEAR,P1,P2,P3,P4,P5,P6,P7,P8,P9,P10
62494,2,1,1983,0,0,0,0,0,0,0,0,0,0
62495,0,1,1983,0,0,0,0,0,0,0,0,0,0
62495,1,1,1983,0,0,0,0,0,0,0,0,0,0
62496,1,1,1983,21,21,21,21,21,21,21,21,21,21
62497,1,1,1983,0,0,0,0,0,0,0,0,0,0
62498,0,1,1983,26,14,14,12,0,32,0,17,0,0
62498,0,2,1983,0,0,0,0,0,0,0,0,0,0
62498,0,3,1983,2,0,23,42,11,26,6,33,0,0
62498,0,4,1983,20,0,0,20,0,13,0,22,13,0
62498,1,1,1983,0,0,0,0,0,0,0,0,0,0
62499,1,1,1983,0,0,0,0,0,0,0,0,0,28
62500,1,1,1983,18,18,18,18,18,18,18,18,18,18
62500,2,1,1983,0,0,0,0,0,0,0,0,0,0
62501,1,1,1983,0,0,0,0,0,0,0,0,0,0
62502,1,1,1983,18,18,18,18,18,18,18,18,18,18
62503,1,1,1983,23,23,23,23,23,23,23,23,23,23
62504,1,1,1983,29,29,29,29,29,29,29,29,29,29
62504,2,1,1983,0,2,0,0,12,0,0,0,0,0
62505,1,1,1983,0,0,0,0,0,0,0,0,0,0
62506,1,1,1983,8,8,8,8,8,8,8,8,8,8
62507,1,1,1983,0,0,0,0,0,0,0,0,0,0
62508,0,1,1983,0,0,0,0,0,0,0,0,0,0
62508,1,1,1983,0,0,0,0,0,0,0,0,0,0
62509,1,1,1983,23,23,23,23,23,23,23,23,23,23
62510,1,1,1983,12,12,12,12,12,12,12,12,12,12
62510,2,1,1983,0,0,0,0,0,0,0,0,0,0
62511,1,1,1983,0,0,0,0,0,0,0,0,0,0
62511,2,1,1983,0,0,0,0,0,0,0,0,0,0
62512,0,1,1983,0,0,0,0,0,0,0,0,0,0
62512,1,1,1983,0,0,0,0,0,0,0,0,0,0
62513,0,1,1983,0,0,0,0,0,0,0,0,0,0
62513,1,1,1983,0,0,0,0,0,0,0,0,0,0
62514,0,1,1983,0,0,0,0,0,0,0,0,0,0
62514,1,1,1983,13,0,0,0,0,0,0,22,0,0
62515,1,1,1983,17,17,17,17,17,17,17,17,17,17
62516,1,1,1983,26,26,26,26,26,26,26,26,26,26
62517,1,1,1983,27,27,27,27,27,27,27,27,27,27
62518,1,1,1983,16,16,16,16,16,16,16,16,16,16
62518,2,1,1983,13,0,34,0,7,22,0,9,0,19
62519,0,1,1983,0,0,0,0,0,0,0,0,0,0
62519,1,1,1983,0,0,0,13,0,0,0,0,0,0
62520,1,1,1983,22,22,22,22,22,22,22,22,22,22
62520,2,1,1983,0,0,0,0,0,0,0,0,0,0
62521,1,1,1983,0,0,0,0,0,0,0,0,0,0
62521,2,1,1983,0,0,0,0,0,0,0,0,0,0
62521,3,1,1983,0,0,0,0,0,0,0,0,0,0
62522,1,1,1983,10,6,23,17,0,18,4,0,18,20
62522,2,1,1983,0,0,0,0,0,0,0,0,0,0
62523,1,1,1983,0,0,0,0,0,0,0,0,0,0
62523,2,1,1983,28,28,28,28,28,28,28,28,28,28
62524,0,1,1983,11,11,11,11,11,11,11,11,11,11
62524,1,1,1983,0,0,0,6,0,0,0,0,0,0
62525,1,1,1983,0,0,0,0,0,0,0,0,0,0
62525,2,1,1983,0,0,0,0,0,0,0,10,0,0
62526,1,1,1983,22,22,22,22,22,22,22,22,22,22
62526,2,1,1983,0,0,0,0,0,0,0,0,0,0
62527,0,1,1983,27,27,27,27,27,27,27,27,27,27
62527,1,1,1983,0,0,0,0,0,0,0,0,0,0
62528,1,1,1983,0,9,0,0,0,0,0,0,0,0
62528,2,1,1983,5,5,5,5,5,5,5,5,5,5
62528,3,1,1983,0,0,0,0,0,0,0,0,0,0
62529,1,1,1983,12,12,12,12,12,12,12,12,12,12
62530,1,1,1983,7,14,17,16,13,16,30,11,15,16
62531,1,1,1983,0,0,0,0,0,0,0,0,0,0
62531,2,1,1983,7,31,18,18,11,13,9,0,9,5
62532,1,1,1983,3,3,3,3,3,3,3,3,3,3
62533,0,1,1983,35,21,16,20,26,19,16,25,20,0
62533,0,2,1983,15,15,15,15,15,15,15,15,15,15
62533,1,1,1983,0,0,0,0,0,0,0,0,0,0
62534,1,1,1983,19,19,19,19,19,19,19,19,19,19
62535,1,1,1983,20,20,20,20,20,20,20,20,20,20
62535,2,1,1983,0,2,0,0,0,0,0,16,0,0
62536,1,1,1983,17,0,21,15,29,0,21,0,17,0
62537,1,1,1983,23,23,23,23,23,23,23,23,23,23
62537,2,1,1983,0,0,0,0,0,0,0,0,0,0
62537,3,1,1983,0,0,0,0,0,0,0,0,0,0
62538,1,1,1983,0,0,0,18,0,0,0,0,0,0
62538,2,1,1983,0,0,0,0,0,0,0,0,0,0
62539,1,1,1983,20,20,20,20,20,20,20,20,20,20
62540,1,1,1983,3,3,3,3,3,3,3,3,3,3
62540,2,1,1983,0,15,16,0,0,0,0,0,0,0
62541,1,1,1983,0,0,0,0,0,0,0,0,0,0
62541,2,1,1983,14,14,14,14,14,14,14,14,14,14
62542,0,1,1983,0,0,0,16,15,0,0,0,40,20
62542,0,2,1983,0,0,0,0,0,0,0,0,0,0
62542,1,1,1983,0,0,0,0,0,0,0,0,0,0
62543,1,1,1983,12,12,12,12,12,12,12,12,12,12
62544,1,1,1983,19,19,19,19,19,19,19,19,19,19
62544,2,1,1983,0,0,0,0,0,0,0,0,0,0
62545,1,1,1983,0,0,0,0,0,0,0,0,0,0
62546,1,1,1983,0,0,0,0,0,0,0,0,0,0
62546,2,1,1983,0,0,0,0,0,0,0,0,0,0
62547,1,1,1983,0,0,0,0,0,0,0,0,0,0
62547,2,1,1983,0,23,0,0,0,0,0,0,0,0
62547,3,1,1983,0,0,0,0,0,0,0,0,0,0
62547,4,1,1983,0,0,0,0,0,0,0,0,0,0
62548,1,1,1983,0,0,0,0,0,0,0,0,0,0
62548,2,1,1983,0,0,0,0,0,16,0,0,11,0
62549,1,1,1983,11,11,11,11,11,11,11,11,11,11
62550,1,1,1983,0,0,0,0,0,0,0,0,0,0
62551,0,1,1983,0,0,0,0,0,0,0,0,0,0
62551,1,1,1983,0,0,0,0,0,0,0,0,0,0
62552,1,1,1983,0,10,0,0,0,0,0,0,0,0
62552,2,1,1983,0,0,0,0,0,0,0,0,0,0
62553,1,1,1983,0,0,0,0,0,18,0,0,0,0
62553,2,1,1983,0,0,0,0,0,0,0,0,0,0
62554,1,1,1983,0,31,13,15,17,18,10,0,16,41
62555,1,1,1983,17,17,17,17,17,17,17,17,17,17
62555,2,1,1983,0,0,0,22,0,0,0,0,18,0
62556,1,1,1983,4,4,4,4,4,4,4,4,4,4
62557,1,1,1983,0,0,0,0,0,0,0,0,0,0
62557,2,1,1983,0,0,0,0,0,0,0,6,0,0
62558,1,1,1983,0,0,0,0,0,0,0,0,0,0
62558,2,1,1983,31,0,0,0,0,0,21,0,0,0
62559,1,1,1983,9,9,9,9,9,9,9,9,9,9
62559,2,1,1983,5,12,19,8,10,38,27,16,13,16
62560,1,1,1983,16,16,16,16,16,16,16,16,16,16
62561,1,1,1983,0,0,0,0,0,0,0,0,0,0
62561,2,1,1983,0,0,0,0,0,0,0,0,0,25
62562,1,1,1983,2,2,2,2,2,2,2,2,2,2
62562,2,1,1983,0,0,0,0,0,0,0,0,0,0
62562,3,1,1983,0,0,0,0,0,0,0,0,0,0
62562,4,1,1983,0,0,0,0,0,0,0,0,0,0
62563,1,1,1983,0,0,0,0,0,0,0,0,0,0
62563,2,1,1983,0,0,0,0,0,0,0,0,0,0
62564,1,1,1983,0,0,0,0,0,0,0,0,0,0
62564,2,1,1983,2,2,2,2,2,2,2,2,2,2
62564,3,1,1983,0,0,0,0,0,0,0,0,0,0
62565,1,1,1983,0,0,0,0,10,0,0,0,0,0
62565,2,1,1983,0,0,17,0,0,0,0,0,0,0
62566,1,1,1983,0,0,0,0,0,0,0,0,0,0
62567,1,1,1983,16,16,16,16,16,16,16,16,16,16
62567,2,1,1983,0,0,0,0,0,0,0,0,0,0
62568,1,1,1983,34,12,0,0,0,0,0,0,0,13
62569,0,1,1983,8,8,8,8,8,8,8,8,8,8
62569,1,1,1983,20,4,0,11,12,0,7,23,18,2
62570,1,1,1983,18,9,25,17,23,0,0,13,17,25
62571,1,1,1983,24,24,24,24,24,24,24,24,24,24
62572,0,1,1983,23,23,23,23,23,23,23,23,23,23
62572,1,1,1983,7,9,13,24,11,15,12,7,10,17
62573,1,1,1983,0,19,0,9,18,0,18,11,29,12
62574,1,1,1983,8,8,8,8,8,8,8,8,8,8
62574,2,1,1983,0,0,0,0,0,0,0,7,0,0
62574,3,1,1983,0,0,0,0,0,0,0,0,0,0
62575,1,1,1983,0,0,0,0,0,0,0,12,0,0
62575,2,1,1983,0,0,0,0,0,0,0,0,0,0
62576,1,1,1983,14,14,14,14,14,14,14,14,14,14
62577,1,1,1983,0,0,0,0,0,0,0,0,0,0
62577,2,1,1983,0,0,34,0,26,0,0,28,0,0
62578,1,2,1983,9,9,9,9,9,9,9,9,9,9
62579,1,1,1983,15,15,15,15,15,15,15,15,15,15
62579,2,1,1983,0,0,0,0,0,0,0,0,10,0
62579,3,1,1983,0,0,0,0,0,0,0,0,0,0
62580,0,1,1983,7,7,7,7,7,7,7,7,7,7
62580,1,1,1983,0,0,12,0,0,0,17,0,0,0
62581,1,1,1983,0,0,0,0,0,0,0,0,0,0
62581,2,1,1983,0,0,0,0,0,0,0,0,0,0
62582,0,1,1983,0,0,0,0,0,0,0,0,0,0
62582,1,1,1983,0,0,21,22,17,4,19,0,23,22
62583,1,1,1983,0,13,23,32,33,17,0,25,20,25
62584,1,1,1983,14,14,14,14,14,14,14,14,14,14
62585,1,1,1983,16,16,16,16,16,16,16,16,16,16
62586,1,1,1983,0,0,0,0,0,0,0,0,0,0
62586,2,1,1983,0,0,0,0,20,0,0,0,0,0
62587,1,1,1983,21,21,21,21,21,21,21,21,21,21
62587,2,1,1983,0,0,0,0,0,14,0,0,0,0
62588,1,1,1983,0,0,15,0,0,0,0,0,0,0
62588,2,1,1983,10,13,0,0,17,14,0,31,18,7
62589,1,1,1983,0,0,0,0,0,0,0,0,0,0
62590,1,1,1983,0,0,0,0,0,0,0,0,0,0
62591,1,1,1983,0,0,0,0,0,0,0,0,0,0
62592,1,1,1983,0,6,0,20,0,13,25,10,18,0
62593,1,1,1983,0,0,0,0,0,0,0,0,0,0
62593,2,1,1983,0,0,0,0,0,0,0,0,0,0
62594,0,1,1983,0,0,0,0,0,0,0,0,0,0
62594,1,1,1983,0,0,0,0,0,0,0,0,0,0
62595,1,1,1983,0,0,0,0,0,0,0,0,0,0
62596,1,1,1983,19,21,18,25,12,15,16,20,14,9
62596,2,1,1983,0,0,0,0,0,0,0,0,0,0
62597,1,1,1983,0,0,0,0,0,0,0,0,0,0
62597,2,1,1983,0,31,0,11,20,0,14,7,0,8
62598,0,1,1983,0,0,0,0,0,0,0,0,0,0
62598,1,1,1983,0,0,0,0,0,0,0,0,0,0
62599,1,1,1983,17,17,17,17,17,17,17,17,17,17
62599,2,1,1983,16,16,16,16,16,16,16,16,16,16
62600,1,1,1983,18,6,17,10,24,4,14,12,18,20
62601,1,1,1983,7,0,0,0,0,0,0,0,13,0
62601,2,1,1983,0,0,16,17,0,8,12,14,31,11
62602,1,1,1983,0,0,0,0,0,0,0,0,0,0
62602,2,1,1983,21,21,21,21,21,21,21,21,21,21
62603,1,1,1983,0,0,0,0,0,0,0,0,0,0
62603,2,1,1983,19,19,19,19,19,19,19,19,19,19
62604,0,1,1983,0,0,0,0,0,0,0,0,0,0
62604,1,1,1983,0,0,0,0,0,0,0,0,0,0
62605,1,1,1983,0,8,0,0,0,0,0,0,0,0
62606,1,1,1983,12,0,0,16,0,0,0,0,0,0
62606,2,1,1983,0,0,0,0,0,0,0,0,0,0
62606,3,1,1983,0,0,0,0,0,0,0,0,0,0
62606,4,1,1983,0,0,0,0,0,0,0,0,0,0
62606,5,1,1983,0,0,0,0,0,0,0,0,0,0
62607,0,1,1983,0,10,0,0,21,0,0,0,0,0
62607,1,1,1983,0,0,0,0,0,0,0,0,0,0
62608,1,1,1983,10,29,17,6,19,7,0,34,29,14
62609,0,1,1983,15,15,15,15,15,15,15,15,15,15
62609,1,1,1983,4,0,19,13,25,17,0,0,15,29
62610,1,1,1983,0,0,0,12,0,11,0,0,0,4
62611,0,1,1983,0,0,0,0,0,0,0,0,0,0
62611,1,1,1983,0,15,0,0,0,0,0,0,0,0
62612,1,1,1983,0,0,0,0,0,0,0,0,0,0
62612,2,1,1983,0,0,0,0,0,0,0,0,0,0
62613,1,1,1983,10,10,10,10,10,10,10,10,10,10
62614,1,1,1983,13,16,12,14,8,23,7,22,11,5
62615,1,1,1983,21,21,21,21,21,21,21,21,21,21
62616,1,1,1983,15,21,6,8,26,6,16,9,24,4
62617,0,1,1983,0,0,0,0,0,0,0,0,0,0
62617,1,1,1983,0,17,0,0,0,0,0,0,0,0
62617,2,1,1983,3,22,0,21,0,0,12,0,16,0
62617,3,1,1983,0,0,0,0,0,0,0,0,0,0
62618,1,1,1983,17,17,17,17,17,17,17,17,17,17
62619,1,1,1983,14,14,14,14,14,14,14,14,14,14
62619,2,1,1983,0,0,0,0,0,0,0,0,0,0
62620,0,1,1983,0,0,0,0,0,0,0,0,0,0
62620,1,1,1983,0,5,0,0,0,39,0,0,0,0
62621,0,1,1983,24,24,24,24,24,24,24,24,24,24
62621,1,1,1983,0,0,0,0,0,0,0,0,0,0
62622,1,1,1983,7,7,7,7,7,7,7,7,7,7
62623,1,1,1983,22,22,22,22,22,22,22,22,22,22
62624,1,1,1983,0,0,0,0,0,0,0,0,0,0
62625,0,1,1983,28,28,28,28,28,28,28,28,28,28
62625,1,1,1983,0,0,0,26,12,9,0,19,6,14
62625,2,1,1983,0,0,0,0,0,0,0,0,0,0
62626,1,1,1983,19,19,19,19,19,19,19,19,19,19
62627,1,1,1983,24,24,24,24,24,24,24,24,24,24
62628,0,1,1983,33,33,33,33,33,33,33,33,33,33
62628,1,1,1983,0,0,0,0,0,0,18,0,0,0
62629,1,1,1983,0,0,0,0,0,0,0,0,0,0
62629,2,1,1983,0,0,0,0,0,0,0,0,0,0
62630,1,1,1983,0,0,0,0,0,0,0,0,0,0
62630,2,1,1983,0,0,0,0,0,0,0,0,0,0
62631,1,1,1983,3,3,3,3,3,3,3,3,3,3
62631,2,1,1983,0,0,0,0,0,0,0,0,0,0
62632,0,1,1983,0,0,0,0,0,0,0,0,0,0
62632,1,1,1983,0,0,0,0,0,0,0,0,0,0
62633,1,1,1983,0,0,0,0,0,0,0,0,0,0
62633,2,1,1983,0,0,0,0,0,0,0,0,0,0
62634,0,1,1983,0,0,0,0,0,0,0,0,0,0
62634,1,1,1983,0,0,0,0,0,0,0,0,0,0
62635,1,1,1983,0,0,0,0,0,0,0,0,0,0
62635,2,1,1983,0,0,0,0,0,0,0,28,0,0
62636,1,1,1983,0,0,7,5,0,0,23,15,0,0
62636,2,1,1983,0,0,0,0,0,0,0,13,0,0
62637,1,1,1983,0,0,0,0,0,0,0,0,0,0
62637,2,1,1983,0,0,0,0,0,0,0,0,0,0
62637,3,1,1983,0,0,0,0,0,0,20,0,0,0
62638,1,1,1983,0,0,0,0,0,0,0,0,0,0
62639,1,1,1983,16,16,16,16,16,16,16,16,16,16
62639,2,1,1983,0,0,0,0,0,0,0,0,12,0
62640,0,1,1983,0,0,0,0,0,0,0,0,0,0
62640,1,1,1983,0,0,0,0,0,0,0,0,0,0
62641,3,1,1983,0,0,0,0,0,0,0,0,6,0
62642,1,1,1983,26,26,26,26,26,26,26,26,26,26
62643,1,1,1983,0,0,0,0,0,0,0,0,0,0
62644,1,1,1983,0,0,0,0,0,0,0,0,0,0
62644,2,1,1983,0,0,0,0,0,0,0,0,0,0
62645,1,1,1983,0,0,0,0,0,0,0,0,0,0
62645,2,1,1983,0,0,0,0,0,0,0,0,0,0
62646,1,1,1983,0,0,0,0,0,15,0,0,0,4
62646,2,1,1983,0,0,0,0,0,0,0,0,0,0
62647,1,1,1983,0,0,0,0,0,0,0,0,0,0
62647,2,1,1983,0,0,0,0,0,0,0,0,0,0
62648,1,1,1983,0,0,0,0,0,0,0,0,0,0
62648,2,1,1983,0,0,0,0,0,0,0,0,0,0
62648,3,1,1983,0,0,0,0,0,0,0,0,0,0
62649,1,1,1983,0,0,0,0,0,0,0,0,0,0
62650,0,1,1983,0,0,0,0,0,0,0,0,0,0
62650,1,1,1983,0,0,0,0,0,0,0,0,0,0
62651,1,1,1983,14,14,14,14,14,14,14,14,14,14
62651,2,1,1983,0,0,0,0,0,0,0,0,0,0
62652,1,1,1983,5,5,5,5,5,5,5,5,5,5
62652,2,1,1983,0,8,19,2,0,0,0,24,0,11
62652,3,1,1983,0,22,0,16,0,0,11,0,0,0
62653,1,1,1983,20,19,10,12,11,21,16,16,6,17
62654,1,1,1983,0,0,0,0,0,0,0,0,0,0
62654,2,1,1983,0,0,0,0,19,0,0,0,0,0
62655,1,1,1983,7,7,7,7,7,7,7,7,7,7
62656,1,1,1983,13,13,13,13,13,13,13,13,13,13
62656,2,1,1983,0,0,0,0,0,0,0,0,0,0
62657,1,1,1983,0,0,0,0,0,0,0,0,0,0
62657,2,1,1983,0,0,0,0,0,0,0,0,0,0
62658,1,1,1983,0,0,0,0,0,0,0,0,0,0
62658,2,1,1983,0,0,0,0,0,0,0,0,19,0
62659,1,1,1983,0,0,0,0,0,0,16,0,0,0
62659,2,1,1983,7,7,7,7,7,7,7,7,7,7
62659,3,1,1983,0,0,0,0,0,0,0,0,0,0
62660,0,1,1983,0,0,0,0,0,0,0,0,0,0
62660,1,1,1983,21,21,21,21,21,21,21,21,21,21
62661,1,3,1983,0,0,0,0,0,0,0,0,0,0
62662,1,1,1983,0,0,7,0,0,0,0,0,0,14
62662,2,1,1983,23,23,23,23,23,23,23,23,23,23
62663,0,1,1983,30,30,30,30,30,30,30,30,30,30
62663,1,1,1983,0,0,0,0,0,0,0,0,12,18
62663,2,1,1983,0,0,0,0,0,0,0,0,0,0
62664,1,1,1983,19,19,19,19,19,19,19,19,19,19
62665,1,1,1983,21,21,21,21,21,21,21,21,21,21
62666,0,1,1983,0,0,0,0,0,0,0,0,0,0
62666,0,2,1983,0,0,0,0,6,32,4,0,11,0
62666,1,1,1983,17,8,24,19,5,11,19,0,9,2
62667,1,1,1983,0,0,0,0,0,0,0,0,0,0
62667,2,1,1983,0,0,0,0,0,0,0,0,0,0
62668,1,1,1983,0,0,13,0,0,0,0,26,0,0
62668,2,1,1983,0,0,0,0,0,0,0,0,0,0
62669,1,1,1983,0,0,0,0,0,0,0,0,0,0
62669,2,1,1983,0,0,0,0,0,0,0,0,0,0
62669,3,1,1983,0,0,0,0,0,0,0,0,0,0
62670,1,1,1983,0,0,0,0,23,0,0,0,0,0
62670,2,1,1983,21,21,21,21,21,21,21,21,21,21
62671,1,1,1983,11,10,8,12,13,12,19,5,14,13
62672,1,1,1983,0,30,0,0,0,0,25,22,24,7
62673,1,1,1983,0,0,0,0,0,0,0,0,0,20
62673,2,1,1983,0,0,0,0,0,0,0,2,0,0
62673,3,1,1983,0,0,0,0,0,0,0,0,0,0
62673,4,1,1983,0,25,0,0,0,0,0,0,0,0
62673,5,1,1983,0,26,0,5,7,0,0,0,0,0
62674,1,1,1983,10,10,10,10,10,10,10,10,10,10
62674,2,1,1983,15,11,3,11,18,6,0,15,8,5
62675,1,1,1983,9,9,9,9,9,9,9,9,9,9
62676,0,1,1983,9,20,7,34,11,8,33,21,27,30
62676,1,1,1983,0,0,0,0,0,0,7,14,0,0
62677,1,1,1983,19,19,19,19,19,19,19,19,19,19
62677,2,1,1983,0,0,0,0,0,0,0,0,0,0
62678,1,1,1983,12,12,12,12,12,12,12,12,12,12
62679,0,1,1983,3,3,3,3,3,3,3,3,3,3
62679,1,1,1983,0,0,0,0,0,0,0,0,0,0
62680,1,1,1983,0,0,0,0,0,0,0,0,0,0
62681,1,1,1983,26,6,0,33,19,13,0,22,0,0
62682,1,1,1983,18,18,18,18,18,18,18,18,18,18
62683,0,1,1983,35,35,35,35,35,35,35,35,35,35
62683,1,1,1983,23,23,23,23,23,23,23,23,23,23
62684,1,1,1983,0,0,0,0,19,0,0,0,0,0
62684,2,1,1983,0,0,0,0,0,0,0,0,0,0
62685,1,1,1983,10,9,0,0,33,0,11,0,14,9
62685,2,1,1983,11,11,11,11,11,11,11,11,11,11
62686,1,1,1983,11,11,11,11,11,11,11,11,11,11
62686,2,1,1983,0,0,0,0,0,0,0,0,0,0
62686,3,1,1983,0,0,0,0,15,0,0,22,0,0
62687,0,1,1983,11,0,10,20,14,10,33,0,35,9
62687,1,1,1983,10,10,10,10,10,10,10,10,10,10
62688,1,1,1983,8,8,8,8,8,8,8,8,8,8
62689,1,1,1983,28,28,28,28,28,28,28,28,28,28
62690,1,1,1983,10,10,10,10,10,10,10,10,10,10
62691,0,1,1983,0,0,0,0,0,0,0,0,0,0
62691,1,1,1983,0,0,0,0,0,0,0,0,0,0
62692,1,1,1983,11,26,0,12,0,0,12,27,0,17
62692,2,1,1983,0,0,0,0,0,0,0,0,0,0
62693,1,1,1983,0,0,0,0,0,0,0,0,0,0
62694,1,1,1983,17,17,17,17,17,17,17,17,17,17
62695,1,1,1983,24,24,24,24,24,24,24,24,24,24
62695,2,1,1983,8,8,8,8,8,8,8,8,8,8
62696,1,1,1983,17,17,17,17,17,17,17,17,17,17
62696,2,1,1983,4,0,0,0,0,0,9,0,0,4
62697,0,1,1983,0,0,6,0,25,0,20,17,0,10
62697,1,1,1983,3,10,0,0,16,22,0,12,0,0
62698,1,1,1983,26,26,26,26,26,26,26,26,26,26
62699,0,1,1983,0,0,0,0,0,0,0,0,0,0
62699,1,1,1983,0,0,0,0,0,0,0,0,0,0
62700,0,1,1983,12,12,12,12,12,12,12,12,12,12
62700,1,1,1983,0,14,0,0,0,0,0,0,0,0
62701,1,1,1983,19,19,19,19,19,19,19,19,19,19
62702,1,1,1983,0,0,0,0,0,0,0,0,0,0
62703,1,1,1983,19,19,19,19,19,19,19,19,19,19
62704,1,1,1983,19,19,19,19,19,19,19,19,19,19
62705,0,1,1983,0,0,0,0,0,0,0,0,0,0
62705,1,1,1983,8,8,8,8,8,8,8,8,8,8
62706,1,1,1983,13,13,13,13,13,13,13,13,13,13
62706,2,1,1983,0,0,0,0,0,0,0,0,0,0
62707,1,1,1983,28,28,28,28,28,28,28,28,28,28
62707,2,1,1983,0,20,0,0,0,0,0,0,0,0
62707,3,1,1983,0,0,0,0,0,0,0,0,0,0
62708,1,1,1983,15,20,16,9,6,7,15,18,15,8
62708,2,1,1983,8,13,15,17,0,9,0,0,0,0
62709,1,1,1983,6,6,6,6,6,6,6,6,6,6
62710,1,1,1983,0,0,0,0,0,0,0,0,0,0
62711,1,1,1983,0,0,0,0,0,0,0,0,0,0
62711,2,1,1983,0,0,0,0,0,0,0,0,0,0
62712,1,1,1983,0,0,0,0,0,0,0,0,0,0
62713,1,1,1983,0,0,0,0,0,0,0,0,0,0
62713,2,1,1983,0,0,0,0,0,0,0,0,0,0
62714,1,1,1983,25,25,25,25,25,25,25,25,25,25
62715,1,1,1983,0,0,0,0,0,0,0,0,0,0
62716,1,1,1983,20,20,20,20,20,20,20,20,20,20
62717,1,1,1983,18,18,18,18,18,18,18,18,18,18
62718,0,1,1983,0,0,0,0,0,0,0,0,0,0
62718,1,1,1983,17,11,23,19,15,11,10,13,0,25
62719,0,1,1983,0,0,0,0,0,0,0,0,0,0
62719,1,1,1983,0,0,0,0,11,0,0,0,0,0
62720,0,1,1983,0,0,0,0,0,0,0,0,0,0
62720,1,1,1983,0,16,10,30,11,10,20,20,21,0
62721,0,1,1983,30,30,30,30,30,30,30,30,30,30
62721,1,1,1983,0,0,0,0,26,2,0,0,13,0
62722,1,1,1983,0,0,0,0,0,0,0,0,0,0
62722,2,1,1983,0,0,23,0,0,0,0,0,8,0
62723,1,1,1983,14,14,14,14,14,14,14,14,14,14
62723,2,1,1983,7,0,0,0,0,0,0,0,0,0
62724,1,1,1983,0,0,20,0,0,0,6,0,0,0
62725,1,1,1983,0,0,0,0,0,0,0,0,0,0
62726,1,1,1983,0,0,0,0,0,0,0,0,0,0
62726,2,1,1983,0,0,0,0,0,0,0,0,0,0
62726,3,1,1983,0,0,0,0,0,0,0,0,0,0
62727,0,1,1983,0,0,0,0,0,0,0,0,0,0
62727,1,1,1983,0,0,0,0,0,0,0,0,0,0
62728,1,1,1983,12,12,12,12,12,12,12,12,12,12
62728,2,1,1983,0,0,0,0,0,0,0,0,0,0
62728,3,1,1983,0,0,0,0,0,0,0,0,0,0
62729,1,1,1983,0,11,0,13,0,14,5,0,24,0
62729,2,1,1983,2,2,2,2,2,2,2,2,2,2
62730,1,1,1983,20,20,20,20,20,20,20,20,20,20
62731,1,1,1983,17,17,17,17,17,17,17,17,17,17
62731,2,1,1983,0,0,0,0,0,0,0,0,18,0
62732,0,1,1983,13,29,16,26,17,21,25,0,5,21
62732,2,1,1983,0,0,0,0,0,0,0,11,0,0
62732,3,1,1983,0,0,0,0,0,0,0,0,0,0
62733,0,1,1983,0,0,0,0,0,0,0,0,0,0
62733,1,1,1983,16,16,16,16,16,16,16,16,16,16
62734,1,1,1983,20,20,20,20,20,20,20,20,20,20
62734,2,1,1983,0,16,0,0,26,0,0,0,0,0
62735,0,1,1983,0,0,0,0,0,0,0,0,0,0
62735,1,1,1983,31,31,31,31,31,31,31,31,31,31
62735,2,1,1983,0,0,0,0,0,0,0,0,0,0
62735,3,1,1983,0,0,0,0,0,0,0,0,0,0
62736,1,1,1983,15,15,15,15,15,15,15,15,15,15
62737,0,1,1983,10,10,10,10,10,10,10,10,10,10
62737,1,1,1983,20,20,20,20,20,20,20,20,20,20
62738,0,1,1983,0,0,0,0,0,0,0,0,0,0
62738,1,1,1983,16,16,16,16,16,16,16,16,16,16
62739,1,1,1983,0,0,0,18,16,0,0,0,0,0
62739,2,1,1983,0,0,0,0,0,0,0,0,0,0
62740,1,1,1983,0,0,0,0,0,0,0,0,0,0
62741,1,1,1983,0,0,24,42,0,0,28,0,21,23
62742,1,1,1983,0,0,0,0,0,16,0,0,0,0
62742,2,1,1983,9,0,0,21,0,0,0,0,8,0
62743,1,1,1983,0,0,0,0,0,0,0,0,0,0
62743,2,1,1983,0,0,0,0,0,0,0,0,0,0
62744,1,1,1983,0,0,0,0,0,0,0,0,0,0
62744,2,1,1983,0,0,0,0,0,0,0,0,0,0
62745,1,1,1983,0,0,0,0,0,0,0,0,0,0
62745,2,1,1983,0,0,0,0,0,0,0,0,0,0
62746,1,1,1983,9,9,9,9,9,9,9,9,9,9
62747,1,1,1983,0,0,0,0,0,0,0,0,0,0
62748,1,1,1983,13,13,13,13,13,13,13,13,13,13
62749,1,1,1983,0,0,0,0,0,0,0,0,0,0
62749,2,1,1983,0,0,0,0,0,0,0,0,0,0
62750,0,1,1983,0,0,0,0,0,0,0,0,0,0
62750,1,1,1983,0,0,0,0,0,0,0,26,0,0
62751,1,1,1983,16,16,16,16,16,16,16,16,16,16
62752,1,1,1983,0,0,16,0,0,0,0,0,18,0
62753,0,1,1983,0,0,15,0,0,0,0,0,0,11
62753,1,1,1983,0,0,0,0,0,0,0,0,0,0
62754,0,1,1983,0,0,0,0,0,0,0,0,0,0
62754,1,1,1983,0,0,0,0,0,0,0,0,0,0
62755,1,1,1983,10,10,10,10,10,10,10,10,10,10
62755,2,1,1983,0,0,0,0,0,0,0,0,0,0
62756,1,1,1983,18,0,0,0,19,0,0,18,7,0
62757,1,1,1983,27,27,27,27,27,27,27,27,27,27
62758,1,1,1983,16,16,16,16,16,16,16,16,16,16
62759,0,1,1983,0,0,14,0,0,0,0,14,0,0
62759,1,1,1983,0,5,12,0,0,0,0,0,0,0
62760,0,1,1983,0,0,0,0,0,0,0,0,0,0
62760,1,1,1983,0,0,0,0,0,0,0,0,0,0
62761,0,1,1983,0,0,0,0,0,0,0,0,0,0
62761,1,1,1983,0,0,0,0,0,0,0,0,0,0
62762,1,1,1983,0,0,0,0,0,0,0,0,0,15
62762,2,1,1983,11,0,6,0,0,0,0,10,0,14
62763,0,1,1983,12,12,12,12,12,12,12,12,12,12