ST_CASE,VEH_NO,PER_NO,YEAR,P1,P2,P3,P4,P5,P6,P7,P8,P9,P10
62763,1,1,1983,12,22,0,15,10,17,6,0,16,20
62764,1,1,1983,11,11,11,11,11,11,11,11,11,11
62765,1,1,1983,6,6,6,6,6,6,6,6,6,6
62766,1,1,1983,15,15,15,15,15,15,15,15,15,15
62767,1,1,1983,20,20,20,20,20,20,20,20,20,20
62768,1,1,1983,0,0,0,0,0,0,0,0,0,0
62769,1,1,1983,6,6,6,6,6,6,6,6,6,6
62770,1,1,1983,0,0,0,0,0,0,0,0,0,0
62770,2,1,1983,19,19,19,19,19,19,19,19,19,19
62771,1,1,1983,2,2,2,2,2,2,2,2,2,2
62772,1,1,1983,0,0,0,0,0,0,0,0,0,0
62773,0,1,1983,0,0,0,0,0,0,0,0,0,0
62773,1,1,1983,0,0,0,0,15,0,0,0,0,21
62774,1,1,1983,0,0,0,0,0,0,0,0,0,0
62775,1,1,1983,0,0,0,0,0,0,0,0,0,0
62776,1,1,1983,0,0,0,0,0,0,0,0,0,0
62776,2,1,1983,0,0,0,0,0,0,0,0,0,0
62777,1,1,1983,0,0,0,0,0,0,0,0,0,0
62777,2,1,1983,0,0,0,0,0,0,0,0,0,0
62778,0,1,1983,0,0,0,0,0,0,0,0,0,0
62778,1,1,1983,0,0,0,0,0,0,0,0,10,0
62779,1,1,1983,5,5,5,5,5,5,5,5,5,5
62780,1,1,1983,27,13,12,8,8,0,13,19,0,17
62780,2,1,1983,11,10,10,3,11,0,15,0,0,7
62781,1,1,1983,7,9,17,20,13,7,18,3,16,35
62781,2,1,1983,0,0,0,30,0,19,0,0,0,0
62782,1,1,1983,0,0,0,0,0,0,0,0,0,0
62782,2,1,1983,0,0,0,0,0,0,0,4,0,0
62783,1,1,1983,0,0,0,0,0,0,0,0,0,0
62783,2,1,1983,0,0,0,0,0,0,0,0,0,0
62783,3,1,1983,0,7,0,0,0,0,13,0,0,6
62784,1,1,1983,0,0,0,0,0,0,0,0,0,0
62784,2,1,1983,0,0,0,0,0,0,0,0,0,0
62785,1,1,1983,9,9,9,9,9,9,9,9,9,9
62785,2,1,1983,0,0,0,0,0,0,0,0,0,0
62786,0,1,1983,0,0,8,0,0,14,12,0,0,0
62786,1,1,1983,0,0,0,0,0,0,0,0,0,0
62787,1,1,1983,0,0,0,0,0,0,0,0,0,0
62788,0,1,1983,0,0,0,0,0,0,0,0,0,0
62788,1,1,1983,0,0,0,0,0,0,0,0,0,0
62789,1,1,1983,0,0,0,0,0,0,0,0,0,0
62790,0,1,1983,0,18,0,21,31,12,18,0,9,0
62790,0,2,1983,45,0,14,29,13,0,15,8,13,0
62790,1,1,1983,8,8,8,8,8,8,8,8,8,8
62791,1,1,1983,27,27,27,27,27,27,27,27,27,27
62792,1,1,1983,22,22,22,22,22,22,22,22,22,22
62793,0,1,1983,0,0,0,0,0,0,0,0,0,0
62793,1,1,1983,5,0,13,0,11,13,0,6,8,0
62794,1,1,1983,0,0,0,0,0,0,0,0,0,0
62795,1,1,1983,0,0,0,0,0,0,0,0,0,0
62796,1,1,1983,22,22,22,22,22,22,22,22,22,22
62797,1,1,1983,0,0,0,0,0,0,0,0,0,0
62798,1,1,1983,0,0,0,0,0,0,0,0,0,0
62799,1,1,1983,0,0,0,0,0,0,0,0,0,0
62799,2,1,1983,0,0,0,0,0,0,0,0,0,0
62800,1,1,1983,0,0,0,0,0,0,0,0,0,0
62800,2,1,1983,0,0,0,0,0,0,0,0,0,0
62801,0,1,1983,0,0,0,0,0,0,0,0,0,0
62801,0,2,1983,9,0,22,0,0,0,33,11,0,0
62801,1,1,1983,0,10,0,0,0,0,13,0,0,0
62802,1,1,1983,0,0,0,0,0,0,0,0,0,0
62802,2,1,1983,0,0,0,0,0,0,5,0,0,0
62803,1,1,1983,32,32,32,32,32,32,32,32,32,32
62803,2,1,1983,0,0,0,0,0,0,0,0,0,0
62804,1,1,1983,8,0,10,0,0,5,0,18,0,0
62804,2,1,1983,7,7,7,7,7,7,7,7,7,7
62805,1,1,1983,0,0,0,0,0,0,0,0,0,0
62805,2,1,1983,0,0,0,0,0,0,0,0,0,0
62806,1,1,1983,0,0,0,0,0,0,0,0,0,0
62806,2,1,1983,0,0,0,0,0,0,0,0,0,0
62807,1,1,1983,21,0,14,0,0,13,31,0,3,15
62808,0,1,1983,0,0,0,0,0,0,0,0,0,0
62808,1,1,1983,0,0,0,0,0,0,0,0,0,0
62809,0,1,1983,0,0,0,0,0,0,0,0,0,0
62809,1,1,1983,0,0,0,0,0,0,0,0,0,0
62810,1,1,1983,0,0,0,0,0,0,0,0,0,0
62810,2,1,1983,0,0,0,0,0,0,0,0,0,0
62811,1,1,1983,0,0,0,0,0,0,0,0,0,0
62811,2,1,1983,0,0,0,0,0,0,0,0,0,0
62811,3,1,1983,0,0,0,0,0,0,0,0,0,0
62812,0,1,1983,26,26,26,26,26,26,26,26,26,26
62812,1,1,1983,0,0,0,0,0,25,0,0,19,0
62813,1,1,1983,16,16,16,16,16,16,16,16,16,16
62814,0,1,1983,21,21,21,21,21,21,21,21,21,21
62814,1,1,1983,0,18,15,13,10,19,31,11,13,15
62815,1,1,1983,13,13,13,13,13,13,13,13,13,13
62816,1,1,1983,13,20,12,0,28,21,0,0,11,7
62817,0,1,1983,0,0,0,0,0,0,0,0,0,0
62817,1,1,1983,0,0,0,0,0,0,0,0,0,0
62818,1,1,1983,18,19,4,17,6,0,15,3,23,23
62819,1,1,1983,0,8,0,0,0,0,0,0,0,0
62820,0,1,1983,26,19,19,38,21,16,17,0,13,25
62820,1,1,1983,0,0,0,0,0,0,0,0,0,0
62821,1,1,1983,10,15,13,11,11,18,9,23,10,17
62821,2,1,1983,0,0,0,0,0,0,0,0,0,0
62822,0,1,1983,0,0,0,0,0,0,0,0,0,0
62822,1,1,1983,17,17,17,17,17,17,17,17,17,17
62823,1,1,1983,24,24,24,24,24,24,24,24,24,24
62823,2,1,1983,0,0,0,0,0,0,0,0,0,0
62824,1,1,1983,19,19,19,19,19,19,19,19,19,19
62825,1,1,1983,21,21,21,21,21,21,21,21,21,21
62826,1,1,1983,15,15,15,15,15,15,15,15,15,15
62827,1,1,1983,16,16,16,16,16,16,16,16,16,16
62828,0,1,1983,0,0,0,0,0,0,0,0,0,0
62828,1,1,1983,21,21,21,21,21,21,21,21,21,21
62829,1,1,1983,16,16,16,16,16,16,16,16,16,16
62830,1,1,1983,12,12,12,12,12,12,12,12,12,12
62831,1,1,1983,0,0,0,0,0,0,0,0,0,0
62831,2,1,1983,0,0,0,0,0,0,0,0,0,17
62831,3,1,1983,0,0,0,0,0,0,0,0,0,0
62831,4,1,1983,0,0,0,0,0,0,0,0,0,0
62831,5,1,1983,0,0,0,0,0,0,0,0,0,0
62832,1,1,1983,2,2,2,2,2,2,2,2,2,2
62832,2,1,1983,0,0,0,0,3,0,0,0,0,0
62833,0,1,1983,19,19,19,19,19,19,19,19,19,19
62833,1,1,1983,0,0,0,0,0,0,0,0,0,0
62834,1,1,1983,4,4,4,4,4,4,4,4,4,4
62835,1,1,1983,0,0,0,0,0,0,0,0,0,0
62835,2,1,1983,0,0,0,0,0,0,0,0,0,0
62836,1,1,1983,17,17,17,17,17,17,17,17,17,17
62836,2,1,1983,0,0,0,0,0,0,0,0,0,0
62837,1,1,1983,0,0,0,0,0,0,0,0,0,0
62837,2,1,1983,0,26,0,18,0,0,0,0,0,0
62838,0,1,1983,0,0,0,0,0,0,0,0,0,0
62838,1,1,1983,0,0,11,0,0,0,8,0,0,0
62838,2,1,1983,0,0,0,0,0,0,0,0,0,0
62838,3,1,1983,0,0,0,0,0,0,0,0,0,0
62839,0,1,1983,0,0,0,0,0,0,0,0,0,0
62839,1,1,1983,0,0,0,0,0,0,0,0,0,0
62840,1,1,1983,19,19,19,19,19,19,19,19,19,19
62840,2,1,1983,0,0,0,10,0,0,10,14,0,0
62841,0,1,1983,10,10,10,10,10,10,10,10,10,10
62841,1,1,1983,0,0,0,0,0,0,0,0,0,0
62841,2,1,1983,0,0,0,0,0,31,0,0,0,0
62842,0,1,1983,3,3,3,3,3,3,3,3,3,3
62842,1,1,1983,23,0,22,16,11,16,23,0,26,9
62843,0,1,1983,15,15,15,15,15,15,15,15,15,15
62843,1,1,1983,19,0,0,0,17,23,6,0,0,0
62844,1,1,1983,0,0,0,0,0,0,0,0,0,0
62844,2,1,1983,0,0,0,0,0,0,0,0,0,0
62845,0,1,1983,0,0,0,0,0,0,0,0,0,0
62845,1,1,1983,0,0,0,0,0,12,0,0,0,0
62846,1,1,1983,15,7,0,17,12,14,0,0,17,25
62846,2,1,1983,0,0,0,0,0,0,0,0,0,0
62847,1,1,1983,0,0,0,0,0,0,0,0,0,0
62847,2,1,1983,0,20,18,11,0,24,23,0,6,15
62847,3,1,1983,0,0,0,0,0,0,0,0,0,0
62848,0,1,1983,0,0,0,0,0,0,0,0,0,0
62848,1,1,1983,0,13,14,0,0,0,14,0,0,0
62849,0,1,1983,0,0,0,0,0,0,0,0,0,0
62849,1,1,1983,0,0,0,0,0,0,0,0,0,0
62850,1,1,1983,0,0,0,0,0,0,0,0,0,0
62850,2,1,1983,0,0,0,0,0,0,0,0,0,0
62851,0,1,1983,0,0,0,0,0,0,0,0,0,0
62851,2,1,1983,0,0,0,0,0,0,0,0,0,0
62852,1,1,1983,10,10,10,10,10,10,10,10,10,10
62853,1,1,1983,25,13,13,15,17,19,12,4,16,19
62853,2,1,1983,0,0,0,0,14,0,0,0,0,0
62854,0,1,1983,0,0,0,0,0,0,0,3,0,0
62854,1,1,1983,0,0,0,0,0,0,0,0,0,0
62855,1,1,1983,13,13,13,13,13,13,13,13,13,13
62855,2,1,1983,16,6,13,7,8,5,7,15,12,6
62856,1,1,1983,10,10,10,10,10,10,10,10,10,10
62857,1,1,1983,16,16,16,16,16,16,16,16,16,16
62858,1,1,1983,0,0,21,0,0,0,18,0,0,0
62858,2,1,1983,0,0,0,0,0,0,0,0,7,0
62859,1,1,1983,15,15,15,15,15,15,15,15,15,15
62860,1,1,1983,0,0,0,0,0,0,0,0,0,0
62860,2,1,1983,0,0,0,0,0,0,0,0,0,0
62861,0,1,1983,0,0,0,0,0,0,0,0,0,0
62861,1,1,1983,0,0,0,0,0,0,0,0,0,0
62862,0,1,1983,0,0,0,0,0,0,0,0,0,0
62862,1,1,1983,0,0,0,0,0,0,0,0,0,0
62863,1,1,1983,28,9,16,0,13,22,23,15,19,3
62864,1,1,1983,30,30,30,30,30,30,30,30,30,30
62865,1,1,1983,17,0,9,0,0,6,12,12,17,16
62865,2,1,1983,13,13,13,13,13,13,13,13,13,13
62866,1,1,1983,17,17,17,17,17,17,17,17,17,17
62866,2,1,1983,7,7,7,7,7,7,7,7,7,7
62866,3,1,1983,0,0,17,0,0,8,0,0,0,0
62866,4,1,1983,0,0,0,0,8,0,0,0,0,0
62866,5,1,1983,0,0,0,0,0,0,0,0,0,0
62867,1,1,1983,0,0,0,0,0,0,0,0,0,0
62867,2,1,1983,0,0,0,0,0,0,0,0,0,0
62867,3,1,1983,11,11,11,11,11,11,11,11,11,11
62868,1,1,1983,18,18,18,18,18,18,18,18,18,18
62869,1,1,1983,3,3,3,3,3,3,3,3,3,3
62870,1,1,1983,18,18,18,18,18,18,18,18,18,18
62870,2,1,1983,0,0,0,0,0,0,0,0,0,0
62871,1,1,1983,0,0,0,0,0,0,0,0,0,0
62871,2,1,1983,0,0,0,0,0,17,0,0,0,0
62872,1,1,1983,6,6,6,6,6,6,6,6,6,6
62873,1,1,1983,8,8,8,8,8,8,8,8,8,8
62873,2,1,1983,0,0,3,0,0,0,0,0,0,0
62874,0,1,1983,16,16,16,16,16,16,16,16,16,16
62874,1,1,1983,27,18,16,31,13,22,47,14,16,20
62875,0,1,1983,2,2,2,2,2,2,2,2,2,2
62875,0,2,1983,43,0,13,17,17,24,12,25,18,13
62875,1,1,1983,21,0,0,29,12,0,21,27,14,9
62876,1,1,1983,8,8,8,8,8,8,8,8,8,8
62877,1,1,1983,0,0,0,0,0,0,0,0,0,0
62878,0,1,1983,0,0,0,0,0,0,0,0,0,0
62878,1,1,1983,0,22,13,0,17,23,15,0,0,16
62879,1,1,1983,0,0,0,0,0,0,0,0,0,0
62879,2,1,1983,0,0,0,0,0,0,0,0,0,0
62879,3,1,1983,0,0,0,0,0,0,0,0,0,0
62879,4,1,1983,0,0,0,0,0,0,0,0,0,0
62879,5,1,1983,0,0,0,0,0,0,0,0,0,0
62879,6,1,1983,0,0,0,0,0,0,0,0,0,0
62879,7,1,1983,0,0,0,0,0,0,0,0,0,0
62880,0,1,1983,0,0,0,0,0,0,0,0,0,0
62880,1,1,1983,20,20,20,20,20,20,20,20,20,20
62881,1,1,1983,15,15,15,15,15,15,15,15,15,15
62882,1,1,1983,0,0,0,0,0,0,0,0,0,0
62882,2,1,1983,16,16,16,16,16,16,16,16,16,16
62883,0,1,1983,0,0,0,0,0,0,0,0,0,0
62883,1,1,1983,0,10,0,0,0,0,0,0,17,0
62884,0,1,1983,0,0,0,37,39,12,0,25,0,0
62884,1,1,1983,23,0,0,0,0,0,0,0,0,0
62885,1,1,1983,0,0,20,0,0,0,0,0,0,0
62886,0,1,1983,0,0,0,0,0,0,0,0,0,0
62886,1,1,1983,0,0,0,0,0,0,0,0,0,0
62887,0,1,1983,0,0,0,0,0,0,0,0,0,0
62887,1,1,1983,0,0,0,0,0,0,0,0,0,0
62888,1,1,1983,0,0,5,0,0,0,0,0,0,0
62888,2,1,1983,0,0,0,0,0,0,0,0,0,0
62889,1,1,1983,28,28,28,28,28,28,28,28,28,28
62890,0,1,1983,0,0,0,0,0,0,0,0,0,0
62890,1,1,1983,0,9,0,0,0,11,0,26,7,0
62891,0,1,1983,0,0,0,0,0,0,0,0,0,0
62891,1,1,1983,0,0,0,0,0,0,0,0,0,0
62891,2,1,1983,0,0,0,0,0,0,0,0,0,0
62892,1,1,1983,0,0,0,0,0,0,0,0,0,0
62892,2,1,1983,0,14,0,0,0,0,0,0,0,0
62893,1,1,1983,6,0,19,16,21,0,0,0,0,0
62894,1,1,1983,0,0,0,0,0,0,0,0,0,0
62895,1,1,1983,21,21,21,21,21,21,21,21,21,21
62896,1,1,1983,0,0,0,0,0,0,0,0,0,0
62897,1,1,1983,24,36,21,0,19,9,28,33,10,15
62898,1,1,1983,7,7,7,7,7,7,7,7,7,7
62899,1,1,1983,0,0,0,0,0,0,0,0,0,0
62900,1,1,1983,46,46,46,46,46,46,46,46,46,46
62901,1,1,1983,21,0,25,17,15,0,20,16,27,7
62902,1,1,1983,40,40,40,40,40,40,40,40,40,40
62903,1,1,1983,0,0,0,0,0,0,0,0,0,0
62904,1,1,1983,21,21,21,21,21,21,21,21,21,21
62905,0,1,1983,0,0,0,0,0,0,0,0,0,0
62905,1,1,1983,27,12,8,16,0,0,12,0,0,0
62906,1,1,1983,0,0,0,0,0,0,0,0,0,0
62906,2,1,1983,0,0,0,0,0,0,0,0,0,0
62907,1,1,1983,22,22,22,22,22,22,22,22,22,22
62907,2,1,1983,0,0,0,0,0,0,0,0,0,0
62908,0,1,1983,0,0,0,0,0,0,0,0,0,0
62908,1,1,1983,0,0,0,0,0,0,0,0,0,0
62909,0,1,1983,0,0,0,0,0,0,0,0,0,0
62909,1,1,1983,0,0,0,0,0,0,0,0,0,0
62910,1,1,1983,8,22,16,4,9,18,17,3,23,8
62910,2,1,1983,4,4,4,4,4,4,4,4,4,4
62911,1,1,1983,6,0,0,5,6,0,0,0,0,0
62911,2,1,1983,0,0,0,0,0,0,0,0,0,0
62911,3,1,1983,0,2,0,8,7,19,0,11,0,29
62912,1,1,1983,0,0,0,0,0,0,0,0,0,0
62912,2,1,1983,0,0,0,0,0,0,0,0,0,0
62913,1,1,1983,0,34,0,0,0,0,5,0,0,0
62913,2,1,1983,0,0,0,0,0,0,0,0,0,0
62914,1,1,1983,0,0,0,0,0,0,0,0,0,0
62914,2,1,1983,0,0,0,0,0,0,0,0,0,13
62915,1,1,1983,0,0,0,0,0,0,0,0,0,0
62915,2,1,1983,0,0,0,0,0,0,0,0,0,0
62916,1,1,1983,13,13,13,13,13,13,13,13,13,13
62917,0,1,1983,26,26,26,26,26,26,26,26,26,26
62917,1,1,1983,0,3,19,16,0,21,6,10,16,18
62918,1,1,1983,0,0,19,0,37,0,0,0,15,11
62920,0,1,1983,0,0,0,0,0,0,0,0,0,0
62920,1,1,1983,0,0,0,0,24,0,0,0,0,0
62921,0,1,1983,0,0,0,0,0,0,0,0,0,0
62921,1,1,1983,21,0,0,0,0,0,0,0,0,0
62922,1,1,1983,0,0,0,0,0,0,0,0,0,0
62922,2,1,1983,22,22,22,22,22,22,22,22,22,22
62923,1,1,1983,25,25,25,25,25,25,25,25,25,25
62923,2,1,1983,0,0,0,0,0,0,0,0,0,10
62924,1,1,1983,23,23,23,23,23,23,23,23,23,23
62925,1,1,1983,31,31,31,31,31,31,31,31,31,31
62925,2,1,1983,0,0,0,0,0,0,0,0,0,0
62926,1,1,1983,0,15,7,0,0,0,0,0,0,0
62926,2,1,1983,0,0,0,0,0,0,0,0,0,0
62927,0,1,1983,0,0,0,0,0,0,0,0,0,0
62927,0,2,1983,0,0,0,0,0,0,0,0,0,0
62927,1,1,1983,0,0,0,0,0,0,0,0,0,0
62928,1,1,1983,21,21,21,21,21,21,21,21,21,21
62929,1,1,1983,12,12,12,12,12,12,12,12,12,12
62929,2,1,1983,0,0,0,0,0,0,0,0,0,0
62930,0,1,1983,0,0,0,0,0,0,0,0,0,0
62930,1,1,1983,0,0,0,0,0,0,0,0,0,0
62931,1,1,1983,4,4,4,4,4,4,4,4,4,4
62931,2,1,1983,19,0,0,0,0,0,0,0,0,0
62931,3,1,1983,21,23,0,0,0,0,0,0,0,0
62931,4,1,1983,9,0,0,0,0,0,0,0,0,0
62931,5,1,1983,14,0,0,0,0,0,0,11,19,0
62932,0,1,1983,0,0,0,0,0,0,0,0,0,0
62932,1,1,1983,0,0,0,0,0,0,0,0,0,0
62933,1,1,1983,0,0,0,0,0,0,0,0,0,0
62933,2,1,1983,0,0,0,0,0,0,0,0,0,0
62934,0,1,1983,21,0,0,0,0,0,0,0,0,0
62934,1,1,1983,0,0,0,0,0,0,0,0,0,0
62935,1,1,1983,0,0,0,0,0,0,0,0,0,0
62936,1,1,1983,0,0,0,0,0,0,0,0,0,0
62937,1,1,1983,0,0,0,0,0,0,0,0,0,0
62938,1,1,1983,0,0,0,0,0,0,0,0,0,0
62939,1,1,1983,12,27,15,16,14,28,13,19,9,24
62940,0,1,1983,0,15,13,0,0,0,10,0,0,15
62940,1,1,1983,0,0,17,23,0,11,0,17,0,0
62941,1,1,1983,0,0,0,0,0,0,0,0,0,0
62941,2,1,1983,3,3,3,3,3,3,3,3,3,3
62942,1,1,1983,0,0,0,0,0,0,0,0,0,0
62943,1,1,1983,17,33,19,27,23,18,29,10,30,34
62944,1,1,1983,21,24,8,37,17,13,9,35,14,0
62945,0,1,1983,2,0,0,0,0,0,0,0,0,0
62945,1,1,1983,0,0,0,0,0,0,0,0,0,0
62946,1,1,1983,0,0,0,0,0,0,0,0,0,0
62946,2,1,1983,0,0,0,0,0,13,0,0,0,0
62947,1,1,1983,0,22,0,0,0,0,0,0,0,13
62947,2,1,1983,0,0,0,0,11,12,0,0,0,0
62948,1,1,1983,4,4,4,4,4,4,4,4,4,4
62949,1,1,1983,0,0,0,0,0,0,0,0,0,0
62949,2,1,1983,0,0,0,0,0,0,0,0,0,0
62949,3,1,1983,0,0,0,0,0,21,0,0,0,0
62949,4,1,1983,0,0,0,16,0,0,0,0,0,0
62950,1,1,1983,10,10,10,10,10,10,10,10,10,10
62951,1,1,1983,30,7,0,14,0,27,20,0,15,28
62952,1,1,1983,0,0,20,0,0,9,0,16,0,7
62952,2,1,1983,0,0,0,0,0,0,0,0,0,0
62953,1,1,1983,6,6,6,6,6,6,6,6,6,6
62954,0,1,1983,0,0,0,0,0,0,0,0,0,0
62954,1,1,1983,0,0,0,11,0,0,0,0,0,0
62954,2,1,1983,25,0,18,0,11,8,0,0,12,18
62955,1,1,1983,11,11,11,11,11,11,11,11,11,11
62956,1,2,1983,9,9,9,9,9,9,9,9,9,9
62957,1,1,1983,15,15,15,15,15,15,15,15,15,15
62958,1,2,1983,0,21,11,0,26,0,9,0,15,0
62959,1,1,1983,3,3,3,3,3,3,3,3,3,3
62960,0,1,1983,4,4,4,4,4,4,4,4,4,4
62960,1,1,1983,0,0,0,0,0,0,0,0,12,0
62961,1,1,1983,10,10,10,10,10,10,10,10,10,10
62961,2,1,1983,27,15,0,17,0,0,0,25,0,0
62962,1,1,1983,8,8,8,8,8,8,8,8,8,8
62963,1,1,1983,28,28,28,28,28,28,28,28,28,28
62963,2,1,1983,0,0,0,0,0,0,0,0,0,0
62964,1,1,1983,16,16,16,16,16,16,16,16,16,16
62965,1,1,1983,5,14,0,0,14,19,13,15,12,7
62966,1,1,1983,19,19,19,19,19,19,19,19,19,19
62967,1,1,1983,10,10,10,10,10,10,10,10,10,10
62968,1,1,1983,14,14,14,14,14,14,14,14,14,14
62969,1,1,1983,18,18,18,18,18,18,18,18,18,18
62970,1,1,1983,9,9,9,9,9,9,9,9,9,9
62971,1,1,1983,0,0,25,8,16,0,0,2,16,3
62971,2,1,1983,5,5,5,5,5,5,5,5,5,5
62972,1,1,1983,16,16,16,16,16,16,16,16,16,16
62973,0,1,1983,0,0,0,0,0,0,0,0,0,0
62973,1,1,1983,0,0,15,0,0,0,0,0,0,0
62974,1,1,1983,0,14,46,22,18,14,0,6,15,31
62975,1,1,1983,19,19,19,19,19,19,19,19,19,19
62976,1,1,1983,11,11,11,11,11,11,11,11,11,11
62977,0,1,1983,0,0,0,0,0,0,0,0,0,0
62977,1,1,1983,8,0,0,17,26,16,0,0,0,0
62978,1,1,1983,0,0,0,0,0,0,0,0,0,0
62978,2,1,1983,20,0,0,0,0,35,0,0,0,30
62979,1,1,1983,28,28,28,28,28,28,28,28,28,28
62980,1,1,1983,11,0,0,15,11,0,23,0,31,26
62981,1,1,1983,20,20,20,20,20,20,20,20,20,20
62981,2,1,1983,0,0,0,0,0,0,0,0,0,0
62982,0,1,1983,3,0,20,0,0,15,0,12,0,0
62982,1,1,1983,21,28,10,0,0,0,15,0,13,0
62983,0,1,1983,0,0,0,0,0,0,0,0,0,0
62983,1,1,1983,0,0,0,0,0,0,0,0,0,0
62984,1,1,1983,0,0,0,0,0,0,0,0,0,0
62985,1,1,1983,26,26,26,26,26,26,26,26,26,26
62986,1,1,1983,2,2,2,2,2,2,2,2,2,2
62987,1,1,1983,0,0,0,0,0,0,0,0,0,0
62987,2,1,1983,5,5,5,5,5,5,5,5,5,5
62988,1,1,1983,11,11,11,11,11,11,11,11,11,11
62988,2,1,1983,0,0,0,0,0,0,0,0,0,0
62989,0,1,1983,1,1,1,1,1,1,1,1,1,1
62989,1,1,1983,17,0,13,10,9,16,25,7,35,30
62990,1,1,1983,0,0,0,0,0,0,0,0,0,0
62991,1,1,1983,0,0,0,0,0,0,0,0,0,0
62992,1,1,1983,0,0,0,0,0,0,0,0,0,0
62992,2,1,1983,0,0,0,0,0,0,0,0,0,0
62992,3,1,1983,0,0,0,0,0,15,0,0,0,0
62993,1,1,1983,0,0,0,0,0,0,0,0,3,19
62993,2,1,1983,0,0,0,0,0,0,0,0,0,0
62993,3,1,1983,0,0,0,0,0,0,0,0,0,0
62994,1,1,1983,0,0,0,0,0,0,0,0,0,0
62994,2,1,1983,0,0,0,0,0,0,0,0,0,0
62995,1,1,1983,20,20,20,20,20,20,20,20,20,20
62996,1,1,1983,15,24,23,20,15,27,26,7,28,22
62997,1,1,1983,11,11,11,11,11,11,11,11,11,11
62998,1,1,1983,0,0,0,0,0,0,0,0,0,0
62998,2,1,1983,0,0,0,0,0,0,4,0,0,0
62999,1,1,1983,16,16,16,16,16,16,16,16,16,16
62999,2,1,1983,0,22,0,0,0,0,0,0,23,0
63000,1,1,1983,0,0,0,0,0,0,0,0,0,0
63000,2,1,1983,11,11,11,11,11,11,11,11,11,11
63001,1,1,1983,0,0,0,0,0,0,0,0,0,0
63001,2,1,1983,27,27,27,27,27,27,27,27,27,27
63002,0,1,1983,0,11,0,0,0,16,0,0,2,0
63002,1,1,1983,16,14,0,21,10,8,5,17,12,10
63003,1,1,1983,21,21,21,21,21,21,21,21,21,21
63004,1,1,1983,16,16,16,16,16,16,16,16,16,16
63005,1,1,1983,0,0,0,0,0,0,0,0,0,0
63005,2,1,1983,0,0,0,0,0,0,0,0,0,0
63006,0,1,1983,14,8,22,15,19,23,19,26,26,23
63006,1,1,1983,0,0,0,3,0,0,0,0,0,0
63007,1,1,1983,19,36,17,14,23,26,14,19,0,0
63008,1,1,1983,28,28,28,28,28,28,28,28,28,28
63008,2,1,1983,0,0,0,0,0,0,0,0,0,0
63009,1,1,1983,19,19,19,19,19,19,19,19,19,19
63010,1,1,1983,12,12,12,12,12,12,12,12,12,12
63011,1,1,1983,21,21,21,21,21,21,21,21,21,21
63011,2,1,1983,0,0,0,0,0,0,0,0,0,0
63012,1,1,1983,0,0,0,0,0,0,0,0,0,0
63013,1,1,1983,25,25,25,25,25,25,25,25,25,25
63014,1,1,1983,0,0,0,0,0,0,0,0,0,0
63015,1,1,1983,0,0,0,0,0,15,0,0,0,0
63016,1,1,1983,16,16,16,16,16,16,16,16,16,16
63016,2,1,1983,0,0,0,0,0,0,0,0,0,0
63017,1,1,1983,24,24,24,24,24,24,24,24,24,24
63018,1,1,1983,0,0,0,0,0,0,0,0,0,0
63018,2,1,1983,0,0,0,23,0,0,0,0,0,0
63019,1,1,1983,30,30,30,30,30,30,30,30,30,30
63019,2,1,1983,15,19,11,9,19,26,12,9,19,10
63020,1,1,1983,11,11,11,11,11,11,11,11,11,11
63021,0,1,1983,24,24,24,24,24,24,24,24,24,24
63021,1,1,1983,25,25,25,25,25,25,25,25,25,25
63022,1,1,1983,9,9,9,9,9,9,9,9,9,9
63023,1,1,1983,19,16,0,7,7,20,14,27,8,13
63024,1,1,1983,15,15,15,15,15,15,15,15,15,15
63025,0,1,1983,0,0,0,0,0,0,0,0,0,0
63025,0,2,1983,0,0,0,0,0,0,0,0,0,0
63025,1,1,1983,0,0,0,0,0,0,0,0,0,0
63026,1,1,1983,0,0,0,0,18,0,0,0,14,0
63026,2,1,1983,0,0,0,0,10,0,0,0,0,0
63026,3,1,1983,0,0,0,0,0,0,0,0,0,0
63026,4,1,1983,0,0,0,0,0,0,0,0,0,0
63027,0,1,1983,0,0,0,0,0,0,0,0,0,0
63027,1,1,1983,0,0,0,0,0,0,0,0,0,0
63028,1,1,1983,0,0,0,0,0,0,0,0,0,0
63028,2,1,1983,14,0,16,23,21,17,12,13,26,10
63029,1,1,1983,0,0,0,0,10,0,0,17,0,0
63030,1,1,1983,4,4,4,4,4,4,4,4,4,4
63030,2,1,1983,0,0,0,0,0,0,0,0,0,0
63031,1,1,1983,12,12,12,12,12,12,12,12,12,12
63032,0,1,1983,18,18,18,18,18,18,18,18,18,18
63032,1,1,1983,0,0,0,0,0,0,0,0,0,0
63033,1,1,1983,5,16,17,13,12,0,32,22,3,36
63034,1,1,1983,0,0,0,0,0,0,0,0,0,0
63035,1,1,1983,19,19,19,19,19,19,19,19,19,19
63035,2,1,1983,0,37,0,0,0,0,0,0,0,0
63036,1,1,1983,36,36,36,36,36,36,36,36,36,36
63037,1,1,1983,20,20,20,20,20,20,20,20,20,20
63038,1,1,1983,0,0,0,0,0,0,0,0,0,0
63039,1,1,1983,5,5,5,5,5,5,5,5,5,5
63040,0,1,1983,0,0,0,0,0,0,0,0,0,0
63040,1,1,1983,0,0,0,0,6,0,0,0,0,0
63041,1,1,1983,0,0,0,0,0,0,0,0,0,0
63041,2,1,1983,0,0,0,0,0,0,25,0,0,0
63042,1,1,1983,0,0,16,0,0,0,0,0,11,0
63043,1,1,1983,15,0,0,0,23,18,20,0,12,0
63044,1,1,1983,0,0,0,16,18,0,0,0,0,0
63045,1,1,1983,0,0,0,0,0,0,0,0,0,0
63046,1,1,1983,0,0,0,0,0,0,0,13,0,0
63047,0,1,1983,24,24,24,24,24,24,24,24,24,24
63047,1,1,1983,21,21,21,21,21,21,21,21,21,21