ST_CASE,VEH_NO,PER_NO,YEAR,P1,P2,P3,P4,P5,P6,P7,P8,P9,P10
63048,1,1,1983,10,10,10,10,10,10,10,10,10,10
63049,0,1,1983,24,24,24,24,24,24,24,24,24,24
63049,0,2,1983,0,20,32,0,0,9,26,11,0,17
63049,1,1,1983,0,0,0,0,0,0,0,0,28,25
63050,1,1,1983,13,13,13,13,13,13,13,13,13,13
63051,0,1,1983,0,0,0,0,0,0,0,0,0,0
63051,1,1,1983,0,0,0,0,0,14,0,0,0,0
63052,0,1,1983,0,0,0,0,0,0,0,0,0,0
63052,1,1,1983,0,0,0,0,0,0,0,0,0,0
63053,0,1,1983,0,0,0,0,0,0,0,0,0,0
63053,0,2,1983,0,0,0,0,13,27,0,13,0,0
63053,0,3,1983,18,0,0,0,0,0,0,0,15,0
63053,0,4,1983,0,0,0,0,0,0,0,0,0,0
63053,1,1,1983,9,9,9,9,9,9,9,9,9,9
63054,0,1,1983,0,0,0,0,0,0,0,0,0,0
63054,1,1,1983,0,0,0,0,0,0,0,0,0,0
63055,1,1,1983,16,16,16,16,16,16,16,16,16,16
63056,0,1,1983,0,0,0,0,0,0,0,0,0,0
63056,1,1,1983,0,0,0,0,0,0,0,0,0,0
63057,1,1,1983,0,0,0,0,0,0,0,0,0,0
63058,1,1,1983,0,0,0,0,0,0,0,0,0,0
63058,2,1,1983,0,0,0,0,0,21,0,0,0,0
63059,0,1,1983,0,0,0,0,0,0,0,0,0,0
63059,0,2,1983,0,0,0,0,0,0,0,0,0,0
63059,1,1,1983,15,15,15,15,15,15,15,15,15,15
63059,2,1,1983,0,0,0,0,0,0,0,0,0,0
63060,0,1,1983,0,0,0,0,0,0,0,0,0,0
63060,1,1,1983,0,0,0,0,0,14,0,0,0,0
63061,0,1,1983,0,0,0,0,0,0,0,0,0,0
63061,1,1,1983,0,0,0,0,0,0,0,0,0,0
63062,1,1,1983,27,27,27,27,27,27,27,27,27,27
63062,2,1,1983,0,0,0,0,0,0,0,0,0,0
63063,1,1,1983,12,12,12,12,12,12,12,12,12,12
63063,2,1,1983,0,0,0,0,0,0,0,0,0,0
63064,0,1,1983,6,6,6,6,6,6,6,6,6,6
63064,1,1,1983,0,6,0,0,0,12,0,0,0,11
63065,1,1,1983,13,13,13,13,13,13,13,13,13,13
63065,2,1,1983,0,0,0,0,0,0,0,0,0,0
63066,0,1,1983,0,0,0,0,0,0,0,0,0,0
63066,1,1,1983,0,0,39,22,0,17,0,0,0,0
63067,1,1,1983,17,17,17,17,17,17,17,17,17,17
63067,2,1,1983,0,0,0,0,0,0,0,0,0,0
63068,1,1,1983,21,21,21,21,21,21,21,21,21,21
63069,1,1,1983,18,18,18,18,18,18,18,18,18,18
63070,1,1,1983,0,0,0,0,0,0,0,0,0,0
63071,1,1,1983,1,1,1,1,1,1,1,1,1,1
63072,1,1,1983,20,20,20,20,20,20,20,20,20,20
63072,2,1,1983,0,0,0,0,0,0,0,6,0,0
63073,0,1,1983,14,14,14,14,14,14,14,14,14,14
63073,1,1,1983,45,8,3,0,26,22,5,16,16,6
63074,1,1,1983,26,26,26,26,26,26,26,26,26,26
63074,2,1,1983,0,0,0,0,15,0,0,7,0,0
63075,1,1,1983,20,20,20,20,20,20,20,20,20,20
63076,0,1,1983,0,0,0,0,0,0,0,0,0,0
63076,1,1,1983,0,0,0,13,10,11,21,8,10,0
63077,1,1,1983,0,0,0,0,0,0,0,0,0,0
63078,0,1,1983,0,0,0,0,0,0,0,0,0,0
63078,1,1,1983,0,0,0,0,0,0,0,0,0,0
63079,1,1,1983,0,0,18,0,0,0,0,0,24,12
63079,2,1,1983,0,13,0,0,25,0,0,0,0,0
63080,1,1,1983,0,0,0,0,0,0,0,0,0,0
63080,2,1,1983,16,16,16,16,16,16,16,16,16,16
63081,1,1,1983,24,24,24,24,24,24,24,24,24,24
63082,0,1,1983,20,20,20,20,20,20,20,20,20,20
63082,1,1,1983,0,0,0,6,0,0,0,0,0,0
63083,1,1,1983,0,0,0,0,0,0,0,0,0,0
63084,1,1,1983,17,0,0,0,0,0,0,0,0,0
63084,2,1,1983,0,0,0,0,0,0,0,0,0,0
63085,0,1,1983,0,0,0,0,0,0,0,0,0,0
63085,1,1,1983,28,28,28,28,28,28,28,28,28,28
63086,1,1,1983,7,7,7,7,7,7,7,7,7,7
63087,0,1,1983,12,12,12,12,12,12,12,12,12,12
63087,1,1,1983,18,5,0,19,12,6,0,12,0,9
63088,0,1,1983,21,21,25,29,12,16,19,19,23,12
63088,0,2,1983,0,0,0,18,0,0,0,21,0,0
63088,0,3,1983,10,0,24,33,25,31,0,17,20,6
63088,1,1,1983,7,7,7,7,7,7,7,7,7,7
63089,0,1,1983,16,16,16,16,16,16,16,16,16,16
63089,1,1,1983,27,15,8,16,12,26,32,13,6,14
63090,1,1,1983,0,0,0,0,0,0,0,0,0,0
63091,1,1,1983,18,18,18,18,18,18,18,18,18,18
63092,1,1,1983,8,0,0,12,0,0,8,7,0,0
63092,2,1,1983,0,0,7,0,12,0,0,0,0,0
63093,1,1,1983,0,0,0,0,0,0,0,0,0,0
63093,2,1,1983,0,0,0,0,0,0,0,0,0,0
63094,1,1,1983,11,11,11,11,11,11,11,11,11,11
63094,2,1,1983,0,0,0,0,0,7,0,0,0,0
63095,1,1,1983,15,15,15,15,15,15,15,15,15,15
63095,2,1,1983,0,0,11,0,0,0,0,0,0,0
63096,1,1,1983,20,20,20,20,20,20,20,20,20,20
63096,2,1,1983,0,0,0,0,0,0,0,0,0,0
63097,1,1,1983,20,20,20,20,20,20,20,20,20,20
63098,1,1,1983,6,6,6,6,6,6,6,6,6,6
63098,2,1,1983,0,0,0,0,0,0,0,0,0,0
63099,1,1,1983,22,22,22,22,22,22,22,22,22,22
63100,1,1,1983,5,5,5,5,5,5,5,5,5,5
63100,2,1,1983,0,0,0,0,0,0,0,0,0,0
63101,1,1,1983,0,0,0,0,0,0,0,0,0,0
63101,2,1,1983,0,0,0,0,0,0,0,0,0,0
63102,1,1,1983,20,20,20,20,20,20,20,20,20,20
63102,2,1,1983,0,0,0,0,0,0,0,0,0,0
63103,1,1,1983,14,14,14,14,14,14,14,14,14,14
63104,1,1,1983,3,3,3,3,3,3,3,3,3,3
63105,1,1,1983,0,0,0,0,0,0,0,0,0,0
63105,2,1,1983,0,0,0,0,0,0,0,0,0,0
63106,1,1,1983,19,19,19,19,19,19,19,19,19,19
63106,2,1,1983,0,0,0,0,0,0,36,0,0,0
63107,1,1,1983,0,0,0,0,0,0,0,0,0,0
63107,2,1,1983,0,0,0,0,0,0,0,0,0,18
63108,1,1,1983,16,16,16,16,16,16,16,16,16,16
63109,1,1,1983,0,0,0,0,0,0,0,0,0,0
63109,2,1,1983,0,0,0,0,0,0,0,0,0,0
63110,1,1,1983,0,0,0,0,0,0,0,0,0,0
63110,2,1,1983,0,0,0,10,0,0,0,0,0,0
63110,3,1,1983,0,0,0,0,0,0,0,0,0,0
63111,0,1,1983,0,0,0,0,0,0,0,0,0,0
63111,1,1,1983,24,24,24,24,24,24,24,24,24,24
63112,0,1,1983,23,23,23,23,23,23,23,23,23,23
63112,1,1,1983,24,0,0,9,0,20,10,0,0,22
63113,2,1,1983,0,0,0,0,0,0,0,0,0,0
63114,0,1,1983,16,16,16,16,16,16,16,16,16,16
63114,1,1,1983,21,21,10,21,15,0,19,19,4,0
63115,1,1,1983,0,0,0,0,0,0,0,0,0,0
63115,2,1,1983,0,0,0,0,0,0,0,0,0,0
63116,1,1,1983,0,0,0,0,0,0,0,0,0,0
63116,2,1,1983,0,0,0,0,0,0,0,0,0,0
63117,1,1,1983,4,4,4,4,4,4,4,4,4,4
63117,2,1,1983,21,0,0,0,0,0,0,0,0,0
63118,1,1,1983,17,17,17,17,17,17,17,17,17,17
63119,1,1,1983,16,12,16,22,33,21,13,41,20,11
63120,1,1,1983,17,17,17,17,17,17,17,17,17,17
63120,2,1,1983,14,14,14,14,14,14,14,14,14,14
63121,1,1,1983,21,21,21,21,21,21,21,21,21,21
63122,1,1,1983,10,10,10,10,10,10,10,10,10,10
63123,1,1,1983,0,0,0,0,0,0,0,0,0,0
63123,2,1,1983,0,0,0,0,0,0,0,0,0,0
63124,1,1,1983,0,0,0,0,0,0,0,0,0,0
63125,1,1,1983,21,21,21,21,21,21,21,21,21,21
63126,0,1,1983,0,0,0,0,0,0,0,0,0,0
63126,1,1,1983,0,0,0,0,0,0,0,18,0,0
63127,1,1,1983,16,16,16,16,16,16,16,16,16,16
63128,1,1,1983,5,16,23,15,15,14,8,11,19,16
63129,1,1,1983,20,20,20,20,20,20,20,20,20,20
63129,2,1,1983,11,11,11,11,11,11,11,11,11,11
63130,0,1,1983,35,35,35,35,35,35,35,35,35,35
63130,1,1,1983,15,0,0,0,0,34,0,0,0,14
63131,1,1,1983,0,0,0,0,0,0,0,0,0,0
63132,1,1,1983,4,4,4,4,4,4,4,4,4,4
63133,1,1,1983,19,19,19,19,19,19,19,19,19,19
63134,1,1,1983,3,3,3,3,3,3,3,3,3,3
63134,2,1,1983,9,7,20,10,14,11,8,0,0,16
63135,1,1,1983,0,0,0,0,0,0,0,0,0,0
63136,1,1,1983,0,0,0,0,0,0,0,0,0,0
63137,1,1,1983,9,9,9,9,9,9,9,9,9,9
63137,2,1,1983,0,0,0,0,0,0,0,0,0,0
63138,1,1,1983,20,20,20,20,20,20,20,20,20,20
63139,1,1,1983,7,7,7,7,7,7,7,7,7,7
63140,0,1,1983,27,27,27,27,27,27,27,27,27,27
63140,1,1,1983,0,0,0,0,0,19,0,0,18,0
63141,1,1,1983,0,0,0,0,0,0,0,0,0,0
63142,1,1,1983,0,0,0,0,0,0,0,0,0,0
63142,2,1,1983,0,0,0,0,0,0,0,0,0,0
63143,0,1,1983,0,0,0,0,0,0,0,0,0,0
63143,1,1,1983,0,0,0,0,0,0,0,0,0,0
63144,0,1,1983,28,28,28,28,28,28,28,28,28,28
63144,1,1,1983,0,0,9,0,0,0,0,0,0,0
63145,1,1,1983,0,0,0,0,0,0,0,0,0,0
63145,2,1,1983,15,15,15,15,15,15,15,15,15,15
63146,1,1,1983,14,0,14,18,4,13,15,5,16,23
63147,1,1,1983,0,6,17,19,0,0,18,24,22,8
63148,1,1,1983,0,0,0,0,0,0,0,0,0,0
63148,2,1,1983,0,0,0,0,0,0,0,0,0,0
63149,1,1,1983,0,0,0,0,0,0,0,0,0,0
63149,2,1,1983,0,0,0,0,0,0,0,0,0,0
63149,3,1,1983,0,0,0,0,0,0,0,0,0,0
63150,1,1,1983,21,21,21,21,21,21,21,21,21,21
63150,2,1,1983,31,29,0,0,0,0,0,0,0,0
63151,1,1,1983,15,15,15,15,15,15,15,15,15,15
63152,2,1,1983,0,0,0,0,0,0,0,0,0,0
63152,3,1,1983,35,11,28,36,24,15,14,19,32,12
63153,1,1,1983,7,0,17,0,0,11,0,21,12,27
63153,2,1,1983,0,0,0,0,0,0,0,0,18,0
63154,1,1,1983,0,0,0,0,0,0,0,0,0,0
63154,2,1,1983,20,20,20,20,20,20,20,20,20,20
63155,1,1,1983,21,23,12,29,9,9,30,21,13,17
63156,1,1,1983,0,0,0,0,0,0,0,0,0,0
63157,1,1,1983,0,0,0,0,0,2,16,0,7,0
63157,2,1,1983,0,0,0,0,0,0,0,0,0,0
63158,0,1,1983,0,0,0,0,0,0,0,0,0,0
63158,1,1,1983,0,0,0,0,0,0,0,0,0,0
63159,1,1,1983,26,26,26,26,26,26,26,26,26,26
63160,1,1,1983,12,12,12,12,12,12,12,12,12,12
63161,1,1,1983,0,4,0,0,0,19,0,0,15,0
63161,2,1,1983,0,0,0,0,0,0,0,0,0,0
63162,0,1,1983,21,21,21,21,21,21,21,21,21,21
63162,1,1,1983,0,0,7,0,17,0,24,0,0,0
63163,0,1,1983,0,0,0,0,0,0,0,0,0,0
63163,1,1,1983,0,0,0,0,0,0,0,0,8,7
63163,2,1,1983,0,0,0,0,0,0,0,0,0,0
63164,1,1,1983,0,0,0,0,0,0,0,0,0,0
63165,1,1,1983,0,0,0,17,0,12,14,0,11,0
63165,2,1,1983,9,16,16,15,10,18,17,18,26,7
63166,0,1,1983,0,0,0,0,0,0,0,0,0,0
63166,0,2,1983,0,0,0,0,0,0,0,0,0,0
63166,1,1,1983,0,0,0,0,0,0,0,0,0,0
63167,1,1,1983,34,34,34,34,34,34,34,34,34,34
63168,1,1,1983,20,20,20,20,20,20,20,20,20,20
63169,1,1,1983,18,18,18,18,18,18,18,18,18,18
63169,2,1,1983,0,0,0,0,0,0,0,0,0,0
63170,1,1,1983,10,10,10,10,10,10,10,10,10,10
63170,2,1,1983,0,0,0,0,0,0,0,0,0,0
63171,1,1,1983,0,0,0,0,0,0,0,0,0,0
63171,2,1,1983,0,0,14,0,0,7,0,0,9,0
63172,1,1,1983,20,20,16,32,0,12,0,8,8,17
63173,1,1,1983,0,0,0,0,0,0,0,0,0,0
63173,2,1,1983,0,0,0,0,0,0,0,0,0,0
63174,0,1,1983,0,0,0,0,0,0,0,0,0,0
63174,1,1,1983,0,0,0,0,0,0,0,0,0,0
63175,0,1,1983,0,0,0,0,0,0,0,0,0,0
63175,0,2,1983,0,0,0,0,0,0,0,0,0,0
63175,1,1,1983,6,0,5,17,0,13,0,25,20,0
63176,0,1,1983,0,0,3,0,0,0,0,0,10,28
63176,1,1,1983,0,0,0,0,0,0,0,0,0,0
63177,1,1,1983,14,14,14,14,14,14,14,14,14,14
63178,0,1,1983,0,0,0,0,0,0,0,0,0,0
63178,1,1,1983,0,0,0,0,0,0,0,21,0,0
63179,1,1,1983,21,21,21,21,21,21,21,21,21,21
63180,1,1,1983,0,0,0,0,0,0,0,0,0,0
63181,1,1,1983,17,17,17,17,17,17,17,17,17,17
63182,1,1,1983,22,22,22,22,22,22,22,22,22,22
63183,1,5,1983,0,0,0,0,0,0,0,0,0,0
63184,0,1,1983,0,0,0,0,0,0,0,0,0,0
63184,1,1,1983,5,5,5,5,5,5,5,5,5,5
63185,0,1,1983,21,21,21,21,21,21,21,21,21,21
63185,1,1,1983,0,0,0,0,0,0,0,0,0,0
63186,1,1,1983,28,28,28,28,28,28,28,28,28,28
63187,1,1,1983,14,14,14,14,14,14,14,14,14,14
63188,1,1,1983,7,7,7,7,7,7,7,7,7,7
63188,2,1,1983,0,0,0,0,19,0,0,0,0,0
63189,1,1,1983,23,23,23,23,23,23,23,23,23,23
63189,2,1,1983,0,0,0,0,0,0,0,0,0,0
63189,3,1,1983,0,0,0,0,0,0,0,0,0,0
63190,1,1,1983,0,0,0,0,0,0,0,0,0,0
63191,1,1,1983,16,16,16,16,16,16,16,16,16,16
63191,2,1,1983,0,0,0,0,0,0,0,0,0,0
63192,1,1,1983,16,16,16,16,16,16,16,16,16,16
63193,1,1,1983,1,1,1,1,1,1,1,1,1,1
63193,2,1,1983,0,0,0,0,0,0,0,0,0,0
63194,1,1,1983,13,13,13,13,13,13,13,13,13,13
63195,1,1,1983,14,7,39,15,18,8,10,24,15,14
63196,1,1,1983,15,15,15,15,15,15,15,15,15,15
63196,2,1,1983,0,0,0,0,0,0,0,0,0,0
63197,1,1,1983,12,12,12,12,12,12,12,12,12,12
63198,1,1,1983,22,22,22,22,22,22,22,22,22,22
63199,0,1,1983,0,0,0,0,0,0,0,0,0,0
63199,1,1,1983,0,0,0,5,0,9,0,0,0,0
63199,2,1,1983,0,0,0,0,0,0,0,0,0,0
63200,1,1,1983,0,0,0,0,0,29,0,20,0,0
63200,2,1,1983,0,0,0,0,0,0,0,0,0,0
63201,0,1,1983,0,0,0,0,0,0,0,0,0,0
63201,1,1,1983,0,0,0,0,0,0,0,0,0,0
63202,0,1,1983,0,0,0,0,0,0,0,0,0,0
63202,1,1,1983,14,14,14,14,14,14,14,14,14,14
63203,1,1,1983,0,0,0,13,0,0,0,0,0,0
63203,2,1,1983,0,0,0,0,0,0,0,0,0,0
63204,0,1,1983,0,0,0,0,0,0,0,0,0,0
63204,1,1,1983,0,0,0,0,0,0,0,0,0,0
63205,1,1,1983,0,0,0,0,0,0,0,0,0,0
63206,1,1,1983,0,0,0,0,0,0,0,0,0,0
63207,1,1,1983,0,0,0,0,0,0,0,0,0,0
63208,1,1,1983,0,0,0,0,0,0,0,0,0,0
63209,1,1,1983,0,0,0,0,0,0,0,0,0,0
63210,1,1,1983,15,15,15,15,15,15,15,15,15,15
63211,1,1,1983,20,20,20,20,20,20,20,20,20,20
63211,2,1,1983,0,0,0,0,0,0,0,0,0,0
63212,0,1,1983,0,0,0,0,0,0,0,0,0,0
63212,1,1,1983,0,0,0,0,0,0,0,0,0,0
63213,0,1,1983,0,0,0,0,0,0,0,0,0,0
63213,1,1,1983,22,22,22,22,22,22,22,22,22,22
63214,1,1,1983,0,0,0,0,0,0,0,0,0,0
63214,2,1,1983,0,0,0,0,0,0,0,0,0,0
63215,1,1,1983,21,21,21,21,21,21,21,21,21,21
63215,2,1,1983,25,0,0,0,0,0,0,0,0,0
63216,1,1,1983,18,18,18,18,18,18,18,18,18,18
63217,1,1,1983,5,32,5,8,12,20,17,0,15,12
63217,2,1,1983,0,0,0,0,0,0,0,0,0,0
63218,0,1,1983,0,0,26,0,0,0,0,0,0,0
63218,0,2,1983,0,0,10,0,12,31,0,0,0,0
63218,1,1,1983,0,0,0,0,0,0,0,0,0,0
63219,1,1,1983,22,22,22,22,22,22,22,22,22,22
63220,1,1,1983,0,0,0,10,0,0,24,0,0,17
63220,2,1,1983,0,0,0,0,6,0,0,0,0,0
63221,1,1,1983,13,0,0,0,0,0,0,0,0,0
63221,2,1,1983,0,0,0,0,0,0,0,0,0,0
63222,1,1,1983,0,0,0,0,0,0,0,0,0,0
63223,1,1,1983,13,13,13,13,13,13,13,13,13,13
63223,2,1,1983,21,21,21,21,21,21,21,21,21,21
63224,1,1,1983,18,18,18,18,18,18,18,18,18,18
63225,1,1,1983,22,22,22,22,22,22,22,22,22,22
63226,1,1,1983,0,0,0,0,0,0,0,0,0,0
63226,2,1,1983,0,0,0,0,0,0,0,0,0,0
63227,0,1,1983,0,0,0,0,0,0,0,0,0,0
63227,1,1,1983,18,18,18,18,18,18,18,18,18,18
63228,1,1,1983,0,0,0,0,0,0,11,0,0,6
63229,1,1,1983,0,0,0,0,0,0,0,0,0,0
63229,2,1,1983,18,18,18,18,18,18,18,18,18,18
63230,0,1,1983,0,0,0,0,0,0,0,0,0,0
63230,1,1,1983,26,0,0,0,0,15,6,0,25,7
63230,2,1,1983,0,0,0,8,0,0,20,13,24,0
63230,3,1,1983,0,0,0,0,18,0,0,0,0,0
63231,1,1,1983,0,22,0,0,0,0,0,0,0,0
63231,2,1,1983,0,0,0,0,0,0,0,0,0,0
63231,3,1,1983,0,0,0,0,0,0,0,0,0,0
63231,4,1,1983,0,0,0,0,0,0,0,0,0,0
63232,0,1,1983,0,0,0,0,0,0,0,0,0,0
63232,1,1,1983,0,0,0,0,0,0,0,0,0,0
63233,0,1,1983,0,0,0,0,0,0,0,0,0,0
63233,1,1,1983,0,0,0,0,0,0,0,0,0,0
63234,0,1,1983,0,0,0,0,0,0,0,0,0,0
63234,1,1,1983,0,0,0,0,0,22,0,0,0,16
63235,0,1,1983,0,0,0,0,0,0,0,0,0,0
63235,1,1,1983,0,0,0,0,0,0,0,0,0,0
63236,0,1,1983,0,0,0,0,0,0,0,0,0,0
63236,1,1,1983,0,0,0,0,0,0,0,0,0,0
63237,1,1,1983,0,0,0,0,0,0,0,0,0,0
63237,2,1,1983,0,0,13,0,0,0,9,28,0,13
63238,0,1,1983,6,6,6,6,6,6,6,6,6,6
63238,1,1,1983,0,19,0,0,18,0,26,0,0,20
63239,0,1,1983,0,0,0,0,0,0,0,0,0,0
63239,0,2,1983,10,36,33,32,0,25,20,17,13,44
63239,1,1,1983,20,25,20,13,27,27,10,17,32,21
63240,1,1,1983,0,0,0,0,0,0,0,0,0,0
63240,2,1,1983,0,0,0,0,0,0,0,0,0,0
63240,3,1,1983,0,0,0,0,0,0,0,0,0,0
63241,1,1,1983,0,0,0,0,0,0,0,0,0,0
63241,2,1,1983,0,0,0,0,0,0,0,0,0,0
63242,1,1,1983,0,0,0,0,0,0,0,0,0,0
63242,2,1,1983,0,0,0,0,0,0,0,0,0,0
63243,1,1,1983,0,0,0,2,0,0,0,0,0,2
63243,2,1,1983,8,8,8,8,8,8,8,8,8,8
63244,1,1,1983,12,12,12,12,12,12,12,12,12,12
63244,2,1,1983,0,0,0,0,0,0,0,0,0,0
63245,1,1,1983,12,0,0,0,8,0,13,12,0,15
63246,0,1,1983,0,0,0,0,10,0,0,0,0,8
63246,1,1,1983,0,0,0,0,0,0,0,0,0,0
63247,1,1,1983,0,0,0,0,0,0,0,0,0,0
63247,2,1,1983,0,0,0,0,0,0,0,0,0,0
63247,3,1,1983,0,0,0,0,0,0,0,0,0,0
63248,1,1,1983,0,0,0,0,0,19,0,0,9,0
63248,2,1,1983,4,0,0,0,10,0,19,0,0,5
63249,1,1,1983,15,15,15,15,15,15,15,15,15,15
63249,2,1,1983,0,0,0,0,0,0,0,0,27,23
63250,1,1,1983,0,0,18,0,0,0,0,0,0,0
63250,2,1,1983,27,27,27,27,27,27,27,27,27,27
63251,1,1,1983,8,8,8,8,8,8,8,8,8,8
63252,1,1,1983,17,17,17,17,17,17,17,17,17,17
63253,0,1,1983,0,0,0,0,0,0,0,0,0,0
63253,1,1,1983,0,0,0,0,0,0,0,0,0,0
63254,1,1,1983,2,2,2,2,2,2,2,2,2,2
63254,2,1,1983,0,0,0,0,0,0,0,0,0,0
63255,1,1,1983,7,7,7,7,7,7,7,7,7,7
63255,2,1,1983,0,0,0,0,0,0,0,0,0,0
63256,1,1,1983,15,18,0,18,0,20,14,0,11,5
63256,2,1,1983,0,0,0,0,0,0,0,0,0,0
63256,3,1,1983,0,0,0,0,0,0,0,0,0,0
63257,1,1,1983,37,37,37,37,37,37,37,37,37,37
63258,1,1,1983,0,0,0,0,0,0,0,0,0,0
63259,1,1,1983,28,28,28,28,28,28,28,28,28,28
63260,1,1,1983,18,18,18,18,18,18,18,18,18,18
63261,1,1,1983,7,7,7,7,7,7,7,7,7,7
63262,1,1,1983,27,21,6,0,8,17,23,0,14,0
63262,2,1,1983,0,0,0,0,0,0,0,0,0,0
63263,1,1,1983,12,0,9,4,1,0,0,25,0,9
63264,1,1,1983,21,21,21,21,21,21,21,21,21,21
63265,1,1,1983,16,16,16,16,16,16,16,16,16,16
63265,2,1,1983,14,14,14,14,14,14,14,14,14,14
63266,1,1,1983,12,12,12,12,12,12,12,12,12,12
63267,1,1,1983,0,0,0,0,0,0,0,0,0,15
63267,2,1,1983,0,0,0,0,0,0,0,0,0,0
63267,3,1,1983,0,0,0,0,0,0,0,0,0,0
63267,4,1,1983,0,0,0,0,0,0,0,0,0,0
63268,1,1,1983,0,0,0,0,0,0,0,0,0,0
63268,2,1,1983,0,0,0,0,0,0,0,0,0,0
63268,3,1,1983,0,0,0,0,0,0,0,0,0,0
63268,4,1,1983,0,0,0,0,0,0,0,0,0,0
63269,0,1,1983,25,25,25,25,25,25,25,25,25,25
63269,1,1,1983,0,33,21,20,15,0,23,39,15,25
63270,1,1,1983,13,13,13,13,13,13,13,13,13,13
63270,2,1,1983,0,0,14,0,0,0,0,0,0,0
63271,1,1,1983,17,0,3,6,0,0,0,9,0,10
63272,0,1,1983,0,0,0,0,0,0,0,0,17,0
63272,1,1,1983,0,0,0,0,0,0,0,0,0,0
63273,1,1,1983,17,17,17,17,17,17,17,17,17,17
63274,0,1,1983,22,22,22,22,22,22,22,22,22,22
63274,1,1,1983,7,7,7,7,7,7,7,7,7,7
63275,1,1,1983,0,0,0,0,0,0,0,0,0,0
63275,2,1,1983,10,10,10,10,10,10,10,10,10,10
63276,1,1,1983,25,25,25,25,25,25,25,25,25,25
63277,1,1,1983,33,33,33,33,33,33,33,33,33,33
63278,1,1,1983,4,15,17,7,15,21,16,12,21,13
63278,2,1,1983,0,0,0,0,0,0,0,0,0,0
63279,1,1,1983,22,22,22,22,22,22,22,22,22,22
63279,2,1,1983,4,4,4,4,4,4,4,4,4,4
63280,1,1,1983,22,22,22,22,22,22,22,22,22,22
63280,2,1,1983,0,0,0,0,0,0,0,0,0,0
63281,1,1,1983,10,10,10,10,10,10,10,10,10,10
63282,0,1,1983,0,0,0,0,0,0,0,0,0,0
63282,1,1,1983,0,0,0,0,0,0,0,0,0,0
63283,1,1,1983,19,19,19,19,19,19,19,19,19,19
63283,2,1,1983,0,0,0,0,0,10,0,0,0,0
63284,1,1,1983,0,0,0,0,0,0,0,0,0,0
63284,2,1,1983,0,0,0,0,0,0,0,0,0,0
63285,1,1,1983,20,20,20,20,20,20,20,20,20,20
63285,2,1,1983,0,0,0,0,0,0,0,0,0,0
63286,1,1,1983,23,23,23,23,23,23,23,23,23,23
63287,1,1,1983,0,0,0,4,0,23,0,0,0,13
63287,2,1,1983,0,0,0,0,0,0,0,0,0,0
63288,1,1,1983,0,0,0,0,24,0,0,34,0,0
63288,2,1,1983,17,17,17,17,17,17,17,17,17,17
63289,1,1,1983,0,0,0,0,0,0,0,0,0,0
63289,2,1,1983,0,0,0,0,0,0,0,0,0,0
63289,3,1,1983,0,0,0,0,0,0,12,0,0,0
63290,1,1,1983,0,0,0,0,0,0,0,0,0,0
63290,2,1,1983,0,0,0,0,0,0,0,0,0,0
63291,1,1,1983,0,0,0,0,0,0,0,0,0,0
63291,2,1,1983,0,0,0,0,0,0,0,0,0,0
63291,3,1,1983,0,0,0,0,0,0,0,0,0,0
63292,1,1,1983,8,8,8,8,8,8,8,8,8,8
63293,1,1,1983,0,0,5,0,0,0,0,0,0,0
63293,2,1,1983,0,0,0,0,0,0,0,0,0,0
63294,1,1,1983,25,25,25,25,25,25,25,25,25,25
63294,2,1,1983,0,0,0,0,0,0,0,0,0,0
63295,1,1,1983,0,0,0,0,0,0,0,0,0,0
63295,2,1,1983,0,0,0,0,18,0,0,0,0,0
63296,1,1,1983,10,20,14,0,21,0,0,0,0,0
63297,1,1,1983,0,0,0,0,0,0,0,0,0,0
63298,1,1,1983,0,0,0,0,0,0,0,0,0,0
63299,1,1,1983,13,13,13,13,13,13,13,13,13,13
63300,0,1,1983,20,20,20,20,20,20,20,20,20,20
63300,0,2,1983,0,0,0,9,15,0,20,37,25,0
63300,1,1,1983,0,0,0,0,0,10,0,0,0,0
63301,0,1,1983,0,0,14,0,8,0,35,0,27,0
63301,1,1,1983,0,13,42,18,18,14,14,19,21,0
63302,0,1,1983,0,0,0,0,0,0,0,0,0,0
63302,1,1,1983,0,0,0,0,0,0,0,0,0,0
63303,1,1,1983,14,14,14,14,14,14,14,14,14,14
63303,2,1,1983,0,0,0,0,0,0,0,0,0,0
63304,1,1,1983,0,0,0,0,0,0,0,0,0,0
63305,1,1,1983,0,0,0,0,0,0,0,0,0,0
63305,2,1,1983,0,0,0,0,0,0,0,0,0,0
63306,1,1,1983,17,20,14,25,13,11,19,22,23,23
63307,1,1,1983,0,0,0,0,0,0,0,0,0,0
63308,1,1,1983,0,0,0,37,15,21,13,12,32,0
63309,0,1,1983,0,0,0,0,0,0,0,0,0,0
63309,1,1,1983,15,15,15,15,15,15,15,15,15,15
63310,1,1,1983,0,0,0,0,0,0,0,0,0,0
63310,2,1,1983,0,0,0,0,19,0,0,0,0,0
63311,1,1,1983,0,0,0,0,0,0,0,0,0,0
63311,2,1,1983,0,0,0,0,0,0,0,0,0,0
63312,1,1,1983,15,0,23,24,12,13,19,0,20,0
63313,1,1,1983,31,31,31,31,31,31,31,31,31,31
63314,1,1,1983,17,17,17,17,17,17,17,17,17,17
63315,1,1,1983,0,0,0,0,0,0,0,0,0,0
63315,2,1,1983,0,0,0,0,0,0,0,0,0,0
63315,3,1,1983,0,0,0,0,0,0,17,0,0,0
63316,1,1,1983,0,6,0,0,0,0,17,0,24,11
63316,2,1,1983,0,0,0,0,0,0,0,0,0,0
63317,1,1,1983,14,14,14,14,14,14,14,14,14,14
63318,0,1,1983,17,0,0,0,0,0,12,0,0,22