ST_CASE,VEH_NO,PER_NO,YEAR,P1,P2,P3,P4,P5,P6,P7,P8,P9,P10
63318,1,1,1983,0,0,0,0,0,0,0,0,0,0
63319,0,1,1983,13,13,13,13,13,13,13,13,13,13
63319,1,1,1983,14,25,39,0,0,0,15,22,12,17
63320,1,1,1983,12,12,12,12,12,12,12,12,12,12
63320,2,1,1983,0,0,0,0,0,0,0,0,0,0
63321,1,1,1983,0,0,0,0,0,0,21,0,0,0
63321,2,1,1983,8,8,8,8,8,8,8,8,8,8
63322,1,1,1983,10,10,10,10,10,10,10,10,10,10
63323,1,1,1983,9,19,13,5,10,5,0,9,20,18
63324,1,1,1983,0,0,0,0,0,0,0,0,0,0
63324,2,1,1983,0,0,0,0,0,0,0,0,4,0
63325,1,1,1983,22,22,22,22,22,22,22,22,22,22
63326,1,1,1983,9,9,9,9,9,9,9,9,9,9
63326,2,1,1983,11,11,11,11,11,11,11,11,11,11
63327,0,1,1983,22,22,22,22,22,22,22,22,22,22
63327,1,1,1983,0,11,0,14,0,0,0,0,0,0
63328,1,1,1983,22,22,22,22,22,22,22,22,22,22
63328,2,1,1983,0,0,0,0,0,0,0,0,0,0
63329,0,1,1983,0,0,0,0,0,0,0,0,0,0
63329,1,1,1983,0,0,0,0,0,0,0,0,0,0
63330,1,1,1983,0,0,0,0,0,0,0,0,0,0
63331,1,1,1983,8,8,8,8,8,8,8,8,8,8
63331,2,1,1983,0,0,0,0,0,0,0,0,0,0
63332,1,1,1983,48,48,48,48,48,48,48,48,48,48
63333,1,1,1983,0,0,0,0,0,0,0,0,0,0
63334,0,1,1983,33,33,33,33,33,33,33,33,33,33
63334,1,1,1983,0,0,0,0,0,0,0,0,0,0
63335,1,1,1983,17,17,17,17,17,17,17,17,17,17
63335,2,1,1983,0,0,0,0,0,0,0,0,0,0
63336,1,1,1983,0,0,0,0,0,0,0,0,0,0
63337,1,1,1983,0,0,0,24,10,22,6,14,6,4
63337,2,1,1983,0,0,0,0,0,0,0,0,0,0
63338,1,1,1983,11,11,11,11,11,11,11,11,11,11
63339,1,1,1983,22,7,6,13,12,0,24,17,6,20
63339,2,1,1983,27,27,27,27,27,27,27,27,27,27
63340,1,1,1983,4,12,13,10,8,9,9,8,14,20
63341,0,1,1983,24,24,24,24,24,24,24,24,24,24
63341,1,1,1983,0,9,0,0,0,0,12,0,21,0
63342,1,1,1983,31,31,31,31,31,31,31,31,31,31
63343,1,1,1983,0,12,0,16,19,15,14,0,0,0
63344,0,1,1983,0,0,0,0,0,0,0,0,0,0
63344,0,2,1983,0,0,6,13,0,0,0,0,0,0
63344,0,3,1983,18,0,0,0,15,6,0,0,0,0
63344,1,1,1983,28,28,28,28,28,28,28,28,28,28
63345,1,1,1983,33,33,33,33,33,33,33,33,33,33
63345,2,1,1983,0,31,0,0,0,0,0,0,0,0
63346,0,1,1983,0,0,0,0,0,0,0,0,0,0
63346,1,1,1983,0,0,0,0,0,0,0,0,0,0
63347,1,1,1983,31,31,31,31,31,31,31,31,31,31
63348,0,1,1983,10,10,10,10,10,10,10,10,10,10
63348,1,1,1983,0,0,0,0,23,0,0,0,0,0
63349,1,1,1983,21,21,21,21,21,21,21,21,21,21
63350,0,1,1983,31,0,31,0,0,18,0,0,0,8
63350,1,1,1983,0,0,0,0,0,0,0,0,0,0
63351,0,1,1983,0,0,0,0,0,0,0,0,0,0
63351,1,1,1983,0,0,0,0,0,0,0,0,0,0
63352,1,1,1983,0,0,0,0,0,0,4,0,0,0
63352,2,1,1983,11,11,11,11,11,11,11,11,11,11
63353,1,1,1983,0,0,5,14,0,0,16,14,0,25
63354,1,1,1983,3,3,3,3,3,3,3,3,3,3
63354,2,1,1983,0,0,0,0,0,0,0,0,0,0
63355,1,1,1983,15,15,15,15,15,15,15,15,15,15
63356,0,1,1983,27,42,30,24,6,29,16,0,19,32
63356,1,1,1983,18,18,18,18,18,18,18,18,18,18
63357,1,1,1983,0,0,0,0,0,0,0,0,6,0
63357,2,1,1983,0,0,0,0,11,0,0,0,0,0
63358,1,1,1983,0,0,0,0,0,0,0,0,0,0
63359,1,1,1983,0,0,0,0,0,0,0,0,0,0
63359,2,1,1983,7,0,13,0,0,0,0,0,0,0
63360,1,1,1983,0,0,3,0,9,0,0,0,7,0
63360,2,1,1983,0,0,0,0,0,0,0,0,0,0
63361,1,1,1983,22,20,0,25,0,0,12,9,20,8
63362,1,1,1983,0,0,0,0,0,0,0,0,0,0
63362,2,1,1983,0,0,0,0,0,0,0,0,0,0
63363,0,1,1983,0,0,0,0,0,0,0,0,0,0
63363,2,1,1983,0,0,0,0,0,0,0,8,0,0
63364,0,1,1983,19,19,19,19,19,19,19,19,19,19
63364,1,1,1983,0,0,0,0,0,0,0,0,0,0
63365,1,1,1983,29,17,27,17,35,16,45,26,0,18
63366,1,1,1983,13,13,13,13,13,13,13,13,13,13
63366,2,1,1983,0,0,0,0,0,0,0,0,0,0
63367,0,1,1983,0,0,0,0,0,0,0,0,0,0
63367,1,1,1983,0,0,0,0,0,0,0,0,0,0
63368,1,1,1983,3,3,3,3,3,3,3,3,3,3
63368,2,1,1983,7,0,0,11,0,0,0,27,0,0
63369,1,1,1983,15,15,15,15,15,15,15,15,15,15
63369,2,1,1983,0,0,0,0,0,0,0,0,0,0
63370,1,1,1983,23,23,23,23,23,23,23,23,23,23
63371,1,1,1983,0,0,0,0,0,0,0,0,0,0
63372,1,1,1983,22,22,22,22,22,22,22,22,22,22
63372,2,1,1983,0,0,0,0,0,0,0,0,0,0
63373,0,1,1983,0,0,0,0,0,0,0,0,0,0
63373,1,1,1983,0,0,0,0,0,0,0,0,0,0
63374,1,1,1983,28,28,28,28,28,28,28,28,28,28
63374,2,1,1983,0,0,0,19,23,16,0,14,23,0
63375,1,1,1983,25,25,25,25,25,25,25,25,25,25
63376,1,1,1983,3,3,3,3,3,3,3,3,3,3
63376,2,1,1983,21,14,7,12,18,24,0,15,13,19
63377,0,1,1983,0,0,0,0,0,0,0,0,0,0
63377,1,1,1983,10,10,14,19,24,0,12,29,31,21
63378,1,1,1983,0,0,0,0,0,0,0,0,0,0
63378,2,1,1983,0,0,0,0,0,0,0,0,0,0
63379,0,1,1983,0,0,0,0,0,0,0,0,0,0
63379,1,1,1983,0,0,0,0,0,0,0,0,0,0
63380,0,1,1983,0,0,0,0,0,0,0,0,0,0
63380,1,1,1983,0,0,0,0,0,0,0,0,0,0
63381,0,1,1983,26,26,26,26,26,26,26,26,26,26
63381,1,1,1983,0,0,0,0,0,0,0,0,45,0
63382,0,1,1983,11,11,11,11,11,11,11,11,11,11
63382,1,1,1983,0,0,0,0,0,0,6,28,0,0
63383,1,1,1983,14,14,14,14,14,14,14,14,14,14
63384,1,1,1983,5,0,7,0,0,10,0,0,0,0
63384,2,1,1983,0,0,0,0,0,0,0,0,14,0
63385,1,1,1983,15,15,15,15,15,15,15,15,15,15
63385,2,1,1983,8,0,0,18,4,0,7,25,0,0
63386,1,1,1983,11,11,11,11,11,11,11,11,11,11
63386,2,1,1983,11,11,11,11,11,11,11,11,11,11
63387,1,1,1983,0,0,0,0,10,0,0,0,0,16
63388,1,1,1983,0,0,0,0,0,0,0,0,0,0
63388,2,1,1983,0,0,0,0,0,0,0,0,0,0
63389,1,1,1983,0,0,0,0,0,0,0,0,0,0
63389,2,1,1983,0,0,0,0,0,0,0,0,0,0
63390,1,1,1983,0,0,0,0,0,0,0,0,0,0
63390,2,1,1983,0,0,0,0,0,0,0,0,0,0
63391,1,1,1983,0,0,0,0,0,0,0,0,0,0
63392,1,1,1983,0,0,0,0,0,0,0,0,0,0
63393,1,1,1983,0,0,0,0,0,0,0,0,0,0
63394,0,1,1983,33,33,33,33,33,33,33,33,33,33
63394,1,1,1983,8,8,8,8,8,8,8,8,8,8
63395,1,1,1983,16,16,16,16,16,16,16,16,16,16
63395,2,1,1983,0,0,0,0,0,0,0,0,0,14
63395,3,1,1983,0,0,8,0,0,0,8,0,0,10
63395,4,1,1983,0,24,0,0,21,0,0,21,14,0
63395,5,1,1983,26,0,0,0,0,0,0,0,0,0
63396,1,1,1983,0,0,0,0,0,0,0,0,0,0
63397,1,1,1983,17,17,17,17,17,17,17,17,17,17
63397,2,1,1983,0,0,0,0,0,0,0,0,0,0
63398,1,1,1983,0,0,0,0,0,0,0,0,0,0
63398,2,1,1983,17,7,0,10,0,0,7,6,17,0
63399,1,1,1983,0,0,0,0,0,0,0,14,0,0
63399,2,1,1983,24,10,0,15,11,0,0,0,13,0
63400,1,1,1983,0,0,0,0,0,0,0,0,0,0
63401,1,1,1983,0,0,0,0,0,0,0,0,0,0
63401,2,1,1983,0,0,0,0,0,0,0,0,0,0
63402,1,1,1983,0,0,0,13,0,0,4,0,0,24
63402,2,1,1983,0,0,0,0,0,0,0,0,19,0
63403,1,1,1983,0,0,0,0,0,0,0,0,0,0
63404,1,1,1983,0,0,0,0,0,0,0,0,0,0
63405,1,1,1983,0,0,14,0,0,0,0,0,26,0
63405,2,1,1983,0,0,0,0,0,0,0,0,0,0
63406,1,1,1983,9,9,9,9,9,9,9,9,9,9
63407,1,1,1983,0,0,0,0,0,0,0,0,0,0
63408,1,1,1983,2,2,2,2,2,2,2,2,2,2
63409,0,1,1983,0,0,0,0,0,0,0,0,0,0
63409,1,1,1983,16,18,21,14,26,22,12,15,19,11
63410,0,1,1983,0,0,0,0,0,0,0,0,0,0
63410,1,1,1983,9,11,5,7,23,27,10,12,0,15
63411,1,1,1983,0,0,0,0,0,0,0,0,0,0
63411,2,1,1983,0,0,0,0,0,0,0,0,0,0
63412,1,1,1983,0,0,0,0,0,0,0,0,0,0
63412,2,1,1983,0,0,0,0,0,0,0,0,4,0
63413,0,1,1983,0,0,0,0,0,0,0,0,0,0
63413,1,1,1983,0,0,0,0,0,0,0,0,0,0
63414,1,1,1983,0,0,0,0,0,0,0,0,0,0
63415,1,1,1983,28,28,28,28,28,28,28,28,28,28
63416,1,1,1983,8,8,8,8,8,8,8,8,8,8
63417,1,1,1983,0,0,0,0,0,0,0,0,0,0
63418,1,1,1983,0,0,0,0,0,0,0,0,0,0
63418,2,1,1983,0,0,0,0,0,0,0,0,0,0
63419,1,1,1983,0,0,0,0,0,0,0,0,0,0
63419,2,2,1983,0,0,0,0,0,13,0,0,0,0
63420,1,1,1983,0,0,0,0,0,0,0,0,0,0
63420,2,1,1983,0,0,0,0,0,0,0,0,0,0
63421,1,1,1983,0,0,0,0,0,0,0,0,0,0
63421,2,1,1983,0,0,0,0,0,0,0,0,0,0
63421,3,1,1983,0,0,0,0,0,0,0,0,0,0
63422,1,1,1983,5,5,5,5,5,5,5,5,5,5
63423,1,1,1983,0,0,0,0,0,0,0,0,0,0
63423,2,1,1983,0,0,0,0,0,0,0,0,0,0
63424,0,1,1983,0,0,0,0,0,0,0,0,0,0
63424,1,1,1983,0,0,0,0,0,0,0,0,0,0
63425,0,1,1983,0,0,0,0,0,0,0,0,0,0
63425,1,1,1983,0,0,6,0,0,0,0,0,0,0
63426,1,1,1983,5,5,5,5,5,5,5,5,5,5
63427,0,1,1983,9,9,9,9,9,9,9,9,9,9
63427,1,1,1983,0,0,17,0,8,8,22,0,26,14
63428,0,1,1983,0,0,0,0,0,0,0,0,0,0
63428,1,1,1983,0,0,0,0,0,0,0,0,0,0
63429,0,1,1983,14,14,14,14,14,14,14,14,14,14
63429,1,1,1983,0,0,0,0,13,0,0,0,0,0
63430,0,1,1983,0,0,0,0,0,0,0,0,0,0
63430,1,1,1983,18,18,18,18,18,18,18,18,18,18
63431,0,1,1983,0,0,0,0,0,0,0,0,0,0
63431,1,1,1983,0,0,0,0,0,3,0,15,0,0
63432,1,1,1983,10,10,10,10,10,10,10,10,10,10
63433,1,1,1983,3,3,3,3,3,3,3,3,3,3
63434,1,1,1983,16,16,16,16,16,16,16,16,16,16
63435,1,1,1983,18,18,18,18,18,18,18,18,18,18
63436,1,1,1983,0,0,0,0,0,0,0,0,0,0
63436,2,1,1983,0,0,0,0,0,0,0,0,0,0
63437,1,1,1983,0,0,0,0,0,0,0,0,0,0
63437,2,1,1983,0,0,0,0,0,0,0,0,0,0
63438,1,1,1983,0,0,0,0,0,0,0,0,0,0
63438,2,1,1983,0,0,0,0,0,0,0,0,0,0
63439,1,1,1983,0,0,0,0,0,0,0,0,0,0
63440,1,1,1983,0,0,0,0,0,0,0,0,0,0
63441,0,1,1983,17,23,13,0,0,50,22,9,28,22
63441,0,2,1983,36,36,36,36,36,36,36,36,36,36
63441,1,1,1983,0,0,0,0,0,0,0,0,0,0
63442,1,1,1983,8,8,8,8,8,8,8,8,8,8
63443,1,1,1983,16,16,16,16,16,16,16,16,16,16
63444,1,1,1983,0,0,0,0,0,0,0,0,0,0
63444,2,1,1983,5,0,0,21,0,0,0,0,0,0
63444,3,1,1983,0,0,0,0,0,0,0,0,0,0
63445,1,1,1983,14,14,14,14,14,14,14,14,14,14
63446,1,1,1983,20,20,20,20,20,20,20,20,20,20
63447,1,1,1983,13,13,13,13,13,13,13,13,13,13
63448,1,1,1983,0,0,0,0,0,0,0,0,0,0
63448,2,1,1983,0,14,0,0,0,0,0,0,0,0
63449,0,1,1983,0,0,0,0,0,0,0,0,0,0
63449,1,1,1983,0,0,7,0,12,2,0,0,0,0
63450,1,1,1983,0,0,0,0,0,0,0,0,0,0
63450,2,1,1983,0,0,0,0,0,0,0,0,0,0
63450,3,1,1983,0,0,0,0,0,0,0,0,0,0
63450,4,1,1983,0,0,0,0,0,0,0,0,0,0
63451,1,1,1983,9,9,9,9,9,9,9,9,9,9
63452,1,1,1983,23,20,22,24,14,14,0,31,0,18
63452,2,1,1983,31,0,24,0,11,0,14,0,11,7
63453,1,1,1983,28,28,28,28,28,28,28,28,28,28
63453,2,1,1983,1,0,0,0,10,0,0,0,0,0
63454,1,1,1983,17,17,17,17,17,17,17,17,17,17
63455,1,1,1983,27,27,27,27,27,27,27,27,27,27
63456,1,1,1983,0,0,0,0,0,0,0,0,0,0
63457,1,1,1983,0,0,0,0,0,0,0,0,30,0
63458,1,1,1983,0,0,0,0,0,0,0,0,0,0
63458,2,1,1983,0,0,0,0,0,0,0,0,0,0
63459,1,1,1983,25,25,25,25,25,25,25,25,25,25
63460,1,1,1983,14,26,0,16,15,17,15,0,6,9
63461,1,1,1983,0,0,0,0,0,0,0,0,0,0
63461,2,1,1983,0,0,0,0,0,0,0,0,0,0
63461,3,1,1983,0,0,0,0,0,0,0,0,0,0
63462,1,1,1983,28,28,28,28,28,28,28,28,28,28
63463,1,1,1983,9,9,9,9,9,9,9,9,9,9
63463,2,1,1983,0,0,0,0,0,0,0,0,0,6
63463,3,1,1983,0,0,0,0,0,0,0,0,0,0
63463,4,1,1983,0,0,0,0,0,0,0,0,0,0
63463,5,1,1983,0,0,0,0,0,0,0,0,0,0
63464,0,1,1983,29,29,29,29,29,29,29,29,29,29
63464,1,1,1983,0,0,35,0,0,0,0,24,35,0
63465,1,1,1983,2,0,0,0,0,0,0,20,0,0
63465,2,1,1983,24,24,24,24,24,24,24,24,24,24
63466,1,1,1983,23,23,23,23,23,23,23,23,23,23
63466,2,1,1983,0,0,0,0,0,0,0,0,0,0
63467,1,1,1983,0,0,0,0,0,0,0,0,0,0
63467,2,1,1983,32,32,32,32,32,32,32,32,32,32
63468,1,1,1983,0,0,0,0,0,0,0,0,0,0
63469,1,1,1983,9,9,9,9,9,9,9,9,9,9
63469,2,1,1983,0,9,22,0,0,18,0,21,0,0
63469,3,1,1983,0,0,0,0,0,0,21,0,14,0
63470,1,1,1983,0,0,0,0,0,0,0,0,0,0
63470,2,1,1983,0,0,0,0,0,0,0,0,0,0
63471,0,1,1983,0,0,0,0,0,0,0,0,0,0
63471,1,1,1983,0,0,0,0,0,0,0,0,0,0
63472,1,1,1983,4,4,4,4,4,4,4,4,4,4
63472,2,1,1983,21,18,19,17,12,16,0,7,13,7
63473,1,1,1983,29,29,29,29,29,29,29,29,29,29
63474,1,1,1983,7,7,7,7,7,7,7,7,7,7
63475,1,1,1983,0,0,0,0,0,0,0,0,0,0
63476,1,1,1983,18,18,18,18,18,18,18,18,18,18
63477,1,1,1983,7,7,7,7,7,7,7,7,7,7
63477,2,1,1983,0,30,0,0,0,0,0,0,0,0
63478,1,1,1983,1,1,1,1,1,1,1,1,1,1
63478,2,1,1983,0,0,0,0,0,0,0,0,0,0
63478,3,1,1983,0,0,0,0,0,0,0,0,0,0
63479,1,1,1983,0,0,0,0,0,0,0,0,0,0
63480,1,1,1983,19,19,19,19,19,19,19,19,19,19
63481,1,1,1983,9,9,9,9,9,9,9,9,9,9
63481,2,1,1983,2,0,0,0,0,0,0,0,0,0
63481,3,1,1983,0,0,0,0,12,0,0,10,0,0
63482,1,1,1983,0,0,0,0,0,0,0,0,0,0
63482,2,1,1983,0,0,0,0,0,0,0,0,0,0
63483,1,1,1983,0,0,0,0,0,0,0,0,0,0
63483,2,1,1983,0,0,0,0,0,0,0,0,0,0
63483,3,1,1983,0,0,0,0,0,0,0,0,0,0
63484,0,1,1983,0,0,0,0,0,0,0,0,0,0
63484,1,1,1983,8,24,7,21,15,10,24,3,15,26
63485,0,1,1983,0,0,0,0,0,0,0,0,0,0
63485,1,1,1983,0,0,0,0,0,0,0,0,0,0
63486,1,1,1983,21,21,21,21,21,21,21,21,21,21
63487,0,1,1983,27,27,27,27,27,27,27,27,27,27
63487,1,1,1983,0,0,0,0,0,0,0,0,0,0
63488,1,1,1983,0,0,0,0,0,0,0,0,0,0
63488,2,1,1983,0,0,0,0,20,0,0,0,0,0
63489,1,1,1983,0,0,0,0,0,0,0,0,0,0
63490,1,1,1983,0,0,0,0,0,0,0,0,0,0
63490,2,1,1983,0,0,0,0,0,0,0,0,0,0
63491,0,1,1983,0,8,0,19,0,15,0,27,0,0
63491,0,2,1983,0,0,0,0,0,0,0,0,0,0
63491,1,1,1983,0,0,0,0,0,0,0,0,0,0
63492,1,1,1983,0,0,0,0,0,0,0,0,0,0
63492,2,1,1983,0,0,0,0,0,0,0,0,0,0
63493,1,1,1983,11,11,11,11,11,11,11,11,11,11
63494,1,1,1983,17,21,7,18,17,39,12,9,10,11
63494,2,1,1983,0,0,0,0,0,0,0,0,0,0
63495,1,1,1983,20,20,20,20,20,20,20,20,20,20
63495,2,1,1983,0,0,0,0,0,0,0,0,0,0
63495,3,1,1983,0,0,0,0,0,0,0,0,0,0
63495,4,1,1983,0,0,0,0,0,0,27,10,0,0
63496,1,1,1983,2,2,2,2,2,2,2,2,2,2
63497,1,1,1983,25,25,25,25,25,25,25,25,25,25
63497,2,1,1983,0,0,0,0,0,0,0,0,0,0
63498,1,1,1983,16,16,16,16,16,16,16,16,16,16
63499,1,1,1983,0,0,0,0,0,0,0,0,0,0
63499,2,1,1983,0,0,0,0,0,0,0,0,0,0
63499,3,1,1983,0,0,0,0,0,0,0,0,8,0
63500,1,1,1983,17,17,17,17,17,17,17,17,17,17
63501,0,1,1983,0,0,0,0,0,0,0,0,0,0
63501,1,1,1983,0,0,0,12,0,0,0,0,0,0
63502,1,1,1983,0,0,0,0,0,0,0,0,0,16
63502,2,1,1983,0,0,0,0,0,0,0,0,0,0
63502,3,1,1983,0,0,0,0,0,0,0,0,0,18
63502,4,1,1983,0,0,0,0,0,0,0,0,0,0
63503,1,1,1983,25,25,25,25,25,25,25,25,25,25
63504,1,1,1983,14,14,14,14,14,14,14,14,14,14
63505,1,1,1983,0,0,0,0,0,0,0,0,0,0
63505,2,1,1983,0,0,0,0,0,0,0,0,0,0
63506,0,1,1983,0,0,0,0,0,0,0,0,0,0
63506,1,1,1983,0,0,0,0,0,0,0,0,0,0
63507,1,1,1983,0,0,0,0,0,0,0,0,0,0
63507,2,1,1983,0,0,0,0,0,0,0,0,0,0
63508,0,1,1983,0,0,0,0,0,0,0,0,0,0
63508,1,1,1983,0,0,0,0,0,0,0,0,0,0
63509,1,1,1983,25,25,25,25,25,25,25,25,25,25
63510,0,1,1983,29,29,29,29,29,29,29,29,29,29
63510,1,1,1983,0,0,0,0,0,0,0,0,0,0
63511,1,1,1983,0,0,0,0,12,0,0,0,0,0
63511,2,1,1983,0,0,0,0,0,0,0,0,0,0
63512,1,1,1983,27,20,9,16,22,28,27,19,21,6
63512,2,1,1983,0,0,0,0,0,0,0,0,0,0
63513,1,1,1983,23,0,0,0,28,0,0,0,0,0
63513,2,1,1983,0,0,0,0,0,0,0,0,0,0
63514,1,1,1983,23,23,23,23,23,23,23,23,23,23
63515,1,1,1983,22,22,22,22,22,22,22,22,22,22
63516,1,1,1983,0,0,0,0,0,0,0,0,0,0
63516,2,1,1983,0,25,0,0,0,0,0,0,18,0
63517,1,1,1983,20,20,20,20,20,20,20,20,20,20
63518,1,1,1983,10,10,10,10,10,10,10,10,10,10
63518,2,1,1983,0,0,0,0,0,0,0,0,0,0
63518,3,1,1983,0,0,0,0,0,0,0,0,0,0
63519,1,1,1983,0,0,0,0,0,0,0,0,0,0
63519,2,1,1983,0,0,0,0,0,0,0,0,0,0
63520,1,1,1983,0,0,0,0,0,0,0,0,0,0
63520,2,1,1983,0,0,0,0,0,0,20,0,0,0
63521,1,1,1983,22,22,22,22,22,22,22,22,22,22
63522,0,1,1983,0,0,0,0,0,0,0,0,0,0
63522,1,1,1983,0,17,0,0,0,0,0,0,0,0
63523,1,1,1983,0,0,0,0,0,0,0,0,0,0
63524,1,1,1983,26,15,7,28,16,28,23,15,14,10
63525,1,1,1983,14,14,14,14,14,14,14,14,14,14
63526,1,1,1983,0,0,0,0,0,0,0,0,0,0
63526,2,1,1983,0,0,0,0,0,0,0,0,0,0
63527,1,1,1983,0,0,0,0,0,0,0,0,0,0
63527,2,1,1983,0,0,0,0,0,0,0,0,0,0
63528,1,1,1983,23,23,23,23,23,23,23,23,23,23
63529,0,1,1983,21,21,21,21,21,21,21,21,21,21
63529,1,1,1983,0,0,0,0,0,0,0,19,0,0
63530,1,1,1983,0,0,0,0,0,0,0,0,0,0
63530,2,1,1983,0,0,0,0,0,0,0,0,0,0
63531,1,1,1983,0,0,0,0,0,0,0,0,0,0
63531,2,1,1983,0,0,0,0,0,0,0,0,0,0
63532,1,1,1983,0,0,0,17,0,9,0,0,0,0
63533,1,1,1983,14,14,14,14,14,14,14,14,14,14
63533,2,1,1983,0,0,0,0,0,0,0,0,0,0
63534,0,1,1983,19,8,6,13,0,20,0,0,40,30
63534,1,1,1983,0,0,0,0,0,6,0,0,0,0
63535,1,1,1983,45,45,45,45,45,45,45,45,45,45
63535,2,1,1983,0,0,0,0,0,0,0,0,0,0
63536,1,1,1983,21,21,21,21,21,21,21,21,21,21
63537,1,1,1983,0,0,0,0,0,0,0,0,0,0
63537,2,1,1983,0,0,0,0,0,0,0,0,0,0
63538,1,1,1983,0,0,0,0,0,0,0,0,0,0
63538,2,1,1983,0,0,0,0,0,0,0,0,0,0
63539,0,1,1983,8,8,8,8,8,8,8,8,8,8
63540,1,1,1983,9,9,9,9,9,9,9,9,9,9
63541,0,1,1983,0,0,0,0,0,0,0,0,0,0
63541,1,1,1983,0,0,0,0,0,0,0,0,0,0
63542,1,1,1983,5,5,5,5,5,5,5,5,5,5
63543,1,1,1983,0,0,0,0,0,0,0,0,0,0
63543,2,1,1983,5,0,0,0,0,0,0,0,0,0
63543,3,1,1983,0,0,0,0,0,0,0,0,0,0
63544,1,1,1983,34,34,34,34,34,34,34,34,34,34
63544,2,1,1983,0,0,0,0,0,0,0,0,6,0
63545,1,1,1983,0,0,0,0,0,0,0,0,0,0
63545,2,1,1983,0,0,0,0,0,0,0,0,0,0
63546,0,1,1983,0,0,0,0,0,0,0,0,0,0
63546,1,1,1983,0,0,0,0,0,0,0,8,0,0
63547,1,1,1983,0,0,0,0,0,0,0,0,0,0
63547,2,1,1983,0,0,0,0,0,0,0,0,0,0
63548,1,1,1983,16,16,16,16,16,16,16,16,16,16
63548,2,1,1983,0,0,0,0,0,0,0,0,0,0
63549,0,1,1983,0,0,0,0,0,0,0,0,0,0
63549,1,1,1983,0,0,0,0,0,0,0,0,0,0
63550,0,1,1983,0,0,0,0,0,0,0,0,0,0
63550,1,1,1983,12,0,0,0,0,0,28,0,0,0
63551,1,1,1983,0,11,20,11,17,11,17,8,0,11
63551,2,1,1983,0,0,0,0,0,0,0,0,0,0
63551,3,1,1983,0,0,0,14,0,16,0,15,0,0
63552,2,1,1983,0,23,16,19,17,23,16,16,17,27
63553,0,1,1983,0,0,0,0,0,0,0,0,0,0
63553,1,1,1983,0,0,0,0,0,0,0,0,0,0
63554,1,1,1983,34,34,34,34,34,34,34,34,34,34
63554,2,1,1983,0,0,0,0,0,3,0,0,0,0
63555,0,1,1983,0,0,0,0,0,0,0,0,0,0
63555,1,1,1983,0,0,0,0,0,0,0,0,0,0
63556,1,1,1983,14,14,14,14,14,14,14,14,14,14
63556,2,1,1983,24,24,24,24,24,24,24,24,24,24
63557,0,1,1983,15,0,13,6,26,0,0,0,14,0
63557,0,2,1983,0,0,0,0,0,0,0,0,0,0
63557,0,3,1983,0,0,0,0,0,0,0,0,0,0
63557,1,1,1983,0,0,0,0,0,0,0,31,0,0
63558,1,1,1983,8,8,8,8,8,8,8,8,8,8
63558,2,1,1983,0,0,27,38,8,0,24,25,37,0
63559,0,1,1983,26,26,26,26,26,26,26,26,26,26
63559,1,1,1983,15,0,28,13,34,0,28,9,35,15
63560,1,1,1983,17,17,17,17,17,17,17,17,17,17
63561,1,1,1983,0,0,17,0,0,21,0,0,13,0
63561,2,1,1983,0,0,0,0,0,0,0,0,0,0
63562,1,1,1983,0,0,0,0,0,0,0,0,0,0
63562,2,1,1983,0,0,0,0,0,0,0,0,0,0
63563,1,1,1983,0,0,0,0,0,0,0,0,0,0
63563,2,1,1983,0,0,0,0,0,0,0,0,0,0
63564,1,1,1983,0,0,0,0,0,0,0,0,0,0
63564,2,1,1983,24,24,24,24,24,24,24,24,24,24
63565,1,1,1983,5,5,5,5,5,5,5,5,5,5
63565,2,1,1983,16,0,0,0,0,0,23,15,0,0
63566,0,1,1983,22,22,22,22,22,22,22,22,22,22
63566,0,2,1983,0,23,16,10,16,34,0,15,7,30
63566,1,1,1983,0,0,0,0,29,0,0,0,0,0
63567,1,1,1983,0,0,22,0,0,0,0,0,0,0
63567,2,1,1983,5,5,5,5,5,5,5,5,5,5
63568,0,1,1983,0,0,0,0,0,0,0,0,0,0
63568,1,1,1983,0,0,0,0,0,0,0,0,0,0
63568,2,1,1983,0,0,0,0,0,5,0,0,0,0
63569,1,1,1983,0,0,13,0,0,0,0,0,0,0
63569,2,1,1983,0,0,0,0,0,0,0,0,0,0
63570,0,1,1983,0,0,0,0,0,0,0,0,0,0
63570,0,2,1983,0,0,30,0,0,0,0,0,0,0
63570,0,3,1983,0,0,0,18,0,0,0,0,0,0
63570,0,4,1983,0,0,0,0,0,0,0,0,0,0
63570,1,1,1983,10,10,10,10,10,10,10,10,10,10
63571,1,1,1983,0,0,0,0,0,0,0,0,0,0
63572,1,1,1983,0,0,0,0,0,0,0,0,0,0
63572,2,1,1983,0,0,0,0,0,0,0,0,0,0
63572,3,1,1983,0,0,0,0,0,0,0,0,0,0
63573,1,1,1983,25,25,25,25,25,25,25,25,25,25
63573,2,1,1983,0,0,0,0,0,0,0,0,0,0
63574,1,1,1983,3,0,0,0,24,0,11,11,4,0
63574,2,1,1983,0,0,0,0,0,0,0,0,0,0
63575,1,1,1983,0,0,0,0,0,0,0,0,0,0
63575,2,1,1983,23,23,23,23,23,23,23,23,23,23
63576,0,1,1983,10,10,10,10,10,10,10,10,10,10
63576,1,1,1983,32,32,32,32,32,32,32,32,32,32
63576,2,1,1983,0,0,20,0,0,0,0,0,0,0
63577,1,1,1983,0,0,0,0,0,0,0,0,0,0
63577,2,1,1983,16,0,21,0,0,0,0,0,0,0
63578,1,1,1983,10,10,10,10,10,10,10,10,10,10
63579,0,1,1983,3,3,3,3,3,3,3,3,3,3
63579,1,1,1983,0,0,0,0,0,0,0,22,14,0
63580,1,1,1983,18,18,18,18,18,18,18,18,18,18
63581,1,1,1983,0,0,0,0,0,0,0,0,0,0
63582,1,1,1983,0,0,0,0,0,0,0,0,0,0
63583,1,1,1983,17,19,9,0,10,0,18,0,8,16
63584,1,1,1983,0,0,18,0,0,17,0,0,0,0
63585,1,1,1983,23,23,23,23,23,23,23,23,23,23
63586,1,1,1983,0,0,0,0,0,0,0,0,16,0