ST_CASE,VEH_NO,PER_NO,YEAR,P1,P2,P3,P4,P5,P6,P7,P8,P9,P10
63586,2,1,1983,0,0,0,8,0,0,0,0,0,0
63587,1,1,1983,16,16,16,16,16,16,16,16,16,16
63588,0,1,1983,18,18,18,18,18,18,18,18,18,18
63588,1,1,1983,0,0,0,18,0,0,0,0,0,0
63589,1,1,1983,0,0,0,0,0,0,0,0,0,0
63589,2,1,1983,9,0,0,0,0,0,6,0,9,0
63590,1,1,1983,17,17,17,17,17,17,17,17,17,17
63590,2,1,1983,0,0,18,0,0,0,0,0,0,0
63591,1,1,1983,26,26,26,26,26,26,26,26,26,26
63592,0,1,1983,0,0,0,0,0,0,0,0,0,0
63592,1,1,1983,7,19,11,8,8,13,0,0,9,0
63593,1,1,1983,25,25,25,25,25,25,25,25,25,25
63594,0,1,1983,24,24,24,24,24,24,24,24,24,24
63594,1,1,1983,0,16,0,0,0,0,11,0,18,0
63595,0,1,1983,0,0,0,0,0,0,0,0,0,0
63595,1,1,1983,0,0,0,0,0,0,0,0,0,0
63596,1,1,1983,0,0,0,0,0,0,0,0,0,0
63596,2,1,1983,0,0,0,0,0,0,0,0,0,0
63596,3,1,1983,0,0,0,0,0,0,12,0,8,0
63597,1,1,1983,15,21,19,24,16,24,28,22,18,23
63598,1,1,1983,15,0,0,0,0,0,0,0,0,18
63598,2,1,1983,0,0,0,0,0,0,0,0,0,0
63599,1,1,1983,32,16,23,23,18,28,21,9,29,23
63600,1,1,1983,5,5,5,5,5,5,5,5,5,5
63600,2,1,1983,0,0,0,0,0,0,0,0,0,0
63601,1,1,1983,29,29,29,29,29,29,29,29,29,29
63602,0,1,1983,15,12,7,23,10,6,18,0,7,6
63602,0,2,1983,15,0,9,0,12,13,35,10,14,0
63602,1,1,1983,0,0,0,0,0,13,0,19,7,7
63603,1,1,1983,0,0,0,0,0,0,0,0,0,0
63603,2,1,1983,0,0,0,0,0,0,0,0,0,0
63603,3,1,1983,0,0,0,0,0,0,0,0,0,0
63604,1,1,1983,20,0,24,20,7,14,0,11,10,0
63604,2,1,1983,0,0,0,0,0,0,0,0,0,0
63605,0,1,1983,0,0,0,0,0,0,0,0,0,0
63605,1,1,1983,0,0,0,0,12,0,0,0,0,0
63606,1,1,1983,16,16,16,16,16,16,16,16,16,16
63607,0,1,1983,20,20,20,20,20,20,20,20,20,20
63607,1,1,1983,13,14,25,0,0,23,21,22,18,0
63608,1,1,1983,0,0,0,0,0,0,0,11,0,0
63609,0,1,1983,0,0,0,0,0,0,0,0,0,0
63609,1,1,1983,0,0,0,0,0,0,0,0,0,0
63610,1,1,1983,0,0,0,0,0,0,0,0,0,0
63610,2,1,1983,0,0,0,0,0,0,0,0,0,0
63611,1,1,1983,0,0,0,0,0,0,0,0,0,0
63611,2,1,1983,0,0,0,0,0,0,0,0,0,0
63612,1,1,1983,0,0,0,0,0,0,0,0,0,0
63612,2,1,1983,0,20,0,0,0,0,0,0,0,0
63613,0,1,1983,0,0,0,0,0,0,0,0,0,0
63614,1,1,1983,0,0,0,0,0,0,0,0,0,0
63615,0,1,1983,0,0,0,0,0,0,0,0,0,0
63615,1,1,1983,0,0,28,0,0,0,0,0,0,0
63616,0,1,1983,0,0,0,0,0,0,0,0,0,0
63616,1,1,1983,14,14,14,14,14,14,14,14,14,14
63617,1,1,1983,7,5,13,16,19,22,29,24,18,8
63618,1,1,1983,13,13,13,13,13,13,13,13,13,13
63619,1,1,1983,37,3,12,6,14,6,19,32,13,17
63620,1,1,1983,21,21,21,21,21,21,21,21,21,21
63621,0,1,1983,16,16,16,16,16,16,16,16,16,16
63621,1,1,1983,0,0,0,0,0,0,0,0,0,0
63622,0,1,1983,8,8,8,8,8,8,8,8,8,8
63622,1,1,1983,0,0,0,0,0,7,0,0,9,0
63623,1,1,1983,0,0,0,0,0,0,0,0,0,0
63623,2,1,1983,0,0,0,0,0,0,0,0,0,0
63624,0,1,1983,0,0,0,0,0,0,0,0,0,0
63624,1,1,1983,0,0,0,0,0,0,0,0,6,8
63625,1,1,1983,0,0,0,0,0,0,0,0,0,0
63626,1,1,1983,0,0,0,0,0,0,0,0,0,0
63626,2,1,1983,0,0,0,0,0,0,0,0,0,0
63627,0,1,1983,0,0,0,0,0,0,0,0,0,0
63627,1,1,1983,0,0,0,0,0,0,0,0,0,0
63628,1,1,1983,0,0,0,0,0,0,0,0,0,0
63629,1,1,1983,14,14,14,14,14,14,14,14,14,14
63630,1,1,1983,22,22,22,22,22,22,22,22,22,22
63630,2,1,1983,0,0,0,0,0,0,0,0,0,0
63631,0,1,1983,0,0,0,0,0,0,0,0,0,0
63631,1,1,1983,0,0,0,0,0,0,0,0,0,0
63632,0,1,1983,0,0,0,0,0,0,0,0,0,0
63632,1,1,1983,0,0,0,0,0,0,0,0,0,0
63633,1,1,1983,0,0,0,0,0,0,0,0,0,0
63633,2,1,1983,0,0,0,0,0,0,0,0,0,0
63634,1,1,1983,0,0,0,0,0,0,0,0,0,0
63634,2,1,1983,0,0,0,0,0,0,0,0,0,0
63635,1,1,1983,0,4,0,0,0,29,11,3,12,0
63635,2,1,1983,0,0,0,0,0,0,0,0,0,0
63636,1,1,1983,0,0,0,0,0,0,0,0,0,0
63637,1,1,1983,18,18,18,18,18,18,18,18,18,18
63637,2,1,1983,0,19,0,20,3,11,0,0,5,0
63638,1,1,1983,0,0,0,0,0,0,0,0,0,0
63639,1,1,1983,20,20,20,20,20,20,20,20,20,20
63640,1,1,1983,0,0,0,0,0,0,0,0,0,0
63641,1,1,1983,0,0,0,0,0,0,0,0,0,0
63642,1,1,1983,0,0,0,0,0,0,0,0,0,0
63642,2,1,1983,22,21,0,25,0,0,0,14,0,0
63642,3,1,1983,0,0,0,0,0,8,7,0,0,16
63643,1,1,1983,0,0,0,0,0,0,0,0,0,0
63643,2,1,1983,0,0,0,0,0,0,0,0,0,0
63643,3,1,1983,0,0,0,0,0,0,0,0,0,0
63644,1,1,1983,0,0,0,0,0,0,0,0,0,0
63644,2,1,1983,0,0,0,0,0,0,0,0,0,0
63645,1,1,1983,0,0,0,0,0,0,0,0,0,0
63645,2,1,1983,0,0,0,0,0,0,0,0,0,0
63646,1,1,1983,0,0,24,0,0,0,0,0,0,0
63646,2,1,1983,0,0,0,0,0,0,0,0,0,0
63646,3,1,1983,0,14,0,0,0,0,0,0,0,0
63647,0,1,1983,0,0,0,0,0,0,0,0,0,0
63647,1,1,1983,0,0,0,0,0,0,0,0,0,0
63648,1,1,1983,0,0,0,0,0,0,0,0,0,0
63648,2,1,1983,0,0,0,0,0,10,0,0,0,0
63649,1,1,1983,25,25,25,25,25,25,25,25,25,25
63650,1,1,1983,25,25,25,25,25,25,25,25,25,25
63651,1,1,1983,14,14,14,14,14,14,14,14,14,14
63652,1,1,1983,0,0,0,0,0,0,0,22,0,11
63652,2,1,1983,10,10,10,10,10,10,10,10,10,10
63653,1,1,1983,25,25,25,25,25,25,25,25,25,25
63653,2,1,1983,33,28,20,12,0,28,12,7,14,21
63654,1,1,1983,0,0,21,0,11,0,0,0,0,10
63655,1,1,1983,0,0,0,9,0,0,16,0,0,0
63656,1,1,1983,0,0,0,0,0,0,0,0,0,0
63657,1,1,1983,8,8,8,8,8,8,8,8,8,8
63658,1,1,1983,0,0,0,0,0,0,0,0,0,0
63658,2,1,1983,0,0,0,0,0,0,0,0,0,0
63659,1,1,1983,19,19,19,19,19,19,19,19,19,19
63660,1,1,1983,0,0,0,0,0,0,0,0,0,0
63661,0,1,1983,0,0,0,0,0,0,0,0,0,0
63661,1,1,1983,0,0,0,0,0,0,0,0,0,0
63662,1,1,1983,16,16,16,16,16,16,16,16,16,16
63662,2,1,1983,0,0,0,33,0,15,0,0,0,0
63662,3,1,1983,0,0,0,0,0,0,0,0,0,0
63663,1,1,1983,18,18,18,18,18,18,18,18,18,18
63663,2,1,1983,0,0,0,0,0,0,0,0,0,0
63664,1,1,1983,28,28,28,28,28,28,28,28,28,28
63664,2,1,1983,0,0,0,0,0,0,0,0,0,0
63665,0,1,1983,21,21,21,21,21,21,21,21,21,21
63665,1,1,1983,0,0,0,0,0,0,0,0,0,0
63666,1,1,1983,0,0,0,0,0,0,20,0,0,0
63667,1,1,1983,26,26,26,26,26,26,26,26,26,26
63668,1,2,1983,31,26,15,0,0,21,35,21,16,28
63669,1,1,1983,14,6,0,0,16,0,0,0,0,0
63670,1,1,1983,0,0,0,0,0,0,0,0,0,0
63671,1,1,1983,25,25,25,25,25,25,25,25,25,25
63672,1,1,1983,0,0,0,0,0,0,0,0,0,0
63672,2,1,1983,0,0,0,0,12,0,0,0,0,0
63673,1,1,1983,0,0,0,0,0,0,0,0,0,0
63674,1,1,1983,0,0,0,0,0,0,0,0,0,0
63675,1,1,1983,0,0,0,0,0,0,0,0,0,0
63675,2,1,1983,0,0,0,0,0,0,0,0,0,0
63676,1,1,1983,14,14,14,14,14,14,14,14,14,14
63676,2,1,1983,0,0,0,7,0,0,0,5,0,0
63677,1,1,1983,23,23,23,23,23,23,23,23,23,23
63677,2,1,1983,0,0,0,22,0,0,6,14,0,0
63678,1,1,1983,0,0,0,0,0,0,0,16,0,0
63678,2,1,1983,0,0,0,0,0,0,8,23,12,0
63679,1,1,1983,14,0,0,0,0,0,0,0,0,0
63679,2,1,1983,15,15,15,15,15,15,15,15,15,15
63680,1,1,1983,0,0,0,0,0,0,0,0,0,0
63681,1,1,1983,0,0,0,0,0,0,0,0,0,0
63681,2,1,1983,0,0,0,0,0,0,0,0,0,0
63682,1,1,1983,0,0,0,0,0,0,0,0,0,0
63682,2,1,1983,0,0,0,0,0,0,0,0,0,0
63683,1,1,1983,22,22,22,22,22,22,22,22,22,22
63684,1,1,1983,0,0,0,0,0,0,0,0,0,0
63684,2,1,1983,0,0,0,0,0,0,0,0,12,0
63685,1,1,1983,7,7,7,7,7,7,7,7,7,7
63685,2,1,1983,0,0,0,0,0,0,0,0,0,0
63685,3,1,1983,0,0,0,0,0,0,0,0,0,0
63686,1,1,1983,7,7,7,7,7,7,7,7,7,7
63687,0,1,1983,0,0,0,0,0,0,0,0,0,0
63687,1,1,1983,0,0,0,0,0,0,0,0,0,0
63688,1,1,1983,0,0,0,0,0,0,0,0,0,0
63688,2,1,1983,0,0,15,0,0,0,0,0,0,0
63689,1,1,1983,0,0,0,0,0,0,0,33,0,0
63690,1,1,1983,19,0,0,0,0,0,0,0,0,34
63691,0,1,1983,0,0,0,0,0,0,0,0,0,0
63691,1,1,1983,0,26,0,0,0,0,0,0,0,0
63692,0,1,1983,0,0,0,0,0,0,0,0,0,0
63692,1,1,1983,0,0,0,0,0,0,17,0,0,0
63693,0,1,1983,17,17,17,17,17,17,17,17,17,17
63693,1,1,1983,0,8,0,0,4,0,21,6,0,0
63694,0,1,1983,0,0,0,0,0,0,0,0,0,0
63694,0,2,1983,0,0,0,0,0,0,0,0,0,0
63694,1,1,1983,0,0,0,0,0,6,0,0,0,0
63695,0,1,1983,38,38,38,38,38,38,38,38,38,38
63695,1,1,1983,0,0,0,0,0,0,7,0,0,0
63696,1,1,1983,0,0,0,0,0,0,0,0,0,0
63696,2,1,1983,0,0,0,9,10,0,0,0,0,9
63697,1,1,1983,0,0,14,10,0,14,0,6,0,10
63698,1,1,1983,0,0,0,0,28,8,0,0,0,0
63699,1,1,1983,0,0,0,0,0,0,0,0,0,0
63699,2,1,1983,18,0,4,0,0,0,0,0,8,22
63700,1,1,1983,23,23,23,23,23,23,23,23,23,23
63701,1,1,1983,8,8,8,8,8,8,8,8,8,8
63701,2,1,1983,3,12,16,10,19,6,4,34,20,27
63701,3,1,1983,0,0,0,4,26,0,12,12,26,17
63702,1,1,1983,14,14,14,14,14,14,14,14,14,14
63702,2,1,1983,13,13,13,13,13,13,13,13,13,13
63703,1,1,1983,16,27,16,20,15,25,0,20,11,25
63704,0,1,1983,29,29,29,29,29,29,29,29,29,29
63704,1,1,1983,16,16,16,16,16,16,16,16,16,16
63705,0,1,1983,0,0,0,0,0,0,0,0,0,0
63705,1,1,1983,0,0,0,0,0,0,0,0,0,0
63706,0,1,1983,0,0,0,15,0,24,0,0,0,0
63706,1,1,1983,0,0,0,0,0,0,0,0,0,0
63707,1,1,1983,2,2,2,2,2,2,2,2,2,2
63708,0,1,1983,0,0,0,19,0,0,0,0,0,0
63708,1,1,1983,0,0,0,0,0,0,0,0,3,0
63709,0,1,1983,17,0,0,0,17,0,0,0,18,9
63709,1,1,1983,0,0,0,0,0,0,0,0,19,13
63710,1,1,1983,17,17,17,17,17,17,17,17,17,17
63711,1,1,1983,7,7,7,7,7,7,7,7,7,7
63711,2,1,1983,10,9,7,32,13,19,20,11,18,15
63712,1,1,1983,0,0,0,0,0,0,0,0,0,0
63713,1,1,1983,0,0,0,0,0,0,0,0,0,0
63713,2,1,1983,0,0,0,0,0,0,0,0,0,0
63714,1,1,1983,23,0,0,0,10,16,29,0,0,13
63715,0,1,1983,0,0,0,0,0,0,0,0,0,0
63715,1,1,1983,0,0,0,0,0,0,0,0,0,0
63716,0,1,1983,7,7,7,7,7,7,7,7,7,7
63716,1,1,1983,0,0,0,0,0,0,0,0,0,0
63717,1,1,1983,4,4,4,4,4,4,4,4,4,4
63718,1,1,1983,9,9,9,9,9,9,9,9,9,9
63719,1,1,1983,0,0,0,0,0,0,0,0,0,0
63719,2,1,1983,0,0,0,0,0,0,0,0,0,0
63720,1,1,1983,23,23,23,23,23,23,23,23,23,23
63720,2,1,1983,0,0,0,0,0,0,0,0,0,0
63721,1,1,1983,0,0,11,0,0,0,14,25,11,0
63721,2,1,1983,0,0,0,0,0,0,0,0,0,0
63722,0,1,1983,0,0,0,0,0,0,0,0,0,0
63722,1,1,1983,0,0,0,0,0,0,0,0,0,0
63723,1,1,1983,19,19,19,19,19,19,19,19,19,19
63723,2,1,1983,0,0,0,0,0,0,0,0,0,0
63724,1,1,1983,22,22,22,22,22,22,22,22,22,22
63724,2,1,1983,6,0,0,0,0,6,8,0,16,20
63725,1,1,1983,26,26,26,26,26,26,26,26,26,26
63726,0,1,1983,0,0,0,12,0,0,0,0,0,0
63726,1,1,1983,0,0,0,0,0,0,0,0,0,0
63727,1,1,1983,0,0,0,0,0,0,0,0,0,0
63727,2,1,1983,0,0,0,0,0,0,0,0,0,0
63728,0,1,1983,0,0,0,0,0,0,0,0,0,0
63728,1,1,1983,0,0,0,0,0,15,0,17,0,0
63729,0,1,1983,0,0,0,0,0,0,0,0,0,0
63729,1,1,1983,0,0,0,0,0,0,0,0,0,0
63730,0,1,1983,11,11,11,11,11,11,11,11,11,11
63730,1,1,1983,12,0,15,12,6,25,0,20,0,15
63731,1,1,1983,12,18,9,38,22,18,9,0,26,19
63732,0,1,1983,0,0,0,0,0,0,0,0,0,0
63732,1,1,1983,0,0,0,0,0,21,0,3,0,0
63733,0,1,1983,0,0,0,0,0,0,0,0,0,0
63733,1,1,1983,0,20,0,7,13,5,2,0,8,21
63734,1,1,1983,0,0,0,0,0,0,0,0,0,0
63735,1,1,1983,0,0,0,0,0,0,0,0,0,0
63736,0,1,1983,2,2,2,2,2,2,2,2,2,2
63736,1,1,1983,0,0,0,0,0,0,0,0,0,0
63737,0,1,1983,0,0,0,0,0,0,0,0,0,0
63737,1,1,1983,0,0,0,0,0,0,0,0,0,0
63738,0,1,1983,0,0,0,0,0,0,0,0,0,0
63738,1,1,1983,0,0,0,9,0,0,0,0,0,0
63739,0,1,1983,0,0,0,0,0,0,0,0,0,0
63739,1,1,1983,25,25,25,25,25,25,25,25,25,25
63740,1,1,1983,0,0,0,0,0,0,0,0,0,0
63740,2,1,1983,14,14,14,14,14,14,14,14,14,14
63741,1,1,1983,16,16,16,16,16,16,16,16,16,16
63742,1,1,1983,0,0,0,0,0,0,0,0,0,0
63742,2,1,1983,0,0,0,0,0,0,0,0,0,0
63743,1,1,1983,0,0,0,0,0,0,0,0,0,13
63744,0,1,1983,25,0,18,0,23,0,0,23,14,20
63744,1,1,1983,0,14,0,0,0,0,0,22,8,0
63745,0,1,1983,0,0,0,0,0,0,0,0,0,0
63745,1,1,1983,0,0,0,0,0,0,0,0,0,0
63746,1,1,1983,0,9,0,0,0,0,0,0,0,0
63746,2,1,1983,12,12,12,12,12,12,12,12,12,12
63747,1,1,1983,20,13,15,12,29,26,13,14,30,17
63748,1,1,1983,12,12,12,12,12,12,12,12,12,12
63749,0,1,1983,0,0,0,0,0,0,0,0,0,0
63749,1,1,1983,0,0,0,0,0,0,0,0,0,0
63750,1,1,1983,0,0,0,0,0,0,0,0,0,0
63751,1,1,1983,0,0,0,0,0,0,0,0,0,0
63751,2,1,1983,0,0,0,0,9,0,0,0,14,0
63751,3,1,1983,14,0,0,0,0,0,0,0,0,0
63751,4,1,1983,18,0,0,0,0,0,0,0,0,0
63752,1,1,1983,29,29,29,29,29,29,29,29,29,29
63753,1,1,1983,12,12,12,12,12,12,12,12,12,12
63753,2,1,1983,0,0,0,0,0,0,0,11,0,0
63754,1,1,1983,16,14,19,7,0,22,7,19,23,11
63755,1,1,1983,0,0,0,0,0,0,0,0,0,0
63756,1,1,1983,0,0,0,0,0,0,0,0,0,0
63756,2,1,1983,0,0,0,0,0,0,0,0,0,0
63756,3,1,1983,0,0,0,0,0,0,0,0,0,0
63757,1,1,1983,0,0,0,0,9,0,0,0,0,0
63757,2,1,1983,0,0,0,0,0,0,0,15,0,0
63757,3,1,1983,0,0,0,0,0,0,0,0,0,0
63758,1,1,1983,0,0,0,0,0,0,0,0,0,0
63758,2,1,1983,0,0,0,0,0,0,0,0,0,0
63759,1,1,1983,0,0,0,0,0,0,0,0,0,0
63759,2,1,1983,0,0,0,0,0,0,0,0,0,0
63759,3,1,1983,0,0,0,0,0,0,0,0,0,0
63760,1,1,1983,0,0,0,0,0,0,0,0,0,0
63760,2,1,1983,0,0,0,0,0,0,0,0,0,0
63761,1,1,1983,0,0,0,0,0,0,0,0,0,15
63761,2,1,1983,0,0,0,0,0,0,0,0,0,0
63762,1,1,1983,12,12,12,12,12,12,12,12,12,12
63762,2,1,1983,0,0,0,0,0,0,0,0,0,0
63763,1,1,1983,0,0,0,0,0,0,0,0,0,0
63763,2,1,1983,0,0,0,0,0,0,0,0,0,0
63764,1,1,1983,0,0,0,0,0,0,0,0,0,0
63764,2,1,1983,0,0,20,0,0,0,0,0,20,0
63765,1,1,1983,0,0,0,0,0,0,0,0,0,0
63765,2,1,1983,0,0,0,0,0,0,0,0,0,0
63766,1,1,1983,15,15,15,15,15,15,15,15,15,15
63767,0,1,1983,31,31,31,31,31,31,31,31,31,31
63767,1,1,1983,0,0,0,0,0,0,0,19,0,0
63768,1,1,1983,24,24,24,24,24,24,24,24,24,24
63769,1,1,1983,17,20,6,18,11,5,9,28,10,16
63770,0,1,1983,35,35,35,35,35,35,35,35,35,35
63770,1,1,1983,6,6,6,6,6,6,6,6,6,6
63771,0,1,1983,12,12,12,12,12,12,12,12,12,12
63771,1,1,1983,0,0,0,0,0,0,0,0,0,0
63772,0,1,1983,0,0,0,0,0,0,0,0,0,0
63772,1,1,1983,0,0,0,0,0,0,0,0,0,0
63773,1,1,1983,19,19,19,19,19,19,19,19,19,19
63774,1,1,1983,15,15,15,15,15,15,15,15,15,15
63775,1,1,1983,0,0,0,0,0,0,0,0,0,0
63775,2,1,1983,0,0,0,0,0,0,0,0,34,0
63776,0,1,1983,0,0,0,0,0,0,0,0,0,0
63776,0,2,1983,0,0,0,0,0,0,0,0,0,0
63776,1,1,1983,0,0,0,0,0,0,0,0,0,0
63777,1,1,1983,0,0,0,0,0,0,0,0,0,0
63777,2,1,1983,0,0,9,0,0,0,0,0,0,0
63778,1,1,1983,0,0,0,0,0,0,0,0,0,0
63778,2,1,1983,0,0,0,0,0,0,0,0,0,0
63779,1,1,1983,0,0,0,0,0,0,0,0,0,0
63779,2,1,1983,0,0,0,3,31,0,0,0,0,0
63780,0,1,1983,0,0,0,0,0,0,0,0,0,0
63780,1,1,1983,0,0,0,0,0,0,0,0,0,29
63781,0,1,1983,0,6,24,19,17,35,19,23,7,0
63781,1,1,1983,0,0,0,0,0,0,0,0,0,0
63781,2,1,1983,0,0,0,15,0,2,0,0,23,0
63781,3,1,1983,21,0,0,13,3,0,0,0,0,0
63782,1,1,1983,0,0,0,0,28,0,0,0,0,0
63782,2,1,1983,0,0,0,0,0,0,0,0,47,0
63783,0,1,1983,16,26,0,0,0,27,13,21,19,21
63783,0,2,1983,17,17,17,17,17,17,17,17,17,17
63783,1,1,1983,0,0,0,6,0,0,0,0,0,0
63784,1,1,1983,32,32,32,32,32,32,32,32,32,32
63785,0,1,1983,8,14,0,0,32,0,25,24,16,9
63785,1,1,1983,13,13,13,13,13,13,13,13,13,13
63786,0,1,1983,0,0,0,0,0,0,0,0,0,0
63786,1,1,1983,0,0,0,0,0,0,0,0,0,0
63787,1,1,1983,39,39,39,39,39,39,39,39,39,39
63787,2,1,1983,0,0,0,0,0,0,0,0,0,0
63788,0,1,1983,0,0,0,0,0,0,0,0,0,0
63788,1,1,1983,0,0,8,0,0,0,0,0,0,0
63789,1,1,1983,13,19,5,32,29,25,23,12,2,14
63789,2,1,1983,0,0,0,0,0,0,0,0,0,0
63790,1,1,1983,0,0,0,0,0,0,0,0,0,0
63790,2,1,1983,0,0,0,0,0,0,0,0,0,0
63791,1,1,1983,12,12,12,12,12,12,12,12,12,12
63792,1,1,1983,11,31,0,17,0,7,26,16,0,0
63793,1,1,1983,14,14,14,14,14,14,14,14,14,14
63794,0,1,1983,0,0,0,0,18,0,0,0,0,0
63794,0,2,1983,0,0,0,15,18,0,0,10,0,0
63794,1,1,1983,29,29,29,29,29,29,29,29,29,29
63795,0,1,1983,0,0,31,37,22,21,0,0,0,0
63795,1,1,1983,0,0,0,0,0,0,0,0,0,0
63796,0,1,1983,0,0,18,7,0,16,0,0,0,0
63796,1,1,1983,6,0,17,11,30,8,20,12,22,17
63797,1,1,1983,18,18,18,18,18,18,18,18,18,18
63797,2,1,1983,17,0,0,0,0,0,0,0,0,0
63798,1,1,1983,10,10,10,10,10,10,10,10,10,10
63799,1,1,1983,24,24,24,24,24,24,24,24,24,24
63800,0,1,1983,0,0,0,0,0,0,0,0,0,0
63800,1,1,1983,7,7,7,7,7,7,7,7,7,7
63801,1,1,1983,6,6,6,6,6,6,6,6,6,6
63801,2,1,1983,0,0,0,0,0,0,0,0,0,0
63802,1,1,1983,12,12,12,12,12,12,12,12,12,12
63803,1,1,1983,0,0,0,0,0,0,0,0,0,0
63804,1,1,1983,16,16,16,16,16,16,16,16,16,16
63805,1,1,1983,0,0,0,0,0,0,0,0,0,0
63805,2,1,1983,4,17,16,9,22,15,22,13,12,0
63806,1,1,1983,0,0,0,5,0,22,13,0,0,0
63806,2,1,1983,2,2,2,2,2,2,2,2,2,2
63807,1,1,1983,0,0,0,5,0,0,8,17,13,0
63807,2,1,1983,0,0,0,0,0,0,0,0,16,8
63808,0,1,1983,28,28,28,28,28,28,28,28,28,28
63808,1,1,1983,0,0,0,27,0,0,0,0,0,0
63809,0,1,1983,14,14,14,14,14,14,14,14,14,14
63809,1,1,1983,0,11,0,0,34,17,0,0,8,19
63810,1,1,1983,0,0,0,0,0,0,0,0,0,0
63811,1,1,1983,0,0,0,0,0,0,0,0,0,0
63812,1,1,1983,10,15,14,16,27,9,19,17,18,20
63812,2,1,1983,0,0,0,0,0,0,0,0,0,0
63813,1,1,1983,0,0,0,0,0,0,0,0,0,0
63813,2,1,1983,0,0,0,0,0,0,0,0,0,0
63814,1,1,1983,0,0,0,0,0,0,0,0,0,0
63814,2,1,1983,0,0,0,0,0,0,0,0,0,0
63815,1,1,1983,0,0,0,0,0,0,0,0,0,0
63815,2,1,1983,0,0,0,0,0,0,0,0,0,0
63816,1,1,1983,0,0,0,0,0,0,0,0,0,0
63817,0,1,1983,23,23,23,23,23,23,23,23,23,23
63817,1,1,1983,0,0,0,0,0,0,28,0,26,0
63817,2,1,1983,0,0,5,0,0,0,9,0,0,12
63818,1,1,1983,0,0,0,0,0,0,0,0,0,0
63819,1,1,1983,0,0,0,0,0,0,0,0,7,0
63819,2,1,1983,0,0,0,0,0,0,0,0,0,0
63820,1,1,1983,0,0,0,0,0,0,0,0,0,0
63820,2,1,1983,0,0,0,0,0,0,0,0,0,0
63821,1,1,1983,15,15,15,15,15,15,15,15,15,15
63822,1,1,1983,0,0,0,0,0,0,0,0,14,0
63822,2,1,1983,0,0,0,0,0,0,0,0,0,0
63823,0,1,1983,0,0,8,0,0,0,0,0,0,0
63824,1,1,1983,0,0,0,0,0,0,0,0,0,0
63824,2,1,1983,0,0,14,0,0,0,0,0,0,30
63824,3,1,1983,0,0,0,0,0,0,0,0,0,0
63825,0,1,1983,0,0,0,0,0,0,0,0,0,0
63825,1,1,1983,19,0,11,0,19,19,0,16,0,21
63826,1,1,1983,28,28,28,28,28,28,28,28,28,28
63827,1,1,1983,21,21,21,21,21,21,21,21,21,21
63829,1,1,1983,11,11,11,11,11,11,11,11,11,11
63830,1,1,1983,10,10,10,10,10,10,10,10,10,10
63831,1,1,1983,0,0,0,0,0,0,0,0,0,0
63831,2,1,1983,11,11,11,11,11,11,11,11,11,11
63832,1,1,1983,0,0,0,0,0,0,0,0,0,0
63833,1,1,1983,28,28,28,28,28,28,28,28,28,28
63834,1,1,1983,0,0,0,0,0,0,0,0,0,0
63834,2,1,1983,0,0,0,0,0,0,0,0,0,0
63834,3,1,1983,0,0,0,0,0,0,0,0,0,0
63834,4,1,1983,0,0,0,0,0,0,0,0,0,0
63835,0,1,1983,0,0,0,0,0,0,0,0,0,0
63835,0,2,1983,10,14,0,20,0,5,0,0,0,0
63835,1,1,1983,0,0,0,0,0,0,0,0,0,0
63836,1,1,1983,0,0,0,0,0,0,0,0,0,0
63836,2,1,1983,0,0,0,0,0,0,0,0,0,0
63837,0,1,1983,0,0,0,0,0,0,0,0,0,0
63837,1,1,1983,0,0,0,0,0,0,0,0,14,0
63838,1,1,1983,0,0,13,22,7,21,15,8,11,29
63838,2,1,1983,0,0,0,16,0,0,0,0,0,0
63839,1,1,1983,21,21,21,21,21,21,21,21,21,21
63839,2,1,1983,0,0,0,0,0,0,0,0,0,0
63840,1,1,1983,13,13,13,13,13,13,13,13,13,13
63841,1,1,1983,18,18,18,18,18,18,18,18,18,18
63841,2,1,1983,0,0,0,0,0,0,0,0,0,0
63841,3,1,1983,0,0,0,0,0,0,0,0,0,0
63842,1,1,1983,0,0,0,0,0,0,0,0,0,0
63842,2,1,1983,0,0,0,0,0,0,0,0,0,0
63843,1,1,1983,0,0,0,20,0,0,0,0,0,0
63843,2,1,1983,0,0,0,0,0,0,0,0,0,0
63844,1,1,1983,10,10,10,10,10,10,10,10,10,10
63845,1,1,1983,0,0,0,0,0,0,0,0,0,0
63845,2,1,1983,0,0,0,0,0,0,0,0,0,0
63846,1,1,1983,0,0,0,0,0,0,20,6,0,0
63846,2,1,1983,0,0,0,0,0,0,0,0,0,0
63846,3,1,1983,0,17,0,0,0,0,0,0,0,0
63847,1,1,1983,22,22,22,22,22,22,22,22,22,22
63848,0,1,1983,0,0,0,0,0,0,0,0,0,0
63848,1,1,1983,0,0,0,0,0,0,0,0,0,0
63849,0,1,1983,0,0,0,0,0,0,0,0,0,0
63849,1,1,1983,0,0,0,0,0,0,0,0,0,0
63850,0,1,1983,0,0,0,0,0,0,0,0,0,0
63850,1,1,1983,0,0,0,0,0,0,0,0,0,0
63851,0,1,1983,0,0,0,0,0,0,0,0,0,0
63851,1,1,1983,19,19,19,19,19,19,19,19,19,19
63852,1,1,1983,14,14,14,14,14,14,14,14,14,14
63853,0,1,1983,24,24,24,24,24,24,24,24,24,24
63853,1,1,1983,22,0,0,0,0,0,0,0,0,0
63854,1,1,1983,0,0,0,0,0,0,0,0,0,0
63855,1,1,1983,0,0,0,0,0,11,0,0,0,0
63855,2,1,1983,11,11,11,11,11,11,11,11,11,11
63856,1,1,1983,0,0,0,0,0,0,0,0,0,0
63856,2,1,1983,0,0,0,0,0,0,0,0,0,0
63857,1,1,1983,0,0,0,0,0,0,0,0,0,0
63857,2,1,1983,0,0,0,0,0,0,6,0,0,0
63858,1,1,1983,19,19,19,19,19,19,19,19,19,19
63858,2,1,1983,0,7,7,28,12,11,31,28,0,19
63859,1,1,1983,24,24,24,24,24,24,24,24,24,24
63860,1,1,1983,10,10,10,10,10,10,10,10,10,10
63860,2,1,1983,0,0,0,0,0,0,0,0,14,16