ST_CASE,VEH_NO,PER_NO,YEAR,P1,P2,P3,P4,P5,P6,P7,P8,P9,P10
63861,0,1,1983,0,23,28,30,31,0,0,19,0,16
63861,1,1,1983,0,0,0,0,0,0,0,18,0,0
63862,1,1,1983,22,22,22,22,22,22,22,22,22,22
63863,1,1,1983,26,26,26,26,26,26,26,26,26,26
63864,1,1,1983,18,18,18,18,18,18,18,18,18,18
63865,1,1,1983,25,25,25,25,25,25,25,25,25,25
63865,2,1,1983,0,0,0,0,0,0,0,0,0,0
63866,0,1,1983,0,0,0,43,23,18,16,0,0,11
63866,0,2,1983,0,0,0,0,0,0,0,0,0,0
63866,1,1,1983,0,0,0,16,0,0,0,0,0,0
63867,1,1,1983,10,10,10,10,10,10,10,10,10,10
63868,1,1,1983,9,9,9,9,9,9,9,9,9,9
63869,0,1,1983,17,17,17,17,17,17,17,17,17,17
63869,1,1,1983,0,0,0,0,0,0,0,0,0,0
63870,1,1,1983,8,8,8,8,8,8,8,8,8,8
63870,2,1,1983,4,4,4,4,4,4,4,4,4,4
63871,0,1,1983,0,0,0,0,0,0,0,0,0,0
63871,1,1,1983,0,0,0,0,0,0,0,0,0,0
63872,1,1,1983,0,0,0,0,0,0,0,0,0,0
63873,1,1,1983,18,18,18,18,18,18,18,18,18,18
63873,2,1,1983,0,0,0,0,0,0,0,0,0,0
63874,1,1,1983,0,0,0,0,8,23,0,0,0,0
63875,1,1,1983,0,0,0,0,0,0,0,0,0,0
63875,2,1,1983,0,0,0,0,0,0,0,0,0,0
63875,3,1,1983,0,0,0,0,0,0,0,0,0,0
63875,4,1,1983,0,0,0,0,27,0,0,0,0,20
63875,5,1,1983,0,0,0,0,0,0,0,0,0,0
63875,6,1,1983,0,0,0,0,0,0,0,0,0,0
63876,1,1,1983,0,0,0,0,0,0,0,0,0,0
63876,2,1,1983,0,0,0,0,0,0,0,0,0,0
63877,1,1,1983,18,16,28,16,32,7,36,26,15,15
63878,0,1,1983,25,0,0,10,7,0,0,0,0,0
63878,0,2,1983,0,0,0,0,0,0,0,0,0,0
63878,1,1,1983,0,0,0,0,0,0,0,0,0,0
63879,0,1,1983,0,0,0,0,0,0,0,0,0,0
63879,1,1,1983,0,0,0,0,0,0,0,0,0,0
63880,0,1,1983,22,22,22,22,22,22,22,22,22,22
63880,1,1,1983,0,0,0,0,0,0,0,0,0,0
63881,1,1,1983,22,22,22,22,22,22,22,22,22,22
63881,2,1,1983,0,0,0,0,0,0,0,0,0,0
63881,3,1,1983,0,13,0,0,0,0,0,0,0,0
63882,1,1,1983,2,2,2,2,2,2,2,2,2,2
63883,1,1,1983,0,0,0,0,0,0,0,0,0,0
63883,2,1,1983,0,0,0,0,0,0,0,0,0,0
63884,1,1,1983,0,0,0,0,0,0,0,0,0,0
63885,1,1,1983,22,22,22,22,22,22,22,22,22,22
63886,1,1,1983,0,0,0,0,0,0,0,0,0,0
63886,2,1,1983,0,0,0,0,0,0,0,6,0,0
63887,1,1,1983,0,0,0,0,0,0,0,0,0,0
63887,2,1,1983,0,0,0,19,0,0,0,0,0,0
63888,1,1,1983,0,0,0,0,0,0,0,0,0,0
63888,2,1,1983,0,10,0,0,0,0,0,0,0,0
63889,1,1,1983,3,3,3,3,3,3,3,3,3,3
63889,2,1,1983,0,0,0,0,0,0,0,0,0,16
63889,3,1,1983,0,0,0,0,0,0,0,0,0,0
63890,1,1,1983,22,22,22,22,22,22,22,22,22,22
63891,0,1,1983,25,25,25,25,25,25,25,25,25,25
63891,0,2,1983,14,14,14,14,14,14,14,14,14,14
63891,1,1,1983,0,11,25,0,12,0,0,0,0,0
63892,0,1,1983,0,0,0,0,0,0,0,0,0,0
63892,1,1,1983,0,0,0,0,0,0,0,0,0,0
63893,1,1,1983,7,7,7,7,7,7,7,7,7,7
63894,1,1,1983,19,19,19,19,19,19,19,19,19,19
63895,0,1,1983,17,17,17,17,17,17,17,17,17,17
63895,1,1,1983,0,0,0,0,0,0,0,0,0,0
63895,2,1,1983,0,0,0,0,0,0,0,0,0,0
63895,3,1,1983,17,24,0,6,16,12,19,14,32,36
63896,1,1,1983,6,6,6,6,6,6,6,6,6,6
63896,2,1,1983,0,0,0,0,0,0,0,0,0,0
63897,1,1,1983,10,10,10,10,10,10,10,10,10,10
63898,1,1,1983,0,0,0,0,0,0,0,0,0,0
63898,2,1,1983,0,0,0,0,0,0,0,0,0,0
63899,0,1,1983,0,0,0,0,33,0,0,0,0,17
63899,1,1,1983,0,0,0,0,0,0,0,0,0,0
63900,1,1,1983,0,0,0,0,0,0,0,0,0,0
63900,2,1,1983,16,16,16,16,16,16,16,16,16,16
63900,3,1,1983,0,0,0,0,0,0,0,0,0,0
63901,1,1,1983,0,19,0,0,0,0,0,0,0,0
63901,2,1,1983,21,21,21,21,21,21,21,21,21,21
63902,0,1,1983,22,22,22,22,22,22,22,22,22,22
63902,1,1,1983,19,0,0,14,11,18,0,6,0,10
63903,1,1,1983,0,0,0,0,0,0,0,0,0,0
63903,2,1,1983,0,0,0,0,0,0,0,0,0,0
63904,1,1,1983,0,0,0,0,0,0,0,0,0,0
63904,2,1,1983,0,0,0,0,0,0,0,0,0,0
63905,1,1,1983,0,0,0,0,0,0,0,0,0,0
63906,1,1,1983,0,0,0,0,0,0,0,0,0,0
63906,2,1,1983,0,0,0,0,0,0,0,0,0,0
63907,1,1,1983,0,0,0,0,0,0,0,0,0,0
63907,2,1,1983,0,0,0,0,0,17,0,0,0,0
63908,1,1,1983,0,0,0,0,0,0,0,0,0,0
63908,2,1,1983,0,0,0,0,0,0,0,0,0,0
63909,1,1,1983,41,41,41,41,41,41,41,41,41,41
63909,2,1,1983,0,0,0,0,0,0,0,0,0,0
63910,1,1,1983,0,0,0,0,0,0,0,0,0,0
63910,2,1,1983,0,0,0,0,0,0,0,0,0,0
63911,1,1,1983,0,0,0,0,0,0,0,0,0,0
63911,2,1,1983,0,0,0,0,0,0,0,0,0,0
63912,1,1,1983,0,0,0,0,0,0,0,0,0,0
63913,1,1,1983,0,0,0,0,0,0,13,0,0,0
63913,2,1,1983,0,0,0,0,0,0,0,0,6,0
63914,1,1,1983,0,0,0,0,0,0,0,0,0,0
63914,2,1,1983,0,0,0,0,0,0,0,0,0,0
63915,0,1,1983,0,0,0,0,0,0,0,0,0,0
63915,1,1,1983,0,0,0,0,0,0,0,0,0,0
63916,1,1,1983,0,0,0,0,0,0,0,0,0,0
63916,2,1,1983,0,0,0,0,0,0,0,0,0,0
63917,1,1,1983,0,0,0,0,0,0,0,0,0,0
63917,2,1,1983,0,0,0,0,0,0,0,0,0,0
63918,0,1,1983,0,0,0,0,0,0,0,0,0,0
63918,1,1,1983,0,0,0,0,0,0,0,0,0,0
63919,1,1,1983,10,10,10,10,10,10,10,10,10,10
63919,2,1,1983,0,0,0,0,0,0,0,0,0,0
63920,1,1,1983,24,24,24,24,24,24,24,24,24,24
63920,2,1,1983,0,0,0,0,0,0,0,0,0,0
63921,1,1,1983,0,0,0,0,0,0,0,0,0,0
63921,2,1,1983,0,0,0,0,0,0,0,0,0,0
63922,0,1,1983,0,0,0,0,0,0,0,0,0,0
63922,1,1,1983,0,0,0,0,0,0,0,0,0,0
63923,0,1,1983,0,0,0,0,0,0,0,0,0,0
63923,1,1,1983,14,0,24,28,0,0,0,0,0,16
63924,1,1,1983,24,24,24,24,24,24,24,24,24,24
63925,1,1,1983,11,11,11,11,11,11,11,11,11,11
63926,1,1,1983,11,11,11,11,11,11,11,11,11,11
63927,1,1,1983,0,0,0,0,0,0,0,0,13,0
63928,1,1,1983,0,0,0,0,0,0,0,0,0,0
63929,1,1,1983,0,0,0,0,0,0,0,0,0,0
63929,2,1,1983,0,0,0,0,0,0,0,0,0,0
63929,3,1,1983,0,0,0,0,0,0,0,0,0,0
63929,4,1,1983,0,0,0,0,0,0,0,0,0,0
63930,1,1,1983,0,0,0,0,0,0,0,0,0,0
63930,2,1,1983,0,0,22,0,0,0,11,0,0,0
63930,3,1,1983,0,0,0,0,0,0,0,0,0,0
63931,0,1,1983,0,0,0,0,0,0,0,0,0,0
63931,1,1,1983,0,0,0,0,0,0,0,0,0,0
63932,0,1,1983,0,0,0,0,0,0,0,0,0,0
63932,1,1,1983,0,0,0,0,0,0,0,0,0,0
63933,1,1,1983,0,0,0,0,0,0,0,0,0,0
63934,0,1,1983,0,0,0,0,0,0,0,0,0,0
63934,1,1,1983,0,0,0,0,0,0,0,0,0,0
63935,1,1,1983,0,0,0,0,0,0,0,0,0,0
63935,2,1,1983,0,0,0,0,0,0,0,0,0,0
63936,1,1,1983,8,20,15,22,0,26,8,19,7,0
63936,2,1,1983,0,0,0,0,0,0,0,0,0,0
63937,1,1,1983,21,21,21,21,21,21,21,21,21,21
63938,0,1,1983,17,17,17,17,17,17,17,17,17,17
63938,1,1,1983,0,0,0,0,16,0,0,0,0,0
63938,2,1,1983,12,0,0,0,0,0,0,0,0,0
63939,1,1,1983,17,17,17,17,17,17,17,17,17,17
63939,2,1,1983,0,0,19,19,0,20,0,0,25,0
63940,1,1,1983,22,22,22,22,22,22,22,22,22,22
63941,0,1,1983,18,18,18,18,18,18,18,18,18,18
63941,1,1,1983,0,0,0,0,0,0,0,0,19,0
63942,1,1,1983,24,24,24,24,24,24,24,24,24,24
63943,0,1,1983,28,28,28,28,28,28,28,28,28,28
63943,0,2,1983,22,0,13,0,23,34,0,20,24,24
63943,1,1,1983,0,0,16,0,0,0,0,5,0,2
63944,1,1,1983,23,23,23,23,23,23,23,23,23,23
63945,1,1,1983,0,0,7,0,25,17,16,15,0,22
63946,1,1,1983,0,0,0,0,13,6,0,0,0,0
63946,2,1,1983,4,4,4,4,4,4,4,4,4,4
63947,1,1,1983,0,0,0,0,0,0,0,0,0,0
63947,2,1,1983,0,0,0,0,0,0,0,0,0,0
63948,1,1,1983,14,14,14,14,14,14,14,14,14,14
63949,1,1,1983,21,21,21,21,21,21,21,21,21,21
63950,1,1,1983,0,0,0,0,0,0,0,0,0,0
63951,1,1,1983,17,17,17,17,17,17,17,17,17,17
63952,1,1,1983,26,26,26,26,26,26,26,26,26,26
63953,1,1,1983,19,12,2,15,14,7,0,0,16,9
63953,2,1,1983,0,0,0,0,0,0,0,0,0,0
63954,1,1,1983,8,0,0,0,27,0,21,16,19,5
63954,2,1,1983,5,0,34,0,0,0,15,17,0,0
63955,1,1,1983,7,7,7,7,7,7,7,7,7,7
63955,2,1,1983,0,0,0,0,0,0,0,0,0,0
63956,0,1,1983,0,0,0,0,0,0,0,0,0,0
63956,1,1,1983,13,13,13,13,13,13,13,13,13,13
63956,2,1,1983,0,0,0,0,0,0,0,0,0,0
63957,0,1,1983,0,0,0,0,0,0,0,0,0,0
63957,1,1,1983,0,0,0,0,0,0,0,0,0,0
63958,1,1,1983,0,0,0,0,0,0,0,0,0,0
63958,2,1,1983,0,0,0,0,0,0,0,0,16,16
63959,1,1,1983,10,10,10,10,10,10,10,10,10,10
63960,0,1,1983,25,25,25,25,25,25,25,25,25,25
63960,1,1,1983,0,0,16,0,0,0,0,0,0,0
63961,0,1,1983,0,0,0,0,0,0,0,0,0,0
63961,1,1,1983,10,7,0,14,9,20,18,10,10,9
63962,1,1,1983,5,5,5,5,5,5,5,5,5,5
63962,2,1,1983,0,0,0,0,0,0,0,0,0,0
63963,1,1,1983,30,30,30,30,30,30,30,30,30,30
63964,1,1,1983,0,25,18,0,25,27,20,21,0,11
63965,1,1,1983,16,16,16,16,16,16,16,16,16,16
63966,1,1,1983,26,14,17,21,16,15,14,11,20,9
63967,1,1,1983,23,23,23,23,23,23,23,23,23,23
63967,2,1,1983,0,0,0,0,0,0,0,0,0,0
63967,3,1,1983,0,0,0,0,0,0,0,0,0,0
63968,1,1,1983,0,0,0,0,0,0,0,0,0,0
63969,0,1,1983,0,0,0,0,0,0,0,0,0,0
63969,1,1,1983,0,0,0,0,0,0,0,0,0,0
63970,1,1,1983,0,0,0,0,0,0,0,0,0,0
63971,1,1,1983,0,0,0,0,0,0,0,0,0,0
63971,2,1,1983,0,0,0,0,0,0,0,0,0,0
63972,1,1,1983,19,19,19,19,19,19,19,19,19,19
63972,2,1,1983,0,0,0,0,0,0,0,0,0,0
63973,0,1,1983,0,0,0,0,0,0,0,0,0,0
63973,1,1,1983,0,0,8,0,0,0,13,0,0,0
63974,0,1,1983,20,20,20,20,20,20,20,20,20,20
63974,1,1,1983,0,0,0,0,0,0,0,0,0,0
63975,1,1,1983,14,14,14,14,14,14,14,14,14,14
63976,1,1,1983,0,0,0,0,0,0,0,0,0,0
63976,2,1,1983,0,0,14,0,0,0,0,0,0,0
63977,0,1,1983,13,13,13,13,13,13,13,13,13,13
63977,0,2,1983,0,21,17,27,0,22,20,0,57,32
63977,1,1,1983,27,0,0,0,0,0,0,0,0,0
63978,1,1,1983,0,0,0,0,0,0,0,0,0,0
63978,2,1,1983,1,1,1,1,1,1,1,1,1,1
63979,1,1,1983,15,13,26,11,22,17,36,21,25,7
63980,1,1,1983,15,15,15,15,15,15,15,15,15,15
63981,1,1,1983,0,0,0,0,0,0,0,0,0,0
63982,1,1,1983,20,20,20,20,20,20,20,20,20,20
63982,2,1,1983,0,0,0,0,0,0,0,0,0,0
63983,1,1,1983,0,0,0,0,0,0,0,0,0,0
63984,1,1,1983,18,18,18,18,18,18,18,18,18,18
63984,2,1,1983,0,0,0,0,0,0,0,0,0,0
63985,0,1,1983,0,0,0,0,0,0,0,0,0,0
63985,1,1,1983,0,0,0,10,0,0,0,0,0,0
63986,0,1,1983,0,0,0,0,0,0,0,0,0,0
63986,1,1,1983,0,0,0,0,0,0,0,0,0,0
63987,1,1,1983,0,0,0,0,0,0,0,0,0,0
63987,2,1,1983,0,0,0,0,0,0,0,0,0,0
63988,1,1,1983,0,0,0,0,0,0,0,0,0,0
63988,2,1,1983,0,0,0,0,0,0,0,0,0,0
63989,1,1,1983,0,0,0,0,0,0,0,0,0,0
63989,2,1,1983,0,0,0,0,0,0,0,0,0,0
63990,1,1,1983,0,0,0,0,0,0,0,0,0,0
63990,2,1,1983,0,0,0,0,0,0,0,0,0,0
63990,3,1,1983,0,0,0,0,0,0,0,0,0,0
63991,1,1,1983,0,0,0,0,0,0,0,0,0,0
63991,2,1,1983,0,0,0,0,0,0,0,0,0,0
63992,0,1,1983,33,33,33,33,33,33,33,33,33,33
63992,1,1,1983,0,0,0,0,0,0,0,0,0,0
63993,0,1,1983,38,29,0,0,30,0,12,0,0,21
63993,1,1,1983,26,26,26,26,26,26,26,26,26,26
63993,2,1,1983,23,24,14,0,16,22,25,24,10,8
63994,0,1,1983,27,21,12,19,36,17,21,19,12,16
63994,1,1,1983,12,0,0,6,27,0,16,18,0,16
63995,1,1,1983,16,7,0,0,0,0,0,17,0,0
63995,2,1,1983,0,0,0,0,0,0,0,0,0,0
63996,1,1,1983,0,0,0,0,0,0,0,0,0,0
63997,1,1,1983,5,5,5,5,5,5,5,5,5,5
63997,2,1,1983,0,0,0,0,0,0,0,0,0,0
63998,1,1,1983,0,0,0,0,0,0,0,12,24,0
63998,2,1,1983,0,0,0,0,0,0,0,0,0,0
63999,1,1,1983,3,3,3,3,3,3,3,3,3,3
63999,2,1,1983,0,22,4,19,22,23,16,14,9,10
64000,1,1,1983,7,7,7,7,7,7,7,7,7,7
64000,2,1,1983,4,25,0,14,0,14,8,16,0,0
64001,0,1,1983,0,21,0,0,0,33,11,0,0,13
64001,1,1,1983,0,0,0,0,0,0,14,0,10,0
64002,0,1,1983,0,0,0,0,0,0,0,0,0,0
64002,1,1,1983,0,0,0,0,0,0,0,0,0,0
64003,1,1,1983,18,18,18,18,18,18,18,18,18,18
64003,2,1,1983,37,37,37,37,37,37,37,37,37,37
64004,0,1,1983,0,0,0,0,0,0,0,0,0,0
64004,1,1,1983,0,0,0,0,0,0,0,0,0,0
64005,1,1,1983,24,24,24,24,24,24,24,24,24,24
64006,1,1,1983,0,0,0,0,0,0,13,0,0,0
64006,2,1,1983,0,0,0,0,0,0,29,0,0,0
64007,0,1,1983,0,0,0,0,0,0,0,0,0,0
64007,1,1,1983,0,0,0,0,0,0,0,0,0,0
64008,1,1,1983,0,0,0,0,0,0,0,0,0,0
64009,0,1,1983,0,0,0,0,0,0,0,0,0,0
64009,1,1,1983,0,0,0,0,0,0,0,0,0,0
64010,0,1,1983,0,0,0,0,0,0,0,0,0,0
64010,1,1,1983,0,0,0,0,0,0,0,0,0,0
64011,1,1,1983,0,0,0,0,0,0,0,0,0,0
64011,2,1,1983,0,0,0,0,0,0,0,0,0,0
64011,3,1,1983,0,0,0,0,0,0,0,0,0,0
64012,0,1,1983,0,26,0,29,0,0,24,0,16,0
64012,2,1,1983,0,0,0,0,0,0,0,0,0,0
64012,3,1,1983,0,0,6,10,0,0,0,16,0,22
64012,4,1,1983,3,0,0,0,0,0,0,0,12,20
64012,5,1,1983,0,0,0,0,0,0,0,0,0,0
64013,1,1,1983,0,0,0,0,0,0,0,0,0,0
64013,2,1,1983,0,0,0,0,0,0,0,0,0,0
64014,1,1,1983,0,0,0,0,0,0,0,0,0,0
64014,2,1,1983,0,0,0,0,0,0,0,0,0,0
64015,1,1,1983,21,22,8,0,20,24,18,12,13,0
64016,0,1,1983,0,0,0,0,0,0,0,0,0,0
64016,0,2,1983,0,0,0,44,0,0,0,0,14,8
64016,0,3,1983,0,17,0,32,16,0,0,0,42,0
64016,1,1,1983,0,0,13,0,0,0,0,0,0,0
64016,2,1,1983,0,0,0,0,0,0,0,0,0,0
64016,3,1,1983,0,0,0,0,0,0,0,0,0,9
64017,1,1,1983,0,0,12,0,0,0,0,0,0,0
64017,2,1,1983,0,0,0,0,0,0,0,0,0,0
64018,1,1,1983,0,0,0,0,9,15,0,0,0,0
64018,2,1,1983,20,14,27,22,0,0,20,0,0,14
64018,3,1,1983,0,9,0,16,16,0,0,0,0,0
64019,1,1,1983,15,15,15,15,15,15,15,15,15,15
64020,0,1,1983,0,0,0,0,0,0,0,0,0,0
64020,1,1,1983,0,0,0,0,0,0,0,0,0,0
64021,1,1,1983,0,0,0,0,0,0,0,0,0,0
64022,1,1,1983,0,0,0,0,0,0,0,0,0,0
64023,0,1,1983,0,0,0,0,0,0,0,0,0,0
64023,1,1,1983,0,0,0,0,0,0,0,0,0,0
64024,1,1,1983,17,0,14,0,13,14,22,15,10,18
64025,1,1,1983,0,0,0,0,0,0,0,0,0,0
64026,0,1,1983,20,14,17,25,28,12,18,0,26,26
64026,1,1,1983,0,0,0,21,0,0,0,0,28,0
64027,1,1,1983,0,0,0,0,0,0,0,12,0,0
64027,2,1,1983,0,0,0,0,0,0,0,0,0,0
64028,0,1,1983,0,0,0,0,0,0,0,0,0,0
64028,1,1,1983,0,0,0,0,14,0,9,0,0,0
64029,0,1,1983,0,0,0,0,0,0,0,0,0,0
64029,1,1,1983,0,0,0,0,0,0,0,0,0,0
64030,1,1,1983,15,15,15,15,15,15,15,15,15,15
64030,2,1,1983,0,0,0,0,22,0,0,0,0,0
64030,3,1,1983,0,0,0,0,13,19,0,25,24,0
64031,1,1,1983,0,0,0,0,0,0,15,0,0,0
64031,2,1,1983,0,0,0,0,0,0,0,0,0,0
64031,3,1,1983,0,0,0,0,14,0,0,0,0,0
64031,4,1,1983,0,0,0,0,0,0,0,0,0,0
64031,5,1,1983,0,0,0,0,0,0,0,0,0,0
64032,1,1,1983,0,0,0,0,0,0,0,0,0,0
64032,2,1,1983,0,0,0,0,0,0,0,0,0,0
64032,3,1,1983,0,0,21,0,0,0,0,0,0,0
64033,0,1,1983,0,0,0,0,0,0,0,0,0,0
64033,1,1,1983,0,0,0,11,0,0,0,0,0,0
64034,1,1,1983,0,0,0,0,0,0,0,0,0,0
64034,2,1,1983,2,2,2,2,2,2,2,2,2,2
64035,1,1,1983,27,27,27,27,27,27,27,27,27,27
64036,0,1,1983,0,0,0,0,0,0,0,0,0,0
64036,1,1,1983,0,0,0,0,0,0,0,0,0,0
64037,1,1,1983,0,0,0,0,0,0,0,0,0,0
64038,1,1,1983,0,0,0,0,0,0,0,0,0,0
64039,1,1,1983,23,23,23,23,23,23,23,23,23,23
64040,1,1,1983,24,24,24,24,24,24,24,24,24,24
64040,2,1,1983,0,0,0,0,0,0,0,0,0,0
64041,1,1,1983,14,14,14,14,14,14,14,14,14,14
64041,2,1,1983,3,3,3,3,3,3,3,3,3,3
64042,0,1,1983,0,0,0,0,0,0,0,0,0,0
64042,1,1,1983,0,0,0,0,0,0,0,0,0,0
64043,1,1,1983,16,16,16,16,16,16,16,16,16,16
64043,2,1,1983,2,2,2,2,2,2,2,2,2,2
64044,1,1,1983,20,20,20,20,20,20,20,20,20,20
64044,2,1,1983,11,19,6,13,0,16,0,11,12,33
64045,1,1,1983,14,14,14,14,14,14,14,14,14,14
64045,2,1,1983,10,10,10,10,10,10,10,10,10,10
64046,1,1,1983,16,16,16,16,16,16,16,16,16,16
64047,1,1,1983,0,0,0,0,0,0,0,0,0,0
64047,2,1,1983,0,0,0,0,0,0,0,0,0,0
64048,1,1,1983,25,25,25,25,25,25,25,25,25,25
64048,2,1,1983,0,0,0,0,0,0,0,0,0,0
64049,1,1,1983,0,0,0,16,16,12,0,0,0,15
64049,2,1,1983,17,5,12,8,14,16,0,9,21,14
64050,1,1,1983,28,28,28,28,28,28,28,28,28,28
64050,2,1,1983,15,16,25,11,11,18,0,8,19,10
64051,1,1,1983,0,0,0,0,0,0,0,0,0,0
64051,2,1,1983,19,19,19,19,19,19,19,19,19,19
64052,1,1,1983,16,16,16,16,16,16,16,16,16,16
64053,1,1,1983,5,5,5,5,5,5,5,5,5,5
64053,2,1,1983,0,0,0,0,0,0,0,0,0,0
64054,1,1,1983,25,25,25,25,25,25,25,25,25,25
64054,2,1,1983,0,0,0,0,0,0,0,0,0,0
64055,1,1,1983,7,0,0,0,0,0,5,0,0,0
64055,2,1,1983,0,0,0,0,0,0,0,0,0,0
64056,1,1,1983,19,19,19,19,19,19,19,19,19,19
64057,1,1,1983,0,0,0,0,0,11,0,0,0,0
64057,2,1,1983,0,0,0,0,0,0,0,0,0,0
64057,3,1,1983,0,17,0,0,0,0,0,0,0,0
64057,4,1,1983,0,0,0,0,0,0,0,0,0,0
64057,5,1,1983,0,0,0,0,0,0,0,0,0,0
64057,6,1,1983,0,0,0,0,0,0,0,0,0,0
64058,1,1,1983,1,1,1,1,1,1,1,1,1,1
64058,2,1,1983,0,0,0,0,0,0,0,0,0,0
64058,3,1,1983,0,6,0,0,0,0,0,0,0,0
64058,4,1,1983,0,0,0,0,0,0,0,0,0,0
64058,5,1,1983,0,0,0,0,0,0,0,0,0,0
64058,6,1,1983,0,30,0,0,0,0,0,0,0,5
64058,7,1,1983,0,0,0,0,0,0,0,0,0,0
64058,8,1,1983,0,0,0,0,0,0,0,0,0,0
64059,0,1,1983,8,8,8,8,8,8,8,8,8,8
64059,1,1,1983,0,0,0,0,0,0,0,0,0,0
64060,1,1,1983,20,20,20,20,20,20,20,20,20,20
64061,1,1,1983,21,21,21,21,21,21,21,21,21,21
64062,1,1,1983,11,11,11,11,11,11,11,11,11,11
64062,2,1,1983,0,0,0,14,0,0,0,0,0,0
64063,1,1,1983,0,0,0,10,0,0,0,0,0,0
64063,2,1,1983,0,17,0,0,0,0,0,0,8,0
64063,3,1,1983,0,0,0,0,0,0,0,27,0,0
64063,4,1,1983,0,0,0,0,0,0,29,0,0,0
64063,5,1,1983,0,15,0,0,8,0,0,0,0,12
64063,6,1,1983,0,23,0,0,0,0,0,0,0,0
64063,7,1,1983,0,0,0,0,0,0,0,0,0,0
64063,8,1,1983,0,0,0,0,0,0,0,0,0,0
64064,0,1,1983,0,0,0,0,0,0,0,0,0,0
64064,1,1,1983,0,0,0,0,0,0,0,0,0,0
64065,1,1,1983,31,15,13,0,0,0,12,0,0,0
64065,2,1,1983,19,19,19,19,19,19,19,19,19,19
64066,0,1,1983,0,0,0,0,0,0,0,0,0,0
64066,0,2,1983,11,11,0,14,11,17,24,0,16,15
64066,1,1,1983,0,0,0,0,0,0,0,0,0,0
64067,1,1,1983,15,15,15,15,15,15,15,15,15,15
64068,1,1,1983,26,17,24,0,37,17,18,26,27,21
64068,2,1,1983,0,0,0,0,0,0,0,0,0,0
64069,0,1,1983,0,0,16,0,0,0,0,0,0,0
64069,1,1,1983,0,0,0,0,0,0,0,0,16,0
64070,1,1,1983,0,0,0,0,0,0,0,0,0,0
64070,2,1,1983,0,0,0,0,0,0,0,0,0,0
64070,3,1,1983,0,0,0,0,0,0,0,0,0,0
64070,4,1,1983,0,0,0,0,0,0,0,0,0,0
64070,5,1,1983,0,0,0,0,0,0,0,0,0,0
64070,6,1,1983,0,0,0,0,0,0,0,0,0,0
64070,7,1,1983,0,0,0,0,0,0,0,0,0,0
64070,8,1,1983,0,0,0,0,0,0,0,0,0,0
64070,9,1,1983,0,0,0,0,0,0,0,0,0,0
64070,10,1,1983,0,0,0,0,0,0,0,0,0,0
64070,11,1,1983,0,0,0,0,0,0,0,0,0,0
64070,12,1,1983,0,0,0,0,0,0,0,0,0,0
64070,13,1,1983,0,0,0,0,0,0,0,0,0,0
64070,14,1,1983,0,0,0,0,0,0,0,0,0,0
64070,15,1,1983,0,0,0,0,0,0,0,0,0,0
64070,16,1,1983,0,0,0,0,0,0,0,0,0,0
64070,17,1,1983,0,0,0,0,0,0,0,0,0,0
64070,18,1,1983,0,0,0,0,0,0,0,0,0,0
64070,19,1,1983,0,0,0,0,0,0,0,0,0,0
64070,20,1,1983,0,0,0,0,0,0,0,0,0,0
64070,21,1,1983,0,0,0,0,1,0,0,0,0,0
64070,22,1,1983,0,0,0,0,0,0,0,0,0,0
64071,1,1,1983,10,10,10,10,10,10,10,10,10,10
64072,1,1,1983,34,24,12,13,26,8,8,19,12,16
64072,2,1,1983,0,0,0,0,0,0,0,0,0,0
64073,0,1,1983,0,0,0,0,0,0,0,0,0,0
64073,0,2,1983,13,15,0,14,19,27,0,0,0,0
64073,1,1,1983,0,0,0,0,0,0,0,0,0,0
64074,1,1,1983,14,14,14,14,14,14,14,14,14,14
64074,2,1,1983,0,0,0,0,0,0,0,0,0,0
64075,1,1,1983,0,0,0,0,0,0,0,0,0,0
64075,2,1,1983,0,0,0,0,0,0,0,0,22,0
64076,1,1,1983,20,20,20,20,20,20,20,20,20,20
64076,2,1,1983,0,0,10,0,0,0,0,0,0,0
64077,1,1,1983,0,0,0,0,0,0,0,0,0,0
64078,1,1,1983,0,0,0,0,0,0,0,0,0,0
64078,2,1,1983,0,0,3,0,0,0,0,0,0,0
64079,0,1,1983,19,19,19,19,19,19,19,19,19,19
64079,1,1,1983,5,0,13,12,16,21,0,13,7,11
64080,0,1,1983,0,0,0,0,0,0,0,0,0,0
64080,0,2,1983,0,0,0,0,0,0,0,0,13,0
64080,1,1,1983,0,0,0,31,0,0,0,0,0,0
64081,0,1,1983,0,0,0,0,0,0,0,0,0,0
64081,1,1,1983,0,0,0,0,0,0,0,0,0,0
64082,1,1,1983,3,3,3,3,3,3,3,3,3,3
64082,2,1,1983,0,0,0,0,0,0,0,0,0,0
64083,1,1,1983,0,0,0,0,0,0,0,0,0,0
64083,2,1,1983,0,0,0,0,0,0,0,0,0,0
64084,1,1,1983,0,0,0,0,0,0,0,0,0,0
64085,0,1,1983,28,28,28,28,28,28,28,28,28,28
64085,1,1,1983,0,0,0,0,13,0,0,0,13,9
64086,0,1,1983,0,0,0,0,0,0,0,0,0,0
64086,1,1,1983,0,0,0,0,0,0,0,0,18,0
64087,0,1,1983,25,25,25,25,25,25,25,25,25,25
64087,1,1,1983,7,7,7,7,7,7,7,7,7,7
64088,1,1,1983,0,0,0,0,0,0,0,0,0,0
64089,1,1,1983,0,0,0,0,0,0,0,0,0,0
64090,1,1,1983,6,6,6,6,6,6,6,6,6,6
64090,2,1,1983,0,0,0,0,0,0,0,0,0,0
64091,1,1,1983,0,0,0,0,0,0,0,0,0,0
64092,1,2,1983,21,6,20,9,11,25,20,14,25,9
64093,1,1,1983,9,0,25,0,14,15,9,0,35,0
64094,1,1,1983,28,18,0,25,22,17,11,17,4,17
64095,1,1,1983,0,0,0,0,0,0,0,0,0,0
64095,2,1,1983,10,10,10,10,10,10,10,10,10,10
64096,0,1,1983,0,0,0,0,0,0,0,0,0,0
64096,1,1,1983,0,20,0,0,0,0,0,0,0,0
64097,1,1,1983,0,0,0,0,0,0,0,0,0,0
64097,2,1,1983,0,0,0,0,0,0,0,0,0,0
64098,1,1,1983,0,0,0,0,0,0,0,0,0,0
64098,2,1,1983,3,3,3,3,3,3,3,3,3,3
64099,1,1,1983,0,0,5,0,0,22,0,0,0,0